/scratch/usr/hhpmbate/chroma_2pt/32x64/b5p40kp119989kp119812/lp0001_g8g2_q000_q200_q222_q420_q440_src2/correlators/baryon_qcdsf.850.b5p40kp119989kp119812-32x64.00873_0.000_000_ptsink.lime
/scratch/usr/hhpmbate/chroma_2pt/32x64/b5p40kp119989kp119812/lp0001_g8g2_q000_q200_q222_q420_q440_src2/correlators/baryon_qcdsf.850.b5p40kp119989kp119812-32x64.00873_0.000_000_smsnk30.lime
/scratch/usr/hhpmbate/chroma_2pt/32x64/b5p40kp119989kp119812/lp0001_g8g2_q000_q200_q222_q420_q440_src2/correlators/baryon_qcdsf.850.b5p40kp119989kp119812-32x64.00873_0.000_200_-200_ptsink.lime
/scratch/usr/hhpmbate/chroma_2pt/32x64/b5p40kp119989kp119812/lp0001_g8g2_q000_q200_q222_q420_q440_src2/correlators/baryon_qcdsf.850.b5p40kp119989kp119812-32x64.00873_0.000_200_-200_smsnk30.lime
/scratch/usr/hhpmbate/chroma_2pt/32x64/b5p40kp119989kp119812/lp0001_g8g2_q000_q200_q222_q420_q440_src2/correlators/baryon_qcdsf.850.b5p40kp119989kp119812-32x64.00873_0.000_222_-2-2-2_ptsink.lime
/scratch/usr/hhpmbate/chroma_2pt/32x64/b5p40kp119989kp119812/lp0001_g8g2_q000_q200_q222_q420_q440_src2/correlators/baryon_qcdsf.850.b5p40kp119989kp119812-32x64.00873_0.000_222_-2-2-2_smsnk30.lime
/scratch/usr/hhpmbate/chroma_2pt/32x64/b5p40kp119989kp119812/lp0001_g8g2_q000_q200_q222_q420_q440_src2/correlators/baryon_qcdsf.850.b5p40kp119989kp119812-32x64.00873_0.000_420_-4-20_ptsink.lime
/scratch/usr/hhpmbate/chroma_2pt/32x64/b5p40kp119989kp119812/lp0001_g8g2_q000_q200_q222_q420_q440_src2/correlators/baryon_qcdsf.850.b5p40kp119989kp119812-32x64.00873_0.000_420_-4-20_smsnk30.lime
/scratch/usr/hhpmbate/chroma_2pt/32x64/b5p40kp119989kp119812/lp0001_g8g2_q000_q200_q222_q420_q440_src2/correlators/baryon_qcdsf.850.b5p40kp119989kp119812-32x64.00873_0.000_440_-4-40_ptsink.lime
/scratch/usr/hhpmbate/chroma_2pt/32x64/b5p40kp119989kp119812/lp0001_g8g2_q000_q200_q222_q420_q440_src2/correlators/baryon_qcdsf.850.b5p40kp119989kp119812-32x64.00873_0.000_440_-4-40_smsnk30.lime
/scratch/usr/hhpmbate/chroma_2pt/32x64/b5p40kp119989kp119812/lp0001_g8g2_q000_q200_q222_q420_q440_src2/correlators/baryon_qcdsf.850.b5p40kp119989kp119812-32x64.00877_0.000_000_ptsink.lime
/scratch/usr/hhpmbate/chroma_2pt/32x64/b5p40kp119989kp119812/lp0001_g8g2_q000_q200_q222_q420_q440_src2/correlators/baryon_qcdsf.850.b5p40kp119989kp119812-32x64.00877_0.000_000_smsnk30.lime
/scratch/usr/hhpmbate/chroma_2pt/32x64/b5p40kp119989kp119812/lp0001_g8g2_q000_q200_q222_q420_q440_src2/correlators/baryon_qcdsf.850.b5p40kp119989kp119812-32x64.00877_0.000_200_-200_ptsink.lime
/scratch/usr/hhpmbate/chroma_2pt/32x64/b5p40kp119989kp119812/lp0001_g8g2_q000_q200_q222_q420_q440_src2/correlators/baryon_qcdsf.850.b5p40kp119989kp119812-32x64.00877_0.000_200_-200_smsnk30.lime
/scratch/usr/hhpmbate/chroma_2pt/32x64/b5p40kp119989kp119812/lp0001_g8g2_q000_q200_q222_q420_q440_src2/correlators/baryon_qcdsf.850.b5p40kp119989kp119812-32x64.00877_0.000_222_-2-2-2_ptsink.lime
/scratch/usr/hhpmbate/chroma_2pt/32x64/b5p40kp119989kp119812/lp0001_g8g2_q000_q200_q222_q420_q440_src2/correlators/baryon_qcdsf.850.b5p40kp119989kp119812-32x64.00877_0.000_222_-2-2-2_smsnk30.lime
/scratch/usr/hhpmbate/chroma_2pt/32x64/b5p40kp119989kp119812/lp0001_g8g2_q000_q200_q222_q420_q440_src2/correlators/baryon_qcdsf.850.b5p40kp119989kp119812-32x64.00877_0.000_420_-4-20_ptsink.lime
/scratch/usr/hhpmbate/chroma_2pt/32x64/b5p40kp119989kp119812/lp0001_g8g2_q000_q200_q222_q420_q440_src2/correlators/baryon_qcdsf.850.b5p40kp119989kp119812-32x64.00877_0.000_420_-4-20_smsnk30.lime
/scratch/usr/hhpmbate/chroma_2pt/32x64/b5p40kp119989kp119812/lp0001_g8g2_q000_q200_q222_q420_q440_src2/correlators/baryon_qcdsf.850.b5p40kp119989kp119812-32x64.00877_0.000_440_-4-40_ptsink.lime
/scratch/usr/hhpmbate/chroma_2pt/32x64/b5p40kp119989kp119812/lp0001_g8g2_q000_q200_q222_q420_q440_src2/correlators/baryon_qcdsf.850.b5p40kp119989kp119812-32x64.00877_0.000_440_-4-40_smsnk30.lime
/scratch/usr/hhpmbate/chroma_2pt/32x64/b5p40kp119989kp119812/lp0001_g8g2_q000_q200_q222_q420_q440_src2/correlators/baryon_qcdsf.850.b5p40kp119989kp119812-32x64.00880_0.000_000_ptsink.lime
/scratch/usr/hhpmbate/chroma_2pt/32x64/b5p40kp119989kp119812/lp0001_g8g2_q000_q200_q222_q420_q440_src2/correlators/baryon_qcdsf.850.b5p40kp119989kp119812-32x64.00880_0.000_000_smsnk30.lime
/scratch/usr/hhpmbate/chroma_2pt/32x64/b5p40kp119989kp119812/lp0001_g8g2_q000_q200_q222_q420_q440_src2/correlators/baryon_qcdsf.850.b5p40kp119989kp119812-32x64.00880_0.000_200_-200_ptsink.lime
/scratch/usr/hhpmbate/chroma_2pt/32x64/b5p40kp119989kp119812/lp0001_g8g2_q000_q200_q222_q420_q440_src2/correlators/baryon_qcdsf.850.b5p40kp119989kp119812-32x64.00880_0.000_200_-200_smsnk30.lime
/scratch/usr/hhpmbate/chroma_2pt/32x64/b5p40kp119989kp119812/lp0001_g8g2_q000_q200_q222_q420_q440_src2/correlators/baryon_qcdsf.850.b5p40kp119989kp119812-32x64.00880_0.000_222_-2-2-2_ptsink.lime
/scratch/usr/hhpmbate/chroma_2pt/32x64/b5p40kp119989kp119812/lp0001_g8g2_q000_q200_q222_q420_q440_src2/correlators/baryon_qcdsf.850.b5p40kp119989kp119812-32x64.00880_0.000_222_-2-2-2_smsnk30.lime
/scratch/usr/hhpmbate/chroma_2pt/32x64/b5p40kp119989kp119812/lp0001_g8g2_q000_q200_q222_q420_q440_src2/correlators/baryon_qcdsf.850.b5p40kp119989kp119812-32x64.00880_0.000_420_-4-20_ptsink.lime
/scratch/usr/hhpmbate/chroma_2pt/32x64/b5p40kp119989kp119812/lp0001_g8g2_q000_q200_q222_q420_q440_src2/correlators/baryon_qcdsf.850.b5p40kp119989kp119812-32x64.00880_0.000_420_-4-20_smsnk30.lime
/scratch/usr/hhpmbate/chroma_2pt/32x64/b5p40kp119989kp119812/lp0001_g8g2_q000_q200_q222_q420_q440_src2/correlators/baryon_qcdsf.850.b5p40kp119989kp119812-32x64.00880_0.000_440_-4-40_ptsink.lime
/scratch/usr/hhpmbate/chroma_2pt/32x64/b5p40kp119989kp119812/lp0001_g8g2_q000_q200_q222_q420_q440_src2/correlators/baryon_qcdsf.850.b5p40kp119989kp119812-32x64.00880_0.000_440_-4-40_smsnk30.lime
/scratch/usr/hhpmbate/chroma_2pt/32x64/b5p40kp119989kp119812/lp0001_g8g2_q000_q200_q222_q420_q440_src2/correlators/baryon_qcdsf.850.b5p40kp119989kp119812-32x64.00887_0.000_000_ptsink.lime
/scratch/usr/hhpmbate/chroma_2pt/32x64/b5p40kp119989kp119812/lp0001_g8g2_q000_q200_q222_q420_q440_src2/correlators/baryon_qcdsf.850.b5p40kp119989kp119812-32x64.00887_0.000_000_smsnk30.lime
/scratch/usr/hhpmbate/chroma_2pt/32x64/b5p40kp119989kp119812/lp0001_g8g2_q000_q200_q222_q420_q440_src2/correlators/baryon_qcdsf.850.b5p40kp119989kp119812-32x64.00887_0.000_200_-200_ptsink.lime
/scratch/usr/hhpmbate/chroma_2pt/32x64/b5p40kp119989kp119812/lp0001_g8g2_q000_q200_q222_q420_q440_src2/correlators/baryon_qcdsf.850.b5p40kp119989kp119812-32x64.00887_0.000_200_-200_smsnk30.lime
/scratch/usr/hhpmbate/chroma_2pt/32x64/b5p40kp119989kp119812/lp0001_g8g2_q000_q200_q222_q420_q440_src2/correlators/baryon_qcdsf.850.b5p40kp119989kp119812-32x64.00887_0.000_222_-2-2-2_ptsink.lime
/scratch/usr/hhpmbate/chroma_2pt/32x64/b5p40kp119989kp119812/lp0001_g8g2_q000_q200_q222_q420_q440_src2/correlators/baryon_qcdsf.850.b5p40kp119989kp119812-32x64.00887_0.000_222_-2-2-2_smsnk30.lime
/scratch/usr/hhpmbate/chroma_2pt/32x64/b5p40kp119989kp119812/lp0001_g8g2_q000_q200_q222_q420_q440_src2/correlators/baryon_qcdsf.850.b5p40kp119989kp119812-32x64.00887_0.000_420_-4-20_ptsink.lime
/scratch/usr/hhpmbate/chroma_2pt/32x64/b5p40kp119989kp119812/lp0001_g8g2_q000_q200_q222_q420_q440_src2/correlators/baryon_qcdsf.850.b5p40kp119989kp119812-32x64.00887_0.000_420_-4-20_smsnk30.lime
/scratch/usr/hhpmbate/chroma_2pt/32x64/b5p40kp119989kp119812/lp0001_g8g2_q000_q200_q222_q420_q440_src2/correlators/baryon_qcdsf.850.b5p40kp119989kp119812-32x64.00887_0.000_440_-4-40_ptsink.lime
/scratch/usr/hhpmbate/chroma_2pt/32x64/b5p40kp119989kp119812/lp0001_g8g2_q000_q200_q222_q420_q440_src2/correlators/baryon_qcdsf.850.b5p40kp119989kp119812-32x64.00887_0.000_440_-4-40_smsnk30.lime
/scratch/usr/hhpmbate/chroma_2pt/32x64/b5p40kp119989kp119812/lp0001_g8g2_q000_q200_q222_q420_q440_src2/correlators/baryon_qcdsf.850.b5p40kp119989kp119812-32x64.00888_0.000_000_ptsink.lime
/scratch/usr/hhpmbate/chroma_2pt/32x64/b5p40kp119989kp119812/lp0001_g8g2_q000_q200_q222_q420_q440_src2/correlators/baryon_qcdsf.850.b5p40kp119989kp119812-32x64.00888_0.000_000_smsnk30.lime
/scratch/usr/hhpmbate/chroma_2pt/32x64/b5p40kp119989kp119812/lp0001_g8g2_q000_q200_q222_q420_q440_src2/correlators/baryon_qcdsf.850.b5p40kp119989kp119812-32x64.00888_0.000_200_-200_ptsink.lime
/scratch/usr/hhpmbate/chroma_2pt/32x64/b5p40kp119989kp119812/lp0001_g8g2_q000_q200_q222_q420_q440_src2/correlators/baryon_qcdsf.850.b5p40kp119989kp119812-32x64.00888_0.000_200_-200_smsnk30.lime
/scratch/usr/hhpmbate/chroma_2pt/32x64/b5p40kp119989kp119812/lp0001_g8g2_q000_q200_q222_q420_q440_src2/correlators/baryon_qcdsf.850.b5p40kp119989kp119812-32x64.00888_0.000_222_-2-2-2_ptsink.lime
/scratch/usr/hhpmbate/chroma_2pt/32x64/b5p40kp119989kp119812/lp0001_g8g2_q000_q200_q222_q420_q440_src2/correlators/baryon_qcdsf.850.b5p40kp119989kp119812-32x64.00888_0.000_222_-2-2-2_smsnk30.lime
/scratch/usr/hhpmbate/chroma_2pt/32x64/b5p40kp119989kp119812/lp0001_g8g2_q000_q200_q222_q420_q440_src2/correlators/baryon_qcdsf.850.b5p40kp119989kp119812-32x64.00888_0.000_420_-4-20_ptsink.lime
/scratch/usr/hhpmbate/chroma_2pt/32x64/b5p40kp119989kp119812/lp0001_g8g2_q000_q200_q222_q420_q440_src2/correlators/baryon_qcdsf.850.b5p40kp119989kp119812-32x64.00888_0.000_420_-4-20_smsnk30.lime
/scratch/usr/hhpmbate/chroma_2pt/32x64/b5p40kp119989kp119812/lp0001_g8g2_q000_q200_q222_q420_q440_src2/correlators/baryon_qcdsf.850.b5p40kp119989kp119812-32x64.00888_0.000_440_-4-40_ptsink.lime
/scratch/usr/hhpmbate/chroma_2pt/32x64/b5p40kp119989kp119812/lp0001_g8g2_q000_q200_q222_q420_q440_src2/correlators/baryon_qcdsf.850.b5p40kp119989kp119812-32x64.00888_0.000_440_-4-40_smsnk30.lime
/scratch/usr/hhpmbate/chroma_2pt/32x64/b5p40kp119989kp119812/lp0001_g8g2_q000_q200_q222_q420_q440_src2/correlators/baryon_qcdsf.850.b5p40kp119989kp119812-32x64.00889_0.000_000_ptsink.lime
/scratch/usr/hhpmbate/chroma_2pt/32x64/b5p40kp119989kp119812/lp0001_g8g2_q000_q200_q222_q420_q440_src2/correlators/baryon_qcdsf.850.b5p40kp119989kp119812-32x64.00889_0.000_000_smsnk30.lime
/scratch/usr/hhpmbate/chroma_2pt/32x64/b5p40kp119989kp119812/lp0001_g8g2_q000_q200_q222_q420_q440_src2/correlators/baryon_qcdsf.850.b5p40kp119989kp119812-32x64.00889_0.000_200_-200_ptsink.lime
/scratch/usr/hhpmbate/chroma_2pt/32x64/b5p40kp119989kp119812/lp0001_g8g2_q000_q200_q222_q420_q440_src2/correlators/baryon_qcdsf.850.b5p40kp119989kp119812-32x64.00889_0.000_200_-200_smsnk30.lime
/scratch/usr/hhpmbate/chroma_2pt/32x64/b5p40kp119989kp119812/lp0001_g8g2_q000_q200_q222_q420_q440_src2/correlators/baryon_qcdsf.850.b5p40kp119989kp119812-32x64.00889_0.000_222_-2-2-2_ptsink.lime
/scratch/usr/hhpmbate/chroma_2pt/32x64/b5p40kp119989kp119812/lp0001_g8g2_q000_q200_q222_q420_q440_src2/correlators/baryon_qcdsf.850.b5p40kp119989kp119812-32x64.00889_0.000_222_-2-2-2_smsnk30.lime
/scratch/usr/hhpmbate/chroma_2pt/32x64/b5p40kp119989kp119812/lp0001_g8g2_q000_q200_q222_q420_q440_src2/correlators/baryon_qcdsf.850.b5p40kp119989kp119812-32x64.00889_0.000_420_-4-20_ptsink.lime
/scratch/usr/hhpmbate/chroma_2pt/32x64/b5p40kp119989kp119812/lp0001_g8g2_q000_q200_q222_q420_q440_src2/correlators/baryon_qcdsf.850.b5p40kp119989kp119812-32x64.00889_0.000_420_-4-20_smsnk30.lime
/scratch/usr/hhpmbate/chroma_2pt/32x64/b5p40kp119989kp119812/lp0001_g8g2_q000_q200_q222_q420_q440_src2/correlators/baryon_qcdsf.850.b5p40kp119989kp119812-32x64.00889_0.000_440_-4-40_ptsink.lime
/scratch/usr/hhpmbate/chroma_2pt/32x64/b5p40kp119989kp119812/lp0001_g8g2_q000_q200_q222_q420_q440_src2/correlators/baryon_qcdsf.850.b5p40kp119989kp119812-32x64.00889_0.000_440_-4-40_smsnk30.lime
/scratch/usr/hhpmbate/chroma_2pt/32x64/b5p40kp119989kp119812/lp0001_g8g2_q000_q200_q222_q420_q440_src2/correlators/baryon_qcdsf.850.b5p40kp119989kp119812-32x64.00892_0.000_000_ptsink.lime
/scratch/usr/hhpmbate/chroma_2pt/32x64/b5p40kp119989kp119812/lp0001_g8g2_q000_q200_q222_q420_q440_src2/correlators/baryon_qcdsf.850.b5p40kp119989kp119812-32x64.00892_0.000_000_smsnk30.lime
/scratch/usr/hhpmbate/chroma_2pt/32x64/b5p40kp119989kp119812/lp0001_g8g2_q000_q200_q222_q420_q440_src2/correlators/baryon_qcdsf.850.b5p40kp119989kp119812-32x64.00892_0.000_200_-200_ptsink.lime
/scratch/usr/hhpmbate/chroma_2pt/32x64/b5p40kp119989kp119812/lp0001_g8g2_q000_q200_q222_q420_q440_src2/correlators/baryon_qcdsf.850.b5p40kp119989kp119812-32x64.00892_0.000_200_-200_smsnk30.lime
/scratch/usr/hhpmbate/chroma_2pt/32x64/b5p40kp119989kp119812/lp0001_g8g2_q000_q200_q222_q420_q440_src2/correlators/baryon_qcdsf.850.b5p40kp119989kp119812-32x64.00892_0.000_222_-2-2-2_ptsink.lime
/scratch/usr/hhpmbate/chroma_2pt/32x64/b5p40kp119989kp119812/lp0001_g8g2_q000_q200_q222_q420_q440_src2/correlators/baryon_qcdsf.850.b5p40kp119989kp119812-32x64.00892_0.000_222_-2-2-2_smsnk30.lime
/scratch/usr/hhpmbate/chroma_2pt/32x64/b5p40kp119989kp119812/lp0001_g8g2_q000_q200_q222_q420_q440_src2/correlators/baryon_qcdsf.850.b5p40kp119989kp119812-32x64.00892_0.000_420_-4-20_ptsink.lime
/scratch/usr/hhpmbate/chroma_2pt/32x64/b5p40kp119989kp119812/lp0001_g8g2_q000_q200_q222_q420_q440_src2/correlators/baryon_qcdsf.850.b5p40kp119989kp119812-32x64.00892_0.000_420_-4-20_smsnk30.lime
/scratch/usr/hhpmbate/chroma_2pt/32x64/b5p40kp119989kp119812/lp0001_g8g2_q000_q200_q222_q420_q440_src2/correlators/baryon_qcdsf.850.b5p40kp119989kp119812-32x64.00892_0.000_440_-4-40_ptsink.lime
/scratch/usr/hhpmbate/chroma_2pt/32x64/b5p40kp119989kp119812/lp0001_g8g2_q000_q200_q222_q420_q440_src2/correlators/baryon_qcdsf.850.b5p40kp119989kp119812-32x64.00892_0.000_440_-4-40_smsnk30.lime
/scratch/usr/hhpmbate/chroma_2pt/32x64/b5p40kp119989kp119812/lp0001_g8g2_q000_q200_q222_q420_q440_src2/correlators/baryon_qcdsf.850.b5p40kp119989kp119812-32x64.00895_0.000_000_ptsink.lime
/scratch/usr/hhpmbate/chroma_2pt/32x64/b5p40kp119989kp119812/lp0001_g8g2_q000_q200_q222_q420_q440_src2/correlators/baryon_qcdsf.850.b5p40kp119989kp119812-32x64.00895_0.000_000_smsnk30.lime
/scratch/usr/hhpmbate/chroma_2pt/32x64/b5p40kp119989kp119812/lp0001_g8g2_q000_q200_q222_q420_q440_src2/correlators/baryon_qcdsf.850.b5p40kp119989kp119812-32x64.00895_0.000_200_-200_ptsink.lime
/scratch/usr/hhpmbate/chroma_2pt/32x64/b5p40kp119989kp119812/lp0001_g8g2_q000_q200_q222_q420_q440_src2/correlators/baryon_qcdsf.850.b5p40kp119989kp119812-32x64.00895_0.000_200_-200_smsnk30.lime
/scratch/usr/hhpmbate/chroma_2pt/32x64/b5p40kp119989kp119812/lp0001_g8g2_q000_q200_q222_q420_q440_src2/correlators/baryon_qcdsf.850.b5p40kp119989kp119812-32x64.00895_0.000_222_-2-2-2_ptsink.lime
/scratch/usr/hhpmbate/chroma_2pt/32x64/b5p40kp119989kp119812/lp0001_g8g2_q000_q200_q222_q420_q440_src2/correlators/baryon_qcdsf.850.b5p40kp119989kp119812-32x64.00895_0.000_222_-2-2-2_smsnk30.lime
/scratch/usr/hhpmbate/chroma_2pt/32x64/b5p40kp119989kp119812/lp0001_g8g2_q000_q200_q222_q420_q440_src2/correlators/baryon_qcdsf.850.b5p40kp119989kp119812-32x64.00895_0.000_420_-4-20_ptsink.lime
/scratch/usr/hhpmbate/chroma_2pt/32x64/b5p40kp119989kp119812/lp0001_g8g2_q000_q200_q222_q420_q440_src2/correlators/baryon_qcdsf.850.b5p40kp119989kp119812-32x64.00895_0.000_420_-4-20_smsnk30.lime
/scratch/usr/hhpmbate/chroma_2pt/32x64/b5p40kp119989kp119812/lp0001_g8g2_q000_q200_q222_q420_q440_src2/correlators/baryon_qcdsf.850.b5p40kp119989kp119812-32x64.00895_0.000_440_-4-40_ptsink.lime
/scratch/usr/hhpmbate/chroma_2pt/32x64/b5p40kp119989kp119812/lp0001_g8g2_q000_q200_q222_q420_q440_src2/correlators/baryon_qcdsf.850.b5p40kp119989kp119812-32x64.00895_0.000_440_-4-40_smsnk30.lime
/scratch/usr/hhpmbate/chroma_2pt/32x64/b5p40kp119989kp119812/lp0001_g8g2_q000_q200_q222_q420_q440_src2/correlators/baryon_qcdsf.850.b5p40kp119989kp119812-32x64.00898_0.000_000_ptsink.lime
/scratch/usr/hhpmbate/chroma_2pt/32x64/b5p40kp119989kp119812/lp0001_g8g2_q000_q200_q222_q420_q440_src2/correlators/baryon_qcdsf.850.b5p40kp119989kp119812-32x64.00898_0.000_000_smsnk30.lime
/scratch/usr/hhpmbate/chroma_2pt/32x64/b5p40kp119989kp119812/lp0001_g8g2_q000_q200_q222_q420_q440_src2/correlators/baryon_qcdsf.850.b5p40kp119989kp119812-32x64.00898_0.000_200_-200_ptsink.lime
/scratch/usr/hhpmbate/chroma_2pt/32x64/b5p40kp119989kp119812/lp0001_g8g2_q000_q200_q222_q420_q440_src2/correlators/baryon_qcdsf.850.b5p40kp119989kp119812-32x64.00898_0.000_200_-200_smsnk30.lime
/scratch/usr/hhpmbate/chroma_2pt/32x64/b5p40kp119989kp119812/lp0001_g8g2_q000_q200_q222_q420_q440_src2/correlators/baryon_qcdsf.850.b5p40kp119989kp119812-32x64.00898_0.000_222_-2-2-2_ptsink.lime
/scratch/usr/hhpmbate/chroma_2pt/32x64/b5p40kp119989kp119812/lp0001_g8g2_q000_q200_q222_q420_q440_src2/correlators/baryon_qcdsf.850.b5p40kp119989kp119812-32x64.00898_0.000_222_-2-2-2_smsnk30.lime
/scratch/usr/hhpmbate/chroma_2pt/32x64/b5p40kp119989kp119812/lp0001_g8g2_q000_q200_q222_q420_q440_src2/correlators/baryon_qcdsf.850.b5p40kp119989kp119812-32x64.00898_0.000_420_-4-20_ptsink.lime
/scratch/usr/hhpmbate/chroma_2pt/32x64/b5p40kp119989kp119812/lp0001_g8g2_q000_q200_q222_q420_q440_src2/correlators/baryon_qcdsf.850.b5p40kp119989kp119812-32x64.00898_0.000_420_-4-20_smsnk30.lime
/scratch/usr/hhpmbate/chroma_2pt/32x64/b5p40kp119989kp119812/lp0001_g8g2_q000_q200_q222_q420_q440_src2/correlators/baryon_qcdsf.850.b5p40kp119989kp119812-32x64.00898_0.000_440_-4-40_ptsink.lime
/scratch/usr/hhpmbate/chroma_2pt/32x64/b5p40kp119989kp119812/lp0001_g8g2_q000_q200_q222_q420_q440_src2/correlators/baryon_qcdsf.850.b5p40kp119989kp119812-32x64.00898_0.000_440_-4-40_smsnk30.lime
/scratch/usr/hhpmbate/chroma_2pt/32x64/b5p40kp119989kp119812/lp0001_g8g2_q000_q200_q222_q420_q440_src2/correlators/baryon_qcdsf.850.b5p40kp119989kp119812-32x64.00910_0.000_000_ptsink.lime
/scratch/usr/hhpmbate/chroma_2pt/32x64/b5p40kp119989kp119812/lp0001_g8g2_q000_q200_q222_q420_q440_src2/correlators/baryon_qcdsf.850.b5p40kp119989kp119812-32x64.00910_0.000_000_smsnk30.lime
/scratch/usr/hhpmbate/chroma_2pt/32x64/b5p40kp119989kp119812/lp0001_g8g2_q000_q200_q222_q420_q440_src2/correlators/baryon_qcdsf.850.b5p40kp119989kp119812-32x64.00910_0.000_200_-200_ptsink.lime
/scratch/usr/hhpmbate/chroma_2pt/32x64/b5p40kp119989kp119812/lp0001_g8g2_q000_q200_q222_q420_q440_src2/correlators/baryon_qcdsf.850.b5p40kp119989kp119812-32x64.00910_0.000_200_-200_smsnk30.lime
/scratch/usr/hhpmbate/chroma_2pt/32x64/b5p40kp119989kp119812/lp0001_g8g2_q000_q200_q222_q420_q440_src2/correlators/baryon_qcdsf.850.b5p40kp119989kp119812-32x64.00910_0.000_222_-2-2-2_ptsink.lime
/scratch/usr/hhpmbate/chroma_2pt/32x64/b5p40kp119989kp119812/lp0001_g8g2_q000_q200_q222_q420_q440_src2/correlators/baryon_qcdsf.850.b5p40kp119989kp119812-32x64.00910_0.000_222_-2-2-2_smsnk30.lime
/scratch/usr/hhpmbate/chroma_2pt/32x64/b5p40kp119989kp119812/lp0001_g8g2_q000_q200_q222_q420_q440_src2/correlators/baryon_qcdsf.850.b5p40kp119989kp119812-32x64.00910_0.000_420_-4-20_ptsink.lime
/scratch/usr/hhpmbate/chroma_2pt/32x64/b5p40kp119989kp119812/lp0001_g8g2_q000_q200_q222_q420_q440_src2/correlators/baryon_qcdsf.850.b5p40kp119989kp119812-32x64.00910_0.000_420_-4-20_smsnk30.lime
/scratch/usr/hhpmbate/chroma_2pt/32x64/b5p40kp119989kp119812/lp0001_g8g2_q000_q200_q222_q420_q440_src2/correlators/baryon_qcdsf.850.b5p40kp119989kp119812-32x64.00910_0.000_440_-4-40_ptsink.lime
/scratch/usr/hhpmbate/chroma_2pt/32x64/b5p40kp119989kp119812/lp0001_g8g2_q000_q200_q222_q420_q440_src2/correlators/baryon_qcdsf.850.b5p40kp119989kp119812-32x64.00910_0.000_440_-4-40_smsnk30.lime
/scratch/usr/hhpmbate/chroma_2pt/32x64/b5p40kp119989kp119812/lp0001_g8g2_q000_q200_q222_q420_q440_src2/correlators/baryon_qcdsf.850.b5p40kp119989kp119812-32x64.00917_0.000_000_ptsink.lime
/scratch/usr/hhpmbate/chroma_2pt/32x64/b5p40kp119989kp119812/lp0001_g8g2_q000_q200_q222_q420_q440_src2/correlators/baryon_qcdsf.850.b5p40kp119989kp119812-32x64.00917_0.000_000_smsnk30.lime
/scratch/usr/hhpmbate/chroma_2pt/32x64/b5p40kp119989kp119812/lp0001_g8g2_q000_q200_q222_q420_q440_src2/correlators/baryon_qcdsf.850.b5p40kp119989kp119812-32x64.00917_0.000_200_-200_ptsink.lime
/scratch/usr/hhpmbate/chroma_2pt/32x64/b5p40kp119989kp119812/lp0001_g8g2_q000_q200_q222_q420_q440_src2/correlators/baryon_qcdsf.850.b5p40kp119989kp119812-32x64.00917_0.000_200_-200_smsnk30.lime
/scratch/usr/hhpmbate/chroma_2pt/32x64/b5p40kp119989kp119812/lp0001_g8g2_q000_q200_q222_q420_q440_src2/correlators/baryon_qcdsf.850.b5p40kp119989kp119812-32x64.00917_0.000_222_-2-2-2_ptsink.lime
/scratch/usr/hhpmbate/chroma_2pt/32x64/b5p40kp119989kp119812/lp0001_g8g2_q000_q200_q222_q420_q440_src2/correlators/baryon_qcdsf.850.b5p40kp119989kp119812-32x64.00917_0.000_222_-2-2-2_smsnk30.lime
/scratch/usr/hhpmbate/chroma_2pt/32x64/b5p40kp119989kp119812/lp0001_g8g2_q000_q200_q222_q420_q440_src2/correlators/baryon_qcdsf.850.b5p40kp119989kp119812-32x64.00917_0.000_420_-4-20_ptsink.lime
/scratch/usr/hhpmbate/chroma_2pt/32x64/b5p40kp119989kp119812/lp0001_g8g2_q000_q200_q222_q420_q440_src2/correlators/baryon_qcdsf.850.b5p40kp119989kp119812-32x64.00917_0.000_420_-4-20_smsnk30.lime
/scratch/usr/hhpmbate/chroma_2pt/32x64/b5p40kp119989kp119812/lp0001_g8g2_q000_q200_q222_q420_q440_src2/correlators/baryon_qcdsf.850.b5p40kp119989kp119812-32x64.00917_0.000_440_-4-40_ptsink.lime
/scratch/usr/hhpmbate/chroma_2pt/32x64/b5p40kp119989kp119812/lp0001_g8g2_q000_q200_q222_q420_q440_src2/correlators/baryon_qcdsf.850.b5p40kp119989kp119812-32x64.00917_0.000_440_-4-40_smsnk30.lime
/scratch/usr/hhpmbate/chroma_2pt/32x64/b5p40kp119989kp119812/lp0001_g8g2_q000_q200_q222_q420_q440_src2/correlators/baryon_qcdsf.850.b5p40kp119989kp119812-32x64.00923_0.000_000_ptsink.lime
/scratch/usr/hhpmbate/chroma_2pt/32x64/b5p40kp119989kp119812/lp0001_g8g2_q000_q200_q222_q420_q440_src2/correlators/baryon_qcdsf.850.b5p40kp119989kp119812-32x64.00923_0.000_000_smsnk30.lime
/scratch/usr/hhpmbate/chroma_2pt/32x64/b5p40kp119989kp119812/lp0001_g8g2_q000_q200_q222_q420_q440_src2/correlators/baryon_qcdsf.850.b5p40kp119989kp119812-32x64.00923_0.000_200_-200_ptsink.lime
/scratch/usr/hhpmbate/chroma_2pt/32x64/b5p40kp119989kp119812/lp0001_g8g2_q000_q200_q222_q420_q440_src2/correlators/baryon_qcdsf.850.b5p40kp119989kp119812-32x64.00923_0.000_200_-200_smsnk30.lime
/scratch/usr/hhpmbate/chroma_2pt/32x64/b5p40kp119989kp119812/lp0001_g8g2_q000_q200_q222_q420_q440_src2/correlators/baryon_qcdsf.850.b5p40kp119989kp119812-32x64.00923_0.000_222_-2-2-2_ptsink.lime
/scratch/usr/hhpmbate/chroma_2pt/32x64/b5p40kp119989kp119812/lp0001_g8g2_q000_q200_q222_q420_q440_src2/correlators/baryon_qcdsf.850.b5p40kp119989kp119812-32x64.00923_0.000_222_-2-2-2_smsnk30.lime
/scratch/usr/hhpmbate/chroma_2pt/32x64/b5p40kp119989kp119812/lp0001_g8g2_q000_q200_q222_q420_q440_src2/correlators/baryon_qcdsf.850.b5p40kp119989kp119812-32x64.00923_0.000_420_-4-20_ptsink.lime
/scratch/usr/hhpmbate/chroma_2pt/32x64/b5p40kp119989kp119812/lp0001_g8g2_q000_q200_q222_q420_q440_src2/correlators/baryon_qcdsf.850.b5p40kp119989kp119812-32x64.00923_0.000_420_-4-20_smsnk30.lime
/scratch/usr/hhpmbate/chroma_2pt/32x64/b5p40kp119989kp119812/lp0001_g8g2_q000_q200_q222_q420_q440_src2/correlators/baryon_qcdsf.850.b5p40kp119989kp119812-32x64.00923_0.000_440_-4-40_ptsink.lime
/scratch/usr/hhpmbate/chroma_2pt/32x64/b5p40kp119989kp119812/lp0001_g8g2_q000_q200_q222_q420_q440_src2/correlators/baryon_qcdsf.850.b5p40kp119989kp119812-32x64.00923_0.000_440_-4-40_smsnk30.lime
/scratch/usr/hhpmbate/chroma_2pt/32x64/b5p40kp119989kp119812/lp0001_g8g2_q000_q200_q222_q420_q440_src2/correlators/baryon_qcdsf.850.b5p40kp119989kp119812-32x64.00925_0.000_000_ptsink.lime
/scratch/usr/hhpmbate/chroma_2pt/32x64/b5p40kp119989kp119812/lp0001_g8g2_q000_q200_q222_q420_q440_src2/correlators/baryon_qcdsf.850.b5p40kp119989kp119812-32x64.00925_0.000_000_smsnk30.lime
/scratch/usr/hhpmbate/chroma_2pt/32x64/b5p40kp119989kp119812/lp0001_g8g2_q000_q200_q222_q420_q440_src2/correlators/baryon_qcdsf.850.b5p40kp119989kp119812-32x64.00925_0.000_200_-200_ptsink.lime
/scratch/usr/hhpmbate/chroma_2pt/32x64/b5p40kp119989kp119812/lp0001_g8g2_q000_q200_q222_q420_q440_src2/correlators/baryon_qcdsf.850.b5p40kp119989kp119812-32x64.00925_0.000_200_-200_smsnk30.lime
/scratch/usr/hhpmbate/chroma_2pt/32x64/b5p40kp119989kp119812/lp0001_g8g2_q000_q200_q222_q420_q440_src2/correlators/baryon_qcdsf.850.b5p40kp119989kp119812-32x64.00925_0.000_222_-2-2-2_ptsink.lime
/scratch/usr/hhpmbate/chroma_2pt/32x64/b5p40kp119989kp119812/lp0001_g8g2_q000_q200_q222_q420_q440_src2/correlators/baryon_qcdsf.850.b5p40kp119989kp119812-32x64.00925_0.000_222_-2-2-2_smsnk30.lime
/scratch/usr/hhpmbate/chroma_2pt/32x64/b5p40kp119989kp119812/lp0001_g8g2_q000_q200_q222_q420_q440_src2/correlators/baryon_qcdsf.850.b5p40kp119989kp119812-32x64.00925_0.000_420_-4-20_ptsink.lime
/scratch/usr/hhpmbate/chroma_2pt/32x64/b5p40kp119989kp119812/lp0001_g8g2_q000_q200_q222_q420_q440_src2/correlators/baryon_qcdsf.850.b5p40kp119989kp119812-32x64.00925_0.000_420_-4-20_smsnk30.lime
/scratch/usr/hhpmbate/chroma_2pt/32x64/b5p40kp119989kp119812/lp0001_g8g2_q000_q200_q222_q420_q440_src2/correlators/baryon_qcdsf.850.b5p40kp119989kp119812-32x64.00925_0.000_440_-4-40_ptsink.lime
/scratch/usr/hhpmbate/chroma_2pt/32x64/b5p40kp119989kp119812/lp0001_g8g2_q000_q200_q222_q420_q440_src2/correlators/baryon_qcdsf.850.b5p40kp119989kp119812-32x64.00925_0.000_440_-4-40_smsnk30.lime
/scratch/usr/hhpmbate/chroma_2pt/32x64/b5p40kp119989kp119812/lp0001_g8g2_q000_q200_q222_q420_q440_src2/correlators/baryon_qcdsf.850.b5p40kp119989kp119812-32x64.00929_0.000_000_ptsink.lime
/scratch/usr/hhpmbate/chroma_2pt/32x64/b5p40kp119989kp119812/lp0001_g8g2_q000_q200_q222_q420_q440_src2/correlators/baryon_qcdsf.850.b5p40kp119989kp119812-32x64.00929_0.000_000_smsnk30.lime
/scratch/usr/hhpmbate/chroma_2pt/32x64/b5p40kp119989kp119812/lp0001_g8g2_q000_q200_q222_q420_q440_src2/correlators/baryon_qcdsf.850.b5p40kp119989kp119812-32x64.00929_0.000_200_-200_ptsink.lime
/scratch/usr/hhpmbate/chroma_2pt/32x64/b5p40kp119989kp119812/lp0001_g8g2_q000_q200_q222_q420_q440_src2/correlators/baryon_qcdsf.850.b5p40kp119989kp119812-32x64.00929_0.000_200_-200_smsnk30.lime
/scratch/usr/hhpmbate/chroma_2pt/32x64/b5p40kp119989kp119812/lp0001_g8g2_q000_q200_q222_q420_q440_src2/correlators/baryon_qcdsf.850.b5p40kp119989kp119812-32x64.00929_0.000_222_-2-2-2_ptsink.lime
/scratch/usr/hhpmbate/chroma_2pt/32x64/b5p40kp119989kp119812/lp0001_g8g2_q000_q200_q222_q420_q440_src2/correlators/baryon_qcdsf.850.b5p40kp119989kp119812-32x64.00929_0.000_222_-2-2-2_smsnk30.lime
/scratch/usr/hhpmbate/chroma_2pt/32x64/b5p40kp119989kp119812/lp0001_g8g2_q000_q200_q222_q420_q440_src2/correlators/baryon_qcdsf.850.b5p40kp119989kp119812-32x64.00929_0.000_420_-4-20_ptsink.lime
/scratch/usr/hhpmbate/chroma_2pt/32x64/b5p40kp119989kp119812/lp0001_g8g2_q000_q200_q222_q420_q440_src2/correlators/baryon_qcdsf.850.b5p40kp119989kp119812-32x64.00929_0.000_420_-4-20_smsnk30.lime
/scratch/usr/hhpmbate/chroma_2pt/32x64/b5p40kp119989kp119812/lp0001_g8g2_q000_q200_q222_q420_q440_src2/correlators/baryon_qcdsf.850.b5p40kp119989kp119812-32x64.00929_0.000_440_-4-40_ptsink.lime
/scratch/usr/hhpmbate/chroma_2pt/32x64/b5p40kp119989kp119812/lp0001_g8g2_q000_q200_q222_q420_q440_src2/correlators/baryon_qcdsf.850.b5p40kp119989kp119812-32x64.00929_0.000_440_-4-40_smsnk30.lime
/scratch/usr/hhpmbate/chroma_2pt/32x64/b5p40kp119989kp119812/lp0001_g8g2_q000_q200_q222_q420_q440_src2/correlators/baryon_qcdsf.850.b5p40kp119989kp119812-32x64.00931_0.000_000_ptsink.lime
/scratch/usr/hhpmbate/chroma_2pt/32x64/b5p40kp119989kp119812/lp0001_g8g2_q000_q200_q222_q420_q440_src2/correlators/baryon_qcdsf.850.b5p40kp119989kp119812-32x64.00931_0.000_000_smsnk30.lime
/scratch/usr/hhpmbate/chroma_2pt/32x64/b5p40kp119989kp119812/lp0001_g8g2_q000_q200_q222_q420_q440_src2/correlators/baryon_qcdsf.850.b5p40kp119989kp119812-32x64.00931_0.000_200_-200_ptsink.lime
/scratch/usr/hhpmbate/chroma_2pt/32x64/b5p40kp119989kp119812/lp0001_g8g2_q000_q200_q222_q420_q440_src2/correlators/baryon_qcdsf.850.b5p40kp119989kp119812-32x64.00931_0.000_200_-200_smsnk30.lime
/scratch/usr/hhpmbate/chroma_2pt/32x64/b5p40kp119989kp119812/lp0001_g8g2_q000_q200_q222_q420_q440_src2/correlators/baryon_qcdsf.850.b5p40kp119989kp119812-32x64.00931_0.000_222_-2-2-2_ptsink.lime
/scratch/usr/hhpmbate/chroma_2pt/32x64/b5p40kp119989kp119812/lp0001_g8g2_q000_q200_q222_q420_q440_src2/correlators/baryon_qcdsf.850.b5p40kp119989kp119812-32x64.00931_0.000_222_-2-2-2_smsnk30.lime
/scratch/usr/hhpmbate/chroma_2pt/32x64/b5p40kp119989kp119812/lp0001_g8g2_q000_q200_q222_q420_q440_src2/correlators/baryon_qcdsf.850.b5p40kp119989kp119812-32x64.00931_0.000_420_-4-20_ptsink.lime
/scratch/usr/hhpmbate/chroma_2pt/32x64/b5p40kp119989kp119812/lp0001_g8g2_q000_q200_q222_q420_q440_src2/correlators/baryon_qcdsf.850.b5p40kp119989kp119812-32x64.00931_0.000_420_-4-20_smsnk30.lime
/scratch/usr/hhpmbate/chroma_2pt/32x64/b5p40kp119989kp119812/lp0001_g8g2_q000_q200_q222_q420_q440_src2/correlators/baryon_qcdsf.850.b5p40kp119989kp119812-32x64.00931_0.000_440_-4-40_ptsink.lime
/scratch/usr/hhpmbate/chroma_2pt/32x64/b5p40kp119989kp119812/lp0001_g8g2_q000_q200_q222_q420_q440_src2/correlators/baryon_qcdsf.850.b5p40kp119989kp119812-32x64.00931_0.000_440_-4-40_smsnk30.lime
/scratch/usr/hhpmbate/chroma_2pt/32x64/b5p40kp119989kp119812/lp0001_g8g2_q000_q200_q222_q420_q440_src2/correlators/baryon_qcdsf.850.b5p40kp119989kp119812-32x64.00932_0.000_000_ptsink.lime
/scratch/usr/hhpmbate/chroma_2pt/32x64/b5p40kp119989kp119812/lp0001_g8g2_q000_q200_q222_q420_q440_src2/correlators/baryon_qcdsf.850.b5p40kp119989kp119812-32x64.00932_0.000_000_smsnk30.lime
/scratch/usr/hhpmbate/chroma_2pt/32x64/b5p40kp119989kp119812/lp0001_g8g2_q000_q200_q222_q420_q440_src2/correlators/baryon_qcdsf.850.b5p40kp119989kp119812-32x64.00932_0.000_200_-200_ptsink.lime
/scratch/usr/hhpmbate/chroma_2pt/32x64/b5p40kp119989kp119812/lp0001_g8g2_q000_q200_q222_q420_q440_src2/correlators/baryon_qcdsf.850.b5p40kp119989kp119812-32x64.00932_0.000_200_-200_smsnk30.lime
/scratch/usr/hhpmbate/chroma_2pt/32x64/b5p40kp119989kp119812/lp0001_g8g2_q000_q200_q222_q420_q440_src2/correlators/baryon_qcdsf.850.b5p40kp119989kp119812-32x64.00932_0.000_222_-2-2-2_ptsink.lime
/scratch/usr/hhpmbate/chroma_2pt/32x64/b5p40kp119989kp119812/lp0001_g8g2_q000_q200_q222_q420_q440_src2/correlators/baryon_qcdsf.850.b5p40kp119989kp119812-32x64.00932_0.000_222_-2-2-2_smsnk30.lime
/scratch/usr/hhpmbate/chroma_2pt/32x64/b5p40kp119989kp119812/lp0001_g8g2_q000_q200_q222_q420_q440_src2/correlators/baryon_qcdsf.850.b5p40kp119989kp119812-32x64.00932_0.000_420_-4-20_ptsink.lime
/scratch/usr/hhpmbate/chroma_2pt/32x64/b5p40kp119989kp119812/lp0001_g8g2_q000_q200_q222_q420_q440_src2/correlators/baryon_qcdsf.850.b5p40kp119989kp119812-32x64.00932_0.000_420_-4-20_smsnk30.lime
/scratch/usr/hhpmbate/chroma_2pt/32x64/b5p40kp119989kp119812/lp0001_g8g2_q000_q200_q222_q420_q440_src2/correlators/baryon_qcdsf.850.b5p40kp119989kp119812-32x64.00932_0.000_440_-4-40_ptsink.lime
/scratch/usr/hhpmbate/chroma_2pt/32x64/b5p40kp119989kp119812/lp0001_g8g2_q000_q200_q222_q420_q440_src2/correlators/baryon_qcdsf.850.b5p40kp119989kp119812-32x64.00932_0.000_440_-4-40_smsnk30.lime
/scratch/usr/hhpmbate/chroma_2pt/32x64/b5p40kp119989kp119812/lp0001_g8g2_q000_q200_q222_q420_q440_src2/correlators/baryon_qcdsf.850.b5p40kp119989kp119812-32x64.00937_0.000_000_ptsink.lime
/scratch/usr/hhpmbate/chroma_2pt/32x64/b5p40kp119989kp119812/lp0001_g8g2_q000_q200_q222_q420_q440_src2/correlators/baryon_qcdsf.850.b5p40kp119989kp119812-32x64.00937_0.000_000_smsnk30.lime
/scratch/usr/hhpmbate/chroma_2pt/32x64/b5p40kp119989kp119812/lp0001_g8g2_q000_q200_q222_q420_q440_src2/correlators/baryon_qcdsf.850.b5p40kp119989kp119812-32x64.00937_0.000_200_-200_ptsink.lime
/scratch/usr/hhpmbate/chroma_2pt/32x64/b5p40kp119989kp119812/lp0001_g8g2_q000_q200_q222_q420_q440_src2/correlators/baryon_qcdsf.850.b5p40kp119989kp119812-32x64.00937_0.000_200_-200_smsnk30.lime
/scratch/usr/hhpmbate/chroma_2pt/32x64/b5p40kp119989kp119812/lp0001_g8g2_q000_q200_q222_q420_q440_src2/correlators/baryon_qcdsf.850.b5p40kp119989kp119812-32x64.00937_0.000_222_-2-2-2_ptsink.lime
/scratch/usr/hhpmbate/chroma_2pt/32x64/b5p40kp119989kp119812/lp0001_g8g2_q000_q200_q222_q420_q440_src2/correlators/baryon_qcdsf.850.b5p40kp119989kp119812-32x64.00937_0.000_222_-2-2-2_smsnk30.lime
/scratch/usr/hhpmbate/chroma_2pt/32x64/b5p40kp119989kp119812/lp0001_g8g2_q000_q200_q222_q420_q440_src2/correlators/baryon_qcdsf.850.b5p40kp119989kp119812-32x64.00937_0.000_420_-4-20_ptsink.lime
/scratch/usr/hhpmbate/chroma_2pt/32x64/b5p40kp119989kp119812/lp0001_g8g2_q000_q200_q222_q420_q440_src2/correlators/baryon_qcdsf.850.b5p40kp119989kp119812-32x64.00937_0.000_420_-4-20_smsnk30.lime
/scratch/usr/hhpmbate/chroma_2pt/32x64/b5p40kp119989kp119812/lp0001_g8g2_q000_q200_q222_q420_q440_src2/correlators/baryon_qcdsf.850.b5p40kp119989kp119812-32x64.00937_0.000_440_-4-40_ptsink.lime
/scratch/usr/hhpmbate/chroma_2pt/32x64/b5p40kp119989kp119812/lp0001_g8g2_q000_q200_q222_q420_q440_src2/correlators/baryon_qcdsf.850.b5p40kp119989kp119812-32x64.00937_0.000_440_-4-40_smsnk30.lime
/scratch/usr/hhpmbate/chroma_2pt/32x64/b5p40kp119989kp119812/lp0001_g8g2_q000_q200_q222_q420_q440_src2/correlators/baryon_qcdsf.850.b5p40kp119989kp119812-32x64.00941_0.000_000_ptsink.lime
/scratch/usr/hhpmbate/chroma_2pt/32x64/b5p40kp119989kp119812/lp0001_g8g2_q000_q200_q222_q420_q440_src2/correlators/baryon_qcdsf.850.b5p40kp119989kp119812-32x64.00941_0.000_000_smsnk30.lime
/scratch/usr/hhpmbate/chroma_2pt/32x64/b5p40kp119989kp119812/lp0001_g8g2_q000_q200_q222_q420_q440_src2/correlators/baryon_qcdsf.850.b5p40kp119989kp119812-32x64.00941_0.000_200_-200_ptsink.lime
/scratch/usr/hhpmbate/chroma_2pt/32x64/b5p40kp119989kp119812/lp0001_g8g2_q000_q200_q222_q420_q440_src2/correlators/baryon_qcdsf.850.b5p40kp119989kp119812-32x64.00941_0.000_200_-200_smsnk30.lime
/scratch/usr/hhpmbate/chroma_2pt/32x64/b5p40kp119989kp119812/lp0001_g8g2_q000_q200_q222_q420_q440_src2/correlators/baryon_qcdsf.850.b5p40kp119989kp119812-32x64.00941_0.000_222_-2-2-2_ptsink.lime
/scratch/usr/hhpmbate/chroma_2pt/32x64/b5p40kp119989kp119812/lp0001_g8g2_q000_q200_q222_q420_q440_src2/correlators/baryon_qcdsf.850.b5p40kp119989kp119812-32x64.00941_0.000_222_-2-2-2_smsnk30.lime
/scratch/usr/hhpmbate/chroma_2pt/32x64/b5p40kp119989kp119812/lp0001_g8g2_q000_q200_q222_q420_q440_src2/correlators/baryon_qcdsf.850.b5p40kp119989kp119812-32x64.00941_0.000_420_-4-20_ptsink.lime
/scratch/usr/hhpmbate/chroma_2pt/32x64/b5p40kp119989kp119812/lp0001_g8g2_q000_q200_q222_q420_q440_src2/correlators/baryon_qcdsf.850.b5p40kp119989kp119812-32x64.00941_0.000_420_-4-20_smsnk30.lime
/scratch/usr/hhpmbate/chroma_2pt/32x64/b5p40kp119989kp119812/lp0001_g8g2_q000_q200_q222_q420_q440_src2/correlators/baryon_qcdsf.850.b5p40kp119989kp119812-32x64.00941_0.000_440_-4-40_ptsink.lime
/scratch/usr/hhpmbate/chroma_2pt/32x64/b5p40kp119989kp119812/lp0001_g8g2_q000_q200_q222_q420_q440_src2/correlators/baryon_qcdsf.850.b5p40kp119989kp119812-32x64.00941_0.000_440_-4-40_smsnk30.lime
/scratch/usr/hhpmbate/chroma_2pt/32x64/b5p40kp119989kp119812/lp0001_g8g2_q000_q200_q222_q420_q440_src2/correlators/baryon_qcdsf.850.b5p40kp119989kp119812-32x64.00944_0.000_000_ptsink.lime
/scratch/usr/hhpmbate/chroma_2pt/32x64/b5p40kp119989kp119812/lp0001_g8g2_q000_q200_q222_q420_q440_src2/correlators/baryon_qcdsf.850.b5p40kp119989kp119812-32x64.00944_0.000_000_smsnk30.lime
/scratch/usr/hhpmbate/chroma_2pt/32x64/b5p40kp119989kp119812/lp0001_g8g2_q000_q200_q222_q420_q440_src2/correlators/baryon_qcdsf.850.b5p40kp119989kp119812-32x64.00944_0.000_200_-200_ptsink.lime
/scratch/usr/hhpmbate/chroma_2pt/32x64/b5p40kp119989kp119812/lp0001_g8g2_q000_q200_q222_q420_q440_src2/correlators/baryon_qcdsf.850.b5p40kp119989kp119812-32x64.00944_0.000_200_-200_smsnk30.lime
/scratch/usr/hhpmbate/chroma_2pt/32x64/b5p40kp119989kp119812/lp0001_g8g2_q000_q200_q222_q420_q440_src2/correlators/baryon_qcdsf.850.b5p40kp119989kp119812-32x64.00944_0.000_222_-2-2-2_ptsink.lime
/scratch/usr/hhpmbate/chroma_2pt/32x64/b5p40kp119989kp119812/lp0001_g8g2_q000_q200_q222_q420_q440_src2/correlators/baryon_qcdsf.850.b5p40kp119989kp119812-32x64.00944_0.000_222_-2-2-2_smsnk30.lime
/scratch/usr/hhpmbate/chroma_2pt/32x64/b5p40kp119989kp119812/lp0001_g8g2_q000_q200_q222_q420_q440_src2/correlators/baryon_qcdsf.850.b5p40kp119989kp119812-32x64.00944_0.000_420_-4-20_ptsink.lime
/scratch/usr/hhpmbate/chroma_2pt/32x64/b5p40kp119989kp119812/lp0001_g8g2_q000_q200_q222_q420_q440_src2/correlators/baryon_qcdsf.850.b5p40kp119989kp119812-32x64.00944_0.000_420_-4-20_smsnk30.lime
/scratch/usr/hhpmbate/chroma_2pt/32x64/b5p40kp119989kp119812/lp0001_g8g2_q000_q200_q222_q420_q440_src2/correlators/baryon_qcdsf.850.b5p40kp119989kp119812-32x64.00944_0.000_440_-4-40_ptsink.lime
/scratch/usr/hhpmbate/chroma_2pt/32x64/b5p40kp119989kp119812/lp0001_g8g2_q000_q200_q222_q420_q440_src2/correlators/baryon_qcdsf.850.b5p40kp119989kp119812-32x64.00944_0.000_440_-4-40_smsnk30.lime
/scratch/usr/hhpmbate/chroma_2pt/32x64/b5p40kp119989kp119812/lp0001_g8g2_q000_q200_q222_q420_q440_src2/correlators/baryon_qcdsf.850.b5p40kp119989kp119812-32x64.00948_0.000_000_ptsink.lime
/scratch/usr/hhpmbate/chroma_2pt/32x64/b5p40kp119989kp119812/lp0001_g8g2_q000_q200_q222_q420_q440_src2/correlators/baryon_qcdsf.850.b5p40kp119989kp119812-32x64.00948_0.000_000_smsnk30.lime
/scratch/usr/hhpmbate/chroma_2pt/32x64/b5p40kp119989kp119812/lp0001_g8g2_q000_q200_q222_q420_q440_src2/correlators/baryon_qcdsf.850.b5p40kp119989kp119812-32x64.00948_0.000_200_-200_ptsink.lime
/scratch/usr/hhpmbate/chroma_2pt/32x64/b5p40kp119989kp119812/lp0001_g8g2_q000_q200_q222_q420_q440_src2/correlators/baryon_qcdsf.850.b5p40kp119989kp119812-32x64.00948_0.000_200_-200_smsnk30.lime
/scratch/usr/hhpmbate/chroma_2pt/32x64/b5p40kp119989kp119812/lp0001_g8g2_q000_q200_q222_q420_q440_src2/correlators/baryon_qcdsf.850.b5p40kp119989kp119812-32x64.00948_0.000_222_-2-2-2_ptsink.lime
/scratch/usr/hhpmbate/chroma_2pt/32x64/b5p40kp119989kp119812/lp0001_g8g2_q000_q200_q222_q420_q440_src2/correlators/baryon_qcdsf.850.b5p40kp119989kp119812-32x64.00948_0.000_222_-2-2-2_smsnk30.lime
/scratch/usr/hhpmbate/chroma_2pt/32x64/b5p40kp119989kp119812/lp0001_g8g2_q000_q200_q222_q420_q440_src2/correlators/baryon_qcdsf.850.b5p40kp119989kp119812-32x64.00948_0.000_420_-4-20_ptsink.lime
/scratch/usr/hhpmbate/chroma_2pt/32x64/b5p40kp119989kp119812/lp0001_g8g2_q000_q200_q222_q420_q440_src2/correlators/baryon_qcdsf.850.b5p40kp119989kp119812-32x64.00948_0.000_420_-4-20_smsnk30.lime
/scratch/usr/hhpmbate/chroma_2pt/32x64/b5p40kp119989kp119812/lp0001_g8g2_q000_q200_q222_q420_q440_src2/correlators/baryon_qcdsf.850.b5p40kp119989kp119812-32x64.00948_0.000_440_-4-40_ptsink.lime
/scratch/usr/hhpmbate/chroma_2pt/32x64/b5p40kp119989kp119812/lp0001_g8g2_q000_q200_q222_q420_q440_src2/correlators/baryon_qcdsf.850.b5p40kp119989kp119812-32x64.00948_0.000_440_-4-40_smsnk30.lime
/scratch/usr/hhpmbate/chroma_2pt/32x64/b5p40kp119989kp119812/lp0001_g8g2_q000_q200_q222_q420_q440_src2/correlators/baryon_qcdsf.850.b5p40kp119989kp119812-32x64.00949_0.000_000_ptsink.lime
/scratch/usr/hhpmbate/chroma_2pt/32x64/b5p40kp119989kp119812/lp0001_g8g2_q000_q200_q222_q420_q440_src2/correlators/baryon_qcdsf.850.b5p40kp119989kp119812-32x64.00949_0.000_000_smsnk30.lime
/scratch/usr/hhpmbate/chroma_2pt/32x64/b5p40kp119989kp119812/lp0001_g8g2_q000_q200_q222_q420_q440_src2/correlators/baryon_qcdsf.850.b5p40kp119989kp119812-32x64.00949_0.000_200_-200_ptsink.lime
/scratch/usr/hhpmbate/chroma_2pt/32x64/b5p40kp119989kp119812/lp0001_g8g2_q000_q200_q222_q420_q440_src2/correlators/baryon_qcdsf.850.b5p40kp119989kp119812-32x64.00949_0.000_200_-200_smsnk30.lime
/scratch/usr/hhpmbate/chroma_2pt/32x64/b5p40kp119989kp119812/lp0001_g8g2_q000_q200_q222_q420_q440_src2/correlators/baryon_qcdsf.850.b5p40kp119989kp119812-32x64.00949_0.000_222_-2-2-2_ptsink.lime
/scratch/usr/hhpmbate/chroma_2pt/32x64/b5p40kp119989kp119812/lp0001_g8g2_q000_q200_q222_q420_q440_src2/correlators/baryon_qcdsf.850.b5p40kp119989kp119812-32x64.00949_0.000_222_-2-2-2_smsnk30.lime
/scratch/usr/hhpmbate/chroma_2pt/32x64/b5p40kp119989kp119812/lp0001_g8g2_q000_q200_q222_q420_q440_src2/correlators/baryon_qcdsf.850.b5p40kp119989kp119812-32x64.00949_0.000_420_-4-20_ptsink.lime
/scratch/usr/hhpmbate/chroma_2pt/32x64/b5p40kp119989kp119812/lp0001_g8g2_q000_q200_q222_q420_q440_src2/correlators/baryon_qcdsf.850.b5p40kp119989kp119812-32x64.00949_0.000_420_-4-20_smsnk30.lime
/scratch/usr/hhpmbate/chroma_2pt/32x64/b5p40kp119989kp119812/lp0001_g8g2_q000_q200_q222_q420_q440_src2/correlators/baryon_qcdsf.850.b5p40kp119989kp119812-32x64.00949_0.000_440_-4-40_ptsink.lime
/scratch/usr/hhpmbate/chroma_2pt/32x64/b5p40kp119989kp119812/lp0001_g8g2_q000_q200_q222_q420_q440_src2/correlators/baryon_qcdsf.850.b5p40kp119989kp119812-32x64.00949_0.000_440_-4-40_smsnk30.lime
/scratch/usr/hhpmbate/chroma_2pt/32x64/b5p40kp119989kp119812/lp0001_g8g2_q000_q200_q222_q420_q440_src2/correlators/baryon_qcdsf.850.b5p40kp119989kp119812-32x64.00954_0.000_000_ptsink.lime
/scratch/usr/hhpmbate/chroma_2pt/32x64/b5p40kp119989kp119812/lp0001_g8g2_q000_q200_q222_q420_q440_src2/correlators/baryon_qcdsf.850.b5p40kp119989kp119812-32x64.00954_0.000_000_smsnk30.lime
/scratch/usr/hhpmbate/chroma_2pt/32x64/b5p40kp119989kp119812/lp0001_g8g2_q000_q200_q222_q420_q440_src2/correlators/baryon_qcdsf.850.b5p40kp119989kp119812-32x64.00954_0.000_200_-200_ptsink.lime
/scratch/usr/hhpmbate/chroma_2pt/32x64/b5p40kp119989kp119812/lp0001_g8g2_q000_q200_q222_q420_q440_src2/correlators/baryon_qcdsf.850.b5p40kp119989kp119812-32x64.00954_0.000_200_-200_smsnk30.lime
/scratch/usr/hhpmbate/chroma_2pt/32x64/b5p40kp119989kp119812/lp0001_g8g2_q000_q200_q222_q420_q440_src2/correlators/baryon_qcdsf.850.b5p40kp119989kp119812-32x64.00954_0.000_222_-2-2-2_ptsink.lime
/scratch/usr/hhpmbate/chroma_2pt/32x64/b5p40kp119989kp119812/lp0001_g8g2_q000_q200_q222_q420_q440_src2/correlators/baryon_qcdsf.850.b5p40kp119989kp119812-32x64.00954_0.000_222_-2-2-2_smsnk30.lime
/scratch/usr/hhpmbate/chroma_2pt/32x64/b5p40kp119989kp119812/lp0001_g8g2_q000_q200_q222_q420_q440_src2/correlators/baryon_qcdsf.850.b5p40kp119989kp119812-32x64.00954_0.000_420_-4-20_ptsink.lime
/scratch/usr/hhpmbate/chroma_2pt/32x64/b5p40kp119989kp119812/lp0001_g8g2_q000_q200_q222_q420_q440_src2/correlators/baryon_qcdsf.850.b5p40kp119989kp119812-32x64.00954_0.000_420_-4-20_smsnk30.lime
/scratch/usr/hhpmbate/chroma_2pt/32x64/b5p40kp119989kp119812/lp0001_g8g2_q000_q200_q222_q420_q440_src2/correlators/baryon_qcdsf.850.b5p40kp119989kp119812-32x64.00954_0.000_440_-4-40_ptsink.lime
/scratch/usr/hhpmbate/chroma_2pt/32x64/b5p40kp119989kp119812/lp0001_g8g2_q000_q200_q222_q420_q440_src2/correlators/baryon_qcdsf.850.b5p40kp119989kp119812-32x64.00954_0.000_440_-4-40_smsnk30.lime
/scratch/usr/hhpmbate/chroma_2pt/32x64/b5p40kp119989kp119812/lp0001_g8g2_q000_q200_q222_q420_q440_src2/correlators/baryon_qcdsf.850.b5p40kp119989kp119812-32x64.00955_0.000_000_ptsink.lime
/scratch/usr/hhpmbate/chroma_2pt/32x64/b5p40kp119989kp119812/lp0001_g8g2_q000_q200_q222_q420_q440_src2/correlators/baryon_qcdsf.850.b5p40kp119989kp119812-32x64.00955_0.000_000_smsnk30.lime
/scratch/usr/hhpmbate/chroma_2pt/32x64/b5p40kp119989kp119812/lp0001_g8g2_q000_q200_q222_q420_q440_src2/correlators/baryon_qcdsf.850.b5p40kp119989kp119812-32x64.00955_0.000_200_-200_ptsink.lime
/scratch/usr/hhpmbate/chroma_2pt/32x64/b5p40kp119989kp119812/lp0001_g8g2_q000_q200_q222_q420_q440_src2/correlators/baryon_qcdsf.850.b5p40kp119989kp119812-32x64.00955_0.000_200_-200_smsnk30.lime
/scratch/usr/hhpmbate/chroma_2pt/32x64/b5p40kp119989kp119812/lp0001_g8g2_q000_q200_q222_q420_q440_src2/correlators/baryon_qcdsf.850.b5p40kp119989kp119812-32x64.00955_0.000_222_-2-2-2_ptsink.lime
/scratch/usr/hhpmbate/chroma_2pt/32x64/b5p40kp119989kp119812/lp0001_g8g2_q000_q200_q222_q420_q440_src2/correlators/baryon_qcdsf.850.b5p40kp119989kp119812-32x64.00955_0.000_222_-2-2-2_smsnk30.lime
/scratch/usr/hhpmbate/chroma_2pt/32x64/b5p40kp119989kp119812/lp0001_g8g2_q000_q200_q222_q420_q440_src2/correlators/baryon_qcdsf.850.b5p40kp119989kp119812-32x64.00955_0.000_420_-4-20_ptsink.lime
/scratch/usr/hhpmbate/chroma_2pt/32x64/b5p40kp119989kp119812/lp0001_g8g2_q000_q200_q222_q420_q440_src2/correlators/baryon_qcdsf.850.b5p40kp119989kp119812-32x64.00955_0.000_420_-4-20_smsnk30.lime
/scratch/usr/hhpmbate/chroma_2pt/32x64/b5p40kp119989kp119812/lp0001_g8g2_q000_q200_q222_q420_q440_src2/correlators/baryon_qcdsf.850.b5p40kp119989kp119812-32x64.00955_0.000_440_-4-40_ptsink.lime
/scratch/usr/hhpmbate/chroma_2pt/32x64/b5p40kp119989kp119812/lp0001_g8g2_q000_q200_q222_q420_q440_src2/correlators/baryon_qcdsf.850.b5p40kp119989kp119812-32x64.00955_0.000_440_-4-40_smsnk30.lime
/scratch/usr/hhpmbate/chroma_2pt/32x64/b5p40kp119989kp119812/lp0001_g8g2_q000_q200_q222_q420_q440_src2/correlators/baryon_qcdsf.850.b5p40kp119989kp119812-32x64.00957_0.000_000_ptsink.lime
/scratch/usr/hhpmbate/chroma_2pt/32x64/b5p40kp119989kp119812/lp0001_g8g2_q000_q200_q222_q420_q440_src2/correlators/baryon_qcdsf.850.b5p40kp119989kp119812-32x64.00957_0.000_000_smsnk30.lime
/scratch/usr/hhpmbate/chroma_2pt/32x64/b5p40kp119989kp119812/lp0001_g8g2_q000_q200_q222_q420_q440_src2/correlators/baryon_qcdsf.850.b5p40kp119989kp119812-32x64.00957_0.000_200_-200_ptsink.lime
/scratch/usr/hhpmbate/chroma_2pt/32x64/b5p40kp119989kp119812/lp0001_g8g2_q000_q200_q222_q420_q440_src2/correlators/baryon_qcdsf.850.b5p40kp119989kp119812-32x64.00957_0.000_200_-200_smsnk30.lime
/scratch/usr/hhpmbate/chroma_2pt/32x64/b5p40kp119989kp119812/lp0001_g8g2_q000_q200_q222_q420_q440_src2/correlators/baryon_qcdsf.850.b5p40kp119989kp119812-32x64.00957_0.000_222_-2-2-2_ptsink.lime
/scratch/usr/hhpmbate/chroma_2pt/32x64/b5p40kp119989kp119812/lp0001_g8g2_q000_q200_q222_q420_q440_src2/correlators/baryon_qcdsf.850.b5p40kp119989kp119812-32x64.00957_0.000_222_-2-2-2_smsnk30.lime
/scratch/usr/hhpmbate/chroma_2pt/32x64/b5p40kp119989kp119812/lp0001_g8g2_q000_q200_q222_q420_q440_src2/correlators/baryon_qcdsf.850.b5p40kp119989kp119812-32x64.00957_0.000_420_-4-20_ptsink.lime
/scratch/usr/hhpmbate/chroma_2pt/32x64/b5p40kp119989kp119812/lp0001_g8g2_q000_q200_q222_q420_q440_src2/correlators/baryon_qcdsf.850.b5p40kp119989kp119812-32x64.00957_0.000_420_-4-20_smsnk30.lime
/scratch/usr/hhpmbate/chroma_2pt/32x64/b5p40kp119989kp119812/lp0001_g8g2_q000_q200_q222_q420_q440_src2/correlators/baryon_qcdsf.850.b5p40kp119989kp119812-32x64.00957_0.000_440_-4-40_ptsink.lime
/scratch/usr/hhpmbate/chroma_2pt/32x64/b5p40kp119989kp119812/lp0001_g8g2_q000_q200_q222_q420_q440_src2/correlators/baryon_qcdsf.850.b5p40kp119989kp119812-32x64.00957_0.000_440_-4-40_smsnk30.lime
/scratch/usr/hhpmbate/chroma_2pt/32x64/b5p40kp119989kp119812/lp0001_g8g2_q000_q200_q222_q420_q440_src2/correlators/baryon_qcdsf.850.b5p40kp119989kp119812-32x64.00958_0.000_000_ptsink.lime
/scratch/usr/hhpmbate/chroma_2pt/32x64/b5p40kp119989kp119812/lp0001_g8g2_q000_q200_q222_q420_q440_src2/correlators/baryon_qcdsf.850.b5p40kp119989kp119812-32x64.00958_0.000_000_smsnk30.lime
/scratch/usr/hhpmbate/chroma_2pt/32x64/b5p40kp119989kp119812/lp0001_g8g2_q000_q200_q222_q420_q440_src2/correlators/baryon_qcdsf.850.b5p40kp119989kp119812-32x64.00958_0.000_200_-200_ptsink.lime
/scratch/usr/hhpmbate/chroma_2pt/32x64/b5p40kp119989kp119812/lp0001_g8g2_q000_q200_q222_q420_q440_src2/correlators/baryon_qcdsf.850.b5p40kp119989kp119812-32x64.00958_0.000_200_-200_smsnk30.lime
/scratch/usr/hhpmbate/chroma_2pt/32x64/b5p40kp119989kp119812/lp0001_g8g2_q000_q200_q222_q420_q440_src2/correlators/baryon_qcdsf.850.b5p40kp119989kp119812-32x64.00958_0.000_222_-2-2-2_ptsink.lime
/scratch/usr/hhpmbate/chroma_2pt/32x64/b5p40kp119989kp119812/lp0001_g8g2_q000_q200_q222_q420_q440_src2/correlators/baryon_qcdsf.850.b5p40kp119989kp119812-32x64.00958_0.000_222_-2-2-2_smsnk30.lime
/scratch/usr/hhpmbate/chroma_2pt/32x64/b5p40kp119989kp119812/lp0001_g8g2_q000_q200_q222_q420_q440_src2/correlators/baryon_qcdsf.850.b5p40kp119989kp119812-32x64.00958_0.000_420_-4-20_ptsink.lime
/scratch/usr/hhpmbate/chroma_2pt/32x64/b5p40kp119989kp119812/lp0001_g8g2_q000_q200_q222_q420_q440_src2/correlators/baryon_qcdsf.850.b5p40kp119989kp119812-32x64.00958_0.000_420_-4-20_smsnk30.lime
/scratch/usr/hhpmbate/chroma_2pt/32x64/b5p40kp119989kp119812/lp0001_g8g2_q000_q200_q222_q420_q440_src2/correlators/baryon_qcdsf.850.b5p40kp119989kp119812-32x64.00958_0.000_440_-4-40_ptsink.lime
/scratch/usr/hhpmbate/chroma_2pt/32x64/b5p40kp119989kp119812/lp0001_g8g2_q000_q200_q222_q420_q440_src2/correlators/baryon_qcdsf.850.b5p40kp119989kp119812-32x64.00958_0.000_440_-4-40_smsnk30.lime
/scratch/usr/hhpmbate/chroma_2pt/32x64/b5p40kp119989kp119812/lp0001_g8g2_q000_q200_q222_q420_q440_src2/correlators/baryon_qcdsf.850.b5p40kp119989kp119812-32x64.00959_0.000_000_ptsink.lime
/scratch/usr/hhpmbate/chroma_2pt/32x64/b5p40kp119989kp119812/lp0001_g8g2_q000_q200_q222_q420_q440_src2/correlators/baryon_qcdsf.850.b5p40kp119989kp119812-32x64.00959_0.000_000_smsnk30.lime
/scratch/usr/hhpmbate/chroma_2pt/32x64/b5p40kp119989kp119812/lp0001_g8g2_q000_q200_q222_q420_q440_src2/correlators/baryon_qcdsf.850.b5p40kp119989kp119812-32x64.00959_0.000_200_-200_ptsink.lime
/scratch/usr/hhpmbate/chroma_2pt/32x64/b5p40kp119989kp119812/lp0001_g8g2_q000_q200_q222_q420_q440_src2/correlators/baryon_qcdsf.850.b5p40kp119989kp119812-32x64.00959_0.000_200_-200_smsnk30.lime
/scratch/usr/hhpmbate/chroma_2pt/32x64/b5p40kp119989kp119812/lp0001_g8g2_q000_q200_q222_q420_q440_src2/correlators/baryon_qcdsf.850.b5p40kp119989kp119812-32x64.00959_0.000_222_-2-2-2_ptsink.lime
/scratch/usr/hhpmbate/chroma_2pt/32x64/b5p40kp119989kp119812/lp0001_g8g2_q000_q200_q222_q420_q440_src2/correlators/baryon_qcdsf.850.b5p40kp119989kp119812-32x64.00959_0.000_222_-2-2-2_smsnk30.lime
/scratch/usr/hhpmbate/chroma_2pt/32x64/b5p40kp119989kp119812/lp0001_g8g2_q000_q200_q222_q420_q440_src2/correlators/baryon_qcdsf.850.b5p40kp119989kp119812-32x64.00959_0.000_420_-4-20_ptsink.lime
/scratch/usr/hhpmbate/chroma_2pt/32x64/b5p40kp119989kp119812/lp0001_g8g2_q000_q200_q222_q420_q440_src2/correlators/baryon_qcdsf.850.b5p40kp119989kp119812-32x64.00959_0.000_420_-4-20_smsnk30.lime
/scratch/usr/hhpmbate/chroma_2pt/32x64/b5p40kp119989kp119812/lp0001_g8g2_q000_q200_q222_q420_q440_src2/correlators/baryon_qcdsf.850.b5p40kp119989kp119812-32x64.00959_0.000_440_-4-40_ptsink.lime
/scratch/usr/hhpmbate/chroma_2pt/32x64/b5p40kp119989kp119812/lp0001_g8g2_q000_q200_q222_q420_q440_src2/correlators/baryon_qcdsf.850.b5p40kp119989kp119812-32x64.00959_0.000_440_-4-40_smsnk30.lime
/scratch/usr/hhpmbate/chroma_2pt/32x64/b5p40kp119989kp119812/lp0001_g8g2_q000_q200_q222_q420_q440_src2/correlators/baryon_qcdsf.850.b5p40kp119989kp119812-32x64.00960_0.000_000_ptsink.lime
/scratch/usr/hhpmbate/chroma_2pt/32x64/b5p40kp119989kp119812/lp0001_g8g2_q000_q200_q222_q420_q440_src2/correlators/baryon_qcdsf.850.b5p40kp119989kp119812-32x64.00960_0.000_000_smsnk30.lime
/scratch/usr/hhpmbate/chroma_2pt/32x64/b5p40kp119989kp119812/lp0001_g8g2_q000_q200_q222_q420_q440_src2/correlators/baryon_qcdsf.850.b5p40kp119989kp119812-32x64.00960_0.000_200_-200_ptsink.lime
/scratch/usr/hhpmbate/chroma_2pt/32x64/b5p40kp119989kp119812/lp0001_g8g2_q000_q200_q222_q420_q440_src2/correlators/baryon_qcdsf.850.b5p40kp119989kp119812-32x64.00960_0.000_200_-200_smsnk30.lime
/scratch/usr/hhpmbate/chroma_2pt/32x64/b5p40kp119989kp119812/lp0001_g8g2_q000_q200_q222_q420_q440_src2/correlators/baryon_qcdsf.850.b5p40kp119989kp119812-32x64.00960_0.000_222_-2-2-2_ptsink.lime
/scratch/usr/hhpmbate/chroma_2pt/32x64/b5p40kp119989kp119812/lp0001_g8g2_q000_q200_q222_q420_q440_src2/correlators/baryon_qcdsf.850.b5p40kp119989kp119812-32x64.00960_0.000_222_-2-2-2_smsnk30.lime
/scratch/usr/hhpmbate/chroma_2pt/32x64/b5p40kp119989kp119812/lp0001_g8g2_q000_q200_q222_q420_q440_src2/correlators/baryon_qcdsf.850.b5p40kp119989kp119812-32x64.00960_0.000_420_-4-20_ptsink.lime
/scratch/usr/hhpmbate/chroma_2pt/32x64/b5p40kp119989kp119812/lp0001_g8g2_q000_q200_q222_q420_q440_src2/correlators/baryon_qcdsf.850.b5p40kp119989kp119812-32x64.00960_0.000_420_-4-20_smsnk30.lime
/scratch/usr/hhpmbate/chroma_2pt/32x64/b5p40kp119989kp119812/lp0001_g8g2_q000_q200_q222_q420_q440_src2/correlators/baryon_qcdsf.850.b5p40kp119989kp119812-32x64.00960_0.000_440_-4-40_ptsink.lime
/scratch/usr/hhpmbate/chroma_2pt/32x64/b5p40kp119989kp119812/lp0001_g8g2_q000_q200_q222_q420_q440_src2/correlators/baryon_qcdsf.850.b5p40kp119989kp119812-32x64.00960_0.000_440_-4-40_smsnk30.lime
/scratch/usr/hhpmbate/chroma_2pt/32x64/b5p40kp119989kp119812/lp0001_g8g2_q000_q200_q222_q420_q440_src2/correlators/baryon_qcdsf.850.b5p40kp119989kp119812-32x64.00961_0.000_000_ptsink.lime
/scratch/usr/hhpmbate/chroma_2pt/32x64/b5p40kp119989kp119812/lp0001_g8g2_q000_q200_q222_q420_q440_src2/correlators/baryon_qcdsf.850.b5p40kp119989kp119812-32x64.00961_0.000_000_smsnk30.lime
/scratch/usr/hhpmbate/chroma_2pt/32x64/b5p40kp119989kp119812/lp0001_g8g2_q000_q200_q222_q420_q440_src2/correlators/baryon_qcdsf.850.b5p40kp119989kp119812-32x64.00961_0.000_200_-200_ptsink.lime
/scratch/usr/hhpmbate/chroma_2pt/32x64/b5p40kp119989kp119812/lp0001_g8g2_q000_q200_q222_q420_q440_src2/correlators/baryon_qcdsf.850.b5p40kp119989kp119812-32x64.00961_0.000_200_-200_smsnk30.lime
/scratch/usr/hhpmbate/chroma_2pt/32x64/b5p40kp119989kp119812/lp0001_g8g2_q000_q200_q222_q420_q440_src2/correlators/baryon_qcdsf.850.b5p40kp119989kp119812-32x64.00961_0.000_222_-2-2-2_ptsink.lime
/scratch/usr/hhpmbate/chroma_2pt/32x64/b5p40kp119989kp119812/lp0001_g8g2_q000_q200_q222_q420_q440_src2/correlators/baryon_qcdsf.850.b5p40kp119989kp119812-32x64.00961_0.000_222_-2-2-2_smsnk30.lime
/scratch/usr/hhpmbate/chroma_2pt/32x64/b5p40kp119989kp119812/lp0001_g8g2_q000_q200_q222_q420_q440_src2/correlators/baryon_qcdsf.850.b5p40kp119989kp119812-32x64.00961_0.000_420_-4-20_ptsink.lime
/scratch/usr/hhpmbate/chroma_2pt/32x64/b5p40kp119989kp119812/lp0001_g8g2_q000_q200_q222_q420_q440_src2/correlators/baryon_qcdsf.850.b5p40kp119989kp119812-32x64.00961_0.000_420_-4-20_smsnk30.lime
/scratch/usr/hhpmbate/chroma_2pt/32x64/b5p40kp119989kp119812/lp0001_g8g2_q000_q200_q222_q420_q440_src2/correlators/baryon_qcdsf.850.b5p40kp119989kp119812-32x64.00961_0.000_440_-4-40_ptsink.lime
/scratch/usr/hhpmbate/chroma_2pt/32x64/b5p40kp119989kp119812/lp0001_g8g2_q000_q200_q222_q420_q440_src2/correlators/baryon_qcdsf.850.b5p40kp119989kp119812-32x64.00961_0.000_440_-4-40_smsnk30.lime
/scratch/usr/hhpmbate/chroma_2pt/32x64/b5p40kp119989kp119812/lp0001_g8g2_q000_q200_q222_q420_q440_src2/correlators/baryon_qcdsf.850.b5p40kp119989kp119812-32x64.00966_0.000_000_ptsink.lime
/scratch/usr/hhpmbate/chroma_2pt/32x64/b5p40kp119989kp119812/lp0001_g8g2_q000_q200_q222_q420_q440_src2/correlators/baryon_qcdsf.850.b5p40kp119989kp119812-32x64.00966_0.000_000_smsnk30.lime
/scratch/usr/hhpmbate/chroma_2pt/32x64/b5p40kp119989kp119812/lp0001_g8g2_q000_q200_q222_q420_q440_src2/correlators/baryon_qcdsf.850.b5p40kp119989kp119812-32x64.00966_0.000_200_-200_ptsink.lime
/scratch/usr/hhpmbate/chroma_2pt/32x64/b5p40kp119989kp119812/lp0001_g8g2_q000_q200_q222_q420_q440_src2/correlators/baryon_qcdsf.850.b5p40kp119989kp119812-32x64.00966_0.000_200_-200_smsnk30.lime
/scratch/usr/hhpmbate/chroma_2pt/32x64/b5p40kp119989kp119812/lp0001_g8g2_q000_q200_q222_q420_q440_src2/correlators/baryon_qcdsf.850.b5p40kp119989kp119812-32x64.00966_0.000_222_-2-2-2_ptsink.lime
/scratch/usr/hhpmbate/chroma_2pt/32x64/b5p40kp119989kp119812/lp0001_g8g2_q000_q200_q222_q420_q440_src2/correlators/baryon_qcdsf.850.b5p40kp119989kp119812-32x64.00966_0.000_222_-2-2-2_smsnk30.lime
/scratch/usr/hhpmbate/chroma_2pt/32x64/b5p40kp119989kp119812/lp0001_g8g2_q000_q200_q222_q420_q440_src2/correlators/baryon_qcdsf.850.b5p40kp119989kp119812-32x64.00966_0.000_420_-4-20_ptsink.lime
/scratch/usr/hhpmbate/chroma_2pt/32x64/b5p40kp119989kp119812/lp0001_g8g2_q000_q200_q222_q420_q440_src2/correlators/baryon_qcdsf.850.b5p40kp119989kp119812-32x64.00966_0.000_420_-4-20_smsnk30.lime
/scratch/usr/hhpmbate/chroma_2pt/32x64/b5p40kp119989kp119812/lp0001_g8g2_q000_q200_q222_q420_q440_src2/correlators/baryon_qcdsf.850.b5p40kp119989kp119812-32x64.00966_0.000_440_-4-40_ptsink.lime
/scratch/usr/hhpmbate/chroma_2pt/32x64/b5p40kp119989kp119812/lp0001_g8g2_q000_q200_q222_q420_q440_src2/correlators/baryon_qcdsf.850.b5p40kp119989kp119812-32x64.00966_0.000_440_-4-40_smsnk30.lime
/scratch/usr/hhpmbate/chroma_2pt/32x64/b5p40kp119989kp119812/lp0001_g8g2_q000_q200_q222_q420_q440_src2/correlators/baryon_qcdsf.850.b5p40kp119989kp119812-32x64.00971_0.000_000_ptsink.lime
/scratch/usr/hhpmbate/chroma_2pt/32x64/b5p40kp119989kp119812/lp0001_g8g2_q000_q200_q222_q420_q440_src2/correlators/baryon_qcdsf.850.b5p40kp119989kp119812-32x64.00971_0.000_000_smsnk30.lime
/scratch/usr/hhpmbate/chroma_2pt/32x64/b5p40kp119989kp119812/lp0001_g8g2_q000_q200_q222_q420_q440_src2/correlators/baryon_qcdsf.850.b5p40kp119989kp119812-32x64.00971_0.000_200_-200_ptsink.lime
/scratch/usr/hhpmbate/chroma_2pt/32x64/b5p40kp119989kp119812/lp0001_g8g2_q000_q200_q222_q420_q440_src2/correlators/baryon_qcdsf.850.b5p40kp119989kp119812-32x64.00971_0.000_200_-200_smsnk30.lime
/scratch/usr/hhpmbate/chroma_2pt/32x64/b5p40kp119989kp119812/lp0001_g8g2_q000_q200_q222_q420_q440_src2/correlators/baryon_qcdsf.850.b5p40kp119989kp119812-32x64.00971_0.000_222_-2-2-2_ptsink.lime
/scratch/usr/hhpmbate/chroma_2pt/32x64/b5p40kp119989kp119812/lp0001_g8g2_q000_q200_q222_q420_q440_src2/correlators/baryon_qcdsf.850.b5p40kp119989kp119812-32x64.00971_0.000_222_-2-2-2_smsnk30.lime
/scratch/usr/hhpmbate/chroma_2pt/32x64/b5p40kp119989kp119812/lp0001_g8g2_q000_q200_q222_q420_q440_src2/correlators/baryon_qcdsf.850.b5p40kp119989kp119812-32x64.00971_0.000_420_-4-20_ptsink.lime
/scratch/usr/hhpmbate/chroma_2pt/32x64/b5p40kp119989kp119812/lp0001_g8g2_q000_q200_q222_q420_q440_src2/correlators/baryon_qcdsf.850.b5p40kp119989kp119812-32x64.00971_0.000_420_-4-20_smsnk30.lime
/scratch/usr/hhpmbate/chroma_2pt/32x64/b5p40kp119989kp119812/lp0001_g8g2_q000_q200_q222_q420_q440_src2/correlators/baryon_qcdsf.850.b5p40kp119989kp119812-32x64.00971_0.000_440_-4-40_ptsink.lime
/scratch/usr/hhpmbate/chroma_2pt/32x64/b5p40kp119989kp119812/lp0001_g8g2_q000_q200_q222_q420_q440_src2/correlators/baryon_qcdsf.850.b5p40kp119989kp119812-32x64.00971_0.000_440_-4-40_smsnk30.lime
/scratch/usr/hhpmbate/chroma_2pt/32x64/b5p40kp119989kp119812/lp0001_g8g2_q000_q200_q222_q420_q440_src2/correlators/baryon_qcdsf.850.b5p40kp119989kp119812-32x64.00976_0.000_000_ptsink.lime
/scratch/usr/hhpmbate/chroma_2pt/32x64/b5p40kp119989kp119812/lp0001_g8g2_q000_q200_q222_q420_q440_src2/correlators/baryon_qcdsf.850.b5p40kp119989kp119812-32x64.00976_0.000_000_smsnk30.lime
/scratch/usr/hhpmbate/chroma_2pt/32x64/b5p40kp119989kp119812/lp0001_g8g2_q000_q200_q222_q420_q440_src2/correlators/baryon_qcdsf.850.b5p40kp119989kp119812-32x64.00976_0.000_200_-200_ptsink.lime
/scratch/usr/hhpmbate/chroma_2pt/32x64/b5p40kp119989kp119812/lp0001_g8g2_q000_q200_q222_q420_q440_src2/correlators/baryon_qcdsf.850.b5p40kp119989kp119812-32x64.00976_0.000_200_-200_smsnk30.lime
/scratch/usr/hhpmbate/chroma_2pt/32x64/b5p40kp119989kp119812/lp0001_g8g2_q000_q200_q222_q420_q440_src2/correlators/baryon_qcdsf.850.b5p40kp119989kp119812-32x64.00976_0.000_222_-2-2-2_ptsink.lime
/scratch/usr/hhpmbate/chroma_2pt/32x64/b5p40kp119989kp119812/lp0001_g8g2_q000_q200_q222_q420_q440_src2/correlators/baryon_qcdsf.850.b5p40kp119989kp119812-32x64.00976_0.000_222_-2-2-2_smsnk30.lime
/scratch/usr/hhpmbate/chroma_2pt/32x64/b5p40kp119989kp119812/lp0001_g8g2_q000_q200_q222_q420_q440_src2/correlators/baryon_qcdsf.850.b5p40kp119989kp119812-32x64.00976_0.000_420_-4-20_ptsink.lime
/scratch/usr/hhpmbate/chroma_2pt/32x64/b5p40kp119989kp119812/lp0001_g8g2_q000_q200_q222_q420_q440_src2/correlators/baryon_qcdsf.850.b5p40kp119989kp119812-32x64.00976_0.000_420_-4-20_smsnk30.lime
/scratch/usr/hhpmbate/chroma_2pt/32x64/b5p40kp119989kp119812/lp0001_g8g2_q000_q200_q222_q420_q440_src2/correlators/baryon_qcdsf.850.b5p40kp119989kp119812-32x64.00976_0.000_440_-4-40_ptsink.lime
/scratch/usr/hhpmbate/chroma_2pt/32x64/b5p40kp119989kp119812/lp0001_g8g2_q000_q200_q222_q420_q440_src2/correlators/baryon_qcdsf.850.b5p40kp119989kp119812-32x64.00976_0.000_440_-4-40_smsnk30.lime
/scratch/usr/hhpmbate/chroma_2pt/32x64/b5p40kp119989kp119812/lp0001_g8g2_q000_q200_q222_q420_q440_src2/correlators/baryon_qcdsf.850.b5p40kp119989kp119812-32x64.00981_0.000_000_ptsink.lime
/scratch/usr/hhpmbate/chroma_2pt/32x64/b5p40kp119989kp119812/lp0001_g8g2_q000_q200_q222_q420_q440_src2/correlators/baryon_qcdsf.850.b5p40kp119989kp119812-32x64.00981_0.000_000_smsnk30.lime
/scratch/usr/hhpmbate/chroma_2pt/32x64/b5p40kp119989kp119812/lp0001_g8g2_q000_q200_q222_q420_q440_src2/correlators/baryon_qcdsf.850.b5p40kp119989kp119812-32x64.00981_0.000_200_-200_ptsink.lime
/scratch/usr/hhpmbate/chroma_2pt/32x64/b5p40kp119989kp119812/lp0001_g8g2_q000_q200_q222_q420_q440_src2/correlators/baryon_qcdsf.850.b5p40kp119989kp119812-32x64.00981_0.000_200_-200_smsnk30.lime
/scratch/usr/hhpmbate/chroma_2pt/32x64/b5p40kp119989kp119812/lp0001_g8g2_q000_q200_q222_q420_q440_src2/correlators/baryon_qcdsf.850.b5p40kp119989kp119812-32x64.00981_0.000_222_-2-2-2_ptsink.lime
/scratch/usr/hhpmbate/chroma_2pt/32x64/b5p40kp119989kp119812/lp0001_g8g2_q000_q200_q222_q420_q440_src2/correlators/baryon_qcdsf.850.b5p40kp119989kp119812-32x64.00981_0.000_222_-2-2-2_smsnk30.lime
/scratch/usr/hhpmbate/chroma_2pt/32x64/b5p40kp119989kp119812/lp0001_g8g2_q000_q200_q222_q420_q440_src2/correlators/baryon_qcdsf.850.b5p40kp119989kp119812-32x64.00981_0.000_420_-4-20_ptsink.lime
/scratch/usr/hhpmbate/chroma_2pt/32x64/b5p40kp119989kp119812/lp0001_g8g2_q000_q200_q222_q420_q440_src2/correlators/baryon_qcdsf.850.b5p40kp119989kp119812-32x64.00981_0.000_420_-4-20_smsnk30.lime
/scratch/usr/hhpmbate/chroma_2pt/32x64/b5p40kp119989kp119812/lp0001_g8g2_q000_q200_q222_q420_q440_src2/correlators/baryon_qcdsf.850.b5p40kp119989kp119812-32x64.00981_0.000_440_-4-40_ptsink.lime
/scratch/usr/hhpmbate/chroma_2pt/32x64/b5p40kp119989kp119812/lp0001_g8g2_q000_q200_q222_q420_q440_src2/correlators/baryon_qcdsf.850.b5p40kp119989kp119812-32x64.00981_0.000_440_-4-40_smsnk30.lime
/scratch/usr/hhpmbate/chroma_2pt/32x64/b5p40kp119989kp119812/lp0001_g8g2_q000_q200_q222_q420_q440_src2/correlators/baryon_qcdsf.850.b5p40kp119989kp119812-32x64.00984_0.000_000_ptsink.lime
/scratch/usr/hhpmbate/chroma_2pt/32x64/b5p40kp119989kp119812/lp0001_g8g2_q000_q200_q222_q420_q440_src2/correlators/baryon_qcdsf.850.b5p40kp119989kp119812-32x64.00984_0.000_000_smsnk30.lime
/scratch/usr/hhpmbate/chroma_2pt/32x64/b5p40kp119989kp119812/lp0001_g8g2_q000_q200_q222_q420_q440_src2/correlators/baryon_qcdsf.850.b5p40kp119989kp119812-32x64.00984_0.000_200_-200_ptsink.lime
/scratch/usr/hhpmbate/chroma_2pt/32x64/b5p40kp119989kp119812/lp0001_g8g2_q000_q200_q222_q420_q440_src2/correlators/baryon_qcdsf.850.b5p40kp119989kp119812-32x64.00984_0.000_200_-200_smsnk30.lime
/scratch/usr/hhpmbate/chroma_2pt/32x64/b5p40kp119989kp119812/lp0001_g8g2_q000_q200_q222_q420_q440_src2/correlators/baryon_qcdsf.850.b5p40kp119989kp119812-32x64.00984_0.000_222_-2-2-2_ptsink.lime
/scratch/usr/hhpmbate/chroma_2pt/32x64/b5p40kp119989kp119812/lp0001_g8g2_q000_q200_q222_q420_q440_src2/correlators/baryon_qcdsf.850.b5p40kp119989kp119812-32x64.00984_0.000_222_-2-2-2_smsnk30.lime
/scratch/usr/hhpmbate/chroma_2pt/32x64/b5p40kp119989kp119812/lp0001_g8g2_q000_q200_q222_q420_q440_src2/correlators/baryon_qcdsf.850.b5p40kp119989kp119812-32x64.00984_0.000_420_-4-20_ptsink.lime
/scratch/usr/hhpmbate/chroma_2pt/32x64/b5p40kp119989kp119812/lp0001_g8g2_q000_q200_q222_q420_q440_src2/correlators/baryon_qcdsf.850.b5p40kp119989kp119812-32x64.00984_0.000_420_-4-20_smsnk30.lime
/scratch/usr/hhpmbate/chroma_2pt/32x64/b5p40kp119989kp119812/lp0001_g8g2_q000_q200_q222_q420_q440_src2/correlators/baryon_qcdsf.850.b5p40kp119989kp119812-32x64.00984_0.000_440_-4-40_ptsink.lime
/scratch/usr/hhpmbate/chroma_2pt/32x64/b5p40kp119989kp119812/lp0001_g8g2_q000_q200_q222_q420_q440_src2/correlators/baryon_qcdsf.850.b5p40kp119989kp119812-32x64.00984_0.000_440_-4-40_smsnk30.lime
/scratch/usr/hhpmbate/chroma_2pt/32x64/b5p40kp119989kp119812/lp0001_g8g2_q000_q200_q222_q420_q440_src2/correlators/baryon_qcdsf.850.b5p40kp119989kp119812-32x64.00986_0.000_000_ptsink.lime
/scratch/usr/hhpmbate/chroma_2pt/32x64/b5p40kp119989kp119812/lp0001_g8g2_q000_q200_q222_q420_q440_src2/correlators/baryon_qcdsf.850.b5p40kp119989kp119812-32x64.00986_0.000_000_smsnk30.lime
/scratch/usr/hhpmbate/chroma_2pt/32x64/b5p40kp119989kp119812/lp0001_g8g2_q000_q200_q222_q420_q440_src2/correlators/baryon_qcdsf.850.b5p40kp119989kp119812-32x64.00986_0.000_200_-200_ptsink.lime
/scratch/usr/hhpmbate/chroma_2pt/32x64/b5p40kp119989kp119812/lp0001_g8g2_q000_q200_q222_q420_q440_src2/correlators/baryon_qcdsf.850.b5p40kp119989kp119812-32x64.00986_0.000_200_-200_smsnk30.lime
/scratch/usr/hhpmbate/chroma_2pt/32x64/b5p40kp119989kp119812/lp0001_g8g2_q000_q200_q222_q420_q440_src2/correlators/baryon_qcdsf.850.b5p40kp119989kp119812-32x64.00986_0.000_222_-2-2-2_ptsink.lime
/scratch/usr/hhpmbate/chroma_2pt/32x64/b5p40kp119989kp119812/lp0001_g8g2_q000_q200_q222_q420_q440_src2/correlators/baryon_qcdsf.850.b5p40kp119989kp119812-32x64.00986_0.000_222_-2-2-2_smsnk30.lime
/scratch/usr/hhpmbate/chroma_2pt/32x64/b5p40kp119989kp119812/lp0001_g8g2_q000_q200_q222_q420_q440_src2/correlators/baryon_qcdsf.850.b5p40kp119989kp119812-32x64.00986_0.000_420_-4-20_ptsink.lime
/scratch/usr/hhpmbate/chroma_2pt/32x64/b5p40kp119989kp119812/lp0001_g8g2_q000_q200_q222_q420_q440_src2/correlators/baryon_qcdsf.850.b5p40kp119989kp119812-32x64.00986_0.000_420_-4-20_smsnk30.lime
/scratch/usr/hhpmbate/chroma_2pt/32x64/b5p40kp119989kp119812/lp0001_g8g2_q000_q200_q222_q420_q440_src2/correlators/baryon_qcdsf.850.b5p40kp119989kp119812-32x64.00986_0.000_440_-4-40_ptsink.lime
/scratch/usr/hhpmbate/chroma_2pt/32x64/b5p40kp119989kp119812/lp0001_g8g2_q000_q200_q222_q420_q440_src2/correlators/baryon_qcdsf.850.b5p40kp119989kp119812-32x64.00986_0.000_440_-4-40_smsnk30.lime
/scratch/usr/hhpmbate/chroma_2pt/32x64/b5p40kp119989kp119812/lp0001_g8g2_q000_q200_q222_q420_q440_src2/correlators/baryon_qcdsf.850.b5p40kp119989kp119812-32x64.00990_0.000_000_ptsink.lime
/scratch/usr/hhpmbate/chroma_2pt/32x64/b5p40kp119989kp119812/lp0001_g8g2_q000_q200_q222_q420_q440_src2/correlators/baryon_qcdsf.850.b5p40kp119989kp119812-32x64.00990_0.000_000_smsnk30.lime
/scratch/usr/hhpmbate/chroma_2pt/32x64/b5p40kp119989kp119812/lp0001_g8g2_q000_q200_q222_q420_q440_src2/correlators/baryon_qcdsf.850.b5p40kp119989kp119812-32x64.00990_0.000_200_-200_ptsink.lime
/scratch/usr/hhpmbate/chroma_2pt/32x64/b5p40kp119989kp119812/lp0001_g8g2_q000_q200_q222_q420_q440_src2/correlators/baryon_qcdsf.850.b5p40kp119989kp119812-32x64.00990_0.000_200_-200_smsnk30.lime
/scratch/usr/hhpmbate/chroma_2pt/32x64/b5p40kp119989kp119812/lp0001_g8g2_q000_q200_q222_q420_q440_src2/correlators/baryon_qcdsf.850.b5p40kp119989kp119812-32x64.00990_0.000_222_-2-2-2_ptsink.lime
/scratch/usr/hhpmbate/chroma_2pt/32x64/b5p40kp119989kp119812/lp0001_g8g2_q000_q200_q222_q420_q440_src2/correlators/baryon_qcdsf.850.b5p40kp119989kp119812-32x64.00990_0.000_222_-2-2-2_smsnk30.lime
/scratch/usr/hhpmbate/chroma_2pt/32x64/b5p40kp119989kp119812/lp0001_g8g2_q000_q200_q222_q420_q440_src2/correlators/baryon_qcdsf.850.b5p40kp119989kp119812-32x64.00990_0.000_420_-4-20_ptsink.lime
/scratch/usr/hhpmbate/chroma_2pt/32x64/b5p40kp119989kp119812/lp0001_g8g2_q000_q200_q222_q420_q440_src2/correlators/baryon_qcdsf.850.b5p40kp119989kp119812-32x64.00990_0.000_420_-4-20_smsnk30.lime
/scratch/usr/hhpmbate/chroma_2pt/32x64/b5p40kp119989kp119812/lp0001_g8g2_q000_q200_q222_q420_q440_src2/correlators/baryon_qcdsf.850.b5p40kp119989kp119812-32x64.00990_0.000_440_-4-40_ptsink.lime
/scratch/usr/hhpmbate/chroma_2pt/32x64/b5p40kp119989kp119812/lp0001_g8g2_q000_q200_q222_q420_q440_src2/correlators/baryon_qcdsf.850.b5p40kp119989kp119812-32x64.00990_0.000_440_-4-40_smsnk30.lime
/scratch/usr/hhpmbate/chroma_2pt/32x64/b5p40kp119989kp119812/lp0001_g8g2_q000_q200_q222_q420_q440_src2/correlators/baryon_qcdsf.850.b5p40kp119989kp119812-32x64.00997_0.000_000_ptsink.lime
/scratch/usr/hhpmbate/chroma_2pt/32x64/b5p40kp119989kp119812/lp0001_g8g2_q000_q200_q222_q420_q440_src2/correlators/baryon_qcdsf.850.b5p40kp119989kp119812-32x64.00997_0.000_000_smsnk30.lime
/scratch/usr/hhpmbate/chroma_2pt/32x64/b5p40kp119989kp119812/lp0001_g8g2_q000_q200_q222_q420_q440_src2/correlators/baryon_qcdsf.850.b5p40kp119989kp119812-32x64.00997_0.000_200_-200_ptsink.lime
/scratch/usr/hhpmbate/chroma_2pt/32x64/b5p40kp119989kp119812/lp0001_g8g2_q000_q200_q222_q420_q440_src2/correlators/baryon_qcdsf.850.b5p40kp119989kp119812-32x64.00997_0.000_200_-200_smsnk30.lime
/scratch/usr/hhpmbate/chroma_2pt/32x64/b5p40kp119989kp119812/lp0001_g8g2_q000_q200_q222_q420_q440_src2/correlators/baryon_qcdsf.850.b5p40kp119989kp119812-32x64.00997_0.000_222_-2-2-2_ptsink.lime
/scratch/usr/hhpmbate/chroma_2pt/32x64/b5p40kp119989kp119812/lp0001_g8g2_q000_q200_q222_q420_q440_src2/correlators/baryon_qcdsf.850.b5p40kp119989kp119812-32x64.00997_0.000_222_-2-2-2_smsnk30.lime
/scratch/usr/hhpmbate/chroma_2pt/32x64/b5p40kp119989kp119812/lp0001_g8g2_q000_q200_q222_q420_q440_src2/correlators/baryon_qcdsf.850.b5p40kp119989kp119812-32x64.00997_0.000_420_-4-20_ptsink.lime
/scratch/usr/hhpmbate/chroma_2pt/32x64/b5p40kp119989kp119812/lp0001_g8g2_q000_q200_q222_q420_q440_src2/correlators/baryon_qcdsf.850.b5p40kp119989kp119812-32x64.00997_0.000_420_-4-20_smsnk30.lime
/scratch/usr/hhpmbate/chroma_2pt/32x64/b5p40kp119989kp119812/lp0001_g8g2_q000_q200_q222_q420_q440_src2/correlators/baryon_qcdsf.850.b5p40kp119989kp119812-32x64.00997_0.000_440_-4-40_ptsink.lime
/scratch/usr/hhpmbate/chroma_2pt/32x64/b5p40kp119989kp119812/lp0001_g8g2_q000_q200_q222_q420_q440_src2/correlators/baryon_qcdsf.850.b5p40kp119989kp119812-32x64.00997_0.000_440_-4-40_smsnk30.lime
/scratch/usr/hhpmbate/chroma_2pt/32x64/b5p40kp119989kp119812/lp0001_g8g2_q000_q200_q222_q420_q440_src2/correlators/baryon_qcdsf.850.b5p40kp119989kp119812-32x64.00998_0.000_000_ptsink.lime
/scratch/usr/hhpmbate/chroma_2pt/32x64/b5p40kp119989kp119812/lp0001_g8g2_q000_q200_q222_q420_q440_src2/correlators/baryon_qcdsf.850.b5p40kp119989kp119812-32x64.00998_0.000_000_smsnk30.lime
/scratch/usr/hhpmbate/chroma_2pt/32x64/b5p40kp119989kp119812/lp0001_g8g2_q000_q200_q222_q420_q440_src2/correlators/baryon_qcdsf.850.b5p40kp119989kp119812-32x64.00998_0.000_200_-200_ptsink.lime
/scratch/usr/hhpmbate/chroma_2pt/32x64/b5p40kp119989kp119812/lp0001_g8g2_q000_q200_q222_q420_q440_src2/correlators/baryon_qcdsf.850.b5p40kp119989kp119812-32x64.00998_0.000_200_-200_smsnk30.lime
/scratch/usr/hhpmbate/chroma_2pt/32x64/b5p40kp119989kp119812/lp0001_g8g2_q000_q200_q222_q420_q440_src2/correlators/baryon_qcdsf.850.b5p40kp119989kp119812-32x64.00998_0.000_222_-2-2-2_ptsink.lime
/scratch/usr/hhpmbate/chroma_2pt/32x64/b5p40kp119989kp119812/lp0001_g8g2_q000_q200_q222_q420_q440_src2/correlators/baryon_qcdsf.850.b5p40kp119989kp119812-32x64.00998_0.000_222_-2-2-2_smsnk30.lime
/scratch/usr/hhpmbate/chroma_2pt/32x64/b5p40kp119989kp119812/lp0001_g8g2_q000_q200_q222_q420_q440_src2/correlators/baryon_qcdsf.850.b5p40kp119989kp119812-32x64.00998_0.000_420_-4-20_ptsink.lime
/scratch/usr/hhpmbate/chroma_2pt/32x64/b5p40kp119989kp119812/lp0001_g8g2_q000_q200_q222_q420_q440_src2/correlators/baryon_qcdsf.850.b5p40kp119989kp119812-32x64.00998_0.000_420_-4-20_smsnk30.lime
/scratch/usr/hhpmbate/chroma_2pt/32x64/b5p40kp119989kp119812/lp0001_g8g2_q000_q200_q222_q420_q440_src2/correlators/baryon_qcdsf.850.b5p40kp119989kp119812-32x64.00998_0.000_440_-4-40_ptsink.lime
/scratch/usr/hhpmbate/chroma_2pt/32x64/b5p40kp119989kp119812/lp0001_g8g2_q000_q200_q222_q420_q440_src2/correlators/baryon_qcdsf.850.b5p40kp119989kp119812-32x64.00998_0.000_440_-4-40_smsnk30.lime
/scratch/usr/hhpmbate/chroma_2pt/32x64/b5p40kp119989kp119812/lp0001_g8g2_q000_q200_q222_q420_q440_src2/correlators/baryon_qcdsf.850.b5p40kp119989kp119812-32x64.00999_0.000_000_ptsink.lime
/scratch/usr/hhpmbate/chroma_2pt/32x64/b5p40kp119989kp119812/lp0001_g8g2_q000_q200_q222_q420_q440_src2/correlators/baryon_qcdsf.850.b5p40kp119989kp119812-32x64.00999_0.000_000_smsnk30.lime
/scratch/usr/hhpmbate/chroma_2pt/32x64/b5p40kp119989kp119812/lp0001_g8g2_q000_q200_q222_q420_q440_src2/correlators/baryon_qcdsf.850.b5p40kp119989kp119812-32x64.00999_0.000_200_-200_ptsink.lime
/scratch/usr/hhpmbate/chroma_2pt/32x64/b5p40kp119989kp119812/lp0001_g8g2_q000_q200_q222_q420_q440_src2/correlators/baryon_qcdsf.850.b5p40kp119989kp119812-32x64.00999_0.000_200_-200_smsnk30.lime
/scratch/usr/hhpmbate/chroma_2pt/32x64/b5p40kp119989kp119812/lp0001_g8g2_q000_q200_q222_q420_q440_src2/correlators/baryon_qcdsf.850.b5p40kp119989kp119812-32x64.00999_0.000_222_-2-2-2_ptsink.lime
/scratch/usr/hhpmbate/chroma_2pt/32x64/b5p40kp119989kp119812/lp0001_g8g2_q000_q200_q222_q420_q440_src2/correlators/baryon_qcdsf.850.b5p40kp119989kp119812-32x64.00999_0.000_222_-2-2-2_smsnk30.lime
/scratch/usr/hhpmbate/chroma_2pt/32x64/b5p40kp119989kp119812/lp0001_g8g2_q000_q200_q222_q420_q440_src2/correlators/baryon_qcdsf.850.b5p40kp119989kp119812-32x64.00999_0.000_420_-4-20_ptsink.lime
/scratch/usr/hhpmbate/chroma_2pt/32x64/b5p40kp119989kp119812/lp0001_g8g2_q000_q200_q222_q420_q440_src2/correlators/baryon_qcdsf.850.b5p40kp119989kp119812-32x64.00999_0.000_420_-4-20_smsnk30.lime
/scratch/usr/hhpmbate/chroma_2pt/32x64/b5p40kp119989kp119812/lp0001_g8g2_q000_q200_q222_q420_q440_src2/correlators/baryon_qcdsf.850.b5p40kp119989kp119812-32x64.00999_0.000_440_-4-40_ptsink.lime
/scratch/usr/hhpmbate/chroma_2pt/32x64/b5p40kp119989kp119812/lp0001_g8g2_q000_q200_q222_q420_q440_src2/correlators/baryon_qcdsf.850.b5p40kp119989kp119812-32x64.00999_0.000_440_-4-40_smsnk30.lime
/scratch/usr/hhpmbate/chroma_2pt/32x64/b5p40kp119989kp119812/lp0001_g8g2_q000_q200_q222_q420_q440_src2/correlators/baryon_qcdsf.850.b5p40kp119989kp119812-32x64.01001_0.000_000_ptsink.lime
/scratch/usr/hhpmbate/chroma_2pt/32x64/b5p40kp119989kp119812/lp0001_g8g2_q000_q200_q222_q420_q440_src2/correlators/baryon_qcdsf.850.b5p40kp119989kp119812-32x64.01001_0.000_000_smsnk30.lime
/scratch/usr/hhpmbate/chroma_2pt/32x64/b5p40kp119989kp119812/lp0001_g8g2_q000_q200_q222_q420_q440_src2/correlators/baryon_qcdsf.850.b5p40kp119989kp119812-32x64.01001_0.000_200_-200_ptsink.lime
/scratch/usr/hhpmbate/chroma_2pt/32x64/b5p40kp119989kp119812/lp0001_g8g2_q000_q200_q222_q420_q440_src2/correlators/baryon_qcdsf.850.b5p40kp119989kp119812-32x64.01001_0.000_200_-200_smsnk30.lime
/scratch/usr/hhpmbate/chroma_2pt/32x64/b5p40kp119989kp119812/lp0001_g8g2_q000_q200_q222_q420_q440_src2/correlators/baryon_qcdsf.850.b5p40kp119989kp119812-32x64.01001_0.000_222_-2-2-2_ptsink.lime
/scratch/usr/hhpmbate/chroma_2pt/32x64/b5p40kp119989kp119812/lp0001_g8g2_q000_q200_q222_q420_q440_src2/correlators/baryon_qcdsf.850.b5p40kp119989kp119812-32x64.01001_0.000_222_-2-2-2_smsnk30.lime
/scratch/usr/hhpmbate/chroma_2pt/32x64/b5p40kp119989kp119812/lp0001_g8g2_q000_q200_q222_q420_q440_src2/correlators/baryon_qcdsf.850.b5p40kp119989kp119812-32x64.01001_0.000_420_-4-20_ptsink.lime
/scratch/usr/hhpmbate/chroma_2pt/32x64/b5p40kp119989kp119812/lp0001_g8g2_q000_q200_q222_q420_q440_src2/correlators/baryon_qcdsf.850.b5p40kp119989kp119812-32x64.01001_0.000_420_-4-20_smsnk30.lime
/scratch/usr/hhpmbate/chroma_2pt/32x64/b5p40kp119989kp119812/lp0001_g8g2_q000_q200_q222_q420_q440_src2/correlators/baryon_qcdsf.850.b5p40kp119989kp119812-32x64.01001_0.000_440_-4-40_ptsink.lime
/scratch/usr/hhpmbate/chroma_2pt/32x64/b5p40kp119989kp119812/lp0001_g8g2_q000_q200_q222_q420_q440_src2/correlators/baryon_qcdsf.850.b5p40kp119989kp119812-32x64.01001_0.000_440_-4-40_smsnk30.lime
/scratch/usr/hhpmbate/chroma_2pt/32x64/b5p40kp119989kp119812/lp0001_g8g2_q000_q200_q222_q420_q440_src2/correlators/baryon_qcdsf.850.b5p40kp119989kp119812-32x64.01005_0.000_000_ptsink.lime
/scratch/usr/hhpmbate/chroma_2pt/32x64/b5p40kp119989kp119812/lp0001_g8g2_q000_q200_q222_q420_q440_src2/correlators/baryon_qcdsf.850.b5p40kp119989kp119812-32x64.01005_0.000_000_smsnk30.lime
/scratch/usr/hhpmbate/chroma_2pt/32x64/b5p40kp119989kp119812/lp0001_g8g2_q000_q200_q222_q420_q440_src2/correlators/baryon_qcdsf.850.b5p40kp119989kp119812-32x64.01005_0.000_200_-200_ptsink.lime
/scratch/usr/hhpmbate/chroma_2pt/32x64/b5p40kp119989kp119812/lp0001_g8g2_q000_q200_q222_q420_q440_src2/correlators/baryon_qcdsf.850.b5p40kp119989kp119812-32x64.01005_0.000_200_-200_smsnk30.lime
/scratch/usr/hhpmbate/chroma_2pt/32x64/b5p40kp119989kp119812/lp0001_g8g2_q000_q200_q222_q420_q440_src2/correlators/baryon_qcdsf.850.b5p40kp119989kp119812-32x64.01005_0.000_222_-2-2-2_ptsink.lime
/scratch/usr/hhpmbate/chroma_2pt/32x64/b5p40kp119989kp119812/lp0001_g8g2_q000_q200_q222_q420_q440_src2/correlators/baryon_qcdsf.850.b5p40kp119989kp119812-32x64.01005_0.000_222_-2-2-2_smsnk30.lime
/scratch/usr/hhpmbate/chroma_2pt/32x64/b5p40kp119989kp119812/lp0001_g8g2_q000_q200_q222_q420_q440_src2/correlators/baryon_qcdsf.850.b5p40kp119989kp119812-32x64.01005_0.000_420_-4-20_ptsink.lime
/scratch/usr/hhpmbate/chroma_2pt/32x64/b5p40kp119989kp119812/lp0001_g8g2_q000_q200_q222_q420_q440_src2/correlators/baryon_qcdsf.850.b5p40kp119989kp119812-32x64.01005_0.000_420_-4-20_smsnk30.lime
/scratch/usr/hhpmbate/chroma_2pt/32x64/b5p40kp119989kp119812/lp0001_g8g2_q000_q200_q222_q420_q440_src2/correlators/baryon_qcdsf.850.b5p40kp119989kp119812-32x64.01005_0.000_440_-4-40_ptsink.lime
/scratch/usr/hhpmbate/chroma_2pt/32x64/b5p40kp119989kp119812/lp0001_g8g2_q000_q200_q222_q420_q440_src2/correlators/baryon_qcdsf.850.b5p40kp119989kp119812-32x64.01005_0.000_440_-4-40_smsnk30.lime
/scratch/usr/hhpmbate/chroma_2pt/32x64/b5p40kp119989kp119812/lp0001_g8g2_q000_q200_q222_q420_q440_src2/correlators/baryon_qcdsf.850.b5p40kp119989kp119812-32x64.01007_0.000_000_ptsink.lime
/scratch/usr/hhpmbate/chroma_2pt/32x64/b5p40kp119989kp119812/lp0001_g8g2_q000_q200_q222_q420_q440_src2/correlators/baryon_qcdsf.850.b5p40kp119989kp119812-32x64.01007_0.000_000_smsnk30.lime
/scratch/usr/hhpmbate/chroma_2pt/32x64/b5p40kp119989kp119812/lp0001_g8g2_q000_q200_q222_q420_q440_src2/correlators/baryon_qcdsf.850.b5p40kp119989kp119812-32x64.01007_0.000_200_-200_ptsink.lime
/scratch/usr/hhpmbate/chroma_2pt/32x64/b5p40kp119989kp119812/lp0001_g8g2_q000_q200_q222_q420_q440_src2/correlators/baryon_qcdsf.850.b5p40kp119989kp119812-32x64.01007_0.000_200_-200_smsnk30.lime
/scratch/usr/hhpmbate/chroma_2pt/32x64/b5p40kp119989kp119812/lp0001_g8g2_q000_q200_q222_q420_q440_src2/correlators/baryon_qcdsf.850.b5p40kp119989kp119812-32x64.01007_0.000_222_-2-2-2_ptsink.lime
/scratch/usr/hhpmbate/chroma_2pt/32x64/b5p40kp119989kp119812/lp0001_g8g2_q000_q200_q222_q420_q440_src2/correlators/baryon_qcdsf.850.b5p40kp119989kp119812-32x64.01007_0.000_222_-2-2-2_smsnk30.lime
/scratch/usr/hhpmbate/chroma_2pt/32x64/b5p40kp119989kp119812/lp0001_g8g2_q000_q200_q222_q420_q440_src2/correlators/baryon_qcdsf.850.b5p40kp119989kp119812-32x64.01007_0.000_420_-4-20_ptsink.lime
/scratch/usr/hhpmbate/chroma_2pt/32x64/b5p40kp119989kp119812/lp0001_g8g2_q000_q200_q222_q420_q440_src2/correlators/baryon_qcdsf.850.b5p40kp119989kp119812-32x64.01007_0.000_420_-4-20_smsnk30.lime
/scratch/usr/hhpmbate/chroma_2pt/32x64/b5p40kp119989kp119812/lp0001_g8g2_q000_q200_q222_q420_q440_src2/correlators/baryon_qcdsf.850.b5p40kp119989kp119812-32x64.01007_0.000_440_-4-40_ptsink.lime
/scratch/usr/hhpmbate/chroma_2pt/32x64/b5p40kp119989kp119812/lp0001_g8g2_q000_q200_q222_q420_q440_src2/correlators/baryon_qcdsf.850.b5p40kp119989kp119812-32x64.01007_0.000_440_-4-40_smsnk30.lime
/scratch/usr/hhpmbate/chroma_2pt/32x64/b5p40kp119989kp119812/lp0001_g8g2_q000_q200_q222_q420_q440_src2/correlators/baryon_qcdsf.850.b5p40kp119989kp119812-32x64.01009_0.000_000_ptsink.lime
/scratch/usr/hhpmbate/chroma_2pt/32x64/b5p40kp119989kp119812/lp0001_g8g2_q000_q200_q222_q420_q440_src2/correlators/baryon_qcdsf.850.b5p40kp119989kp119812-32x64.01009_0.000_000_smsnk30.lime
/scratch/usr/hhpmbate/chroma_2pt/32x64/b5p40kp119989kp119812/lp0001_g8g2_q000_q200_q222_q420_q440_src2/correlators/baryon_qcdsf.850.b5p40kp119989kp119812-32x64.01009_0.000_200_-200_ptsink.lime
/scratch/usr/hhpmbate/chroma_2pt/32x64/b5p40kp119989kp119812/lp0001_g8g2_q000_q200_q222_q420_q440_src2/correlators/baryon_qcdsf.850.b5p40kp119989kp119812-32x64.01009_0.000_200_-200_smsnk30.lime
/scratch/usr/hhpmbate/chroma_2pt/32x64/b5p40kp119989kp119812/lp0001_g8g2_q000_q200_q222_q420_q440_src2/correlators/baryon_qcdsf.850.b5p40kp119989kp119812-32x64.01009_0.000_222_-2-2-2_ptsink.lime
/scratch/usr/hhpmbate/chroma_2pt/32x64/b5p40kp119989kp119812/lp0001_g8g2_q000_q200_q222_q420_q440_src2/correlators/baryon_qcdsf.850.b5p40kp119989kp119812-32x64.01009_0.000_222_-2-2-2_smsnk30.lime
/scratch/usr/hhpmbate/chroma_2pt/32x64/b5p40kp119989kp119812/lp0001_g8g2_q000_q200_q222_q420_q440_src2/correlators/baryon_qcdsf.850.b5p40kp119989kp119812-32x64.01009_0.000_420_-4-20_ptsink.lime
/scratch/usr/hhpmbate/chroma_2pt/32x64/b5p40kp119989kp119812/lp0001_g8g2_q000_q200_q222_q420_q440_src2/correlators/baryon_qcdsf.850.b5p40kp119989kp119812-32x64.01009_0.000_420_-4-20_smsnk30.lime
/scratch/usr/hhpmbate/chroma_2pt/32x64/b5p40kp119989kp119812/lp0001_g8g2_q000_q200_q222_q420_q440_src2/correlators/baryon_qcdsf.850.b5p40kp119989kp119812-32x64.01009_0.000_440_-4-40_ptsink.lime
/scratch/usr/hhpmbate/chroma_2pt/32x64/b5p40kp119989kp119812/lp0001_g8g2_q000_q200_q222_q420_q440_src2/correlators/baryon_qcdsf.850.b5p40kp119989kp119812-32x64.01009_0.000_440_-4-40_smsnk30.lime
/scratch/usr/hhpmbate/chroma_2pt/32x64/b5p40kp119989kp119812/lp0001_g8g2_q000_q200_q222_q420_q440_src2/correlators/baryon_qcdsf.850.b5p40kp119989kp119812-32x64.01022_0.000_000_ptsink.lime
/scratch/usr/hhpmbate/chroma_2pt/32x64/b5p40kp119989kp119812/lp0001_g8g2_q000_q200_q222_q420_q440_src2/correlators/baryon_qcdsf.850.b5p40kp119989kp119812-32x64.01022_0.000_000_smsnk30.lime
/scratch/usr/hhpmbate/chroma_2pt/32x64/b5p40kp119989kp119812/lp0001_g8g2_q000_q200_q222_q420_q440_src2/correlators/baryon_qcdsf.850.b5p40kp119989kp119812-32x64.01022_0.000_200_-200_ptsink.lime
/scratch/usr/hhpmbate/chroma_2pt/32x64/b5p40kp119989kp119812/lp0001_g8g2_q000_q200_q222_q420_q440_src2/correlators/baryon_qcdsf.850.b5p40kp119989kp119812-32x64.01022_0.000_200_-200_smsnk30.lime
/scratch/usr/hhpmbate/chroma_2pt/32x64/b5p40kp119989kp119812/lp0001_g8g2_q000_q200_q222_q420_q440_src2/correlators/baryon_qcdsf.850.b5p40kp119989kp119812-32x64.01022_0.000_222_-2-2-2_ptsink.lime
/scratch/usr/hhpmbate/chroma_2pt/32x64/b5p40kp119989kp119812/lp0001_g8g2_q000_q200_q222_q420_q440_src2/correlators/baryon_qcdsf.850.b5p40kp119989kp119812-32x64.01022_0.000_222_-2-2-2_smsnk30.lime
/scratch/usr/hhpmbate/chroma_2pt/32x64/b5p40kp119989kp119812/lp0001_g8g2_q000_q200_q222_q420_q440_src2/correlators/baryon_qcdsf.850.b5p40kp119989kp119812-32x64.01022_0.000_420_-4-20_ptsink.lime
/scratch/usr/hhpmbate/chroma_2pt/32x64/b5p40kp119989kp119812/lp0001_g8g2_q000_q200_q222_q420_q440_src2/correlators/baryon_qcdsf.850.b5p40kp119989kp119812-32x64.01022_0.000_420_-4-20_smsnk30.lime
/scratch/usr/hhpmbate/chroma_2pt/32x64/b5p40kp119989kp119812/lp0001_g8g2_q000_q200_q222_q420_q440_src2/correlators/baryon_qcdsf.850.b5p40kp119989kp119812-32x64.01022_0.000_440_-4-40_ptsink.lime
/scratch/usr/hhpmbate/chroma_2pt/32x64/b5p40kp119989kp119812/lp0001_g8g2_q000_q200_q222_q420_q440_src2/correlators/baryon_qcdsf.850.b5p40kp119989kp119812-32x64.01022_0.000_440_-4-40_smsnk30.lime
/scratch/usr/hhpmbate/chroma_2pt/32x64/b5p40kp119989kp119812/lp0001_g8g2_q000_q200_q222_q420_q440_src2/correlators/baryon_qcdsf.850.b5p40kp119989kp119812-32x64.01025_0.000_000_ptsink.lime
/scratch/usr/hhpmbate/chroma_2pt/32x64/b5p40kp119989kp119812/lp0001_g8g2_q000_q200_q222_q420_q440_src2/correlators/baryon_qcdsf.850.b5p40kp119989kp119812-32x64.01025_0.000_000_smsnk30.lime
/scratch/usr/hhpmbate/chroma_2pt/32x64/b5p40kp119989kp119812/lp0001_g8g2_q000_q200_q222_q420_q440_src2/correlators/baryon_qcdsf.850.b5p40kp119989kp119812-32x64.01025_0.000_200_-200_ptsink.lime
/scratch/usr/hhpmbate/chroma_2pt/32x64/b5p40kp119989kp119812/lp0001_g8g2_q000_q200_q222_q420_q440_src2/correlators/baryon_qcdsf.850.b5p40kp119989kp119812-32x64.01025_0.000_200_-200_smsnk30.lime
/scratch/usr/hhpmbate/chroma_2pt/32x64/b5p40kp119989kp119812/lp0001_g8g2_q000_q200_q222_q420_q440_src2/correlators/baryon_qcdsf.850.b5p40kp119989kp119812-32x64.01025_0.000_222_-2-2-2_ptsink.lime
/scratch/usr/hhpmbate/chroma_2pt/32x64/b5p40kp119989kp119812/lp0001_g8g2_q000_q200_q222_q420_q440_src2/correlators/baryon_qcdsf.850.b5p40kp119989kp119812-32x64.01025_0.000_222_-2-2-2_smsnk30.lime
/scratch/usr/hhpmbate/chroma_2pt/32x64/b5p40kp119989kp119812/lp0001_g8g2_q000_q200_q222_q420_q440_src2/correlators/baryon_qcdsf.850.b5p40kp119989kp119812-32x64.01025_0.000_420_-4-20_ptsink.lime
/scratch/usr/hhpmbate/chroma_2pt/32x64/b5p40kp119989kp119812/lp0001_g8g2_q000_q200_q222_q420_q440_src2/correlators/baryon_qcdsf.850.b5p40kp119989kp119812-32x64.01025_0.000_420_-4-20_smsnk30.lime
/scratch/usr/hhpmbate/chroma_2pt/32x64/b5p40kp119989kp119812/lp0001_g8g2_q000_q200_q222_q420_q440_src2/correlators/baryon_qcdsf.850.b5p40kp119989kp119812-32x64.01025_0.000_440_-4-40_ptsink.lime
/scratch/usr/hhpmbate/chroma_2pt/32x64/b5p40kp119989kp119812/lp0001_g8g2_q000_q200_q222_q420_q440_src2/correlators/baryon_qcdsf.850.b5p40kp119989kp119812-32x64.01025_0.000_440_-4-40_smsnk30.lime
/scratch/usr/hhpmbate/chroma_2pt/32x64/b5p40kp119989kp119812/lp0001_g8g2_q000_q200_q222_q420_q440_src2/correlators/baryon_qcdsf.850.b5p40kp119989kp119812-32x64.01026_0.000_000_ptsink.lime
/scratch/usr/hhpmbate/chroma_2pt/32x64/b5p40kp119989kp119812/lp0001_g8g2_q000_q200_q222_q420_q440_src2/correlators/baryon_qcdsf.850.b5p40kp119989kp119812-32x64.01026_0.000_000_smsnk30.lime
/scratch/usr/hhpmbate/chroma_2pt/32x64/b5p40kp119989kp119812/lp0001_g8g2_q000_q200_q222_q420_q440_src2/correlators/baryon_qcdsf.850.b5p40kp119989kp119812-32x64.01026_0.000_200_-200_ptsink.lime
/scratch/usr/hhpmbate/chroma_2pt/32x64/b5p40kp119989kp119812/lp0001_g8g2_q000_q200_q222_q420_q440_src2/correlators/baryon_qcdsf.850.b5p40kp119989kp119812-32x64.01026_0.000_200_-200_smsnk30.lime
/scratch/usr/hhpmbate/chroma_2pt/32x64/b5p40kp119989kp119812/lp0001_g8g2_q000_q200_q222_q420_q440_src2/correlators/baryon_qcdsf.850.b5p40kp119989kp119812-32x64.01026_0.000_222_-2-2-2_ptsink.lime
/scratch/usr/hhpmbate/chroma_2pt/32x64/b5p40kp119989kp119812/lp0001_g8g2_q000_q200_q222_q420_q440_src2/correlators/baryon_qcdsf.850.b5p40kp119989kp119812-32x64.01026_0.000_222_-2-2-2_smsnk30.lime
/scratch/usr/hhpmbate/chroma_2pt/32x64/b5p40kp119989kp119812/lp0001_g8g2_q000_q200_q222_q420_q440_src2/correlators/baryon_qcdsf.850.b5p40kp119989kp119812-32x64.01026_0.000_420_-4-20_ptsink.lime
/scratch/usr/hhpmbate/chroma_2pt/32x64/b5p40kp119989kp119812/lp0001_g8g2_q000_q200_q222_q420_q440_src2/correlators/baryon_qcdsf.850.b5p40kp119989kp119812-32x64.01026_0.000_420_-4-20_smsnk30.lime
/scratch/usr/hhpmbate/chroma_2pt/32x64/b5p40kp119989kp119812/lp0001_g8g2_q000_q200_q222_q420_q440_src2/correlators/baryon_qcdsf.850.b5p40kp119989kp119812-32x64.01026_0.000_440_-4-40_ptsink.lime
/scratch/usr/hhpmbate/chroma_2pt/32x64/b5p40kp119989kp119812/lp0001_g8g2_q000_q200_q222_q420_q440_src2/correlators/baryon_qcdsf.850.b5p40kp119989kp119812-32x64.01026_0.000_440_-4-40_smsnk30.lime
/scratch/usr/hhpmbate/chroma_2pt/32x64/b5p40kp119989kp119812/lp0001_g8g2_q000_q200_q222_q420_q440_src2/correlators/baryon_qcdsf.850.b5p40kp119989kp119812-32x64.01027_0.000_000_ptsink.lime
/scratch/usr/hhpmbate/chroma_2pt/32x64/b5p40kp119989kp119812/lp0001_g8g2_q000_q200_q222_q420_q440_src2/correlators/baryon_qcdsf.850.b5p40kp119989kp119812-32x64.01027_0.000_000_smsnk30.lime
/scratch/usr/hhpmbate/chroma_2pt/32x64/b5p40kp119989kp119812/lp0001_g8g2_q000_q200_q222_q420_q440_src2/correlators/baryon_qcdsf.850.b5p40kp119989kp119812-32x64.01027_0.000_200_-200_ptsink.lime
/scratch/usr/hhpmbate/chroma_2pt/32x64/b5p40kp119989kp119812/lp0001_g8g2_q000_q200_q222_q420_q440_src2/correlators/baryon_qcdsf.850.b5p40kp119989kp119812-32x64.01027_0.000_200_-200_smsnk30.lime
/scratch/usr/hhpmbate/chroma_2pt/32x64/b5p40kp119989kp119812/lp0001_g8g2_q000_q200_q222_q420_q440_src2/correlators/baryon_qcdsf.850.b5p40kp119989kp119812-32x64.01027_0.000_222_-2-2-2_ptsink.lime
/scratch/usr/hhpmbate/chroma_2pt/32x64/b5p40kp119989kp119812/lp0001_g8g2_q000_q200_q222_q420_q440_src2/correlators/baryon_qcdsf.850.b5p40kp119989kp119812-32x64.01027_0.000_222_-2-2-2_smsnk30.lime
/scratch/usr/hhpmbate/chroma_2pt/32x64/b5p40kp119989kp119812/lp0001_g8g2_q000_q200_q222_q420_q440_src2/correlators/baryon_qcdsf.850.b5p40kp119989kp119812-32x64.01027_0.000_420_-4-20_ptsink.lime
/scratch/usr/hhpmbate/chroma_2pt/32x64/b5p40kp119989kp119812/lp0001_g8g2_q000_q200_q222_q420_q440_src2/correlators/baryon_qcdsf.850.b5p40kp119989kp119812-32x64.01027_0.000_420_-4-20_smsnk30.lime
/scratch/usr/hhpmbate/chroma_2pt/32x64/b5p40kp119989kp119812/lp0001_g8g2_q000_q200_q222_q420_q440_src2/correlators/baryon_qcdsf.850.b5p40kp119989kp119812-32x64.01027_0.000_440_-4-40_ptsink.lime
/scratch/usr/hhpmbate/chroma_2pt/32x64/b5p40kp119989kp119812/lp0001_g8g2_q000_q200_q222_q420_q440_src2/correlators/baryon_qcdsf.850.b5p40kp119989kp119812-32x64.01027_0.000_440_-4-40_smsnk30.lime
/scratch/usr/hhpmbate/chroma_2pt/32x64/b5p40kp119989kp119812/lp0001_g8g2_q000_q200_q222_q420_q440_src2/correlators/baryon_qcdsf.850.b5p40kp119989kp119812-32x64.01030_0.000_000_ptsink.lime
/scratch/usr/hhpmbate/chroma_2pt/32x64/b5p40kp119989kp119812/lp0001_g8g2_q000_q200_q222_q420_q440_src2/correlators/baryon_qcdsf.850.b5p40kp119989kp119812-32x64.01030_0.000_000_smsnk30.lime
/scratch/usr/hhpmbate/chroma_2pt/32x64/b5p40kp119989kp119812/lp0001_g8g2_q000_q200_q222_q420_q440_src2/correlators/baryon_qcdsf.850.b5p40kp119989kp119812-32x64.01030_0.000_200_-200_ptsink.lime
/scratch/usr/hhpmbate/chroma_2pt/32x64/b5p40kp119989kp119812/lp0001_g8g2_q000_q200_q222_q420_q440_src2/correlators/baryon_qcdsf.850.b5p40kp119989kp119812-32x64.01030_0.000_200_-200_smsnk30.lime
/scratch/usr/hhpmbate/chroma_2pt/32x64/b5p40kp119989kp119812/lp0001_g8g2_q000_q200_q222_q420_q440_src2/correlators/baryon_qcdsf.850.b5p40kp119989kp119812-32x64.01030_0.000_222_-2-2-2_ptsink.lime
/scratch/usr/hhpmbate/chroma_2pt/32x64/b5p40kp119989kp119812/lp0001_g8g2_q000_q200_q222_q420_q440_src2/correlators/baryon_qcdsf.850.b5p40kp119989kp119812-32x64.01030_0.000_222_-2-2-2_smsnk30.lime
/scratch/usr/hhpmbate/chroma_2pt/32x64/b5p40kp119989kp119812/lp0001_g8g2_q000_q200_q222_q420_q440_src2/correlators/baryon_qcdsf.850.b5p40kp119989kp119812-32x64.01030_0.000_420_-4-20_ptsink.lime
/scratch/usr/hhpmbate/chroma_2pt/32x64/b5p40kp119989kp119812/lp0001_g8g2_q000_q200_q222_q420_q440_src2/correlators/baryon_qcdsf.850.b5p40kp119989kp119812-32x64.01030_0.000_420_-4-20_smsnk30.lime
/scratch/usr/hhpmbate/chroma_2pt/32x64/b5p40kp119989kp119812/lp0001_g8g2_q000_q200_q222_q420_q440_src2/correlators/baryon_qcdsf.850.b5p40kp119989kp119812-32x64.01030_0.000_440_-4-40_ptsink.lime
/scratch/usr/hhpmbate/chroma_2pt/32x64/b5p40kp119989kp119812/lp0001_g8g2_q000_q200_q222_q420_q440_src2/correlators/baryon_qcdsf.850.b5p40kp119989kp119812-32x64.01030_0.000_440_-4-40_smsnk30.lime
/scratch/usr/hhpmbate/chroma_2pt/32x64/b5p40kp119989kp119812/lp0001_g8g2_q000_q200_q222_q420_q440_src2/correlators/baryon_qcdsf.850.b5p40kp119989kp119812-32x64.01032_0.000_000_ptsink.lime
/scratch/usr/hhpmbate/chroma_2pt/32x64/b5p40kp119989kp119812/lp0001_g8g2_q000_q200_q222_q420_q440_src2/correlators/baryon_qcdsf.850.b5p40kp119989kp119812-32x64.01032_0.000_000_smsnk30.lime
/scratch/usr/hhpmbate/chroma_2pt/32x64/b5p40kp119989kp119812/lp0001_g8g2_q000_q200_q222_q420_q440_src2/correlators/baryon_qcdsf.850.b5p40kp119989kp119812-32x64.01032_0.000_200_-200_ptsink.lime
/scratch/usr/hhpmbate/chroma_2pt/32x64/b5p40kp119989kp119812/lp0001_g8g2_q000_q200_q222_q420_q440_src2/correlators/baryon_qcdsf.850.b5p40kp119989kp119812-32x64.01032_0.000_200_-200_smsnk30.lime
/scratch/usr/hhpmbate/chroma_2pt/32x64/b5p40kp119989kp119812/lp0001_g8g2_q000_q200_q222_q420_q440_src2/correlators/baryon_qcdsf.850.b5p40kp119989kp119812-32x64.01032_0.000_222_-2-2-2_ptsink.lime
/scratch/usr/hhpmbate/chroma_2pt/32x64/b5p40kp119989kp119812/lp0001_g8g2_q000_q200_q222_q420_q440_src2/correlators/baryon_qcdsf.850.b5p40kp119989kp119812-32x64.01032_0.000_222_-2-2-2_smsnk30.lime
/scratch/usr/hhpmbate/chroma_2pt/32x64/b5p40kp119989kp119812/lp0001_g8g2_q000_q200_q222_q420_q440_src2/correlators/baryon_qcdsf.850.b5p40kp119989kp119812-32x64.01032_0.000_420_-4-20_ptsink.lime
/scratch/usr/hhpmbate/chroma_2pt/32x64/b5p40kp119989kp119812/lp0001_g8g2_q000_q200_q222_q420_q440_src2/correlators/baryon_qcdsf.850.b5p40kp119989kp119812-32x64.01032_0.000_420_-4-20_smsnk30.lime
/scratch/usr/hhpmbate/chroma_2pt/32x64/b5p40kp119989kp119812/lp0001_g8g2_q000_q200_q222_q420_q440_src2/correlators/baryon_qcdsf.850.b5p40kp119989kp119812-32x64.01032_0.000_440_-4-40_ptsink.lime
/scratch/usr/hhpmbate/chroma_2pt/32x64/b5p40kp119989kp119812/lp0001_g8g2_q000_q200_q222_q420_q440_src2/correlators/baryon_qcdsf.850.b5p40kp119989kp119812-32x64.01032_0.000_440_-4-40_smsnk30.lime
/scratch/usr/hhpmbate/chroma_2pt/32x64/b5p40kp119989kp119812/lp0001_g8g2_q000_q200_q222_q420_q440_src2/correlators/baryon_qcdsf.850.b5p40kp119989kp119812-32x64.01033_0.000_000_ptsink.lime
/scratch/usr/hhpmbate/chroma_2pt/32x64/b5p40kp119989kp119812/lp0001_g8g2_q000_q200_q222_q420_q440_src2/correlators/baryon_qcdsf.850.b5p40kp119989kp119812-32x64.01033_0.000_000_smsnk30.lime
/scratch/usr/hhpmbate/chroma_2pt/32x64/b5p40kp119989kp119812/lp0001_g8g2_q000_q200_q222_q420_q440_src2/correlators/baryon_qcdsf.850.b5p40kp119989kp119812-32x64.01033_0.000_200_-200_ptsink.lime
/scratch/usr/hhpmbate/chroma_2pt/32x64/b5p40kp119989kp119812/lp0001_g8g2_q000_q200_q222_q420_q440_src2/correlators/baryon_qcdsf.850.b5p40kp119989kp119812-32x64.01033_0.000_200_-200_smsnk30.lime
/scratch/usr/hhpmbate/chroma_2pt/32x64/b5p40kp119989kp119812/lp0001_g8g2_q000_q200_q222_q420_q440_src2/correlators/baryon_qcdsf.850.b5p40kp119989kp119812-32x64.01033_0.000_222_-2-2-2_ptsink.lime
/scratch/usr/hhpmbate/chroma_2pt/32x64/b5p40kp119989kp119812/lp0001_g8g2_q000_q200_q222_q420_q440_src2/correlators/baryon_qcdsf.850.b5p40kp119989kp119812-32x64.01033_0.000_222_-2-2-2_smsnk30.lime
/scratch/usr/hhpmbate/chroma_2pt/32x64/b5p40kp119989kp119812/lp0001_g8g2_q000_q200_q222_q420_q440_src2/correlators/baryon_qcdsf.850.b5p40kp119989kp119812-32x64.01033_0.000_420_-4-20_ptsink.lime
/scratch/usr/hhpmbate/chroma_2pt/32x64/b5p40kp119989kp119812/lp0001_g8g2_q000_q200_q222_q420_q440_src2/correlators/baryon_qcdsf.850.b5p40kp119989kp119812-32x64.01033_0.000_420_-4-20_smsnk30.lime
/scratch/usr/hhpmbate/chroma_2pt/32x64/b5p40kp119989kp119812/lp0001_g8g2_q000_q200_q222_q420_q440_src2/correlators/baryon_qcdsf.850.b5p40kp119989kp119812-32x64.01033_0.000_440_-4-40_ptsink.lime
/scratch/usr/hhpmbate/chroma_2pt/32x64/b5p40kp119989kp119812/lp0001_g8g2_q000_q200_q222_q420_q440_src2/correlators/baryon_qcdsf.850.b5p40kp119989kp119812-32x64.01033_0.000_440_-4-40_smsnk30.lime
/scratch/usr/hhpmbate/chroma_2pt/32x64/b5p40kp119989kp119812/lp0001_g8g2_q000_q200_q222_q420_q440_src2/correlators/baryon_qcdsf.850.b5p40kp119989kp119812-32x64.01038_0.000_000_ptsink.lime
/scratch/usr/hhpmbate/chroma_2pt/32x64/b5p40kp119989kp119812/lp0001_g8g2_q000_q200_q222_q420_q440_src2/correlators/baryon_qcdsf.850.b5p40kp119989kp119812-32x64.01038_0.000_000_smsnk30.lime
/scratch/usr/hhpmbate/chroma_2pt/32x64/b5p40kp119989kp119812/lp0001_g8g2_q000_q200_q222_q420_q440_src2/correlators/baryon_qcdsf.850.b5p40kp119989kp119812-32x64.01038_0.000_200_-200_ptsink.lime
/scratch/usr/hhpmbate/chroma_2pt/32x64/b5p40kp119989kp119812/lp0001_g8g2_q000_q200_q222_q420_q440_src2/correlators/baryon_qcdsf.850.b5p40kp119989kp119812-32x64.01038_0.000_200_-200_smsnk30.lime
/scratch/usr/hhpmbate/chroma_2pt/32x64/b5p40kp119989kp119812/lp0001_g8g2_q000_q200_q222_q420_q440_src2/correlators/baryon_qcdsf.850.b5p40kp119989kp119812-32x64.01038_0.000_222_-2-2-2_ptsink.lime
/scratch/usr/hhpmbate/chroma_2pt/32x64/b5p40kp119989kp119812/lp0001_g8g2_q000_q200_q222_q420_q440_src2/correlators/baryon_qcdsf.850.b5p40kp119989kp119812-32x64.01038_0.000_222_-2-2-2_smsnk30.lime
/scratch/usr/hhpmbate/chroma_2pt/32x64/b5p40kp119989kp119812/lp0001_g8g2_q000_q200_q222_q420_q440_src2/correlators/baryon_qcdsf.850.b5p40kp119989kp119812-32x64.01038_0.000_420_-4-20_ptsink.lime
/scratch/usr/hhpmbate/chroma_2pt/32x64/b5p40kp119989kp119812/lp0001_g8g2_q000_q200_q222_q420_q440_src2/correlators/baryon_qcdsf.850.b5p40kp119989kp119812-32x64.01038_0.000_420_-4-20_smsnk30.lime
/scratch/usr/hhpmbate/chroma_2pt/32x64/b5p40kp119989kp119812/lp0001_g8g2_q000_q200_q222_q420_q440_src2/correlators/baryon_qcdsf.850.b5p40kp119989kp119812-32x64.01038_0.000_440_-4-40_ptsink.lime
/scratch/usr/hhpmbate/chroma_2pt/32x64/b5p40kp119989kp119812/lp0001_g8g2_q000_q200_q222_q420_q440_src2/correlators/baryon_qcdsf.850.b5p40kp119989kp119812-32x64.01038_0.000_440_-4-40_smsnk30.lime
/scratch/usr/hhpmbate/chroma_2pt/32x64/b5p40kp119989kp119812/lp0001_g8g2_q000_q200_q222_q420_q440_src2/correlators/baryon_qcdsf.850.b5p40kp119989kp119812-32x64.01039_0.000_000_ptsink.lime
/scratch/usr/hhpmbate/chroma_2pt/32x64/b5p40kp119989kp119812/lp0001_g8g2_q000_q200_q222_q420_q440_src2/correlators/baryon_qcdsf.850.b5p40kp119989kp119812-32x64.01039_0.000_000_smsnk30.lime
/scratch/usr/hhpmbate/chroma_2pt/32x64/b5p40kp119989kp119812/lp0001_g8g2_q000_q200_q222_q420_q440_src2/correlators/baryon_qcdsf.850.b5p40kp119989kp119812-32x64.01039_0.000_200_-200_ptsink.lime
/scratch/usr/hhpmbate/chroma_2pt/32x64/b5p40kp119989kp119812/lp0001_g8g2_q000_q200_q222_q420_q440_src2/correlators/baryon_qcdsf.850.b5p40kp119989kp119812-32x64.01039_0.000_200_-200_smsnk30.lime
/scratch/usr/hhpmbate/chroma_2pt/32x64/b5p40kp119989kp119812/lp0001_g8g2_q000_q200_q222_q420_q440_src2/correlators/baryon_qcdsf.850.b5p40kp119989kp119812-32x64.01039_0.000_222_-2-2-2_ptsink.lime
/scratch/usr/hhpmbate/chroma_2pt/32x64/b5p40kp119989kp119812/lp0001_g8g2_q000_q200_q222_q420_q440_src2/correlators/baryon_qcdsf.850.b5p40kp119989kp119812-32x64.01039_0.000_222_-2-2-2_smsnk30.lime
/scratch/usr/hhpmbate/chroma_2pt/32x64/b5p40kp119989kp119812/lp0001_g8g2_q000_q200_q222_q420_q440_src2/correlators/baryon_qcdsf.850.b5p40kp119989kp119812-32x64.01039_0.000_420_-4-20_ptsink.lime
/scratch/usr/hhpmbate/chroma_2pt/32x64/b5p40kp119989kp119812/lp0001_g8g2_q000_q200_q222_q420_q440_src2/correlators/baryon_qcdsf.850.b5p40kp119989kp119812-32x64.01039_0.000_420_-4-20_smsnk30.lime
/scratch/usr/hhpmbate/chroma_2pt/32x64/b5p40kp119989kp119812/lp0001_g8g2_q000_q200_q222_q420_q440_src2/correlators/baryon_qcdsf.850.b5p40kp119989kp119812-32x64.01039_0.000_440_-4-40_ptsink.lime
/scratch/usr/hhpmbate/chroma_2pt/32x64/b5p40kp119989kp119812/lp0001_g8g2_q000_q200_q222_q420_q440_src2/correlators/baryon_qcdsf.850.b5p40kp119989kp119812-32x64.01039_0.000_440_-4-40_smsnk30.lime
/scratch/usr/hhpmbate/chroma_2pt/32x64/b5p40kp119989kp119812/lp0001_g8g2_q000_q200_q222_q420_q440_src2/correlators/baryon_qcdsf.850.b5p40kp119989kp119812-32x64.01043_0.000_000_ptsink.lime
/scratch/usr/hhpmbate/chroma_2pt/32x64/b5p40kp119989kp119812/lp0001_g8g2_q000_q200_q222_q420_q440_src2/correlators/baryon_qcdsf.850.b5p40kp119989kp119812-32x64.01043_0.000_000_smsnk30.lime
/scratch/usr/hhpmbate/chroma_2pt/32x64/b5p40kp119989kp119812/lp0001_g8g2_q000_q200_q222_q420_q440_src2/correlators/baryon_qcdsf.850.b5p40kp119989kp119812-32x64.01043_0.000_200_-200_ptsink.lime
/scratch/usr/hhpmbate/chroma_2pt/32x64/b5p40kp119989kp119812/lp0001_g8g2_q000_q200_q222_q420_q440_src2/correlators/baryon_qcdsf.850.b5p40kp119989kp119812-32x64.01043_0.000_200_-200_smsnk30.lime
/scratch/usr/hhpmbate/chroma_2pt/32x64/b5p40kp119989kp119812/lp0001_g8g2_q000_q200_q222_q420_q440_src2/correlators/baryon_qcdsf.850.b5p40kp119989kp119812-32x64.01043_0.000_222_-2-2-2_ptsink.lime
/scratch/usr/hhpmbate/chroma_2pt/32x64/b5p40kp119989kp119812/lp0001_g8g2_q000_q200_q222_q420_q440_src2/correlators/baryon_qcdsf.850.b5p40kp119989kp119812-32x64.01043_0.000_222_-2-2-2_smsnk30.lime
/scratch/usr/hhpmbate/chroma_2pt/32x64/b5p40kp119989kp119812/lp0001_g8g2_q000_q200_q222_q420_q440_src2/correlators/baryon_qcdsf.850.b5p40kp119989kp119812-32x64.01043_0.000_420_-4-20_ptsink.lime
/scratch/usr/hhpmbate/chroma_2pt/32x64/b5p40kp119989kp119812/lp0001_g8g2_q000_q200_q222_q420_q440_src2/correlators/baryon_qcdsf.850.b5p40kp119989kp119812-32x64.01043_0.000_420_-4-20_smsnk30.lime
/scratch/usr/hhpmbate/chroma_2pt/32x64/b5p40kp119989kp119812/lp0001_g8g2_q000_q200_q222_q420_q440_src2/correlators/baryon_qcdsf.850.b5p40kp119989kp119812-32x64.01043_0.000_440_-4-40_ptsink.lime
/scratch/usr/hhpmbate/chroma_2pt/32x64/b5p40kp119989kp119812/lp0001_g8g2_q000_q200_q222_q420_q440_src2/correlators/baryon_qcdsf.850.b5p40kp119989kp119812-32x64.01043_0.000_440_-4-40_smsnk30.lime
/scratch/usr/hhpmbate/chroma_2pt/32x64/b5p40kp119989kp119812/lp0001_g8g2_q000_q200_q222_q420_q440_src2/correlators/baryon_qcdsf.850.b5p40kp119989kp119812-32x64.01044_0.000_000_ptsink.lime
/scratch/usr/hhpmbate/chroma_2pt/32x64/b5p40kp119989kp119812/lp0001_g8g2_q000_q200_q222_q420_q440_src2/correlators/baryon_qcdsf.850.b5p40kp119989kp119812-32x64.01044_0.000_000_smsnk30.lime
/scratch/usr/hhpmbate/chroma_2pt/32x64/b5p40kp119989kp119812/lp0001_g8g2_q000_q200_q222_q420_q440_src2/correlators/baryon_qcdsf.850.b5p40kp119989kp119812-32x64.01044_0.000_200_-200_ptsink.lime
/scratch/usr/hhpmbate/chroma_2pt/32x64/b5p40kp119989kp119812/lp0001_g8g2_q000_q200_q222_q420_q440_src2/correlators/baryon_qcdsf.850.b5p40kp119989kp119812-32x64.01044_0.000_200_-200_smsnk30.lime
/scratch/usr/hhpmbate/chroma_2pt/32x64/b5p40kp119989kp119812/lp0001_g8g2_q000_q200_q222_q420_q440_src2/correlators/baryon_qcdsf.850.b5p40kp119989kp119812-32x64.01044_0.000_222_-2-2-2_ptsink.lime
/scratch/usr/hhpmbate/chroma_2pt/32x64/b5p40kp119989kp119812/lp0001_g8g2_q000_q200_q222_q420_q440_src2/correlators/baryon_qcdsf.850.b5p40kp119989kp119812-32x64.01044_0.000_222_-2-2-2_smsnk30.lime
/scratch/usr/hhpmbate/chroma_2pt/32x64/b5p40kp119989kp119812/lp0001_g8g2_q000_q200_q222_q420_q440_src2/correlators/baryon_qcdsf.850.b5p40kp119989kp119812-32x64.01044_0.000_420_-4-20_ptsink.lime
/scratch/usr/hhpmbate/chroma_2pt/32x64/b5p40kp119989kp119812/lp0001_g8g2_q000_q200_q222_q420_q440_src2/correlators/baryon_qcdsf.850.b5p40kp119989kp119812-32x64.01044_0.000_420_-4-20_smsnk30.lime
/scratch/usr/hhpmbate/chroma_2pt/32x64/b5p40kp119989kp119812/lp0001_g8g2_q000_q200_q222_q420_q440_src2/correlators/baryon_qcdsf.850.b5p40kp119989kp119812-32x64.01044_0.000_440_-4-40_ptsink.lime
/scratch/usr/hhpmbate/chroma_2pt/32x64/b5p40kp119989kp119812/lp0001_g8g2_q000_q200_q222_q420_q440_src2/correlators/baryon_qcdsf.850.b5p40kp119989kp119812-32x64.01044_0.000_440_-4-40_smsnk30.lime
/scratch/usr/hhpmbate/chroma_2pt/32x64/b5p40kp119989kp119812/lp0001_g8g2_q000_q200_q222_q420_q440_src2/correlators/baryon_qcdsf.850.b5p40kp119989kp119812-32x64.01046_0.000_000_ptsink.lime
/scratch/usr/hhpmbate/chroma_2pt/32x64/b5p40kp119989kp119812/lp0001_g8g2_q000_q200_q222_q420_q440_src2/correlators/baryon_qcdsf.850.b5p40kp119989kp119812-32x64.01046_0.000_000_smsnk30.lime
/scratch/usr/hhpmbate/chroma_2pt/32x64/b5p40kp119989kp119812/lp0001_g8g2_q000_q200_q222_q420_q440_src2/correlators/baryon_qcdsf.850.b5p40kp119989kp119812-32x64.01046_0.000_200_-200_ptsink.lime
/scratch/usr/hhpmbate/chroma_2pt/32x64/b5p40kp119989kp119812/lp0001_g8g2_q000_q200_q222_q420_q440_src2/correlators/baryon_qcdsf.850.b5p40kp119989kp119812-32x64.01046_0.000_200_-200_smsnk30.lime
/scratch/usr/hhpmbate/chroma_2pt/32x64/b5p40kp119989kp119812/lp0001_g8g2_q000_q200_q222_q420_q440_src2/correlators/baryon_qcdsf.850.b5p40kp119989kp119812-32x64.01046_0.000_222_-2-2-2_ptsink.lime
/scratch/usr/hhpmbate/chroma_2pt/32x64/b5p40kp119989kp119812/lp0001_g8g2_q000_q200_q222_q420_q440_src2/correlators/baryon_qcdsf.850.b5p40kp119989kp119812-32x64.01046_0.000_222_-2-2-2_smsnk30.lime
/scratch/usr/hhpmbate/chroma_2pt/32x64/b5p40kp119989kp119812/lp0001_g8g2_q000_q200_q222_q420_q440_src2/correlators/baryon_qcdsf.850.b5p40kp119989kp119812-32x64.01046_0.000_420_-4-20_ptsink.lime
/scratch/usr/hhpmbate/chroma_2pt/32x64/b5p40kp119989kp119812/lp0001_g8g2_q000_q200_q222_q420_q440_src2/correlators/baryon_qcdsf.850.b5p40kp119989kp119812-32x64.01046_0.000_420_-4-20_smsnk30.lime
/scratch/usr/hhpmbate/chroma_2pt/32x64/b5p40kp119989kp119812/lp0001_g8g2_q000_q200_q222_q420_q440_src2/correlators/baryon_qcdsf.850.b5p40kp119989kp119812-32x64.01046_0.000_440_-4-40_ptsink.lime
/scratch/usr/hhpmbate/chroma_2pt/32x64/b5p40kp119989kp119812/lp0001_g8g2_q000_q200_q222_q420_q440_src2/correlators/baryon_qcdsf.850.b5p40kp119989kp119812-32x64.01046_0.000_440_-4-40_smsnk30.lime
/scratch/usr/hhpmbate/chroma_2pt/32x64/b5p40kp119989kp119812/lp0001_g8g2_q000_q200_q222_q420_q440_src2/correlators/baryon_qcdsf.850.b5p40kp119989kp119812-32x64.01047_0.000_000_ptsink.lime
/scratch/usr/hhpmbate/chroma_2pt/32x64/b5p40kp119989kp119812/lp0001_g8g2_q000_q200_q222_q420_q440_src2/correlators/baryon_qcdsf.850.b5p40kp119989kp119812-32x64.01047_0.000_000_smsnk30.lime
/scratch/usr/hhpmbate/chroma_2pt/32x64/b5p40kp119989kp119812/lp0001_g8g2_q000_q200_q222_q420_q440_src2/correlators/baryon_qcdsf.850.b5p40kp119989kp119812-32x64.01047_0.000_200_-200_ptsink.lime
/scratch/usr/hhpmbate/chroma_2pt/32x64/b5p40kp119989kp119812/lp0001_g8g2_q000_q200_q222_q420_q440_src2/correlators/baryon_qcdsf.850.b5p40kp119989kp119812-32x64.01047_0.000_200_-200_smsnk30.lime
/scratch/usr/hhpmbate/chroma_2pt/32x64/b5p40kp119989kp119812/lp0001_g8g2_q000_q200_q222_q420_q440_src2/correlators/baryon_qcdsf.850.b5p40kp119989kp119812-32x64.01047_0.000_222_-2-2-2_ptsink.lime
/scratch/usr/hhpmbate/chroma_2pt/32x64/b5p40kp119989kp119812/lp0001_g8g2_q000_q200_q222_q420_q440_src2/correlators/baryon_qcdsf.850.b5p40kp119989kp119812-32x64.01047_0.000_222_-2-2-2_smsnk30.lime
/scratch/usr/hhpmbate/chroma_2pt/32x64/b5p40kp119989kp119812/lp0001_g8g2_q000_q200_q222_q420_q440_src2/correlators/baryon_qcdsf.850.b5p40kp119989kp119812-32x64.01047_0.000_420_-4-20_ptsink.lime
/scratch/usr/hhpmbate/chroma_2pt/32x64/b5p40kp119989kp119812/lp0001_g8g2_q000_q200_q222_q420_q440_src2/correlators/baryon_qcdsf.850.b5p40kp119989kp119812-32x64.01047_0.000_420_-4-20_smsnk30.lime
/scratch/usr/hhpmbate/chroma_2pt/32x64/b5p40kp119989kp119812/lp0001_g8g2_q000_q200_q222_q420_q440_src2/correlators/baryon_qcdsf.850.b5p40kp119989kp119812-32x64.01047_0.000_440_-4-40_ptsink.lime
/scratch/usr/hhpmbate/chroma_2pt/32x64/b5p40kp119989kp119812/lp0001_g8g2_q000_q200_q222_q420_q440_src2/correlators/baryon_qcdsf.850.b5p40kp119989kp119812-32x64.01047_0.000_440_-4-40_smsnk30.lime
/scratch/usr/hhpmbate/chroma_2pt/32x64/b5p40kp119989kp119812/lp0001_g8g2_q000_q200_q222_q420_q440_src2/correlators/baryon_qcdsf.850.b5p40kp119989kp119812-32x64.01050_0.000_000_ptsink.lime
/scratch/usr/hhpmbate/chroma_2pt/32x64/b5p40kp119989kp119812/lp0001_g8g2_q000_q200_q222_q420_q440_src2/correlators/baryon_qcdsf.850.b5p40kp119989kp119812-32x64.01050_0.000_000_smsnk30.lime
/scratch/usr/hhpmbate/chroma_2pt/32x64/b5p40kp119989kp119812/lp0001_g8g2_q000_q200_q222_q420_q440_src2/correlators/baryon_qcdsf.850.b5p40kp119989kp119812-32x64.01050_0.000_200_-200_ptsink.lime
/scratch/usr/hhpmbate/chroma_2pt/32x64/b5p40kp119989kp119812/lp0001_g8g2_q000_q200_q222_q420_q440_src2/correlators/baryon_qcdsf.850.b5p40kp119989kp119812-32x64.01050_0.000_200_-200_smsnk30.lime
/scratch/usr/hhpmbate/chroma_2pt/32x64/b5p40kp119989kp119812/lp0001_g8g2_q000_q200_q222_q420_q440_src2/correlators/baryon_qcdsf.850.b5p40kp119989kp119812-32x64.01050_0.000_222_-2-2-2_ptsink.lime
/scratch/usr/hhpmbate/chroma_2pt/32x64/b5p40kp119989kp119812/lp0001_g8g2_q000_q200_q222_q420_q440_src2/correlators/baryon_qcdsf.850.b5p40kp119989kp119812-32x64.01050_0.000_222_-2-2-2_smsnk30.lime
/scratch/usr/hhpmbate/chroma_2pt/32x64/b5p40kp119989kp119812/lp0001_g8g2_q000_q200_q222_q420_q440_src2/correlators/baryon_qcdsf.850.b5p40kp119989kp119812-32x64.01050_0.000_420_-4-20_ptsink.lime
/scratch/usr/hhpmbate/chroma_2pt/32x64/b5p40kp119989kp119812/lp0001_g8g2_q000_q200_q222_q420_q440_src2/correlators/baryon_qcdsf.850.b5p40kp119989kp119812-32x64.01050_0.000_420_-4-20_smsnk30.lime
/scratch/usr/hhpmbate/chroma_2pt/32x64/b5p40kp119989kp119812/lp0001_g8g2_q000_q200_q222_q420_q440_src2/correlators/baryon_qcdsf.850.b5p40kp119989kp119812-32x64.01050_0.000_440_-4-40_ptsink.lime
/scratch/usr/hhpmbate/chroma_2pt/32x64/b5p40kp119989kp119812/lp0001_g8g2_q000_q200_q222_q420_q440_src2/correlators/baryon_qcdsf.850.b5p40kp119989kp119812-32x64.01050_0.000_440_-4-40_smsnk30.lime
/scratch/usr/hhpmbate/chroma_2pt/32x64/b5p40kp119989kp119812/lp0001_g8g2_q000_q200_q222_q420_q440_src2/correlators/baryon_qcdsf.850.b5p40kp119989kp119812-32x64.01052_0.000_000_ptsink.lime
/scratch/usr/hhpmbate/chroma_2pt/32x64/b5p40kp119989kp119812/lp0001_g8g2_q000_q200_q222_q420_q440_src2/correlators/baryon_qcdsf.850.b5p40kp119989kp119812-32x64.01052_0.000_000_smsnk30.lime
/scratch/usr/hhpmbate/chroma_2pt/32x64/b5p40kp119989kp119812/lp0001_g8g2_q000_q200_q222_q420_q440_src2/correlators/baryon_qcdsf.850.b5p40kp119989kp119812-32x64.01052_0.000_200_-200_ptsink.lime
/scratch/usr/hhpmbate/chroma_2pt/32x64/b5p40kp119989kp119812/lp0001_g8g2_q000_q200_q222_q420_q440_src2/correlators/baryon_qcdsf.850.b5p40kp119989kp119812-32x64.01052_0.000_200_-200_smsnk30.lime
/scratch/usr/hhpmbate/chroma_2pt/32x64/b5p40kp119989kp119812/lp0001_g8g2_q000_q200_q222_q420_q440_src2/correlators/baryon_qcdsf.850.b5p40kp119989kp119812-32x64.01052_0.000_222_-2-2-2_ptsink.lime
/scratch/usr/hhpmbate/chroma_2pt/32x64/b5p40kp119989kp119812/lp0001_g8g2_q000_q200_q222_q420_q440_src2/correlators/baryon_qcdsf.850.b5p40kp119989kp119812-32x64.01052_0.000_222_-2-2-2_smsnk30.lime
/scratch/usr/hhpmbate/chroma_2pt/32x64/b5p40kp119989kp119812/lp0001_g8g2_q000_q200_q222_q420_q440_src2/correlators/baryon_qcdsf.850.b5p40kp119989kp119812-32x64.01052_0.000_420_-4-20_ptsink.lime
/scratch/usr/hhpmbate/chroma_2pt/32x64/b5p40kp119989kp119812/lp0001_g8g2_q000_q200_q222_q420_q440_src2/correlators/baryon_qcdsf.850.b5p40kp119989kp119812-32x64.01052_0.000_420_-4-20_smsnk30.lime
/scratch/usr/hhpmbate/chroma_2pt/32x64/b5p40kp119989kp119812/lp0001_g8g2_q000_q200_q222_q420_q440_src2/correlators/baryon_qcdsf.850.b5p40kp119989kp119812-32x64.01052_0.000_440_-4-40_ptsink.lime
/scratch/usr/hhpmbate/chroma_2pt/32x64/b5p40kp119989kp119812/lp0001_g8g2_q000_q200_q222_q420_q440_src2/correlators/baryon_qcdsf.850.b5p40kp119989kp119812-32x64.01052_0.000_440_-4-40_smsnk30.lime
/scratch/usr/hhpmbate/chroma_2pt/32x64/b5p40kp119989kp119812/lp0001_g8g2_q000_q200_q222_q420_q440_src2/correlators/baryon_qcdsf.850.b5p40kp119989kp119812-32x64.01053_0.000_000_ptsink.lime
/scratch/usr/hhpmbate/chroma_2pt/32x64/b5p40kp119989kp119812/lp0001_g8g2_q000_q200_q222_q420_q440_src2/correlators/baryon_qcdsf.850.b5p40kp119989kp119812-32x64.01053_0.000_000_smsnk30.lime
/scratch/usr/hhpmbate/chroma_2pt/32x64/b5p40kp119989kp119812/lp0001_g8g2_q000_q200_q222_q420_q440_src2/correlators/baryon_qcdsf.850.b5p40kp119989kp119812-32x64.01053_0.000_200_-200_ptsink.lime
/scratch/usr/hhpmbate/chroma_2pt/32x64/b5p40kp119989kp119812/lp0001_g8g2_q000_q200_q222_q420_q440_src2/correlators/baryon_qcdsf.850.b5p40kp119989kp119812-32x64.01053_0.000_200_-200_smsnk30.lime
/scratch/usr/hhpmbate/chroma_2pt/32x64/b5p40kp119989kp119812/lp0001_g8g2_q000_q200_q222_q420_q440_src2/correlators/baryon_qcdsf.850.b5p40kp119989kp119812-32x64.01053_0.000_222_-2-2-2_ptsink.lime
/scratch/usr/hhpmbate/chroma_2pt/32x64/b5p40kp119989kp119812/lp0001_g8g2_q000_q200_q222_q420_q440_src2/correlators/baryon_qcdsf.850.b5p40kp119989kp119812-32x64.01053_0.000_222_-2-2-2_smsnk30.lime
/scratch/usr/hhpmbate/chroma_2pt/32x64/b5p40kp119989kp119812/lp0001_g8g2_q000_q200_q222_q420_q440_src2/correlators/baryon_qcdsf.850.b5p40kp119989kp119812-32x64.01053_0.000_420_-4-20_ptsink.lime
/scratch/usr/hhpmbate/chroma_2pt/32x64/b5p40kp119989kp119812/lp0001_g8g2_q000_q200_q222_q420_q440_src2/correlators/baryon_qcdsf.850.b5p40kp119989kp119812-32x64.01053_0.000_420_-4-20_smsnk30.lime
/scratch/usr/hhpmbate/chroma_2pt/32x64/b5p40kp119989kp119812/lp0001_g8g2_q000_q200_q222_q420_q440_src2/correlators/baryon_qcdsf.850.b5p40kp119989kp119812-32x64.01053_0.000_440_-4-40_ptsink.lime
/scratch/usr/hhpmbate/chroma_2pt/32x64/b5p40kp119989kp119812/lp0001_g8g2_q000_q200_q222_q420_q440_src2/correlators/baryon_qcdsf.850.b5p40kp119989kp119812-32x64.01053_0.000_440_-4-40_smsnk30.lime
/scratch/usr/hhpmbate/chroma_2pt/32x64/b5p40kp119989kp119812/lp0001_g8g2_q000_q200_q222_q420_q440_src2/correlators/baryon_qcdsf.850.b5p40kp119989kp119812-32x64.01054_0.000_000_ptsink.lime
/scratch/usr/hhpmbate/chroma_2pt/32x64/b5p40kp119989kp119812/lp0001_g8g2_q000_q200_q222_q420_q440_src2/correlators/baryon_qcdsf.850.b5p40kp119989kp119812-32x64.01054_0.000_000_smsnk30.lime
/scratch/usr/hhpmbate/chroma_2pt/32x64/b5p40kp119989kp119812/lp0001_g8g2_q000_q200_q222_q420_q440_src2/correlators/baryon_qcdsf.850.b5p40kp119989kp119812-32x64.01054_0.000_200_-200_ptsink.lime
/scratch/usr/hhpmbate/chroma_2pt/32x64/b5p40kp119989kp119812/lp0001_g8g2_q000_q200_q222_q420_q440_src2/correlators/baryon_qcdsf.850.b5p40kp119989kp119812-32x64.01054_0.000_200_-200_smsnk30.lime
/scratch/usr/hhpmbate/chroma_2pt/32x64/b5p40kp119989kp119812/lp0001_g8g2_q000_q200_q222_q420_q440_src2/correlators/baryon_qcdsf.850.b5p40kp119989kp119812-32x64.01054_0.000_222_-2-2-2_ptsink.lime
/scratch/usr/hhpmbate/chroma_2pt/32x64/b5p40kp119989kp119812/lp0001_g8g2_q000_q200_q222_q420_q440_src2/correlators/baryon_qcdsf.850.b5p40kp119989kp119812-32x64.01054_0.000_222_-2-2-2_smsnk30.lime
/scratch/usr/hhpmbate/chroma_2pt/32x64/b5p40kp119989kp119812/lp0001_g8g2_q000_q200_q222_q420_q440_src2/correlators/baryon_qcdsf.850.b5p40kp119989kp119812-32x64.01054_0.000_420_-4-20_ptsink.lime
/scratch/usr/hhpmbate/chroma_2pt/32x64/b5p40kp119989kp119812/lp0001_g8g2_q000_q200_q222_q420_q440_src2/correlators/baryon_qcdsf.850.b5p40kp119989kp119812-32x64.01054_0.000_420_-4-20_smsnk30.lime
/scratch/usr/hhpmbate/chroma_2pt/32x64/b5p40kp119989kp119812/lp0001_g8g2_q000_q200_q222_q420_q440_src2/correlators/baryon_qcdsf.850.b5p40kp119989kp119812-32x64.01054_0.000_440_-4-40_ptsink.lime
/scratch/usr/hhpmbate/chroma_2pt/32x64/b5p40kp119989kp119812/lp0001_g8g2_q000_q200_q222_q420_q440_src2/correlators/baryon_qcdsf.850.b5p40kp119989kp119812-32x64.01054_0.000_440_-4-40_smsnk30.lime
/scratch/usr/hhpmbate/chroma_2pt/32x64/b5p40kp119989kp119812/lp0001_g8g2_q000_q200_q222_q420_q440_src2/correlators/baryon_qcdsf.850.b5p40kp119989kp119812-32x64.01057_0.000_000_ptsink.lime
/scratch/usr/hhpmbate/chroma_2pt/32x64/b5p40kp119989kp119812/lp0001_g8g2_q000_q200_q222_q420_q440_src2/correlators/baryon_qcdsf.850.b5p40kp119989kp119812-32x64.01057_0.000_000_smsnk30.lime
/scratch/usr/hhpmbate/chroma_2pt/32x64/b5p40kp119989kp119812/lp0001_g8g2_q000_q200_q222_q420_q440_src2/correlators/baryon_qcdsf.850.b5p40kp119989kp119812-32x64.01057_0.000_200_-200_ptsink.lime
/scratch/usr/hhpmbate/chroma_2pt/32x64/b5p40kp119989kp119812/lp0001_g8g2_q000_q200_q222_q420_q440_src2/correlators/baryon_qcdsf.850.b5p40kp119989kp119812-32x64.01057_0.000_200_-200_smsnk30.lime
/scratch/usr/hhpmbate/chroma_2pt/32x64/b5p40kp119989kp119812/lp0001_g8g2_q000_q200_q222_q420_q440_src2/correlators/baryon_qcdsf.850.b5p40kp119989kp119812-32x64.01057_0.000_222_-2-2-2_ptsink.lime
/scratch/usr/hhpmbate/chroma_2pt/32x64/b5p40kp119989kp119812/lp0001_g8g2_q000_q200_q222_q420_q440_src2/correlators/baryon_qcdsf.850.b5p40kp119989kp119812-32x64.01057_0.000_222_-2-2-2_smsnk30.lime
/scratch/usr/hhpmbate/chroma_2pt/32x64/b5p40kp119989kp119812/lp0001_g8g2_q000_q200_q222_q420_q440_src2/correlators/baryon_qcdsf.850.b5p40kp119989kp119812-32x64.01057_0.000_420_-4-20_ptsink.lime
/scratch/usr/hhpmbate/chroma_2pt/32x64/b5p40kp119989kp119812/lp0001_g8g2_q000_q200_q222_q420_q440_src2/correlators/baryon_qcdsf.850.b5p40kp119989kp119812-32x64.01057_0.000_420_-4-20_smsnk30.lime
/scratch/usr/hhpmbate/chroma_2pt/32x64/b5p40kp119989kp119812/lp0001_g8g2_q000_q200_q222_q420_q440_src2/correlators/baryon_qcdsf.850.b5p40kp119989kp119812-32x64.01057_0.000_440_-4-40_ptsink.lime
/scratch/usr/hhpmbate/chroma_2pt/32x64/b5p40kp119989kp119812/lp0001_g8g2_q000_q200_q222_q420_q440_src2/correlators/baryon_qcdsf.850.b5p40kp119989kp119812-32x64.01057_0.000_440_-4-40_smsnk30.lime
/scratch/usr/hhpmbate/chroma_2pt/32x64/b5p40kp119989kp119812/lp0001_g8g2_q000_q200_q222_q420_q440_src2/correlators/baryon_qcdsf.850.b5p40kp119989kp119812-32x64.01060_0.000_000_ptsink.lime
/scratch/usr/hhpmbate/chroma_2pt/32x64/b5p40kp119989kp119812/lp0001_g8g2_q000_q200_q222_q420_q440_src2/correlators/baryon_qcdsf.850.b5p40kp119989kp119812-32x64.01060_0.000_000_smsnk30.lime
/scratch/usr/hhpmbate/chroma_2pt/32x64/b5p40kp119989kp119812/lp0001_g8g2_q000_q200_q222_q420_q440_src2/correlators/baryon_qcdsf.850.b5p40kp119989kp119812-32x64.01060_0.000_200_-200_ptsink.lime
/scratch/usr/hhpmbate/chroma_2pt/32x64/b5p40kp119989kp119812/lp0001_g8g2_q000_q200_q222_q420_q440_src2/correlators/baryon_qcdsf.850.b5p40kp119989kp119812-32x64.01060_0.000_200_-200_smsnk30.lime
/scratch/usr/hhpmbate/chroma_2pt/32x64/b5p40kp119989kp119812/lp0001_g8g2_q000_q200_q222_q420_q440_src2/correlators/baryon_qcdsf.850.b5p40kp119989kp119812-32x64.01060_0.000_222_-2-2-2_ptsink.lime
/scratch/usr/hhpmbate/chroma_2pt/32x64/b5p40kp119989kp119812/lp0001_g8g2_q000_q200_q222_q420_q440_src2/correlators/baryon_qcdsf.850.b5p40kp119989kp119812-32x64.01060_0.000_222_-2-2-2_smsnk30.lime
/scratch/usr/hhpmbate/chroma_2pt/32x64/b5p40kp119989kp119812/lp0001_g8g2_q000_q200_q222_q420_q440_src2/correlators/baryon_qcdsf.850.b5p40kp119989kp119812-32x64.01060_0.000_420_-4-20_ptsink.lime
/scratch/usr/hhpmbate/chroma_2pt/32x64/b5p40kp119989kp119812/lp0001_g8g2_q000_q200_q222_q420_q440_src2/correlators/baryon_qcdsf.850.b5p40kp119989kp119812-32x64.01060_0.000_420_-4-20_smsnk30.lime
/scratch/usr/hhpmbate/chroma_2pt/32x64/b5p40kp119989kp119812/lp0001_g8g2_q000_q200_q222_q420_q440_src2/correlators/baryon_qcdsf.850.b5p40kp119989kp119812-32x64.01060_0.000_440_-4-40_ptsink.lime
/scratch/usr/hhpmbate/chroma_2pt/32x64/b5p40kp119989kp119812/lp0001_g8g2_q000_q200_q222_q420_q440_src2/correlators/baryon_qcdsf.850.b5p40kp119989kp119812-32x64.01060_0.000_440_-4-40_smsnk30.lime
/scratch/usr/hhpmbate/chroma_2pt/32x64/b5p40kp119989kp119812/lp0001_g8g2_q000_q200_q222_q420_q440_src2/correlators/baryon_qcdsf.850.b5p40kp119989kp119812-32x64.01064_0.000_000_ptsink.lime
/scratch/usr/hhpmbate/chroma_2pt/32x64/b5p40kp119989kp119812/lp0001_g8g2_q000_q200_q222_q420_q440_src2/correlators/baryon_qcdsf.850.b5p40kp119989kp119812-32x64.01064_0.000_000_smsnk30.lime
/scratch/usr/hhpmbate/chroma_2pt/32x64/b5p40kp119989kp119812/lp0001_g8g2_q000_q200_q222_q420_q440_src2/correlators/baryon_qcdsf.850.b5p40kp119989kp119812-32x64.01064_0.000_200_-200_ptsink.lime
/scratch/usr/hhpmbate/chroma_2pt/32x64/b5p40kp119989kp119812/lp0001_g8g2_q000_q200_q222_q420_q440_src2/correlators/baryon_qcdsf.850.b5p40kp119989kp119812-32x64.01064_0.000_200_-200_smsnk30.lime
/scratch/usr/hhpmbate/chroma_2pt/32x64/b5p40kp119989kp119812/lp0001_g8g2_q000_q200_q222_q420_q440_src2/correlators/baryon_qcdsf.850.b5p40kp119989kp119812-32x64.01064_0.000_222_-2-2-2_ptsink.lime
/scratch/usr/hhpmbate/chroma_2pt/32x64/b5p40kp119989kp119812/lp0001_g8g2_q000_q200_q222_q420_q440_src2/correlators/baryon_qcdsf.850.b5p40kp119989kp119812-32x64.01064_0.000_222_-2-2-2_smsnk30.lime
/scratch/usr/hhpmbate/chroma_2pt/32x64/b5p40kp119989kp119812/lp0001_g8g2_q000_q200_q222_q420_q440_src2/correlators/baryon_qcdsf.850.b5p40kp119989kp119812-32x64.01064_0.000_420_-4-20_ptsink.lime
/scratch/usr/hhpmbate/chroma_2pt/32x64/b5p40kp119989kp119812/lp0001_g8g2_q000_q200_q222_q420_q440_src2/correlators/baryon_qcdsf.850.b5p40kp119989kp119812-32x64.01064_0.000_420_-4-20_smsnk30.lime
/scratch/usr/hhpmbate/chroma_2pt/32x64/b5p40kp119989kp119812/lp0001_g8g2_q000_q200_q222_q420_q440_src2/correlators/baryon_qcdsf.850.b5p40kp119989kp119812-32x64.01064_0.000_440_-4-40_ptsink.lime
/scratch/usr/hhpmbate/chroma_2pt/32x64/b5p40kp119989kp119812/lp0001_g8g2_q000_q200_q222_q420_q440_src2/correlators/baryon_qcdsf.850.b5p40kp119989kp119812-32x64.01064_0.000_440_-4-40_smsnk30.lime
/scratch/usr/hhpmbate/chroma_2pt/32x64/b5p40kp119989kp119812/lp0001_g8g2_q000_q200_q222_q420_q440_src2/correlators/baryon_qcdsf.850.b5p40kp119989kp119812-32x64.01070_0.000_000_ptsink.lime
/scratch/usr/hhpmbate/chroma_2pt/32x64/b5p40kp119989kp119812/lp0001_g8g2_q000_q200_q222_q420_q440_src2/correlators/baryon_qcdsf.850.b5p40kp119989kp119812-32x64.01070_0.000_000_smsnk30.lime
/scratch/usr/hhpmbate/chroma_2pt/32x64/b5p40kp119989kp119812/lp0001_g8g2_q000_q200_q222_q420_q440_src2/correlators/baryon_qcdsf.850.b5p40kp119989kp119812-32x64.01070_0.000_200_-200_ptsink.lime
/scratch/usr/hhpmbate/chroma_2pt/32x64/b5p40kp119989kp119812/lp0001_g8g2_q000_q200_q222_q420_q440_src2/correlators/baryon_qcdsf.850.b5p40kp119989kp119812-32x64.01070_0.000_200_-200_smsnk30.lime
/scratch/usr/hhpmbate/chroma_2pt/32x64/b5p40kp119989kp119812/lp0001_g8g2_q000_q200_q222_q420_q440_src2/correlators/baryon_qcdsf.850.b5p40kp119989kp119812-32x64.01070_0.000_222_-2-2-2_ptsink.lime
/scratch/usr/hhpmbate/chroma_2pt/32x64/b5p40kp119989kp119812/lp0001_g8g2_q000_q200_q222_q420_q440_src2/correlators/baryon_qcdsf.850.b5p40kp119989kp119812-32x64.01070_0.000_222_-2-2-2_smsnk30.lime
/scratch/usr/hhpmbate/chroma_2pt/32x64/b5p40kp119989kp119812/lp0001_g8g2_q000_q200_q222_q420_q440_src2/correlators/baryon_qcdsf.850.b5p40kp119989kp119812-32x64.01070_0.000_420_-4-20_ptsink.lime
/scratch/usr/hhpmbate/chroma_2pt/32x64/b5p40kp119989kp119812/lp0001_g8g2_q000_q200_q222_q420_q440_src2/correlators/baryon_qcdsf.850.b5p40kp119989kp119812-32x64.01070_0.000_420_-4-20_smsnk30.lime
/scratch/usr/hhpmbate/chroma_2pt/32x64/b5p40kp119989kp119812/lp0001_g8g2_q000_q200_q222_q420_q440_src2/correlators/baryon_qcdsf.850.b5p40kp119989kp119812-32x64.01070_0.000_440_-4-40_ptsink.lime
/scratch/usr/hhpmbate/chroma_2pt/32x64/b5p40kp119989kp119812/lp0001_g8g2_q000_q200_q222_q420_q440_src2/correlators/baryon_qcdsf.850.b5p40kp119989kp119812-32x64.01070_0.000_440_-4-40_smsnk30.lime
/scratch/usr/hhpmbate/chroma_2pt/32x64/b5p40kp119989kp119812/lp0001_g8g2_q000_q200_q222_q420_q440_src2/correlators/baryon_qcdsf.850.b5p40kp119989kp119812-32x64.01071_0.000_000_ptsink.lime
/scratch/usr/hhpmbate/chroma_2pt/32x64/b5p40kp119989kp119812/lp0001_g8g2_q000_q200_q222_q420_q440_src2/correlators/baryon_qcdsf.850.b5p40kp119989kp119812-32x64.01071_0.000_000_smsnk30.lime
/scratch/usr/hhpmbate/chroma_2pt/32x64/b5p40kp119989kp119812/lp0001_g8g2_q000_q200_q222_q420_q440_src2/correlators/baryon_qcdsf.850.b5p40kp119989kp119812-32x64.01071_0.000_200_-200_ptsink.lime
/scratch/usr/hhpmbate/chroma_2pt/32x64/b5p40kp119989kp119812/lp0001_g8g2_q000_q200_q222_q420_q440_src2/correlators/baryon_qcdsf.850.b5p40kp119989kp119812-32x64.01071_0.000_200_-200_smsnk30.lime
/scratch/usr/hhpmbate/chroma_2pt/32x64/b5p40kp119989kp119812/lp0001_g8g2_q000_q200_q222_q420_q440_src2/correlators/baryon_qcdsf.850.b5p40kp119989kp119812-32x64.01071_0.000_222_-2-2-2_ptsink.lime
/scratch/usr/hhpmbate/chroma_2pt/32x64/b5p40kp119989kp119812/lp0001_g8g2_q000_q200_q222_q420_q440_src2/correlators/baryon_qcdsf.850.b5p40kp119989kp119812-32x64.01071_0.000_222_-2-2-2_smsnk30.lime
/scratch/usr/hhpmbate/chroma_2pt/32x64/b5p40kp119989kp119812/lp0001_g8g2_q000_q200_q222_q420_q440_src2/correlators/baryon_qcdsf.850.b5p40kp119989kp119812-32x64.01071_0.000_420_-4-20_ptsink.lime
/scratch/usr/hhpmbate/chroma_2pt/32x64/b5p40kp119989kp119812/lp0001_g8g2_q000_q200_q222_q420_q440_src2/correlators/baryon_qcdsf.850.b5p40kp119989kp119812-32x64.01071_0.000_420_-4-20_smsnk30.lime
/scratch/usr/hhpmbate/chroma_2pt/32x64/b5p40kp119989kp119812/lp0001_g8g2_q000_q200_q222_q420_q440_src2/correlators/baryon_qcdsf.850.b5p40kp119989kp119812-32x64.01071_0.000_440_-4-40_ptsink.lime
/scratch/usr/hhpmbate/chroma_2pt/32x64/b5p40kp119989kp119812/lp0001_g8g2_q000_q200_q222_q420_q440_src2/correlators/baryon_qcdsf.850.b5p40kp119989kp119812-32x64.01071_0.000_440_-4-40_smsnk30.lime
/scratch/usr/hhpmbate/chroma_2pt/32x64/b5p40kp119989kp119812/lp0001_g8g2_q000_q200_q222_q420_q440_src2/correlators/baryon_qcdsf.850.b5p40kp119989kp119812-32x64.01076_0.000_000_ptsink.lime
/scratch/usr/hhpmbate/chroma_2pt/32x64/b5p40kp119989kp119812/lp0001_g8g2_q000_q200_q222_q420_q440_src2/correlators/baryon_qcdsf.850.b5p40kp119989kp119812-32x64.01076_0.000_000_smsnk30.lime
/scratch/usr/hhpmbate/chroma_2pt/32x64/b5p40kp119989kp119812/lp0001_g8g2_q000_q200_q222_q420_q440_src2/correlators/baryon_qcdsf.850.b5p40kp119989kp119812-32x64.01076_0.000_200_-200_ptsink.lime
/scratch/usr/hhpmbate/chroma_2pt/32x64/b5p40kp119989kp119812/lp0001_g8g2_q000_q200_q222_q420_q440_src2/correlators/baryon_qcdsf.850.b5p40kp119989kp119812-32x64.01076_0.000_200_-200_smsnk30.lime
/scratch/usr/hhpmbate/chroma_2pt/32x64/b5p40kp119989kp119812/lp0001_g8g2_q000_q200_q222_q420_q440_src2/correlators/baryon_qcdsf.850.b5p40kp119989kp119812-32x64.01076_0.000_222_-2-2-2_ptsink.lime
/scratch/usr/hhpmbate/chroma_2pt/32x64/b5p40kp119989kp119812/lp0001_g8g2_q000_q200_q222_q420_q440_src2/correlators/baryon_qcdsf.850.b5p40kp119989kp119812-32x64.01076_0.000_222_-2-2-2_smsnk30.lime
/scratch/usr/hhpmbate/chroma_2pt/32x64/b5p40kp119989kp119812/lp0001_g8g2_q000_q200_q222_q420_q440_src2/correlators/baryon_qcdsf.850.b5p40kp119989kp119812-32x64.01076_0.000_420_-4-20_ptsink.lime
/scratch/usr/hhpmbate/chroma_2pt/32x64/b5p40kp119989kp119812/lp0001_g8g2_q000_q200_q222_q420_q440_src2/correlators/baryon_qcdsf.850.b5p40kp119989kp119812-32x64.01076_0.000_420_-4-20_smsnk30.lime
/scratch/usr/hhpmbate/chroma_2pt/32x64/b5p40kp119989kp119812/lp0001_g8g2_q000_q200_q222_q420_q440_src2/correlators/baryon_qcdsf.850.b5p40kp119989kp119812-32x64.01076_0.000_440_-4-40_ptsink.lime
/scratch/usr/hhpmbate/chroma_2pt/32x64/b5p40kp119989kp119812/lp0001_g8g2_q000_q200_q222_q420_q440_src2/correlators/baryon_qcdsf.850.b5p40kp119989kp119812-32x64.01076_0.000_440_-4-40_smsnk30.lime
/scratch/usr/hhpmbate/chroma_2pt/32x64/b5p40kp119989kp119812/lp0001_g8g2_q000_q200_q222_q420_q440_src2/correlators/baryon_qcdsf.850.b5p40kp119989kp119812-32x64.01077_0.000_000_ptsink.lime
/scratch/usr/hhpmbate/chroma_2pt/32x64/b5p40kp119989kp119812/lp0001_g8g2_q000_q200_q222_q420_q440_src2/correlators/baryon_qcdsf.850.b5p40kp119989kp119812-32x64.01077_0.000_000_smsnk30.lime
/scratch/usr/hhpmbate/chroma_2pt/32x64/b5p40kp119989kp119812/lp0001_g8g2_q000_q200_q222_q420_q440_src2/correlators/baryon_qcdsf.850.b5p40kp119989kp119812-32x64.01077_0.000_200_-200_ptsink.lime
/scratch/usr/hhpmbate/chroma_2pt/32x64/b5p40kp119989kp119812/lp0001_g8g2_q000_q200_q222_q420_q440_src2/correlators/baryon_qcdsf.850.b5p40kp119989kp119812-32x64.01077_0.000_200_-200_smsnk30.lime
/scratch/usr/hhpmbate/chroma_2pt/32x64/b5p40kp119989kp119812/lp0001_g8g2_q000_q200_q222_q420_q440_src2/correlators/baryon_qcdsf.850.b5p40kp119989kp119812-32x64.01077_0.000_222_-2-2-2_ptsink.lime
/scratch/usr/hhpmbate/chroma_2pt/32x64/b5p40kp119989kp119812/lp0001_g8g2_q000_q200_q222_q420_q440_src2/correlators/baryon_qcdsf.850.b5p40kp119989kp119812-32x64.01077_0.000_222_-2-2-2_smsnk30.lime
/scratch/usr/hhpmbate/chroma_2pt/32x64/b5p40kp119989kp119812/lp0001_g8g2_q000_q200_q222_q420_q440_src2/correlators/baryon_qcdsf.850.b5p40kp119989kp119812-32x64.01077_0.000_420_-4-20_ptsink.lime
/scratch/usr/hhpmbate/chroma_2pt/32x64/b5p40kp119989kp119812/lp0001_g8g2_q000_q200_q222_q420_q440_src2/correlators/baryon_qcdsf.850.b5p40kp119989kp119812-32x64.01077_0.000_420_-4-20_smsnk30.lime
/scratch/usr/hhpmbate/chroma_2pt/32x64/b5p40kp119989kp119812/lp0001_g8g2_q000_q200_q222_q420_q440_src2/correlators/baryon_qcdsf.850.b5p40kp119989kp119812-32x64.01077_0.000_440_-4-40_ptsink.lime
/scratch/usr/hhpmbate/chroma_2pt/32x64/b5p40kp119989kp119812/lp0001_g8g2_q000_q200_q222_q420_q440_src2/correlators/baryon_qcdsf.850.b5p40kp119989kp119812-32x64.01077_0.000_440_-4-40_smsnk30.lime
/scratch/usr/hhpmbate/chroma_2pt/32x64/b5p40kp119989kp119812/lp0001_g8g2_q000_q200_q222_q420_q440_src2/correlators/baryon_qcdsf.850.b5p40kp119989kp119812-32x64.01078_0.000_000_ptsink.lime
/scratch/usr/hhpmbate/chroma_2pt/32x64/b5p40kp119989kp119812/lp0001_g8g2_q000_q200_q222_q420_q440_src2/correlators/baryon_qcdsf.850.b5p40kp119989kp119812-32x64.01078_0.000_000_smsnk30.lime
/scratch/usr/hhpmbate/chroma_2pt/32x64/b5p40kp119989kp119812/lp0001_g8g2_q000_q200_q222_q420_q440_src2/correlators/baryon_qcdsf.850.b5p40kp119989kp119812-32x64.01078_0.000_200_-200_ptsink.lime
/scratch/usr/hhpmbate/chroma_2pt/32x64/b5p40kp119989kp119812/lp0001_g8g2_q000_q200_q222_q420_q440_src2/correlators/baryon_qcdsf.850.b5p40kp119989kp119812-32x64.01078_0.000_200_-200_smsnk30.lime
/scratch/usr/hhpmbate/chroma_2pt/32x64/b5p40kp119989kp119812/lp0001_g8g2_q000_q200_q222_q420_q440_src2/correlators/baryon_qcdsf.850.b5p40kp119989kp119812-32x64.01078_0.000_222_-2-2-2_ptsink.lime
/scratch/usr/hhpmbate/chroma_2pt/32x64/b5p40kp119989kp119812/lp0001_g8g2_q000_q200_q222_q420_q440_src2/correlators/baryon_qcdsf.850.b5p40kp119989kp119812-32x64.01078_0.000_222_-2-2-2_smsnk30.lime
/scratch/usr/hhpmbate/chroma_2pt/32x64/b5p40kp119989kp119812/lp0001_g8g2_q000_q200_q222_q420_q440_src2/correlators/baryon_qcdsf.850.b5p40kp119989kp119812-32x64.01078_0.000_420_-4-20_ptsink.lime
/scratch/usr/hhpmbate/chroma_2pt/32x64/b5p40kp119989kp119812/lp0001_g8g2_q000_q200_q222_q420_q440_src2/correlators/baryon_qcdsf.850.b5p40kp119989kp119812-32x64.01078_0.000_420_-4-20_smsnk30.lime
/scratch/usr/hhpmbate/chroma_2pt/32x64/b5p40kp119989kp119812/lp0001_g8g2_q000_q200_q222_q420_q440_src2/correlators/baryon_qcdsf.850.b5p40kp119989kp119812-32x64.01078_0.000_440_-4-40_ptsink.lime
/scratch/usr/hhpmbate/chroma_2pt/32x64/b5p40kp119989kp119812/lp0001_g8g2_q000_q200_q222_q420_q440_src2/correlators/baryon_qcdsf.850.b5p40kp119989kp119812-32x64.01078_0.000_440_-4-40_smsnk30.lime
/scratch/usr/hhpmbate/chroma_2pt/32x64/b5p40kp119989kp119812/lp0001_g8g2_q000_q200_q222_q420_q440_src2/correlators/baryon_qcdsf.850.b5p40kp119989kp119812-32x64.01079_0.000_000_ptsink.lime
/scratch/usr/hhpmbate/chroma_2pt/32x64/b5p40kp119989kp119812/lp0001_g8g2_q000_q200_q222_q420_q440_src2/correlators/baryon_qcdsf.850.b5p40kp119989kp119812-32x64.01079_0.000_000_smsnk30.lime
/scratch/usr/hhpmbate/chroma_2pt/32x64/b5p40kp119989kp119812/lp0001_g8g2_q000_q200_q222_q420_q440_src2/correlators/baryon_qcdsf.850.b5p40kp119989kp119812-32x64.01079_0.000_200_-200_ptsink.lime
/scratch/usr/hhpmbate/chroma_2pt/32x64/b5p40kp119989kp119812/lp0001_g8g2_q000_q200_q222_q420_q440_src2/correlators/baryon_qcdsf.850.b5p40kp119989kp119812-32x64.01079_0.000_200_-200_smsnk30.lime
/scratch/usr/hhpmbate/chroma_2pt/32x64/b5p40kp119989kp119812/lp0001_g8g2_q000_q200_q222_q420_q440_src2/correlators/baryon_qcdsf.850.b5p40kp119989kp119812-32x64.01079_0.000_222_-2-2-2_ptsink.lime
/scratch/usr/hhpmbate/chroma_2pt/32x64/b5p40kp119989kp119812/lp0001_g8g2_q000_q200_q222_q420_q440_src2/correlators/baryon_qcdsf.850.b5p40kp119989kp119812-32x64.01079_0.000_222_-2-2-2_smsnk30.lime
/scratch/usr/hhpmbate/chroma_2pt/32x64/b5p40kp119989kp119812/lp0001_g8g2_q000_q200_q222_q420_q440_src2/correlators/baryon_qcdsf.850.b5p40kp119989kp119812-32x64.01079_0.000_420_-4-20_ptsink.lime
/scratch/usr/hhpmbate/chroma_2pt/32x64/b5p40kp119989kp119812/lp0001_g8g2_q000_q200_q222_q420_q440_src2/correlators/baryon_qcdsf.850.b5p40kp119989kp119812-32x64.01079_0.000_420_-4-20_smsnk30.lime
/scratch/usr/hhpmbate/chroma_2pt/32x64/b5p40kp119989kp119812/lp0001_g8g2_q000_q200_q222_q420_q440_src2/correlators/baryon_qcdsf.850.b5p40kp119989kp119812-32x64.01079_0.000_440_-4-40_ptsink.lime
/scratch/usr/hhpmbate/chroma_2pt/32x64/b5p40kp119989kp119812/lp0001_g8g2_q000_q200_q222_q420_q440_src2/correlators/baryon_qcdsf.850.b5p40kp119989kp119812-32x64.01079_0.000_440_-4-40_smsnk30.lime
/scratch/usr/hhpmbate/chroma_2pt/32x64/b5p40kp119989kp119812/lp0001_g8g2_q000_q200_q222_q420_q440_src2/correlators/baryon_qcdsf.850.b5p40kp119989kp119812-32x64.01083_0.000_000_ptsink.lime
/scratch/usr/hhpmbate/chroma_2pt/32x64/b5p40kp119989kp119812/lp0001_g8g2_q000_q200_q222_q420_q440_src2/correlators/baryon_qcdsf.850.b5p40kp119989kp119812-32x64.01083_0.000_000_smsnk30.lime
/scratch/usr/hhpmbate/chroma_2pt/32x64/b5p40kp119989kp119812/lp0001_g8g2_q000_q200_q222_q420_q440_src2/correlators/baryon_qcdsf.850.b5p40kp119989kp119812-32x64.01083_0.000_200_-200_ptsink.lime
/scratch/usr/hhpmbate/chroma_2pt/32x64/b5p40kp119989kp119812/lp0001_g8g2_q000_q200_q222_q420_q440_src2/correlators/baryon_qcdsf.850.b5p40kp119989kp119812-32x64.01083_0.000_200_-200_smsnk30.lime
/scratch/usr/hhpmbate/chroma_2pt/32x64/b5p40kp119989kp119812/lp0001_g8g2_q000_q200_q222_q420_q440_src2/correlators/baryon_qcdsf.850.b5p40kp119989kp119812-32x64.01083_0.000_222_-2-2-2_ptsink.lime
/scratch/usr/hhpmbate/chroma_2pt/32x64/b5p40kp119989kp119812/lp0001_g8g2_q000_q200_q222_q420_q440_src2/correlators/baryon_qcdsf.850.b5p40kp119989kp119812-32x64.01083_0.000_222_-2-2-2_smsnk30.lime
/scratch/usr/hhpmbate/chroma_2pt/32x64/b5p40kp119989kp119812/lp0001_g8g2_q000_q200_q222_q420_q440_src2/correlators/baryon_qcdsf.850.b5p40kp119989kp119812-32x64.01083_0.000_420_-4-20_ptsink.lime
/scratch/usr/hhpmbate/chroma_2pt/32x64/b5p40kp119989kp119812/lp0001_g8g2_q000_q200_q222_q420_q440_src2/correlators/baryon_qcdsf.850.b5p40kp119989kp119812-32x64.01083_0.000_420_-4-20_smsnk30.lime
/scratch/usr/hhpmbate/chroma_2pt/32x64/b5p40kp119989kp119812/lp0001_g8g2_q000_q200_q222_q420_q440_src2/correlators/baryon_qcdsf.850.b5p40kp119989kp119812-32x64.01083_0.000_440_-4-40_ptsink.lime
/scratch/usr/hhpmbate/chroma_2pt/32x64/b5p40kp119989kp119812/lp0001_g8g2_q000_q200_q222_q420_q440_src2/correlators/baryon_qcdsf.850.b5p40kp119989kp119812-32x64.01083_0.000_440_-4-40_smsnk30.lime
/scratch/usr/hhpmbate/chroma_2pt/32x64/b5p40kp119989kp119812/lp0001_g8g2_q000_q200_q222_q420_q440_src2/correlators/baryon_qcdsf.850.b5p40kp119989kp119812-32x64.01085_0.000_000_ptsink.lime
/scratch/usr/hhpmbate/chroma_2pt/32x64/b5p40kp119989kp119812/lp0001_g8g2_q000_q200_q222_q420_q440_src2/correlators/baryon_qcdsf.850.b5p40kp119989kp119812-32x64.01085_0.000_000_smsnk30.lime
/scratch/usr/hhpmbate/chroma_2pt/32x64/b5p40kp119989kp119812/lp0001_g8g2_q000_q200_q222_q420_q440_src2/correlators/baryon_qcdsf.850.b5p40kp119989kp119812-32x64.01085_0.000_200_-200_ptsink.lime
/scratch/usr/hhpmbate/chroma_2pt/32x64/b5p40kp119989kp119812/lp0001_g8g2_q000_q200_q222_q420_q440_src2/correlators/baryon_qcdsf.850.b5p40kp119989kp119812-32x64.01085_0.000_200_-200_smsnk30.lime
/scratch/usr/hhpmbate/chroma_2pt/32x64/b5p40kp119989kp119812/lp0001_g8g2_q000_q200_q222_q420_q440_src2/correlators/baryon_qcdsf.850.b5p40kp119989kp119812-32x64.01085_0.000_222_-2-2-2_ptsink.lime
/scratch/usr/hhpmbate/chroma_2pt/32x64/b5p40kp119989kp119812/lp0001_g8g2_q000_q200_q222_q420_q440_src2/correlators/baryon_qcdsf.850.b5p40kp119989kp119812-32x64.01085_0.000_222_-2-2-2_smsnk30.lime
/scratch/usr/hhpmbate/chroma_2pt/32x64/b5p40kp119989kp119812/lp0001_g8g2_q000_q200_q222_q420_q440_src2/correlators/baryon_qcdsf.850.b5p40kp119989kp119812-32x64.01085_0.000_420_-4-20_ptsink.lime
/scratch/usr/hhpmbate/chroma_2pt/32x64/b5p40kp119989kp119812/lp0001_g8g2_q000_q200_q222_q420_q440_src2/correlators/baryon_qcdsf.850.b5p40kp119989kp119812-32x64.01085_0.000_420_-4-20_smsnk30.lime
/scratch/usr/hhpmbate/chroma_2pt/32x64/b5p40kp119989kp119812/lp0001_g8g2_q000_q200_q222_q420_q440_src2/correlators/baryon_qcdsf.850.b5p40kp119989kp119812-32x64.01085_0.000_440_-4-40_ptsink.lime
/scratch/usr/hhpmbate/chroma_2pt/32x64/b5p40kp119989kp119812/lp0001_g8g2_q000_q200_q222_q420_q440_src2/correlators/baryon_qcdsf.850.b5p40kp119989kp119812-32x64.01085_0.000_440_-4-40_smsnk30.lime
/scratch/usr/hhpmbate/chroma_2pt/32x64/b5p40kp119989kp119812/lp0001_g8g2_q000_q200_q222_q420_q440_src2/correlators/baryon_qcdsf.850.b5p40kp119989kp119812-32x64.01087_0.000_000_ptsink.lime
/scratch/usr/hhpmbate/chroma_2pt/32x64/b5p40kp119989kp119812/lp0001_g8g2_q000_q200_q222_q420_q440_src2/correlators/baryon_qcdsf.850.b5p40kp119989kp119812-32x64.01087_0.000_000_smsnk30.lime
/scratch/usr/hhpmbate/chroma_2pt/32x64/b5p40kp119989kp119812/lp0001_g8g2_q000_q200_q222_q420_q440_src2/correlators/baryon_qcdsf.850.b5p40kp119989kp119812-32x64.01087_0.000_200_-200_ptsink.lime
/scratch/usr/hhpmbate/chroma_2pt/32x64/b5p40kp119989kp119812/lp0001_g8g2_q000_q200_q222_q420_q440_src2/correlators/baryon_qcdsf.850.b5p40kp119989kp119812-32x64.01087_0.000_200_-200_smsnk30.lime
/scratch/usr/hhpmbate/chroma_2pt/32x64/b5p40kp119989kp119812/lp0001_g8g2_q000_q200_q222_q420_q440_src2/correlators/baryon_qcdsf.850.b5p40kp119989kp119812-32x64.01087_0.000_222_-2-2-2_ptsink.lime
/scratch/usr/hhpmbate/chroma_2pt/32x64/b5p40kp119989kp119812/lp0001_g8g2_q000_q200_q222_q420_q440_src2/correlators/baryon_qcdsf.850.b5p40kp119989kp119812-32x64.01087_0.000_222_-2-2-2_smsnk30.lime
/scratch/usr/hhpmbate/chroma_2pt/32x64/b5p40kp119989kp119812/lp0001_g8g2_q000_q200_q222_q420_q440_src2/correlators/baryon_qcdsf.850.b5p40kp119989kp119812-32x64.01087_0.000_420_-4-20_ptsink.lime
/scratch/usr/hhpmbate/chroma_2pt/32x64/b5p40kp119989kp119812/lp0001_g8g2_q000_q200_q222_q420_q440_src2/correlators/baryon_qcdsf.850.b5p40kp119989kp119812-32x64.01087_0.000_420_-4-20_smsnk30.lime
/scratch/usr/hhpmbate/chroma_2pt/32x64/b5p40kp119989kp119812/lp0001_g8g2_q000_q200_q222_q420_q440_src2/correlators/baryon_qcdsf.850.b5p40kp119989kp119812-32x64.01087_0.000_440_-4-40_ptsink.lime
/scratch/usr/hhpmbate/chroma_2pt/32x64/b5p40kp119989kp119812/lp0001_g8g2_q000_q200_q222_q420_q440_src2/correlators/baryon_qcdsf.850.b5p40kp119989kp119812-32x64.01087_0.000_440_-4-40_smsnk30.lime
/scratch/usr/hhpmbate/chroma_2pt/32x64/b5p40kp119989kp119812/lp0001_g8g2_q000_q200_q222_q420_q440_src2/correlators/baryon_qcdsf.850.b5p40kp119989kp119812-32x64.01088_0.000_000_ptsink.lime
/scratch/usr/hhpmbate/chroma_2pt/32x64/b5p40kp119989kp119812/lp0001_g8g2_q000_q200_q222_q420_q440_src2/correlators/baryon_qcdsf.850.b5p40kp119989kp119812-32x64.01088_0.000_000_smsnk30.lime
/scratch/usr/hhpmbate/chroma_2pt/32x64/b5p40kp119989kp119812/lp0001_g8g2_q000_q200_q222_q420_q440_src2/correlators/baryon_qcdsf.850.b5p40kp119989kp119812-32x64.01088_0.000_200_-200_ptsink.lime
/scratch/usr/hhpmbate/chroma_2pt/32x64/b5p40kp119989kp119812/lp0001_g8g2_q000_q200_q222_q420_q440_src2/correlators/baryon_qcdsf.850.b5p40kp119989kp119812-32x64.01088_0.000_200_-200_smsnk30.lime
/scratch/usr/hhpmbate/chroma_2pt/32x64/b5p40kp119989kp119812/lp0001_g8g2_q000_q200_q222_q420_q440_src2/correlators/baryon_qcdsf.850.b5p40kp119989kp119812-32x64.01088_0.000_222_-2-2-2_ptsink.lime
/scratch/usr/hhpmbate/chroma_2pt/32x64/b5p40kp119989kp119812/lp0001_g8g2_q000_q200_q222_q420_q440_src2/correlators/baryon_qcdsf.850.b5p40kp119989kp119812-32x64.01088_0.000_222_-2-2-2_smsnk30.lime
/scratch/usr/hhpmbate/chroma_2pt/32x64/b5p40kp119989kp119812/lp0001_g8g2_q000_q200_q222_q420_q440_src2/correlators/baryon_qcdsf.850.b5p40kp119989kp119812-32x64.01088_0.000_420_-4-20_ptsink.lime
/scratch/usr/hhpmbate/chroma_2pt/32x64/b5p40kp119989kp119812/lp0001_g8g2_q000_q200_q222_q420_q440_src2/correlators/baryon_qcdsf.850.b5p40kp119989kp119812-32x64.01088_0.000_420_-4-20_smsnk30.lime
/scratch/usr/hhpmbate/chroma_2pt/32x64/b5p40kp119989kp119812/lp0001_g8g2_q000_q200_q222_q420_q440_src2/correlators/baryon_qcdsf.850.b5p40kp119989kp119812-32x64.01088_0.000_440_-4-40_ptsink.lime
/scratch/usr/hhpmbate/chroma_2pt/32x64/b5p40kp119989kp119812/lp0001_g8g2_q000_q200_q222_q420_q440_src2/correlators/baryon_qcdsf.850.b5p40kp119989kp119812-32x64.01088_0.000_440_-4-40_smsnk30.lime
/scratch/usr/hhpmbate/chroma_2pt/32x64/b5p40kp119989kp119812/lp0001_g8g2_q000_q200_q222_q420_q440_src2/correlators/baryon_qcdsf.850.b5p40kp119989kp119812-32x64.01094_0.000_000_ptsink.lime
/scratch/usr/hhpmbate/chroma_2pt/32x64/b5p40kp119989kp119812/lp0001_g8g2_q000_q200_q222_q420_q440_src2/correlators/baryon_qcdsf.850.b5p40kp119989kp119812-32x64.01094_0.000_000_smsnk30.lime
/scratch/usr/hhpmbate/chroma_2pt/32x64/b5p40kp119989kp119812/lp0001_g8g2_q000_q200_q222_q420_q440_src2/correlators/baryon_qcdsf.850.b5p40kp119989kp119812-32x64.01094_0.000_200_-200_ptsink.lime
/scratch/usr/hhpmbate/chroma_2pt/32x64/b5p40kp119989kp119812/lp0001_g8g2_q000_q200_q222_q420_q440_src2/correlators/baryon_qcdsf.850.b5p40kp119989kp119812-32x64.01094_0.000_200_-200_smsnk30.lime
/scratch/usr/hhpmbate/chroma_2pt/32x64/b5p40kp119989kp119812/lp0001_g8g2_q000_q200_q222_q420_q440_src2/correlators/baryon_qcdsf.850.b5p40kp119989kp119812-32x64.01094_0.000_222_-2-2-2_ptsink.lime
/scratch/usr/hhpmbate/chroma_2pt/32x64/b5p40kp119989kp119812/lp0001_g8g2_q000_q200_q222_q420_q440_src2/correlators/baryon_qcdsf.850.b5p40kp119989kp119812-32x64.01094_0.000_222_-2-2-2_smsnk30.lime
/scratch/usr/hhpmbate/chroma_2pt/32x64/b5p40kp119989kp119812/lp0001_g8g2_q000_q200_q222_q420_q440_src2/correlators/baryon_qcdsf.850.b5p40kp119989kp119812-32x64.01094_0.000_420_-4-20_ptsink.lime
/scratch/usr/hhpmbate/chroma_2pt/32x64/b5p40kp119989kp119812/lp0001_g8g2_q000_q200_q222_q420_q440_src2/correlators/baryon_qcdsf.850.b5p40kp119989kp119812-32x64.01094_0.000_420_-4-20_smsnk30.lime
/scratch/usr/hhpmbate/chroma_2pt/32x64/b5p40kp119989kp119812/lp0001_g8g2_q000_q200_q222_q420_q440_src2/correlators/baryon_qcdsf.850.b5p40kp119989kp119812-32x64.01094_0.000_440_-4-40_ptsink.lime
/scratch/usr/hhpmbate/chroma_2pt/32x64/b5p40kp119989kp119812/lp0001_g8g2_q000_q200_q222_q420_q440_src2/correlators/baryon_qcdsf.850.b5p40kp119989kp119812-32x64.01094_0.000_440_-4-40_smsnk30.lime
/scratch/usr/hhpmbate/chroma_2pt/32x64/b5p40kp119989kp119812/lp0001_g8g2_q000_q200_q222_q420_q440_src2/correlators/baryon_qcdsf.850.b5p40kp119989kp119812-32x64.01095_0.000_000_ptsink.lime
/scratch/usr/hhpmbate/chroma_2pt/32x64/b5p40kp119989kp119812/lp0001_g8g2_q000_q200_q222_q420_q440_src2/correlators/baryon_qcdsf.850.b5p40kp119989kp119812-32x64.01095_0.000_000_smsnk30.lime
/scratch/usr/hhpmbate/chroma_2pt/32x64/b5p40kp119989kp119812/lp0001_g8g2_q000_q200_q222_q420_q440_src2/correlators/baryon_qcdsf.850.b5p40kp119989kp119812-32x64.01095_0.000_200_-200_ptsink.lime
/scratch/usr/hhpmbate/chroma_2pt/32x64/b5p40kp119989kp119812/lp0001_g8g2_q000_q200_q222_q420_q440_src2/correlators/baryon_qcdsf.850.b5p40kp119989kp119812-32x64.01095_0.000_200_-200_smsnk30.lime
/scratch/usr/hhpmbate/chroma_2pt/32x64/b5p40kp119989kp119812/lp0001_g8g2_q000_q200_q222_q420_q440_src2/correlators/baryon_qcdsf.850.b5p40kp119989kp119812-32x64.01095_0.000_222_-2-2-2_ptsink.lime
/scratch/usr/hhpmbate/chroma_2pt/32x64/b5p40kp119989kp119812/lp0001_g8g2_q000_q200_q222_q420_q440_src2/correlators/baryon_qcdsf.850.b5p40kp119989kp119812-32x64.01095_0.000_222_-2-2-2_smsnk30.lime
/scratch/usr/hhpmbate/chroma_2pt/32x64/b5p40kp119989kp119812/lp0001_g8g2_q000_q200_q222_q420_q440_src2/correlators/baryon_qcdsf.850.b5p40kp119989kp119812-32x64.01095_0.000_420_-4-20_ptsink.lime
/scratch/usr/hhpmbate/chroma_2pt/32x64/b5p40kp119989kp119812/lp0001_g8g2_q000_q200_q222_q420_q440_src2/correlators/baryon_qcdsf.850.b5p40kp119989kp119812-32x64.01095_0.000_420_-4-20_smsnk30.lime
/scratch/usr/hhpmbate/chroma_2pt/32x64/b5p40kp119989kp119812/lp0001_g8g2_q000_q200_q222_q420_q440_src2/correlators/baryon_qcdsf.850.b5p40kp119989kp119812-32x64.01095_0.000_440_-4-40_ptsink.lime
/scratch/usr/hhpmbate/chroma_2pt/32x64/b5p40kp119989kp119812/lp0001_g8g2_q000_q200_q222_q420_q440_src2/correlators/baryon_qcdsf.850.b5p40kp119989kp119812-32x64.01095_0.000_440_-4-40_smsnk30.lime
/scratch/usr/hhpmbate/chroma_2pt/32x64/b5p40kp119989kp119812/lp0001_g8g2_q000_q200_q222_q420_q440_src2/correlators/baryon_qcdsf.850.b5p40kp119989kp119812-32x64.01098_0.000_000_ptsink.lime
/scratch/usr/hhpmbate/chroma_2pt/32x64/b5p40kp119989kp119812/lp0001_g8g2_q000_q200_q222_q420_q440_src2/correlators/baryon_qcdsf.850.b5p40kp119989kp119812-32x64.01098_0.000_000_smsnk30.lime
/scratch/usr/hhpmbate/chroma_2pt/32x64/b5p40kp119989kp119812/lp0001_g8g2_q000_q200_q222_q420_q440_src2/correlators/baryon_qcdsf.850.b5p40kp119989kp119812-32x64.01098_0.000_200_-200_ptsink.lime
/scratch/usr/hhpmbate/chroma_2pt/32x64/b5p40kp119989kp119812/lp0001_g8g2_q000_q200_q222_q420_q440_src2/correlators/baryon_qcdsf.850.b5p40kp119989kp119812-32x64.01098_0.000_200_-200_smsnk30.lime
/scratch/usr/hhpmbate/chroma_2pt/32x64/b5p40kp119989kp119812/lp0001_g8g2_q000_q200_q222_q420_q440_src2/correlators/baryon_qcdsf.850.b5p40kp119989kp119812-32x64.01098_0.000_222_-2-2-2_ptsink.lime
/scratch/usr/hhpmbate/chroma_2pt/32x64/b5p40kp119989kp119812/lp0001_g8g2_q000_q200_q222_q420_q440_src2/correlators/baryon_qcdsf.850.b5p40kp119989kp119812-32x64.01098_0.000_222_-2-2-2_smsnk30.lime
/scratch/usr/hhpmbate/chroma_2pt/32x64/b5p40kp119989kp119812/lp0001_g8g2_q000_q200_q222_q420_q440_src2/correlators/baryon_qcdsf.850.b5p40kp119989kp119812-32x64.01098_0.000_420_-4-20_ptsink.lime
/scratch/usr/hhpmbate/chroma_2pt/32x64/b5p40kp119989kp119812/lp0001_g8g2_q000_q200_q222_q420_q440_src2/correlators/baryon_qcdsf.850.b5p40kp119989kp119812-32x64.01098_0.000_420_-4-20_smsnk30.lime
/scratch/usr/hhpmbate/chroma_2pt/32x64/b5p40kp119989kp119812/lp0001_g8g2_q000_q200_q222_q420_q440_src2/correlators/baryon_qcdsf.850.b5p40kp119989kp119812-32x64.01098_0.000_440_-4-40_ptsink.lime
/scratch/usr/hhpmbate/chroma_2pt/32x64/b5p40kp119989kp119812/lp0001_g8g2_q000_q200_q222_q420_q440_src2/correlators/baryon_qcdsf.850.b5p40kp119989kp119812-32x64.01098_0.000_440_-4-40_smsnk30.lime
/scratch/usr/hhpmbate/chroma_2pt/32x64/b5p40kp119989kp119812/lp0001_g8g2_q000_q200_q222_q420_q440_src2/correlators/baryon_qcdsf.850.b5p40kp119989kp119812-32x64.01103_0.000_000_ptsink.lime
/scratch/usr/hhpmbate/chroma_2pt/32x64/b5p40kp119989kp119812/lp0001_g8g2_q000_q200_q222_q420_q440_src2/correlators/baryon_qcdsf.850.b5p40kp119989kp119812-32x64.01103_0.000_000_smsnk30.lime
/scratch/usr/hhpmbate/chroma_2pt/32x64/b5p40kp119989kp119812/lp0001_g8g2_q000_q200_q222_q420_q440_src2/correlators/baryon_qcdsf.850.b5p40kp119989kp119812-32x64.01103_0.000_200_-200_ptsink.lime
/scratch/usr/hhpmbate/chroma_2pt/32x64/b5p40kp119989kp119812/lp0001_g8g2_q000_q200_q222_q420_q440_src2/correlators/baryon_qcdsf.850.b5p40kp119989kp119812-32x64.01103_0.000_200_-200_smsnk30.lime
/scratch/usr/hhpmbate/chroma_2pt/32x64/b5p40kp119989kp119812/lp0001_g8g2_q000_q200_q222_q420_q440_src2/correlators/baryon_qcdsf.850.b5p40kp119989kp119812-32x64.01103_0.000_222_-2-2-2_ptsink.lime
/scratch/usr/hhpmbate/chroma_2pt/32x64/b5p40kp119989kp119812/lp0001_g8g2_q000_q200_q222_q420_q440_src2/correlators/baryon_qcdsf.850.b5p40kp119989kp119812-32x64.01103_0.000_222_-2-2-2_smsnk30.lime
/scratch/usr/hhpmbate/chroma_2pt/32x64/b5p40kp119989kp119812/lp0001_g8g2_q000_q200_q222_q420_q440_src2/correlators/baryon_qcdsf.850.b5p40kp119989kp119812-32x64.01103_0.000_420_-4-20_ptsink.lime
/scratch/usr/hhpmbate/chroma_2pt/32x64/b5p40kp119989kp119812/lp0001_g8g2_q000_q200_q222_q420_q440_src2/correlators/baryon_qcdsf.850.b5p40kp119989kp119812-32x64.01103_0.000_420_-4-20_smsnk30.lime
/scratch/usr/hhpmbate/chroma_2pt/32x64/b5p40kp119989kp119812/lp0001_g8g2_q000_q200_q222_q420_q440_src2/correlators/baryon_qcdsf.850.b5p40kp119989kp119812-32x64.01103_0.000_440_-4-40_ptsink.lime
/scratch/usr/hhpmbate/chroma_2pt/32x64/b5p40kp119989kp119812/lp0001_g8g2_q000_q200_q222_q420_q440_src2/correlators/baryon_qcdsf.850.b5p40kp119989kp119812-32x64.01103_0.000_440_-4-40_smsnk30.lime
/scratch/usr/hhpmbate/chroma_2pt/32x64/b5p40kp119989kp119812/lp0001_g8g2_q000_q200_q222_q420_q440_src2/correlators/baryon_qcdsf.850.b5p40kp119989kp119812-32x64.01108_0.000_000_ptsink.lime
/scratch/usr/hhpmbate/chroma_2pt/32x64/b5p40kp119989kp119812/lp0001_g8g2_q000_q200_q222_q420_q440_src2/correlators/baryon_qcdsf.850.b5p40kp119989kp119812-32x64.01108_0.000_000_smsnk30.lime
/scratch/usr/hhpmbate/chroma_2pt/32x64/b5p40kp119989kp119812/lp0001_g8g2_q000_q200_q222_q420_q440_src2/correlators/baryon_qcdsf.850.b5p40kp119989kp119812-32x64.01108_0.000_200_-200_ptsink.lime
/scratch/usr/hhpmbate/chroma_2pt/32x64/b5p40kp119989kp119812/lp0001_g8g2_q000_q200_q222_q420_q440_src2/correlators/baryon_qcdsf.850.b5p40kp119989kp119812-32x64.01108_0.000_200_-200_smsnk30.lime
/scratch/usr/hhpmbate/chroma_2pt/32x64/b5p40kp119989kp119812/lp0001_g8g2_q000_q200_q222_q420_q440_src2/correlators/baryon_qcdsf.850.b5p40kp119989kp119812-32x64.01108_0.000_222_-2-2-2_ptsink.lime
/scratch/usr/hhpmbate/chroma_2pt/32x64/b5p40kp119989kp119812/lp0001_g8g2_q000_q200_q222_q420_q440_src2/correlators/baryon_qcdsf.850.b5p40kp119989kp119812-32x64.01108_0.000_222_-2-2-2_smsnk30.lime
/scratch/usr/hhpmbate/chroma_2pt/32x64/b5p40kp119989kp119812/lp0001_g8g2_q000_q200_q222_q420_q440_src2/correlators/baryon_qcdsf.850.b5p40kp119989kp119812-32x64.01108_0.000_420_-4-20_ptsink.lime
/scratch/usr/hhpmbate/chroma_2pt/32x64/b5p40kp119989kp119812/lp0001_g8g2_q000_q200_q222_q420_q440_src2/correlators/baryon_qcdsf.850.b5p40kp119989kp119812-32x64.01108_0.000_420_-4-20_smsnk30.lime
/scratch/usr/hhpmbate/chroma_2pt/32x64/b5p40kp119989kp119812/lp0001_g8g2_q000_q200_q222_q420_q440_src2/correlators/baryon_qcdsf.850.b5p40kp119989kp119812-32x64.01108_0.000_440_-4-40_ptsink.lime
/scratch/usr/hhpmbate/chroma_2pt/32x64/b5p40kp119989kp119812/lp0001_g8g2_q000_q200_q222_q420_q440_src2/correlators/baryon_qcdsf.850.b5p40kp119989kp119812-32x64.01108_0.000_440_-4-40_smsnk30.lime
/scratch/usr/hhpmbate/chroma_2pt/32x64/b5p40kp119989kp119812/lp0001_g8g2_q000_q200_q222_q420_q440_src2/correlators/baryon_qcdsf.850.b5p40kp119989kp119812-32x64.01110_0.000_000_ptsink.lime
/scratch/usr/hhpmbate/chroma_2pt/32x64/b5p40kp119989kp119812/lp0001_g8g2_q000_q200_q222_q420_q440_src2/correlators/baryon_qcdsf.850.b5p40kp119989kp119812-32x64.01110_0.000_000_smsnk30.lime
/scratch/usr/hhpmbate/chroma_2pt/32x64/b5p40kp119989kp119812/lp0001_g8g2_q000_q200_q222_q420_q440_src2/correlators/baryon_qcdsf.850.b5p40kp119989kp119812-32x64.01110_0.000_200_-200_ptsink.lime
/scratch/usr/hhpmbate/chroma_2pt/32x64/b5p40kp119989kp119812/lp0001_g8g2_q000_q200_q222_q420_q440_src2/correlators/baryon_qcdsf.850.b5p40kp119989kp119812-32x64.01110_0.000_200_-200_smsnk30.lime
/scratch/usr/hhpmbate/chroma_2pt/32x64/b5p40kp119989kp119812/lp0001_g8g2_q000_q200_q222_q420_q440_src2/correlators/baryon_qcdsf.850.b5p40kp119989kp119812-32x64.01110_0.000_222_-2-2-2_ptsink.lime
/scratch/usr/hhpmbate/chroma_2pt/32x64/b5p40kp119989kp119812/lp0001_g8g2_q000_q200_q222_q420_q440_src2/correlators/baryon_qcdsf.850.b5p40kp119989kp119812-32x64.01110_0.000_222_-2-2-2_smsnk30.lime
/scratch/usr/hhpmbate/chroma_2pt/32x64/b5p40kp119989kp119812/lp0001_g8g2_q000_q200_q222_q420_q440_src2/correlators/baryon_qcdsf.850.b5p40kp119989kp119812-32x64.01110_0.000_420_-4-20_ptsink.lime
/scratch/usr/hhpmbate/chroma_2pt/32x64/b5p40kp119989kp119812/lp0001_g8g2_q000_q200_q222_q420_q440_src2/correlators/baryon_qcdsf.850.b5p40kp119989kp119812-32x64.01110_0.000_420_-4-20_smsnk30.lime
/scratch/usr/hhpmbate/chroma_2pt/32x64/b5p40kp119989kp119812/lp0001_g8g2_q000_q200_q222_q420_q440_src2/correlators/baryon_qcdsf.850.b5p40kp119989kp119812-32x64.01110_0.000_440_-4-40_ptsink.lime
/scratch/usr/hhpmbate/chroma_2pt/32x64/b5p40kp119989kp119812/lp0001_g8g2_q000_q200_q222_q420_q440_src2/correlators/baryon_qcdsf.850.b5p40kp119989kp119812-32x64.01110_0.000_440_-4-40_smsnk30.lime
/scratch/usr/hhpmbate/chroma_2pt/32x64/b5p40kp119989kp119812/lp0001_g8g2_q000_q200_q222_q420_q440_src2/correlators/baryon_qcdsf.850.b5p40kp119989kp119812-32x64.01115_0.000_000_ptsink.lime
/scratch/usr/hhpmbate/chroma_2pt/32x64/b5p40kp119989kp119812/lp0001_g8g2_q000_q200_q222_q420_q440_src2/correlators/baryon_qcdsf.850.b5p40kp119989kp119812-32x64.01115_0.000_000_smsnk30.lime
/scratch/usr/hhpmbate/chroma_2pt/32x64/b5p40kp119989kp119812/lp0001_g8g2_q000_q200_q222_q420_q440_src2/correlators/baryon_qcdsf.850.b5p40kp119989kp119812-32x64.01115_0.000_200_-200_ptsink.lime
/scratch/usr/hhpmbate/chroma_2pt/32x64/b5p40kp119989kp119812/lp0001_g8g2_q000_q200_q222_q420_q440_src2/correlators/baryon_qcdsf.850.b5p40kp119989kp119812-32x64.01115_0.000_200_-200_smsnk30.lime
/scratch/usr/hhpmbate/chroma_2pt/32x64/b5p40kp119989kp119812/lp0001_g8g2_q000_q200_q222_q420_q440_src2/correlators/baryon_qcdsf.850.b5p40kp119989kp119812-32x64.01115_0.000_222_-2-2-2_ptsink.lime
/scratch/usr/hhpmbate/chroma_2pt/32x64/b5p40kp119989kp119812/lp0001_g8g2_q000_q200_q222_q420_q440_src2/correlators/baryon_qcdsf.850.b5p40kp119989kp119812-32x64.01115_0.000_222_-2-2-2_smsnk30.lime
/scratch/usr/hhpmbate/chroma_2pt/32x64/b5p40kp119989kp119812/lp0001_g8g2_q000_q200_q222_q420_q440_src2/correlators/baryon_qcdsf.850.b5p40kp119989kp119812-32x64.01115_0.000_420_-4-20_ptsink.lime
/scratch/usr/hhpmbate/chroma_2pt/32x64/b5p40kp119989kp119812/lp0001_g8g2_q000_q200_q222_q420_q440_src2/correlators/baryon_qcdsf.850.b5p40kp119989kp119812-32x64.01115_0.000_420_-4-20_smsnk30.lime
/scratch/usr/hhpmbate/chroma_2pt/32x64/b5p40kp119989kp119812/lp0001_g8g2_q000_q200_q222_q420_q440_src2/correlators/baryon_qcdsf.850.b5p40kp119989kp119812-32x64.01115_0.000_440_-4-40_ptsink.lime
/scratch/usr/hhpmbate/chroma_2pt/32x64/b5p40kp119989kp119812/lp0001_g8g2_q000_q200_q222_q420_q440_src2/correlators/baryon_qcdsf.850.b5p40kp119989kp119812-32x64.01115_0.000_440_-4-40_smsnk30.lime
/scratch/usr/hhpmbate/chroma_2pt/32x64/b5p40kp119989kp119812/lp0001_g8g2_q000_q200_q222_q420_q440_src2/correlators/baryon_qcdsf.850.b5p40kp119989kp119812-32x64.01119_0.000_000_ptsink.lime
/scratch/usr/hhpmbate/chroma_2pt/32x64/b5p40kp119989kp119812/lp0001_g8g2_q000_q200_q222_q420_q440_src2/correlators/baryon_qcdsf.850.b5p40kp119989kp119812-32x64.01119_0.000_000_smsnk30.lime
/scratch/usr/hhpmbate/chroma_2pt/32x64/b5p40kp119989kp119812/lp0001_g8g2_q000_q200_q222_q420_q440_src2/correlators/baryon_qcdsf.850.b5p40kp119989kp119812-32x64.01119_0.000_200_-200_ptsink.lime
/scratch/usr/hhpmbate/chroma_2pt/32x64/b5p40kp119989kp119812/lp0001_g8g2_q000_q200_q222_q420_q440_src2/correlators/baryon_qcdsf.850.b5p40kp119989kp119812-32x64.01119_0.000_200_-200_smsnk30.lime
/scratch/usr/hhpmbate/chroma_2pt/32x64/b5p40kp119989kp119812/lp0001_g8g2_q000_q200_q222_q420_q440_src2/correlators/baryon_qcdsf.850.b5p40kp119989kp119812-32x64.01119_0.000_222_-2-2-2_ptsink.lime
/scratch/usr/hhpmbate/chroma_2pt/32x64/b5p40kp119989kp119812/lp0001_g8g2_q000_q200_q222_q420_q440_src2/correlators/baryon_qcdsf.850.b5p40kp119989kp119812-32x64.01119_0.000_222_-2-2-2_smsnk30.lime
/scratch/usr/hhpmbate/chroma_2pt/32x64/b5p40kp119989kp119812/lp0001_g8g2_q000_q200_q222_q420_q440_src2/correlators/baryon_qcdsf.850.b5p40kp119989kp119812-32x64.01119_0.000_420_-4-20_ptsink.lime
/scratch/usr/hhpmbate/chroma_2pt/32x64/b5p40kp119989kp119812/lp0001_g8g2_q000_q200_q222_q420_q440_src2/correlators/baryon_qcdsf.850.b5p40kp119989kp119812-32x64.01119_0.000_420_-4-20_smsnk30.lime
/scratch/usr/hhpmbate/chroma_2pt/32x64/b5p40kp119989kp119812/lp0001_g8g2_q000_q200_q222_q420_q440_src2/correlators/baryon_qcdsf.850.b5p40kp119989kp119812-32x64.01119_0.000_440_-4-40_ptsink.lime
/scratch/usr/hhpmbate/chroma_2pt/32x64/b5p40kp119989kp119812/lp0001_g8g2_q000_q200_q222_q420_q440_src2/correlators/baryon_qcdsf.850.b5p40kp119989kp119812-32x64.01119_0.000_440_-4-40_smsnk30.lime
/scratch/usr/hhpmbate/chroma_2pt/32x64/b5p40kp119989kp119812/lp0001_g8g2_q000_q200_q222_q420_q440_src2/correlators/baryon_qcdsf.850.b5p40kp119989kp119812-32x64.01123_0.000_000_ptsink.lime
/scratch/usr/hhpmbate/chroma_2pt/32x64/b5p40kp119989kp119812/lp0001_g8g2_q000_q200_q222_q420_q440_src2/correlators/baryon_qcdsf.850.b5p40kp119989kp119812-32x64.01123_0.000_000_smsnk30.lime
/scratch/usr/hhpmbate/chroma_2pt/32x64/b5p40kp119989kp119812/lp0001_g8g2_q000_q200_q222_q420_q440_src2/correlators/baryon_qcdsf.850.b5p40kp119989kp119812-32x64.01123_0.000_200_-200_ptsink.lime
/scratch/usr/hhpmbate/chroma_2pt/32x64/b5p40kp119989kp119812/lp0001_g8g2_q000_q200_q222_q420_q440_src2/correlators/baryon_qcdsf.850.b5p40kp119989kp119812-32x64.01123_0.000_200_-200_smsnk30.lime
/scratch/usr/hhpmbate/chroma_2pt/32x64/b5p40kp119989kp119812/lp0001_g8g2_q000_q200_q222_q420_q440_src2/correlators/baryon_qcdsf.850.b5p40kp119989kp119812-32x64.01123_0.000_222_-2-2-2_ptsink.lime
/scratch/usr/hhpmbate/chroma_2pt/32x64/b5p40kp119989kp119812/lp0001_g8g2_q000_q200_q222_q420_q440_src2/correlators/baryon_qcdsf.850.b5p40kp119989kp119812-32x64.01123_0.000_222_-2-2-2_smsnk30.lime
/scratch/usr/hhpmbate/chroma_2pt/32x64/b5p40kp119989kp119812/lp0001_g8g2_q000_q200_q222_q420_q440_src2/correlators/baryon_qcdsf.850.b5p40kp119989kp119812-32x64.01123_0.000_420_-4-20_ptsink.lime
/scratch/usr/hhpmbate/chroma_2pt/32x64/b5p40kp119989kp119812/lp0001_g8g2_q000_q200_q222_q420_q440_src2/correlators/baryon_qcdsf.850.b5p40kp119989kp119812-32x64.01123_0.000_420_-4-20_smsnk30.lime
/scratch/usr/hhpmbate/chroma_2pt/32x64/b5p40kp119989kp119812/lp0001_g8g2_q000_q200_q222_q420_q440_src2/correlators/baryon_qcdsf.850.b5p40kp119989kp119812-32x64.01123_0.000_440_-4-40_ptsink.lime
/scratch/usr/hhpmbate/chroma_2pt/32x64/b5p40kp119989kp119812/lp0001_g8g2_q000_q200_q222_q420_q440_src2/correlators/baryon_qcdsf.850.b5p40kp119989kp119812-32x64.01123_0.000_440_-4-40_smsnk30.lime
/scratch/usr/hhpmbate/chroma_2pt/32x64/b5p40kp119989kp119812/lp0001_g8g2_q000_q200_q222_q420_q440_src2/correlators/baryon_qcdsf.850.b5p40kp119989kp119812-32x64.01125_0.000_000_ptsink.lime
/scratch/usr/hhpmbate/chroma_2pt/32x64/b5p40kp119989kp119812/lp0001_g8g2_q000_q200_q222_q420_q440_src2/correlators/baryon_qcdsf.850.b5p40kp119989kp119812-32x64.01125_0.000_000_smsnk30.lime
/scratch/usr/hhpmbate/chroma_2pt/32x64/b5p40kp119989kp119812/lp0001_g8g2_q000_q200_q222_q420_q440_src2/correlators/baryon_qcdsf.850.b5p40kp119989kp119812-32x64.01125_0.000_200_-200_ptsink.lime
/scratch/usr/hhpmbate/chroma_2pt/32x64/b5p40kp119989kp119812/lp0001_g8g2_q000_q200_q222_q420_q440_src2/correlators/baryon_qcdsf.850.b5p40kp119989kp119812-32x64.01125_0.000_200_-200_smsnk30.lime
/scratch/usr/hhpmbate/chroma_2pt/32x64/b5p40kp119989kp119812/lp0001_g8g2_q000_q200_q222_q420_q440_src2/correlators/baryon_qcdsf.850.b5p40kp119989kp119812-32x64.01125_0.000_222_-2-2-2_ptsink.lime
/scratch/usr/hhpmbate/chroma_2pt/32x64/b5p40kp119989kp119812/lp0001_g8g2_q000_q200_q222_q420_q440_src2/correlators/baryon_qcdsf.850.b5p40kp119989kp119812-32x64.01125_0.000_222_-2-2-2_smsnk30.lime
/scratch/usr/hhpmbate/chroma_2pt/32x64/b5p40kp119989kp119812/lp0001_g8g2_q000_q200_q222_q420_q440_src2/correlators/baryon_qcdsf.850.b5p40kp119989kp119812-32x64.01125_0.000_420_-4-20_ptsink.lime
/scratch/usr/hhpmbate/chroma_2pt/32x64/b5p40kp119989kp119812/lp0001_g8g2_q000_q200_q222_q420_q440_src2/correlators/baryon_qcdsf.850.b5p40kp119989kp119812-32x64.01125_0.000_420_-4-20_smsnk30.lime
/scratch/usr/hhpmbate/chroma_2pt/32x64/b5p40kp119989kp119812/lp0001_g8g2_q000_q200_q222_q420_q440_src2/correlators/baryon_qcdsf.850.b5p40kp119989kp119812-32x64.01125_0.000_440_-4-40_ptsink.lime
/scratch/usr/hhpmbate/chroma_2pt/32x64/b5p40kp119989kp119812/lp0001_g8g2_q000_q200_q222_q420_q440_src2/correlators/baryon_qcdsf.850.b5p40kp119989kp119812-32x64.01125_0.000_440_-4-40_smsnk30.lime
/scratch/usr/hhpmbate/chroma_2pt/32x64/b5p40kp119989kp119812/lp0001_g8g2_q000_q200_q222_q420_q440_src2/correlators/baryon_qcdsf.850.b5p40kp119989kp119812-32x64.01126_0.000_000_ptsink.lime
/scratch/usr/hhpmbate/chroma_2pt/32x64/b5p40kp119989kp119812/lp0001_g8g2_q000_q200_q222_q420_q440_src2/correlators/baryon_qcdsf.850.b5p40kp119989kp119812-32x64.01126_0.000_000_smsnk30.lime
/scratch/usr/hhpmbate/chroma_2pt/32x64/b5p40kp119989kp119812/lp0001_g8g2_q000_q200_q222_q420_q440_src2/correlators/baryon_qcdsf.850.b5p40kp119989kp119812-32x64.01126_0.000_200_-200_ptsink.lime
/scratch/usr/hhpmbate/chroma_2pt/32x64/b5p40kp119989kp119812/lp0001_g8g2_q000_q200_q222_q420_q440_src2/correlators/baryon_qcdsf.850.b5p40kp119989kp119812-32x64.01126_0.000_200_-200_smsnk30.lime
/scratch/usr/hhpmbate/chroma_2pt/32x64/b5p40kp119989kp119812/lp0001_g8g2_q000_q200_q222_q420_q440_src2/correlators/baryon_qcdsf.850.b5p40kp119989kp119812-32x64.01126_0.000_222_-2-2-2_ptsink.lime
/scratch/usr/hhpmbate/chroma_2pt/32x64/b5p40kp119989kp119812/lp0001_g8g2_q000_q200_q222_q420_q440_src2/correlators/baryon_qcdsf.850.b5p40kp119989kp119812-32x64.01126_0.000_222_-2-2-2_smsnk30.lime
/scratch/usr/hhpmbate/chroma_2pt/32x64/b5p40kp119989kp119812/lp0001_g8g2_q000_q200_q222_q420_q440_src2/correlators/baryon_qcdsf.850.b5p40kp119989kp119812-32x64.01126_0.000_420_-4-20_ptsink.lime
/scratch/usr/hhpmbate/chroma_2pt/32x64/b5p40kp119989kp119812/lp0001_g8g2_q000_q200_q222_q420_q440_src2/correlators/baryon_qcdsf.850.b5p40kp119989kp119812-32x64.01126_0.000_420_-4-20_smsnk30.lime
/scratch/usr/hhpmbate/chroma_2pt/32x64/b5p40kp119989kp119812/lp0001_g8g2_q000_q200_q222_q420_q440_src2/correlators/baryon_qcdsf.850.b5p40kp119989kp119812-32x64.01126_0.000_440_-4-40_ptsink.lime
/scratch/usr/hhpmbate/chroma_2pt/32x64/b5p40kp119989kp119812/lp0001_g8g2_q000_q200_q222_q420_q440_src2/correlators/baryon_qcdsf.850.b5p40kp119989kp119812-32x64.01126_0.000_440_-4-40_smsnk30.lime
/scratch/usr/hhpmbate/chroma_2pt/32x64/b5p40kp119989kp119812/lp0001_g8g2_q000_q200_q222_q420_q440_src2/correlators/baryon_qcdsf.850.b5p40kp119989kp119812-32x64.01127_0.000_000_ptsink.lime
/scratch/usr/hhpmbate/chroma_2pt/32x64/b5p40kp119989kp119812/lp0001_g8g2_q000_q200_q222_q420_q440_src2/correlators/baryon_qcdsf.850.b5p40kp119989kp119812-32x64.01127_0.000_000_smsnk30.lime
/scratch/usr/hhpmbate/chroma_2pt/32x64/b5p40kp119989kp119812/lp0001_g8g2_q000_q200_q222_q420_q440_src2/correlators/baryon_qcdsf.850.b5p40kp119989kp119812-32x64.01127_0.000_200_-200_ptsink.lime
/scratch/usr/hhpmbate/chroma_2pt/32x64/b5p40kp119989kp119812/lp0001_g8g2_q000_q200_q222_q420_q440_src2/correlators/baryon_qcdsf.850.b5p40kp119989kp119812-32x64.01127_0.000_200_-200_smsnk30.lime
/scratch/usr/hhpmbate/chroma_2pt/32x64/b5p40kp119989kp119812/lp0001_g8g2_q000_q200_q222_q420_q440_src2/correlators/baryon_qcdsf.850.b5p40kp119989kp119812-32x64.01127_0.000_222_-2-2-2_ptsink.lime
/scratch/usr/hhpmbate/chroma_2pt/32x64/b5p40kp119989kp119812/lp0001_g8g2_q000_q200_q222_q420_q440_src2/correlators/baryon_qcdsf.850.b5p40kp119989kp119812-32x64.01127_0.000_222_-2-2-2_smsnk30.lime
/scratch/usr/hhpmbate/chroma_2pt/32x64/b5p40kp119989kp119812/lp0001_g8g2_q000_q200_q222_q420_q440_src2/correlators/baryon_qcdsf.850.b5p40kp119989kp119812-32x64.01127_0.000_420_-4-20_ptsink.lime
/scratch/usr/hhpmbate/chroma_2pt/32x64/b5p40kp119989kp119812/lp0001_g8g2_q000_q200_q222_q420_q440_src2/correlators/baryon_qcdsf.850.b5p40kp119989kp119812-32x64.01127_0.000_420_-4-20_smsnk30.lime
/scratch/usr/hhpmbate/chroma_2pt/32x64/b5p40kp119989kp119812/lp0001_g8g2_q000_q200_q222_q420_q440_src2/correlators/baryon_qcdsf.850.b5p40kp119989kp119812-32x64.01127_0.000_440_-4-40_ptsink.lime
/scratch/usr/hhpmbate/chroma_2pt/32x64/b5p40kp119989kp119812/lp0001_g8g2_q000_q200_q222_q420_q440_src2/correlators/baryon_qcdsf.850.b5p40kp119989kp119812-32x64.01127_0.000_440_-4-40_smsnk30.lime
/scratch/usr/hhpmbate/chroma_2pt/32x64/b5p40kp119989kp119812/lp0001_g8g2_q000_q200_q222_q420_q440_src2/correlators/baryon_qcdsf.850.b5p40kp119989kp119812-32x64.01128_0.000_000_ptsink.lime
/scratch/usr/hhpmbate/chroma_2pt/32x64/b5p40kp119989kp119812/lp0001_g8g2_q000_q200_q222_q420_q440_src2/correlators/baryon_qcdsf.850.b5p40kp119989kp119812-32x64.01128_0.000_000_smsnk30.lime
/scratch/usr/hhpmbate/chroma_2pt/32x64/b5p40kp119989kp119812/lp0001_g8g2_q000_q200_q222_q420_q440_src2/correlators/baryon_qcdsf.850.b5p40kp119989kp119812-32x64.01128_0.000_200_-200_ptsink.lime
/scratch/usr/hhpmbate/chroma_2pt/32x64/b5p40kp119989kp119812/lp0001_g8g2_q000_q200_q222_q420_q440_src2/correlators/baryon_qcdsf.850.b5p40kp119989kp119812-32x64.01128_0.000_200_-200_smsnk30.lime
/scratch/usr/hhpmbate/chroma_2pt/32x64/b5p40kp119989kp119812/lp0001_g8g2_q000_q200_q222_q420_q440_src2/correlators/baryon_qcdsf.850.b5p40kp119989kp119812-32x64.01128_0.000_222_-2-2-2_ptsink.lime
/scratch/usr/hhpmbate/chroma_2pt/32x64/b5p40kp119989kp119812/lp0001_g8g2_q000_q200_q222_q420_q440_src2/correlators/baryon_qcdsf.850.b5p40kp119989kp119812-32x64.01128_0.000_222_-2-2-2_smsnk30.lime
/scratch/usr/hhpmbate/chroma_2pt/32x64/b5p40kp119989kp119812/lp0001_g8g2_q000_q200_q222_q420_q440_src2/correlators/baryon_qcdsf.850.b5p40kp119989kp119812-32x64.01128_0.000_420_-4-20_ptsink.lime
/scratch/usr/hhpmbate/chroma_2pt/32x64/b5p40kp119989kp119812/lp0001_g8g2_q000_q200_q222_q420_q440_src2/correlators/baryon_qcdsf.850.b5p40kp119989kp119812-32x64.01128_0.000_420_-4-20_smsnk30.lime
/scratch/usr/hhpmbate/chroma_2pt/32x64/b5p40kp119989kp119812/lp0001_g8g2_q000_q200_q222_q420_q440_src2/correlators/baryon_qcdsf.850.b5p40kp119989kp119812-32x64.01128_0.000_440_-4-40_ptsink.lime
/scratch/usr/hhpmbate/chroma_2pt/32x64/b5p40kp119989kp119812/lp0001_g8g2_q000_q200_q222_q420_q440_src2/correlators/baryon_qcdsf.850.b5p40kp119989kp119812-32x64.01128_0.000_440_-4-40_smsnk30.lime
/scratch/usr/hhpmbate/chroma_2pt/32x64/b5p40kp119989kp119812/lp0001_g8g2_q000_q200_q222_q420_q440_src2/correlators/baryon_qcdsf.850.b5p40kp119989kp119812-32x64.01129_0.000_000_ptsink.lime
/scratch/usr/hhpmbate/chroma_2pt/32x64/b5p40kp119989kp119812/lp0001_g8g2_q000_q200_q222_q420_q440_src2/correlators/baryon_qcdsf.850.b5p40kp119989kp119812-32x64.01129_0.000_000_smsnk30.lime
/scratch/usr/hhpmbate/chroma_2pt/32x64/b5p40kp119989kp119812/lp0001_g8g2_q000_q200_q222_q420_q440_src2/correlators/baryon_qcdsf.850.b5p40kp119989kp119812-32x64.01129_0.000_200_-200_ptsink.lime
/scratch/usr/hhpmbate/chroma_2pt/32x64/b5p40kp119989kp119812/lp0001_g8g2_q000_q200_q222_q420_q440_src2/correlators/baryon_qcdsf.850.b5p40kp119989kp119812-32x64.01129_0.000_200_-200_smsnk30.lime
/scratch/usr/hhpmbate/chroma_2pt/32x64/b5p40kp119989kp119812/lp0001_g8g2_q000_q200_q222_q420_q440_src2/correlators/baryon_qcdsf.850.b5p40kp119989kp119812-32x64.01129_0.000_222_-2-2-2_ptsink.lime
/scratch/usr/hhpmbate/chroma_2pt/32x64/b5p40kp119989kp119812/lp0001_g8g2_q000_q200_q222_q420_q440_src2/correlators/baryon_qcdsf.850.b5p40kp119989kp119812-32x64.01129_0.000_222_-2-2-2_smsnk30.lime
/scratch/usr/hhpmbate/chroma_2pt/32x64/b5p40kp119989kp119812/lp0001_g8g2_q000_q200_q222_q420_q440_src2/correlators/baryon_qcdsf.850.b5p40kp119989kp119812-32x64.01129_0.000_420_-4-20_ptsink.lime
/scratch/usr/hhpmbate/chroma_2pt/32x64/b5p40kp119989kp119812/lp0001_g8g2_q000_q200_q222_q420_q440_src2/correlators/baryon_qcdsf.850.b5p40kp119989kp119812-32x64.01129_0.000_420_-4-20_smsnk30.lime
/scratch/usr/hhpmbate/chroma_2pt/32x64/b5p40kp119989kp119812/lp0001_g8g2_q000_q200_q222_q420_q440_src2/correlators/baryon_qcdsf.850.b5p40kp119989kp119812-32x64.01129_0.000_440_-4-40_ptsink.lime
/scratch/usr/hhpmbate/chroma_2pt/32x64/b5p40kp119989kp119812/lp0001_g8g2_q000_q200_q222_q420_q440_src2/correlators/baryon_qcdsf.850.b5p40kp119989kp119812-32x64.01129_0.000_440_-4-40_smsnk30.lime
/scratch/usr/hhpmbate/chroma_2pt/32x64/b5p40kp119989kp119812/lp0001_g8g2_q000_q200_q222_q420_q440_src2/correlators/baryon_qcdsf.850.b5p40kp119989kp119812-32x64.01130_0.000_000_ptsink.lime
/scratch/usr/hhpmbate/chroma_2pt/32x64/b5p40kp119989kp119812/lp0001_g8g2_q000_q200_q222_q420_q440_src2/correlators/baryon_qcdsf.850.b5p40kp119989kp119812-32x64.01130_0.000_000_smsnk30.lime
/scratch/usr/hhpmbate/chroma_2pt/32x64/b5p40kp119989kp119812/lp0001_g8g2_q000_q200_q222_q420_q440_src2/correlators/baryon_qcdsf.850.b5p40kp119989kp119812-32x64.01130_0.000_200_-200_ptsink.lime
/scratch/usr/hhpmbate/chroma_2pt/32x64/b5p40kp119989kp119812/lp0001_g8g2_q000_q200_q222_q420_q440_src2/correlators/baryon_qcdsf.850.b5p40kp119989kp119812-32x64.01130_0.000_200_-200_smsnk30.lime
/scratch/usr/hhpmbate/chroma_2pt/32x64/b5p40kp119989kp119812/lp0001_g8g2_q000_q200_q222_q420_q440_src2/correlators/baryon_qcdsf.850.b5p40kp119989kp119812-32x64.01130_0.000_222_-2-2-2_ptsink.lime
/scratch/usr/hhpmbate/chroma_2pt/32x64/b5p40kp119989kp119812/lp0001_g8g2_q000_q200_q222_q420_q440_src2/correlators/baryon_qcdsf.850.b5p40kp119989kp119812-32x64.01130_0.000_222_-2-2-2_smsnk30.lime
/scratch/usr/hhpmbate/chroma_2pt/32x64/b5p40kp119989kp119812/lp0001_g8g2_q000_q200_q222_q420_q440_src2/correlators/baryon_qcdsf.850.b5p40kp119989kp119812-32x64.01130_0.000_420_-4-20_ptsink.lime
/scratch/usr/hhpmbate/chroma_2pt/32x64/b5p40kp119989kp119812/lp0001_g8g2_q000_q200_q222_q420_q440_src2/correlators/baryon_qcdsf.850.b5p40kp119989kp119812-32x64.01130_0.000_420_-4-20_smsnk30.lime
/scratch/usr/hhpmbate/chroma_2pt/32x64/b5p40kp119989kp119812/lp0001_g8g2_q000_q200_q222_q420_q440_src2/correlators/baryon_qcdsf.850.b5p40kp119989kp119812-32x64.01130_0.000_440_-4-40_ptsink.lime
/scratch/usr/hhpmbate/chroma_2pt/32x64/b5p40kp119989kp119812/lp0001_g8g2_q000_q200_q222_q420_q440_src2/correlators/baryon_qcdsf.850.b5p40kp119989kp119812-32x64.01130_0.000_440_-4-40_smsnk30.lime
/scratch/usr/hhpmbate/chroma_2pt/32x64/b5p40kp119989kp119812/lp0001_g8g2_q000_q200_q222_q420_q440_src2/correlators/baryon_qcdsf.850.b5p40kp119989kp119812-32x64.01133_0.000_000_ptsink.lime
/scratch/usr/hhpmbate/chroma_2pt/32x64/b5p40kp119989kp119812/lp0001_g8g2_q000_q200_q222_q420_q440_src2/correlators/baryon_qcdsf.850.b5p40kp119989kp119812-32x64.01133_0.000_000_smsnk30.lime
/scratch/usr/hhpmbate/chroma_2pt/32x64/b5p40kp119989kp119812/lp0001_g8g2_q000_q200_q222_q420_q440_src2/correlators/baryon_qcdsf.850.b5p40kp119989kp119812-32x64.01133_0.000_200_-200_ptsink.lime
/scratch/usr/hhpmbate/chroma_2pt/32x64/b5p40kp119989kp119812/lp0001_g8g2_q000_q200_q222_q420_q440_src2/correlators/baryon_qcdsf.850.b5p40kp119989kp119812-32x64.01133_0.000_200_-200_smsnk30.lime
/scratch/usr/hhpmbate/chroma_2pt/32x64/b5p40kp119989kp119812/lp0001_g8g2_q000_q200_q222_q420_q440_src2/correlators/baryon_qcdsf.850.b5p40kp119989kp119812-32x64.01133_0.000_222_-2-2-2_ptsink.lime
/scratch/usr/hhpmbate/chroma_2pt/32x64/b5p40kp119989kp119812/lp0001_g8g2_q000_q200_q222_q420_q440_src2/correlators/baryon_qcdsf.850.b5p40kp119989kp119812-32x64.01133_0.000_222_-2-2-2_smsnk30.lime
/scratch/usr/hhpmbate/chroma_2pt/32x64/b5p40kp119989kp119812/lp0001_g8g2_q000_q200_q222_q420_q440_src2/correlators/baryon_qcdsf.850.b5p40kp119989kp119812-32x64.01133_0.000_420_-4-20_ptsink.lime
/scratch/usr/hhpmbate/chroma_2pt/32x64/b5p40kp119989kp119812/lp0001_g8g2_q000_q200_q222_q420_q440_src2/correlators/baryon_qcdsf.850.b5p40kp119989kp119812-32x64.01133_0.000_420_-4-20_smsnk30.lime
/scratch/usr/hhpmbate/chroma_2pt/32x64/b5p40kp119989kp119812/lp0001_g8g2_q000_q200_q222_q420_q440_src2/correlators/baryon_qcdsf.850.b5p40kp119989kp119812-32x64.01133_0.000_440_-4-40_ptsink.lime
/scratch/usr/hhpmbate/chroma_2pt/32x64/b5p40kp119989kp119812/lp0001_g8g2_q000_q200_q222_q420_q440_src2/correlators/baryon_qcdsf.850.b5p40kp119989kp119812-32x64.01133_0.000_440_-4-40_smsnk30.lime
/scratch/usr/hhpmbate/chroma_2pt/32x64/b5p40kp119989kp119812/lp0001_g8g2_q000_q200_q222_q420_q440_src2/correlators/baryon_qcdsf.850.b5p40kp119989kp119812-32x64.01138_0.000_000_ptsink.lime
/scratch/usr/hhpmbate/chroma_2pt/32x64/b5p40kp119989kp119812/lp0001_g8g2_q000_q200_q222_q420_q440_src2/correlators/baryon_qcdsf.850.b5p40kp119989kp119812-32x64.01138_0.000_000_smsnk30.lime
/scratch/usr/hhpmbate/chroma_2pt/32x64/b5p40kp119989kp119812/lp0001_g8g2_q000_q200_q222_q420_q440_src2/correlators/baryon_qcdsf.850.b5p40kp119989kp119812-32x64.01138_0.000_200_-200_ptsink.lime
/scratch/usr/hhpmbate/chroma_2pt/32x64/b5p40kp119989kp119812/lp0001_g8g2_q000_q200_q222_q420_q440_src2/correlators/baryon_qcdsf.850.b5p40kp119989kp119812-32x64.01138_0.000_200_-200_smsnk30.lime
/scratch/usr/hhpmbate/chroma_2pt/32x64/b5p40kp119989kp119812/lp0001_g8g2_q000_q200_q222_q420_q440_src2/correlators/baryon_qcdsf.850.b5p40kp119989kp119812-32x64.01138_0.000_222_-2-2-2_ptsink.lime
/scratch/usr/hhpmbate/chroma_2pt/32x64/b5p40kp119989kp119812/lp0001_g8g2_q000_q200_q222_q420_q440_src2/correlators/baryon_qcdsf.850.b5p40kp119989kp119812-32x64.01138_0.000_222_-2-2-2_smsnk30.lime
/scratch/usr/hhpmbate/chroma_2pt/32x64/b5p40kp119989kp119812/lp0001_g8g2_q000_q200_q222_q420_q440_src2/correlators/baryon_qcdsf.850.b5p40kp119989kp119812-32x64.01138_0.000_420_-4-20_ptsink.lime
/scratch/usr/hhpmbate/chroma_2pt/32x64/b5p40kp119989kp119812/lp0001_g8g2_q000_q200_q222_q420_q440_src2/correlators/baryon_qcdsf.850.b5p40kp119989kp119812-32x64.01138_0.000_420_-4-20_smsnk30.lime
/scratch/usr/hhpmbate/chroma_2pt/32x64/b5p40kp119989kp119812/lp0001_g8g2_q000_q200_q222_q420_q440_src2/correlators/baryon_qcdsf.850.b5p40kp119989kp119812-32x64.01138_0.000_440_-4-40_ptsink.lime
/scratch/usr/hhpmbate/chroma_2pt/32x64/b5p40kp119989kp119812/lp0001_g8g2_q000_q200_q222_q420_q440_src2/correlators/baryon_qcdsf.850.b5p40kp119989kp119812-32x64.01138_0.000_440_-4-40_smsnk30.lime
/scratch/usr/hhpmbate/chroma_2pt/32x64/b5p40kp119989kp119812/lp0001_g8g2_q000_q200_q222_q420_q440_src2/correlators/baryon_qcdsf.850.b5p40kp119989kp119812-32x64.01141_0.000_000_ptsink.lime
/scratch/usr/hhpmbate/chroma_2pt/32x64/b5p40kp119989kp119812/lp0001_g8g2_q000_q200_q222_q420_q440_src2/correlators/baryon_qcdsf.850.b5p40kp119989kp119812-32x64.01141_0.000_000_smsnk30.lime
/scratch/usr/hhpmbate/chroma_2pt/32x64/b5p40kp119989kp119812/lp0001_g8g2_q000_q200_q222_q420_q440_src2/correlators/baryon_qcdsf.850.b5p40kp119989kp119812-32x64.01141_0.000_200_-200_ptsink.lime
/scratch/usr/hhpmbate/chroma_2pt/32x64/b5p40kp119989kp119812/lp0001_g8g2_q000_q200_q222_q420_q440_src2/correlators/baryon_qcdsf.850.b5p40kp119989kp119812-32x64.01141_0.000_200_-200_smsnk30.lime
/scratch/usr/hhpmbate/chroma_2pt/32x64/b5p40kp119989kp119812/lp0001_g8g2_q000_q200_q222_q420_q440_src2/correlators/baryon_qcdsf.850.b5p40kp119989kp119812-32x64.01141_0.000_222_-2-2-2_ptsink.lime
/scratch/usr/hhpmbate/chroma_2pt/32x64/b5p40kp119989kp119812/lp0001_g8g2_q000_q200_q222_q420_q440_src2/correlators/baryon_qcdsf.850.b5p40kp119989kp119812-32x64.01141_0.000_222_-2-2-2_smsnk30.lime
/scratch/usr/hhpmbate/chroma_2pt/32x64/b5p40kp119989kp119812/lp0001_g8g2_q000_q200_q222_q420_q440_src2/correlators/baryon_qcdsf.850.b5p40kp119989kp119812-32x64.01141_0.000_420_-4-20_ptsink.lime
/scratch/usr/hhpmbate/chroma_2pt/32x64/b5p40kp119989kp119812/lp0001_g8g2_q000_q200_q222_q420_q440_src2/correlators/baryon_qcdsf.850.b5p40kp119989kp119812-32x64.01141_0.000_420_-4-20_smsnk30.lime
/scratch/usr/hhpmbate/chroma_2pt/32x64/b5p40kp119989kp119812/lp0001_g8g2_q000_q200_q222_q420_q440_src2/correlators/baryon_qcdsf.850.b5p40kp119989kp119812-32x64.01141_0.000_440_-4-40_ptsink.lime
/scratch/usr/hhpmbate/chroma_2pt/32x64/b5p40kp119989kp119812/lp0001_g8g2_q000_q200_q222_q420_q440_src2/correlators/baryon_qcdsf.850.b5p40kp119989kp119812-32x64.01141_0.000_440_-4-40_smsnk30.lime
/scratch/usr/hhpmbate/chroma_2pt/32x64/b5p40kp119989kp119812/lp0001_g8g2_q000_q200_q222_q420_q440_src2/correlators/baryon_qcdsf.850.b5p40kp119989kp119812-32x64.01142_0.000_000_ptsink.lime
/scratch/usr/hhpmbate/chroma_2pt/32x64/b5p40kp119989kp119812/lp0001_g8g2_q000_q200_q222_q420_q440_src2/correlators/baryon_qcdsf.850.b5p40kp119989kp119812-32x64.01142_0.000_000_smsnk30.lime
/scratch/usr/hhpmbate/chroma_2pt/32x64/b5p40kp119989kp119812/lp0001_g8g2_q000_q200_q222_q420_q440_src2/correlators/baryon_qcdsf.850.b5p40kp119989kp119812-32x64.01142_0.000_200_-200_ptsink.lime
/scratch/usr/hhpmbate/chroma_2pt/32x64/b5p40kp119989kp119812/lp0001_g8g2_q000_q200_q222_q420_q440_src2/correlators/baryon_qcdsf.850.b5p40kp119989kp119812-32x64.01142_0.000_200_-200_smsnk30.lime
/scratch/usr/hhpmbate/chroma_2pt/32x64/b5p40kp119989kp119812/lp0001_g8g2_q000_q200_q222_q420_q440_src2/correlators/baryon_qcdsf.850.b5p40kp119989kp119812-32x64.01142_0.000_222_-2-2-2_ptsink.lime
/scratch/usr/hhpmbate/chroma_2pt/32x64/b5p40kp119989kp119812/lp0001_g8g2_q000_q200_q222_q420_q440_src2/correlators/baryon_qcdsf.850.b5p40kp119989kp119812-32x64.01142_0.000_222_-2-2-2_smsnk30.lime
/scratch/usr/hhpmbate/chroma_2pt/32x64/b5p40kp119989kp119812/lp0001_g8g2_q000_q200_q222_q420_q440_src2/correlators/baryon_qcdsf.850.b5p40kp119989kp119812-32x64.01142_0.000_420_-4-20_ptsink.lime
/scratch/usr/hhpmbate/chroma_2pt/32x64/b5p40kp119989kp119812/lp0001_g8g2_q000_q200_q222_q420_q440_src2/correlators/baryon_qcdsf.850.b5p40kp119989kp119812-32x64.01142_0.000_420_-4-20_smsnk30.lime
/scratch/usr/hhpmbate/chroma_2pt/32x64/b5p40kp119989kp119812/lp0001_g8g2_q000_q200_q222_q420_q440_src2/correlators/baryon_qcdsf.850.b5p40kp119989kp119812-32x64.01142_0.000_440_-4-40_ptsink.lime
/scratch/usr/hhpmbate/chroma_2pt/32x64/b5p40kp119989kp119812/lp0001_g8g2_q000_q200_q222_q420_q440_src2/correlators/baryon_qcdsf.850.b5p40kp119989kp119812-32x64.01142_0.000_440_-4-40_smsnk30.lime
/scratch/usr/hhpmbate/chroma_2pt/32x64/b5p40kp119989kp119812/lp0001_g8g2_q000_q200_q222_q420_q440_src2/correlators/baryon_qcdsf.850.b5p40kp119989kp119812-32x64.01143_0.000_000_ptsink.lime
/scratch/usr/hhpmbate/chroma_2pt/32x64/b5p40kp119989kp119812/lp0001_g8g2_q000_q200_q222_q420_q440_src2/correlators/baryon_qcdsf.850.b5p40kp119989kp119812-32x64.01143_0.000_000_smsnk30.lime
/scratch/usr/hhpmbate/chroma_2pt/32x64/b5p40kp119989kp119812/lp0001_g8g2_q000_q200_q222_q420_q440_src2/correlators/baryon_qcdsf.850.b5p40kp119989kp119812-32x64.01143_0.000_200_-200_ptsink.lime
/scratch/usr/hhpmbate/chroma_2pt/32x64/b5p40kp119989kp119812/lp0001_g8g2_q000_q200_q222_q420_q440_src2/correlators/baryon_qcdsf.850.b5p40kp119989kp119812-32x64.01143_0.000_200_-200_smsnk30.lime
/scratch/usr/hhpmbate/chroma_2pt/32x64/b5p40kp119989kp119812/lp0001_g8g2_q000_q200_q222_q420_q440_src2/correlators/baryon_qcdsf.850.b5p40kp119989kp119812-32x64.01143_0.000_222_-2-2-2_ptsink.lime
/scratch/usr/hhpmbate/chroma_2pt/32x64/b5p40kp119989kp119812/lp0001_g8g2_q000_q200_q222_q420_q440_src2/correlators/baryon_qcdsf.850.b5p40kp119989kp119812-32x64.01143_0.000_222_-2-2-2_smsnk30.lime
/scratch/usr/hhpmbate/chroma_2pt/32x64/b5p40kp119989kp119812/lp0001_g8g2_q000_q200_q222_q420_q440_src2/correlators/baryon_qcdsf.850.b5p40kp119989kp119812-32x64.01143_0.000_420_-4-20_ptsink.lime
/scratch/usr/hhpmbate/chroma_2pt/32x64/b5p40kp119989kp119812/lp0001_g8g2_q000_q200_q222_q420_q440_src2/correlators/baryon_qcdsf.850.b5p40kp119989kp119812-32x64.01143_0.000_420_-4-20_smsnk30.lime
/scratch/usr/hhpmbate/chroma_2pt/32x64/b5p40kp119989kp119812/lp0001_g8g2_q000_q200_q222_q420_q440_src2/correlators/baryon_qcdsf.850.b5p40kp119989kp119812-32x64.01143_0.000_440_-4-40_ptsink.lime
/scratch/usr/hhpmbate/chroma_2pt/32x64/b5p40kp119989kp119812/lp0001_g8g2_q000_q200_q222_q420_q440_src2/correlators/baryon_qcdsf.850.b5p40kp119989kp119812-32x64.01143_0.000_440_-4-40_smsnk30.lime
/scratch/usr/hhpmbate/chroma_2pt/32x64/b5p40kp119989kp119812/lp0001_g8g2_q000_q200_q222_q420_q440_src2/correlators/baryon_qcdsf.850.b5p40kp119989kp119812-32x64.01151_0.000_000_ptsink.lime
/scratch/usr/hhpmbate/chroma_2pt/32x64/b5p40kp119989kp119812/lp0001_g8g2_q000_q200_q222_q420_q440_src2/correlators/baryon_qcdsf.850.b5p40kp119989kp119812-32x64.01151_0.000_000_smsnk30.lime
/scratch/usr/hhpmbate/chroma_2pt/32x64/b5p40kp119989kp119812/lp0001_g8g2_q000_q200_q222_q420_q440_src2/correlators/baryon_qcdsf.850.b5p40kp119989kp119812-32x64.01151_0.000_200_-200_ptsink.lime
/scratch/usr/hhpmbate/chroma_2pt/32x64/b5p40kp119989kp119812/lp0001_g8g2_q000_q200_q222_q420_q440_src2/correlators/baryon_qcdsf.850.b5p40kp119989kp119812-32x64.01151_0.000_200_-200_smsnk30.lime
/scratch/usr/hhpmbate/chroma_2pt/32x64/b5p40kp119989kp119812/lp0001_g8g2_q000_q200_q222_q420_q440_src2/correlators/baryon_qcdsf.850.b5p40kp119989kp119812-32x64.01151_0.000_222_-2-2-2_ptsink.lime
/scratch/usr/hhpmbate/chroma_2pt/32x64/b5p40kp119989kp119812/lp0001_g8g2_q000_q200_q222_q420_q440_src2/correlators/baryon_qcdsf.850.b5p40kp119989kp119812-32x64.01151_0.000_222_-2-2-2_smsnk30.lime
/scratch/usr/hhpmbate/chroma_2pt/32x64/b5p40kp119989kp119812/lp0001_g8g2_q000_q200_q222_q420_q440_src2/correlators/baryon_qcdsf.850.b5p40kp119989kp119812-32x64.01151_0.000_420_-4-20_ptsink.lime
/scratch/usr/hhpmbate/chroma_2pt/32x64/b5p40kp119989kp119812/lp0001_g8g2_q000_q200_q222_q420_q440_src2/correlators/baryon_qcdsf.850.b5p40kp119989kp119812-32x64.01151_0.000_420_-4-20_smsnk30.lime
/scratch/usr/hhpmbate/chroma_2pt/32x64/b5p40kp119989kp119812/lp0001_g8g2_q000_q200_q222_q420_q440_src2/correlators/baryon_qcdsf.850.b5p40kp119989kp119812-32x64.01151_0.000_440_-4-40_ptsink.lime
/scratch/usr/hhpmbate/chroma_2pt/32x64/b5p40kp119989kp119812/lp0001_g8g2_q000_q200_q222_q420_q440_src2/correlators/baryon_qcdsf.850.b5p40kp119989kp119812-32x64.01151_0.000_440_-4-40_smsnk30.lime
/scratch/usr/hhpmbate/chroma_2pt/32x64/b5p40kp119989kp119812/lp0001_g8g2_q000_q200_q222_q420_q440_src2/correlators/baryon_qcdsf.850.b5p40kp119989kp119812-32x64.01155_0.000_000_ptsink.lime
/scratch/usr/hhpmbate/chroma_2pt/32x64/b5p40kp119989kp119812/lp0001_g8g2_q000_q200_q222_q420_q440_src2/correlators/baryon_qcdsf.850.b5p40kp119989kp119812-32x64.01155_0.000_000_smsnk30.lime
/scratch/usr/hhpmbate/chroma_2pt/32x64/b5p40kp119989kp119812/lp0001_g8g2_q000_q200_q222_q420_q440_src2/correlators/baryon_qcdsf.850.b5p40kp119989kp119812-32x64.01155_0.000_200_-200_ptsink.lime
/scratch/usr/hhpmbate/chroma_2pt/32x64/b5p40kp119989kp119812/lp0001_g8g2_q000_q200_q222_q420_q440_src2/correlators/baryon_qcdsf.850.b5p40kp119989kp119812-32x64.01155_0.000_200_-200_smsnk30.lime
/scratch/usr/hhpmbate/chroma_2pt/32x64/b5p40kp119989kp119812/lp0001_g8g2_q000_q200_q222_q420_q440_src2/correlators/baryon_qcdsf.850.b5p40kp119989kp119812-32x64.01155_0.000_222_-2-2-2_ptsink.lime
/scratch/usr/hhpmbate/chroma_2pt/32x64/b5p40kp119989kp119812/lp0001_g8g2_q000_q200_q222_q420_q440_src2/correlators/baryon_qcdsf.850.b5p40kp119989kp119812-32x64.01155_0.000_222_-2-2-2_smsnk30.lime
/scratch/usr/hhpmbate/chroma_2pt/32x64/b5p40kp119989kp119812/lp0001_g8g2_q000_q200_q222_q420_q440_src2/correlators/baryon_qcdsf.850.b5p40kp119989kp119812-32x64.01155_0.000_420_-4-20_ptsink.lime
/scratch/usr/hhpmbate/chroma_2pt/32x64/b5p40kp119989kp119812/lp0001_g8g2_q000_q200_q222_q420_q440_src2/correlators/baryon_qcdsf.850.b5p40kp119989kp119812-32x64.01155_0.000_420_-4-20_smsnk30.lime
/scratch/usr/hhpmbate/chroma_2pt/32x64/b5p40kp119989kp119812/lp0001_g8g2_q000_q200_q222_q420_q440_src2/correlators/baryon_qcdsf.850.b5p40kp119989kp119812-32x64.01155_0.000_440_-4-40_ptsink.lime
/scratch/usr/hhpmbate/chroma_2pt/32x64/b5p40kp119989kp119812/lp0001_g8g2_q000_q200_q222_q420_q440_src2/correlators/baryon_qcdsf.850.b5p40kp119989kp119812-32x64.01155_0.000_440_-4-40_smsnk30.lime
/scratch/usr/hhpmbate/chroma_2pt/32x64/b5p40kp119989kp119812/lp0001_g8g2_q000_q200_q222_q420_q440_src2/correlators/baryon_qcdsf.850.b5p40kp119989kp119812-32x64.01158_0.000_000_ptsink.lime
/scratch/usr/hhpmbate/chroma_2pt/32x64/b5p40kp119989kp119812/lp0001_g8g2_q000_q200_q222_q420_q440_src2/correlators/baryon_qcdsf.850.b5p40kp119989kp119812-32x64.01158_0.000_000_smsnk30.lime
/scratch/usr/hhpmbate/chroma_2pt/32x64/b5p40kp119989kp119812/lp0001_g8g2_q000_q200_q222_q420_q440_src2/correlators/baryon_qcdsf.850.b5p40kp119989kp119812-32x64.01158_0.000_200_-200_ptsink.lime
/scratch/usr/hhpmbate/chroma_2pt/32x64/b5p40kp119989kp119812/lp0001_g8g2_q000_q200_q222_q420_q440_src2/correlators/baryon_qcdsf.850.b5p40kp119989kp119812-32x64.01158_0.000_200_-200_smsnk30.lime
/scratch/usr/hhpmbate/chroma_2pt/32x64/b5p40kp119989kp119812/lp0001_g8g2_q000_q200_q222_q420_q440_src2/correlators/baryon_qcdsf.850.b5p40kp119989kp119812-32x64.01158_0.000_222_-2-2-2_ptsink.lime
/scratch/usr/hhpmbate/chroma_2pt/32x64/b5p40kp119989kp119812/lp0001_g8g2_q000_q200_q222_q420_q440_src2/correlators/baryon_qcdsf.850.b5p40kp119989kp119812-32x64.01158_0.000_222_-2-2-2_smsnk30.lime
/scratch/usr/hhpmbate/chroma_2pt/32x64/b5p40kp119989kp119812/lp0001_g8g2_q000_q200_q222_q420_q440_src2/correlators/baryon_qcdsf.850.b5p40kp119989kp119812-32x64.01158_0.000_420_-4-20_ptsink.lime
/scratch/usr/hhpmbate/chroma_2pt/32x64/b5p40kp119989kp119812/lp0001_g8g2_q000_q200_q222_q420_q440_src2/correlators/baryon_qcdsf.850.b5p40kp119989kp119812-32x64.01158_0.000_420_-4-20_smsnk30.lime
/scratch/usr/hhpmbate/chroma_2pt/32x64/b5p40kp119989kp119812/lp0001_g8g2_q000_q200_q222_q420_q440_src2/correlators/baryon_qcdsf.850.b5p40kp119989kp119812-32x64.01158_0.000_440_-4-40_ptsink.lime
/scratch/usr/hhpmbate/chroma_2pt/32x64/b5p40kp119989kp119812/lp0001_g8g2_q000_q200_q222_q420_q440_src2/correlators/baryon_qcdsf.850.b5p40kp119989kp119812-32x64.01158_0.000_440_-4-40_smsnk30.lime
/scratch/usr/hhpmbate/chroma_2pt/32x64/b5p40kp119989kp119812/lp0001_g8g2_q000_q200_q222_q420_q440_src2/correlators/baryon_qcdsf.850.b5p40kp119989kp119812-32x64.01159_0.000_000_ptsink.lime
/scratch/usr/hhpmbate/chroma_2pt/32x64/b5p40kp119989kp119812/lp0001_g8g2_q000_q200_q222_q420_q440_src2/correlators/baryon_qcdsf.850.b5p40kp119989kp119812-32x64.01159_0.000_000_smsnk30.lime
/scratch/usr/hhpmbate/chroma_2pt/32x64/b5p40kp119989kp119812/lp0001_g8g2_q000_q200_q222_q420_q440_src2/correlators/baryon_qcdsf.850.b5p40kp119989kp119812-32x64.01159_0.000_200_-200_ptsink.lime
/scratch/usr/hhpmbate/chroma_2pt/32x64/b5p40kp119989kp119812/lp0001_g8g2_q000_q200_q222_q420_q440_src2/correlators/baryon_qcdsf.850.b5p40kp119989kp119812-32x64.01159_0.000_200_-200_smsnk30.lime
/scratch/usr/hhpmbate/chroma_2pt/32x64/b5p40kp119989kp119812/lp0001_g8g2_q000_q200_q222_q420_q440_src2/correlators/baryon_qcdsf.850.b5p40kp119989kp119812-32x64.01159_0.000_222_-2-2-2_ptsink.lime
/scratch/usr/hhpmbate/chroma_2pt/32x64/b5p40kp119989kp119812/lp0001_g8g2_q000_q200_q222_q420_q440_src2/correlators/baryon_qcdsf.850.b5p40kp119989kp119812-32x64.01159_0.000_222_-2-2-2_smsnk30.lime
/scratch/usr/hhpmbate/chroma_2pt/32x64/b5p40kp119989kp119812/lp0001_g8g2_q000_q200_q222_q420_q440_src2/correlators/baryon_qcdsf.850.b5p40kp119989kp119812-32x64.01159_0.000_420_-4-20_ptsink.lime
/scratch/usr/hhpmbate/chroma_2pt/32x64/b5p40kp119989kp119812/lp0001_g8g2_q000_q200_q222_q420_q440_src2/correlators/baryon_qcdsf.850.b5p40kp119989kp119812-32x64.01159_0.000_420_-4-20_smsnk30.lime
/scratch/usr/hhpmbate/chroma_2pt/32x64/b5p40kp119989kp119812/lp0001_g8g2_q000_q200_q222_q420_q440_src2/correlators/baryon_qcdsf.850.b5p40kp119989kp119812-32x64.01159_0.000_440_-4-40_ptsink.lime
/scratch/usr/hhpmbate/chroma_2pt/32x64/b5p40kp119989kp119812/lp0001_g8g2_q000_q200_q222_q420_q440_src2/correlators/baryon_qcdsf.850.b5p40kp119989kp119812-32x64.01159_0.000_440_-4-40_smsnk30.lime
/scratch/usr/hhpmbate/chroma_2pt/32x64/b5p40kp119989kp119812/lp0001_g8g2_q000_q200_q222_q420_q440_src2/correlators/baryon_qcdsf.850.b5p40kp119989kp119812-32x64.01161_0.000_000_ptsink.lime
/scratch/usr/hhpmbate/chroma_2pt/32x64/b5p40kp119989kp119812/lp0001_g8g2_q000_q200_q222_q420_q440_src2/correlators/baryon_qcdsf.850.b5p40kp119989kp119812-32x64.01161_0.000_000_smsnk30.lime
/scratch/usr/hhpmbate/chroma_2pt/32x64/b5p40kp119989kp119812/lp0001_g8g2_q000_q200_q222_q420_q440_src2/correlators/baryon_qcdsf.850.b5p40kp119989kp119812-32x64.01161_0.000_200_-200_ptsink.lime
/scratch/usr/hhpmbate/chroma_2pt/32x64/b5p40kp119989kp119812/lp0001_g8g2_q000_q200_q222_q420_q440_src2/correlators/baryon_qcdsf.850.b5p40kp119989kp119812-32x64.01161_0.000_200_-200_smsnk30.lime
/scratch/usr/hhpmbate/chroma_2pt/32x64/b5p40kp119989kp119812/lp0001_g8g2_q000_q200_q222_q420_q440_src2/correlators/baryon_qcdsf.850.b5p40kp119989kp119812-32x64.01161_0.000_222_-2-2-2_ptsink.lime
/scratch/usr/hhpmbate/chroma_2pt/32x64/b5p40kp119989kp119812/lp0001_g8g2_q000_q200_q222_q420_q440_src2/correlators/baryon_qcdsf.850.b5p40kp119989kp119812-32x64.01161_0.000_222_-2-2-2_smsnk30.lime
/scratch/usr/hhpmbate/chroma_2pt/32x64/b5p40kp119989kp119812/lp0001_g8g2_q000_q200_q222_q420_q440_src2/correlators/baryon_qcdsf.850.b5p40kp119989kp119812-32x64.01161_0.000_420_-4-20_ptsink.lime
/scratch/usr/hhpmbate/chroma_2pt/32x64/b5p40kp119989kp119812/lp0001_g8g2_q000_q200_q222_q420_q440_src2/correlators/baryon_qcdsf.850.b5p40kp119989kp119812-32x64.01161_0.000_420_-4-20_smsnk30.lime
/scratch/usr/hhpmbate/chroma_2pt/32x64/b5p40kp119989kp119812/lp0001_g8g2_q000_q200_q222_q420_q440_src2/correlators/baryon_qcdsf.850.b5p40kp119989kp119812-32x64.01161_0.000_440_-4-40_ptsink.lime
/scratch/usr/hhpmbate/chroma_2pt/32x64/b5p40kp119989kp119812/lp0001_g8g2_q000_q200_q222_q420_q440_src2/correlators/baryon_qcdsf.850.b5p40kp119989kp119812-32x64.01161_0.000_440_-4-40_smsnk30.lime
/scratch/usr/hhpmbate/chroma_2pt/32x64/b5p40kp119989kp119812/lp0001_g8g2_q000_q200_q222_q420_q440_src2/correlators/baryon_qcdsf.850.b5p40kp119989kp119812-32x64.01163_0.000_000_ptsink.lime
/scratch/usr/hhpmbate/chroma_2pt/32x64/b5p40kp119989kp119812/lp0001_g8g2_q000_q200_q222_q420_q440_src2/correlators/baryon_qcdsf.850.b5p40kp119989kp119812-32x64.01163_0.000_000_smsnk30.lime
/scratch/usr/hhpmbate/chroma_2pt/32x64/b5p40kp119989kp119812/lp0001_g8g2_q000_q200_q222_q420_q440_src2/correlators/baryon_qcdsf.850.b5p40kp119989kp119812-32x64.01163_0.000_200_-200_ptsink.lime
/scratch/usr/hhpmbate/chroma_2pt/32x64/b5p40kp119989kp119812/lp0001_g8g2_q000_q200_q222_q420_q440_src2/correlators/baryon_qcdsf.850.b5p40kp119989kp119812-32x64.01163_0.000_200_-200_smsnk30.lime
/scratch/usr/hhpmbate/chroma_2pt/32x64/b5p40kp119989kp119812/lp0001_g8g2_q000_q200_q222_q420_q440_src2/correlators/baryon_qcdsf.850.b5p40kp119989kp119812-32x64.01163_0.000_222_-2-2-2_ptsink.lime
/scratch/usr/hhpmbate/chroma_2pt/32x64/b5p40kp119989kp119812/lp0001_g8g2_q000_q200_q222_q420_q440_src2/correlators/baryon_qcdsf.850.b5p40kp119989kp119812-32x64.01163_0.000_222_-2-2-2_smsnk30.lime
/scratch/usr/hhpmbate/chroma_2pt/32x64/b5p40kp119989kp119812/lp0001_g8g2_q000_q200_q222_q420_q440_src2/correlators/baryon_qcdsf.850.b5p40kp119989kp119812-32x64.01163_0.000_420_-4-20_ptsink.lime
/scratch/usr/hhpmbate/chroma_2pt/32x64/b5p40kp119989kp119812/lp0001_g8g2_q000_q200_q222_q420_q440_src2/correlators/baryon_qcdsf.850.b5p40kp119989kp119812-32x64.01163_0.000_420_-4-20_smsnk30.lime
/scratch/usr/hhpmbate/chroma_2pt/32x64/b5p40kp119989kp119812/lp0001_g8g2_q000_q200_q222_q420_q440_src2/correlators/baryon_qcdsf.850.b5p40kp119989kp119812-32x64.01163_0.000_440_-4-40_ptsink.lime
/scratch/usr/hhpmbate/chroma_2pt/32x64/b5p40kp119989kp119812/lp0001_g8g2_q000_q200_q222_q420_q440_src2/correlators/baryon_qcdsf.850.b5p40kp119989kp119812-32x64.01163_0.000_440_-4-40_smsnk30.lime
/scratch/usr/hhpmbate/chroma_2pt/32x64/b5p40kp119989kp119812/lp0001_g8g2_q000_q200_q222_q420_q440_src2/correlators/baryon_qcdsf.850.b5p40kp119989kp119812-32x64.01165_0.000_000_ptsink.lime
/scratch/usr/hhpmbate/chroma_2pt/32x64/b5p40kp119989kp119812/lp0001_g8g2_q000_q200_q222_q420_q440_src2/correlators/baryon_qcdsf.850.b5p40kp119989kp119812-32x64.01165_0.000_000_smsnk30.lime
/scratch/usr/hhpmbate/chroma_2pt/32x64/b5p40kp119989kp119812/lp0001_g8g2_q000_q200_q222_q420_q440_src2/correlators/baryon_qcdsf.850.b5p40kp119989kp119812-32x64.01165_0.000_200_-200_ptsink.lime
/scratch/usr/hhpmbate/chroma_2pt/32x64/b5p40kp119989kp119812/lp0001_g8g2_q000_q200_q222_q420_q440_src2/correlators/baryon_qcdsf.850.b5p40kp119989kp119812-32x64.01165_0.000_200_-200_smsnk30.lime
/scratch/usr/hhpmbate/chroma_2pt/32x64/b5p40kp119989kp119812/lp0001_g8g2_q000_q200_q222_q420_q440_src2/correlators/baryon_qcdsf.850.b5p40kp119989kp119812-32x64.01165_0.000_222_-2-2-2_ptsink.lime
/scratch/usr/hhpmbate/chroma_2pt/32x64/b5p40kp119989kp119812/lp0001_g8g2_q000_q200_q222_q420_q440_src2/correlators/baryon_qcdsf.850.b5p40kp119989kp119812-32x64.01165_0.000_222_-2-2-2_smsnk30.lime
/scratch/usr/hhpmbate/chroma_2pt/32x64/b5p40kp119989kp119812/lp0001_g8g2_q000_q200_q222_q420_q440_src2/correlators/baryon_qcdsf.850.b5p40kp119989kp119812-32x64.01165_0.000_420_-4-20_ptsink.lime
/scratch/usr/hhpmbate/chroma_2pt/32x64/b5p40kp119989kp119812/lp0001_g8g2_q000_q200_q222_q420_q440_src2/correlators/baryon_qcdsf.850.b5p40kp119989kp119812-32x64.01165_0.000_420_-4-20_smsnk30.lime
/scratch/usr/hhpmbate/chroma_2pt/32x64/b5p40kp119989kp119812/lp0001_g8g2_q000_q200_q222_q420_q440_src2/correlators/baryon_qcdsf.850.b5p40kp119989kp119812-32x64.01165_0.000_440_-4-40_ptsink.lime
/scratch/usr/hhpmbate/chroma_2pt/32x64/b5p40kp119989kp119812/lp0001_g8g2_q000_q200_q222_q420_q440_src2/correlators/baryon_qcdsf.850.b5p40kp119989kp119812-32x64.01165_0.000_440_-4-40_smsnk30.lime
/scratch/usr/hhpmbate/chroma_2pt/32x64/b5p40kp119989kp119812/lp0001_g8g2_q000_q200_q222_q420_q440_src2/correlators/baryon_qcdsf.850.b5p40kp119989kp119812-32x64.01172_0.000_000_ptsink.lime
/scratch/usr/hhpmbate/chroma_2pt/32x64/b5p40kp119989kp119812/lp0001_g8g2_q000_q200_q222_q420_q440_src2/correlators/baryon_qcdsf.850.b5p40kp119989kp119812-32x64.01172_0.000_000_smsnk30.lime
/scratch/usr/hhpmbate/chroma_2pt/32x64/b5p40kp119989kp119812/lp0001_g8g2_q000_q200_q222_q420_q440_src2/correlators/baryon_qcdsf.850.b5p40kp119989kp119812-32x64.01172_0.000_200_-200_ptsink.lime
/scratch/usr/hhpmbate/chroma_2pt/32x64/b5p40kp119989kp119812/lp0001_g8g2_q000_q200_q222_q420_q440_src2/correlators/baryon_qcdsf.850.b5p40kp119989kp119812-32x64.01172_0.000_200_-200_smsnk30.lime
/scratch/usr/hhpmbate/chroma_2pt/32x64/b5p40kp119989kp119812/lp0001_g8g2_q000_q200_q222_q420_q440_src2/correlators/baryon_qcdsf.850.b5p40kp119989kp119812-32x64.01172_0.000_222_-2-2-2_ptsink.lime
/scratch/usr/hhpmbate/chroma_2pt/32x64/b5p40kp119989kp119812/lp0001_g8g2_q000_q200_q222_q420_q440_src2/correlators/baryon_qcdsf.850.b5p40kp119989kp119812-32x64.01172_0.000_222_-2-2-2_smsnk30.lime
/scratch/usr/hhpmbate/chroma_2pt/32x64/b5p40kp119989kp119812/lp0001_g8g2_q000_q200_q222_q420_q440_src2/correlators/baryon_qcdsf.850.b5p40kp119989kp119812-32x64.01172_0.000_420_-4-20_ptsink.lime
/scratch/usr/hhpmbate/chroma_2pt/32x64/b5p40kp119989kp119812/lp0001_g8g2_q000_q200_q222_q420_q440_src2/correlators/baryon_qcdsf.850.b5p40kp119989kp119812-32x64.01172_0.000_420_-4-20_smsnk30.lime
/scratch/usr/hhpmbate/chroma_2pt/32x64/b5p40kp119989kp119812/lp0001_g8g2_q000_q200_q222_q420_q440_src2/correlators/baryon_qcdsf.850.b5p40kp119989kp119812-32x64.01172_0.000_440_-4-40_ptsink.lime
/scratch/usr/hhpmbate/chroma_2pt/32x64/b5p40kp119989kp119812/lp0001_g8g2_q000_q200_q222_q420_q440_src2/correlators/baryon_qcdsf.850.b5p40kp119989kp119812-32x64.01172_0.000_440_-4-40_smsnk30.lime
/scratch/usr/hhpmbate/chroma_2pt/32x64/b5p40kp119989kp119812/lp0001_g8g2_q000_q200_q222_q420_q440_src2/correlators/baryon_qcdsf.850.b5p40kp119989kp119812-32x64.01179_0.000_000_ptsink.lime
/scratch/usr/hhpmbate/chroma_2pt/32x64/b5p40kp119989kp119812/lp0001_g8g2_q000_q200_q222_q420_q440_src2/correlators/baryon_qcdsf.850.b5p40kp119989kp119812-32x64.01179_0.000_000_smsnk30.lime
/scratch/usr/hhpmbate/chroma_2pt/32x64/b5p40kp119989kp119812/lp0001_g8g2_q000_q200_q222_q420_q440_src2/correlators/baryon_qcdsf.850.b5p40kp119989kp119812-32x64.01179_0.000_200_-200_ptsink.lime
/scratch/usr/hhpmbate/chroma_2pt/32x64/b5p40kp119989kp119812/lp0001_g8g2_q000_q200_q222_q420_q440_src2/correlators/baryon_qcdsf.850.b5p40kp119989kp119812-32x64.01179_0.000_200_-200_smsnk30.lime
/scratch/usr/hhpmbate/chroma_2pt/32x64/b5p40kp119989kp119812/lp0001_g8g2_q000_q200_q222_q420_q440_src2/correlators/baryon_qcdsf.850.b5p40kp119989kp119812-32x64.01179_0.000_222_-2-2-2_ptsink.lime
/scratch/usr/hhpmbate/chroma_2pt/32x64/b5p40kp119989kp119812/lp0001_g8g2_q000_q200_q222_q420_q440_src2/correlators/baryon_qcdsf.850.b5p40kp119989kp119812-32x64.01179_0.000_222_-2-2-2_smsnk30.lime
/scratch/usr/hhpmbate/chroma_2pt/32x64/b5p40kp119989kp119812/lp0001_g8g2_q000_q200_q222_q420_q440_src2/correlators/baryon_qcdsf.850.b5p40kp119989kp119812-32x64.01179_0.000_420_-4-20_ptsink.lime
/scratch/usr/hhpmbate/chroma_2pt/32x64/b5p40kp119989kp119812/lp0001_g8g2_q000_q200_q222_q420_q440_src2/correlators/baryon_qcdsf.850.b5p40kp119989kp119812-32x64.01179_0.000_420_-4-20_smsnk30.lime
/scratch/usr/hhpmbate/chroma_2pt/32x64/b5p40kp119989kp119812/lp0001_g8g2_q000_q200_q222_q420_q440_src2/correlators/baryon_qcdsf.850.b5p40kp119989kp119812-32x64.01179_0.000_440_-4-40_ptsink.lime
/scratch/usr/hhpmbate/chroma_2pt/32x64/b5p40kp119989kp119812/lp0001_g8g2_q000_q200_q222_q420_q440_src2/correlators/baryon_qcdsf.850.b5p40kp119989kp119812-32x64.01179_0.000_440_-4-40_smsnk30.lime
/scratch/usr/hhpmbate/chroma_2pt/32x64/b5p40kp119989kp119812/lp0001_g8g2_q000_q200_q222_q420_q440_src2/correlators/baryon_qcdsf.850.b5p40kp119989kp119812-32x64.01180_0.000_000_ptsink.lime
/scratch/usr/hhpmbate/chroma_2pt/32x64/b5p40kp119989kp119812/lp0001_g8g2_q000_q200_q222_q420_q440_src2/correlators/baryon_qcdsf.850.b5p40kp119989kp119812-32x64.01180_0.000_000_smsnk30.lime
/scratch/usr/hhpmbate/chroma_2pt/32x64/b5p40kp119989kp119812/lp0001_g8g2_q000_q200_q222_q420_q440_src2/correlators/baryon_qcdsf.850.b5p40kp119989kp119812-32x64.01180_0.000_200_-200_ptsink.lime
/scratch/usr/hhpmbate/chroma_2pt/32x64/b5p40kp119989kp119812/lp0001_g8g2_q000_q200_q222_q420_q440_src2/correlators/baryon_qcdsf.850.b5p40kp119989kp119812-32x64.01180_0.000_200_-200_smsnk30.lime
/scratch/usr/hhpmbate/chroma_2pt/32x64/b5p40kp119989kp119812/lp0001_g8g2_q000_q200_q222_q420_q440_src2/correlators/baryon_qcdsf.850.b5p40kp119989kp119812-32x64.01180_0.000_222_-2-2-2_ptsink.lime
/scratch/usr/hhpmbate/chroma_2pt/32x64/b5p40kp119989kp119812/lp0001_g8g2_q000_q200_q222_q420_q440_src2/correlators/baryon_qcdsf.850.b5p40kp119989kp119812-32x64.01180_0.000_222_-2-2-2_smsnk30.lime
/scratch/usr/hhpmbate/chroma_2pt/32x64/b5p40kp119989kp119812/lp0001_g8g2_q000_q200_q222_q420_q440_src2/correlators/baryon_qcdsf.850.b5p40kp119989kp119812-32x64.01180_0.000_420_-4-20_ptsink.lime
/scratch/usr/hhpmbate/chroma_2pt/32x64/b5p40kp119989kp119812/lp0001_g8g2_q000_q200_q222_q420_q440_src2/correlators/baryon_qcdsf.850.b5p40kp119989kp119812-32x64.01180_0.000_420_-4-20_smsnk30.lime
/scratch/usr/hhpmbate/chroma_2pt/32x64/b5p40kp119989kp119812/lp0001_g8g2_q000_q200_q222_q420_q440_src2/correlators/baryon_qcdsf.850.b5p40kp119989kp119812-32x64.01180_0.000_440_-4-40_ptsink.lime
/scratch/usr/hhpmbate/chroma_2pt/32x64/b5p40kp119989kp119812/lp0001_g8g2_q000_q200_q222_q420_q440_src2/correlators/baryon_qcdsf.850.b5p40kp119989kp119812-32x64.01180_0.000_440_-4-40_smsnk30.lime
/scratch/usr/hhpmbate/chroma_2pt/32x64/b5p40kp119989kp119812/lp0001_g8g2_q000_q200_q222_q420_q440_src2/correlators/baryon_qcdsf.850.b5p40kp119989kp119812-32x64.01182_0.000_000_ptsink.lime
/scratch/usr/hhpmbate/chroma_2pt/32x64/b5p40kp119989kp119812/lp0001_g8g2_q000_q200_q222_q420_q440_src2/correlators/baryon_qcdsf.850.b5p40kp119989kp119812-32x64.01182_0.000_000_smsnk30.lime
/scratch/usr/hhpmbate/chroma_2pt/32x64/b5p40kp119989kp119812/lp0001_g8g2_q000_q200_q222_q420_q440_src2/correlators/baryon_qcdsf.850.b5p40kp119989kp119812-32x64.01182_0.000_200_-200_ptsink.lime
/scratch/usr/hhpmbate/chroma_2pt/32x64/b5p40kp119989kp119812/lp0001_g8g2_q000_q200_q222_q420_q440_src2/correlators/baryon_qcdsf.850.b5p40kp119989kp119812-32x64.01182_0.000_200_-200_smsnk30.lime
/scratch/usr/hhpmbate/chroma_2pt/32x64/b5p40kp119989kp119812/lp0001_g8g2_q000_q200_q222_q420_q440_src2/correlators/baryon_qcdsf.850.b5p40kp119989kp119812-32x64.01182_0.000_222_-2-2-2_ptsink.lime
/scratch/usr/hhpmbate/chroma_2pt/32x64/b5p40kp119989kp119812/lp0001_g8g2_q000_q200_q222_q420_q440_src2/correlators/baryon_qcdsf.850.b5p40kp119989kp119812-32x64.01182_0.000_222_-2-2-2_smsnk30.lime
/scratch/usr/hhpmbate/chroma_2pt/32x64/b5p40kp119989kp119812/lp0001_g8g2_q000_q200_q222_q420_q440_src2/correlators/baryon_qcdsf.850.b5p40kp119989kp119812-32x64.01182_0.000_420_-4-20_ptsink.lime
/scratch/usr/hhpmbate/chroma_2pt/32x64/b5p40kp119989kp119812/lp0001_g8g2_q000_q200_q222_q420_q440_src2/correlators/baryon_qcdsf.850.b5p40kp119989kp119812-32x64.01182_0.000_420_-4-20_smsnk30.lime
/scratch/usr/hhpmbate/chroma_2pt/32x64/b5p40kp119989kp119812/lp0001_g8g2_q000_q200_q222_q420_q440_src2/correlators/baryon_qcdsf.850.b5p40kp119989kp119812-32x64.01182_0.000_440_-4-40_ptsink.lime
/scratch/usr/hhpmbate/chroma_2pt/32x64/b5p40kp119989kp119812/lp0001_g8g2_q000_q200_q222_q420_q440_src2/correlators/baryon_qcdsf.850.b5p40kp119989kp119812-32x64.01182_0.000_440_-4-40_smsnk30.lime
/scratch/usr/hhpmbate/chroma_2pt/32x64/b5p40kp119989kp119812/lp0001_g8g2_q000_q200_q222_q420_q440_src2/correlators/baryon_qcdsf.850.b5p40kp119989kp119812-32x64.01185_0.000_000_ptsink.lime
/scratch/usr/hhpmbate/chroma_2pt/32x64/b5p40kp119989kp119812/lp0001_g8g2_q000_q200_q222_q420_q440_src2/correlators/baryon_qcdsf.850.b5p40kp119989kp119812-32x64.01185_0.000_000_smsnk30.lime
/scratch/usr/hhpmbate/chroma_2pt/32x64/b5p40kp119989kp119812/lp0001_g8g2_q000_q200_q222_q420_q440_src2/correlators/baryon_qcdsf.850.b5p40kp119989kp119812-32x64.01185_0.000_200_-200_ptsink.lime
/scratch/usr/hhpmbate/chroma_2pt/32x64/b5p40kp119989kp119812/lp0001_g8g2_q000_q200_q222_q420_q440_src2/correlators/baryon_qcdsf.850.b5p40kp119989kp119812-32x64.01185_0.000_200_-200_smsnk30.lime
/scratch/usr/hhpmbate/chroma_2pt/32x64/b5p40kp119989kp119812/lp0001_g8g2_q000_q200_q222_q420_q440_src2/correlators/baryon_qcdsf.850.b5p40kp119989kp119812-32x64.01185_0.000_222_-2-2-2_ptsink.lime
/scratch/usr/hhpmbate/chroma_2pt/32x64/b5p40kp119989kp119812/lp0001_g8g2_q000_q200_q222_q420_q440_src2/correlators/baryon_qcdsf.850.b5p40kp119989kp119812-32x64.01185_0.000_222_-2-2-2_smsnk30.lime
/scratch/usr/hhpmbate/chroma_2pt/32x64/b5p40kp119989kp119812/lp0001_g8g2_q000_q200_q222_q420_q440_src2/correlators/baryon_qcdsf.850.b5p40kp119989kp119812-32x64.01185_0.000_420_-4-20_ptsink.lime
/scratch/usr/hhpmbate/chroma_2pt/32x64/b5p40kp119989kp119812/lp0001_g8g2_q000_q200_q222_q420_q440_src2/correlators/baryon_qcdsf.850.b5p40kp119989kp119812-32x64.01185_0.000_420_-4-20_smsnk30.lime
/scratch/usr/hhpmbate/chroma_2pt/32x64/b5p40kp119989kp119812/lp0001_g8g2_q000_q200_q222_q420_q440_src2/correlators/baryon_qcdsf.850.b5p40kp119989kp119812-32x64.01185_0.000_440_-4-40_ptsink.lime
/scratch/usr/hhpmbate/chroma_2pt/32x64/b5p40kp119989kp119812/lp0001_g8g2_q000_q200_q222_q420_q440_src2/correlators/baryon_qcdsf.850.b5p40kp119989kp119812-32x64.01185_0.000_440_-4-40_smsnk30.lime
/scratch/usr/hhpmbate/chroma_2pt/32x64/b5p40kp119989kp119812/lp0001_g8g2_q000_q200_q222_q420_q440_src2/correlators/baryon_qcdsf.850.b5p40kp119989kp119812-32x64.01195_0.000_000_ptsink.lime
/scratch/usr/hhpmbate/chroma_2pt/32x64/b5p40kp119989kp119812/lp0001_g8g2_q000_q200_q222_q420_q440_src2/correlators/baryon_qcdsf.850.b5p40kp119989kp119812-32x64.01195_0.000_000_smsnk30.lime
/scratch/usr/hhpmbate/chroma_2pt/32x64/b5p40kp119989kp119812/lp0001_g8g2_q000_q200_q222_q420_q440_src2/correlators/baryon_qcdsf.850.b5p40kp119989kp119812-32x64.01195_0.000_200_-200_ptsink.lime
/scratch/usr/hhpmbate/chroma_2pt/32x64/b5p40kp119989kp119812/lp0001_g8g2_q000_q200_q222_q420_q440_src2/correlators/baryon_qcdsf.850.b5p40kp119989kp119812-32x64.01195_0.000_200_-200_smsnk30.lime
/scratch/usr/hhpmbate/chroma_2pt/32x64/b5p40kp119989kp119812/lp0001_g8g2_q000_q200_q222_q420_q440_src2/correlators/baryon_qcdsf.850.b5p40kp119989kp119812-32x64.01195_0.000_222_-2-2-2_ptsink.lime
/scratch/usr/hhpmbate/chroma_2pt/32x64/b5p40kp119989kp119812/lp0001_g8g2_q000_q200_q222_q420_q440_src2/correlators/baryon_qcdsf.850.b5p40kp119989kp119812-32x64.01195_0.000_222_-2-2-2_smsnk30.lime
/scratch/usr/hhpmbate/chroma_2pt/32x64/b5p40kp119989kp119812/lp0001_g8g2_q000_q200_q222_q420_q440_src2/correlators/baryon_qcdsf.850.b5p40kp119989kp119812-32x64.01195_0.000_420_-4-20_ptsink.lime
/scratch/usr/hhpmbate/chroma_2pt/32x64/b5p40kp119989kp119812/lp0001_g8g2_q000_q200_q222_q420_q440_src2/correlators/baryon_qcdsf.850.b5p40kp119989kp119812-32x64.01195_0.000_420_-4-20_smsnk30.lime
/scratch/usr/hhpmbate/chroma_2pt/32x64/b5p40kp119989kp119812/lp0001_g8g2_q000_q200_q222_q420_q440_src2/correlators/baryon_qcdsf.850.b5p40kp119989kp119812-32x64.01195_0.000_440_-4-40_ptsink.lime
/scratch/usr/hhpmbate/chroma_2pt/32x64/b5p40kp119989kp119812/lp0001_g8g2_q000_q200_q222_q420_q440_src2/correlators/baryon_qcdsf.850.b5p40kp119989kp119812-32x64.01195_0.000_440_-4-40_smsnk30.lime
/scratch/usr/hhpmbate/chroma_2pt/32x64/b5p40kp119989kp119812/lp0001_g8g2_q000_q200_q222_q420_q440_src2/correlators/baryon_qcdsf.850.b5p40kp119989kp119812-32x64.01198_0.000_000_ptsink.lime
/scratch/usr/hhpmbate/chroma_2pt/32x64/b5p40kp119989kp119812/lp0001_g8g2_q000_q200_q222_q420_q440_src2/correlators/baryon_qcdsf.850.b5p40kp119989kp119812-32x64.01198_0.000_000_smsnk30.lime
/scratch/usr/hhpmbate/chroma_2pt/32x64/b5p40kp119989kp119812/lp0001_g8g2_q000_q200_q222_q420_q440_src2/correlators/baryon_qcdsf.850.b5p40kp119989kp119812-32x64.01198_0.000_200_-200_ptsink.lime
/scratch/usr/hhpmbate/chroma_2pt/32x64/b5p40kp119989kp119812/lp0001_g8g2_q000_q200_q222_q420_q440_src2/correlators/baryon_qcdsf.850.b5p40kp119989kp119812-32x64.01198_0.000_200_-200_smsnk30.lime
/scratch/usr/hhpmbate/chroma_2pt/32x64/b5p40kp119989kp119812/lp0001_g8g2_q000_q200_q222_q420_q440_src2/correlators/baryon_qcdsf.850.b5p40kp119989kp119812-32x64.01198_0.000_222_-2-2-2_ptsink.lime
/scratch/usr/hhpmbate/chroma_2pt/32x64/b5p40kp119989kp119812/lp0001_g8g2_q000_q200_q222_q420_q440_src2/correlators/baryon_qcdsf.850.b5p40kp119989kp119812-32x64.01198_0.000_222_-2-2-2_smsnk30.lime
/scratch/usr/hhpmbate/chroma_2pt/32x64/b5p40kp119989kp119812/lp0001_g8g2_q000_q200_q222_q420_q440_src2/correlators/baryon_qcdsf.850.b5p40kp119989kp119812-32x64.01198_0.000_420_-4-20_ptsink.lime
/scratch/usr/hhpmbate/chroma_2pt/32x64/b5p40kp119989kp119812/lp0001_g8g2_q000_q200_q222_q420_q440_src2/correlators/baryon_qcdsf.850.b5p40kp119989kp119812-32x64.01198_0.000_420_-4-20_smsnk30.lime
/scratch/usr/hhpmbate/chroma_2pt/32x64/b5p40kp119989kp119812/lp0001_g8g2_q000_q200_q222_q420_q440_src2/correlators/baryon_qcdsf.850.b5p40kp119989kp119812-32x64.01198_0.000_440_-4-40_ptsink.lime
/scratch/usr/hhpmbate/chroma_2pt/32x64/b5p40kp119989kp119812/lp0001_g8g2_q000_q200_q222_q420_q440_src2/correlators/baryon_qcdsf.850.b5p40kp119989kp119812-32x64.01198_0.000_440_-4-40_smsnk30.lime
/scratch/usr/hhpmbate/chroma_2pt/32x64/b5p40kp119989kp119812/lp0001_g8g2_q000_q200_q222_q420_q440_src2/correlators/baryon_qcdsf.850.b5p40kp119989kp119812-32x64.01200_0.000_000_ptsink.lime
/scratch/usr/hhpmbate/chroma_2pt/32x64/b5p40kp119989kp119812/lp0001_g8g2_q000_q200_q222_q420_q440_src2/correlators/baryon_qcdsf.850.b5p40kp119989kp119812-32x64.01200_0.000_000_smsnk30.lime
/scratch/usr/hhpmbate/chroma_2pt/32x64/b5p40kp119989kp119812/lp0001_g8g2_q000_q200_q222_q420_q440_src2/correlators/baryon_qcdsf.850.b5p40kp119989kp119812-32x64.01200_0.000_200_-200_ptsink.lime
/scratch/usr/hhpmbate/chroma_2pt/32x64/b5p40kp119989kp119812/lp0001_g8g2_q000_q200_q222_q420_q440_src2/correlators/baryon_qcdsf.850.b5p40kp119989kp119812-32x64.01200_0.000_200_-200_smsnk30.lime
/scratch/usr/hhpmbate/chroma_2pt/32x64/b5p40kp119989kp119812/lp0001_g8g2_q000_q200_q222_q420_q440_src2/correlators/baryon_qcdsf.850.b5p40kp119989kp119812-32x64.01200_0.000_222_-2-2-2_ptsink.lime
/scratch/usr/hhpmbate/chroma_2pt/32x64/b5p40kp119989kp119812/lp0001_g8g2_q000_q200_q222_q420_q440_src2/correlators/baryon_qcdsf.850.b5p40kp119989kp119812-32x64.01200_0.000_222_-2-2-2_smsnk30.lime
/scratch/usr/hhpmbate/chroma_2pt/32x64/b5p40kp119989kp119812/lp0001_g8g2_q000_q200_q222_q420_q440_src2/correlators/baryon_qcdsf.850.b5p40kp119989kp119812-32x64.01200_0.000_420_-4-20_ptsink.lime
/scratch/usr/hhpmbate/chroma_2pt/32x64/b5p40kp119989kp119812/lp0001_g8g2_q000_q200_q222_q420_q440_src2/correlators/baryon_qcdsf.850.b5p40kp119989kp119812-32x64.01200_0.000_420_-4-20_smsnk30.lime
/scratch/usr/hhpmbate/chroma_2pt/32x64/b5p40kp119989kp119812/lp0001_g8g2_q000_q200_q222_q420_q440_src2/correlators/baryon_qcdsf.850.b5p40kp119989kp119812-32x64.01200_0.000_440_-4-40_ptsink.lime
/scratch/usr/hhpmbate/chroma_2pt/32x64/b5p40kp119989kp119812/lp0001_g8g2_q000_q200_q222_q420_q440_src2/correlators/baryon_qcdsf.850.b5p40kp119989kp119812-32x64.01200_0.000_440_-4-40_smsnk30.lime
/scratch/usr/hhpmbate/chroma_2pt/32x64/b5p40kp119989kp119812/lp0001_g8g2_q000_q200_q222_q420_q440_src2/correlators/baryon_qcdsf.850.b5p40kp119989kp119812-32x64.01203_0.000_000_ptsink.lime
/scratch/usr/hhpmbate/chroma_2pt/32x64/b5p40kp119989kp119812/lp0001_g8g2_q000_q200_q222_q420_q440_src2/correlators/baryon_qcdsf.850.b5p40kp119989kp119812-32x64.01203_0.000_000_smsnk30.lime
/scratch/usr/hhpmbate/chroma_2pt/32x64/b5p40kp119989kp119812/lp0001_g8g2_q000_q200_q222_q420_q440_src2/correlators/baryon_qcdsf.850.b5p40kp119989kp119812-32x64.01203_0.000_200_-200_ptsink.lime
/scratch/usr/hhpmbate/chroma_2pt/32x64/b5p40kp119989kp119812/lp0001_g8g2_q000_q200_q222_q420_q440_src2/correlators/baryon_qcdsf.850.b5p40kp119989kp119812-32x64.01203_0.000_200_-200_smsnk30.lime
/scratch/usr/hhpmbate/chroma_2pt/32x64/b5p40kp119989kp119812/lp0001_g8g2_q000_q200_q222_q420_q440_src2/correlators/baryon_qcdsf.850.b5p40kp119989kp119812-32x64.01203_0.000_222_-2-2-2_ptsink.lime
/scratch/usr/hhpmbate/chroma_2pt/32x64/b5p40kp119989kp119812/lp0001_g8g2_q000_q200_q222_q420_q440_src2/correlators/baryon_qcdsf.850.b5p40kp119989kp119812-32x64.01203_0.000_222_-2-2-2_smsnk30.lime
/scratch/usr/hhpmbate/chroma_2pt/32x64/b5p40kp119989kp119812/lp0001_g8g2_q000_q200_q222_q420_q440_src2/correlators/baryon_qcdsf.850.b5p40kp119989kp119812-32x64.01203_0.000_420_-4-20_ptsink.lime
/scratch/usr/hhpmbate/chroma_2pt/32x64/b5p40kp119989kp119812/lp0001_g8g2_q000_q200_q222_q420_q440_src2/correlators/baryon_qcdsf.850.b5p40kp119989kp119812-32x64.01203_0.000_420_-4-20_smsnk30.lime
/scratch/usr/hhpmbate/chroma_2pt/32x64/b5p40kp119989kp119812/lp0001_g8g2_q000_q200_q222_q420_q440_src2/correlators/baryon_qcdsf.850.b5p40kp119989kp119812-32x64.01203_0.000_440_-4-40_ptsink.lime
/scratch/usr/hhpmbate/chroma_2pt/32x64/b5p40kp119989kp119812/lp0001_g8g2_q000_q200_q222_q420_q440_src2/correlators/baryon_qcdsf.850.b5p40kp119989kp119812-32x64.01203_0.000_440_-4-40_smsnk30.lime
/scratch/usr/hhpmbate/chroma_2pt/32x64/b5p40kp119989kp119812/lp0001_g8g2_q000_q200_q222_q420_q440_src2/correlators/baryon_qcdsf.850.b5p40kp119989kp119812-32x64.01212_0.000_000_ptsink.lime
/scratch/usr/hhpmbate/chroma_2pt/32x64/b5p40kp119989kp119812/lp0001_g8g2_q000_q200_q222_q420_q440_src2/correlators/baryon_qcdsf.850.b5p40kp119989kp119812-32x64.01212_0.000_000_smsnk30.lime
/scratch/usr/hhpmbate/chroma_2pt/32x64/b5p40kp119989kp119812/lp0001_g8g2_q000_q200_q222_q420_q440_src2/correlators/baryon_qcdsf.850.b5p40kp119989kp119812-32x64.01212_0.000_200_-200_ptsink.lime
/scratch/usr/hhpmbate/chroma_2pt/32x64/b5p40kp119989kp119812/lp0001_g8g2_q000_q200_q222_q420_q440_src2/correlators/baryon_qcdsf.850.b5p40kp119989kp119812-32x64.01212_0.000_200_-200_smsnk30.lime
/scratch/usr/hhpmbate/chroma_2pt/32x64/b5p40kp119989kp119812/lp0001_g8g2_q000_q200_q222_q420_q440_src2/correlators/baryon_qcdsf.850.b5p40kp119989kp119812-32x64.01212_0.000_222_-2-2-2_ptsink.lime
/scratch/usr/hhpmbate/chroma_2pt/32x64/b5p40kp119989kp119812/lp0001_g8g2_q000_q200_q222_q420_q440_src2/correlators/baryon_qcdsf.850.b5p40kp119989kp119812-32x64.01212_0.000_222_-2-2-2_smsnk30.lime
/scratch/usr/hhpmbate/chroma_2pt/32x64/b5p40kp119989kp119812/lp0001_g8g2_q000_q200_q222_q420_q440_src2/correlators/baryon_qcdsf.850.b5p40kp119989kp119812-32x64.01212_0.000_420_-4-20_ptsink.lime
/scratch/usr/hhpmbate/chroma_2pt/32x64/b5p40kp119989kp119812/lp0001_g8g2_q000_q200_q222_q420_q440_src2/correlators/baryon_qcdsf.850.b5p40kp119989kp119812-32x64.01212_0.000_420_-4-20_smsnk30.lime
/scratch/usr/hhpmbate/chroma_2pt/32x64/b5p40kp119989kp119812/lp0001_g8g2_q000_q200_q222_q420_q440_src2/correlators/baryon_qcdsf.850.b5p40kp119989kp119812-32x64.01212_0.000_440_-4-40_ptsink.lime
/scratch/usr/hhpmbate/chroma_2pt/32x64/b5p40kp119989kp119812/lp0001_g8g2_q000_q200_q222_q420_q440_src2/correlators/baryon_qcdsf.850.b5p40kp119989kp119812-32x64.01212_0.000_440_-4-40_smsnk30.lime
/scratch/usr/hhpmbate/chroma_2pt/32x64/b5p40kp119989kp119812/lp0001_g8g2_q000_q200_q222_q420_q440_src2/correlators/baryon_qcdsf.850.b5p40kp119989kp119812-32x64.01214_0.000_000_ptsink.lime
/scratch/usr/hhpmbate/chroma_2pt/32x64/b5p40kp119989kp119812/lp0001_g8g2_q000_q200_q222_q420_q440_src2/correlators/baryon_qcdsf.850.b5p40kp119989kp119812-32x64.01214_0.000_000_smsnk30.lime
/scratch/usr/hhpmbate/chroma_2pt/32x64/b5p40kp119989kp119812/lp0001_g8g2_q000_q200_q222_q420_q440_src2/correlators/baryon_qcdsf.850.b5p40kp119989kp119812-32x64.01214_0.000_200_-200_ptsink.lime
/scratch/usr/hhpmbate/chroma_2pt/32x64/b5p40kp119989kp119812/lp0001_g8g2_q000_q200_q222_q420_q440_src2/correlators/baryon_qcdsf.850.b5p40kp119989kp119812-32x64.01214_0.000_200_-200_smsnk30.lime
/scratch/usr/hhpmbate/chroma_2pt/32x64/b5p40kp119989kp119812/lp0001_g8g2_q000_q200_q222_q420_q440_src2/correlators/baryon_qcdsf.850.b5p40kp119989kp119812-32x64.01214_0.000_222_-2-2-2_ptsink.lime
/scratch/usr/hhpmbate/chroma_2pt/32x64/b5p40kp119989kp119812/lp0001_g8g2_q000_q200_q222_q420_q440_src2/correlators/baryon_qcdsf.850.b5p40kp119989kp119812-32x64.01214_0.000_222_-2-2-2_smsnk30.lime
/scratch/usr/hhpmbate/chroma_2pt/32x64/b5p40kp119989kp119812/lp0001_g8g2_q000_q200_q222_q420_q440_src2/correlators/baryon_qcdsf.850.b5p40kp119989kp119812-32x64.01214_0.000_420_-4-20_ptsink.lime
/scratch/usr/hhpmbate/chroma_2pt/32x64/b5p40kp119989kp119812/lp0001_g8g2_q000_q200_q222_q420_q440_src2/correlators/baryon_qcdsf.850.b5p40kp119989kp119812-32x64.01214_0.000_420_-4-20_smsnk30.lime
/scratch/usr/hhpmbate/chroma_2pt/32x64/b5p40kp119989kp119812/lp0001_g8g2_q000_q200_q222_q420_q440_src2/correlators/baryon_qcdsf.850.b5p40kp119989kp119812-32x64.01214_0.000_440_-4-40_ptsink.lime
/scratch/usr/hhpmbate/chroma_2pt/32x64/b5p40kp119989kp119812/lp0001_g8g2_q000_q200_q222_q420_q440_src2/correlators/baryon_qcdsf.850.b5p40kp119989kp119812-32x64.01214_0.000_440_-4-40_smsnk30.lime
/scratch/usr/hhpmbate/chroma_2pt/32x64/b5p40kp119989kp119812/lp0001_g8g2_q000_q200_q222_q420_q440_src2/correlators/baryon_qcdsf.850.b5p40kp119989kp119812-32x64.01216_0.000_000_ptsink.lime
/scratch/usr/hhpmbate/chroma_2pt/32x64/b5p40kp119989kp119812/lp0001_g8g2_q000_q200_q222_q420_q440_src2/correlators/baryon_qcdsf.850.b5p40kp119989kp119812-32x64.01216_0.000_000_smsnk30.lime
/scratch/usr/hhpmbate/chroma_2pt/32x64/b5p40kp119989kp119812/lp0001_g8g2_q000_q200_q222_q420_q440_src2/correlators/baryon_qcdsf.850.b5p40kp119989kp119812-32x64.01216_0.000_200_-200_ptsink.lime
/scratch/usr/hhpmbate/chroma_2pt/32x64/b5p40kp119989kp119812/lp0001_g8g2_q000_q200_q222_q420_q440_src2/correlators/baryon_qcdsf.850.b5p40kp119989kp119812-32x64.01216_0.000_200_-200_smsnk30.lime
/scratch/usr/hhpmbate/chroma_2pt/32x64/b5p40kp119989kp119812/lp0001_g8g2_q000_q200_q222_q420_q440_src2/correlators/baryon_qcdsf.850.b5p40kp119989kp119812-32x64.01216_0.000_222_-2-2-2_ptsink.lime
/scratch/usr/hhpmbate/chroma_2pt/32x64/b5p40kp119989kp119812/lp0001_g8g2_q000_q200_q222_q420_q440_src2/correlators/baryon_qcdsf.850.b5p40kp119989kp119812-32x64.01216_0.000_222_-2-2-2_smsnk30.lime
/scratch/usr/hhpmbate/chroma_2pt/32x64/b5p40kp119989kp119812/lp0001_g8g2_q000_q200_q222_q420_q440_src2/correlators/baryon_qcdsf.850.b5p40kp119989kp119812-32x64.01216_0.000_420_-4-20_ptsink.lime
/scratch/usr/hhpmbate/chroma_2pt/32x64/b5p40kp119989kp119812/lp0001_g8g2_q000_q200_q222_q420_q440_src2/correlators/baryon_qcdsf.850.b5p40kp119989kp119812-32x64.01216_0.000_420_-4-20_smsnk30.lime
/scratch/usr/hhpmbate/chroma_2pt/32x64/b5p40kp119989kp119812/lp0001_g8g2_q000_q200_q222_q420_q440_src2/correlators/baryon_qcdsf.850.b5p40kp119989kp119812-32x64.01216_0.000_440_-4-40_ptsink.lime
/scratch/usr/hhpmbate/chroma_2pt/32x64/b5p40kp119989kp119812/lp0001_g8g2_q000_q200_q222_q420_q440_src2/correlators/baryon_qcdsf.850.b5p40kp119989kp119812-32x64.01216_0.000_440_-4-40_smsnk30.lime
/scratch/usr/hhpmbate/chroma_2pt/32x64/b5p40kp119989kp119812/lp0001_g8g2_q000_q200_q222_q420_q440_src2/correlators/baryon_qcdsf.850.b5p40kp119989kp119812-32x64.01218_0.000_000_ptsink.lime
/scratch/usr/hhpmbate/chroma_2pt/32x64/b5p40kp119989kp119812/lp0001_g8g2_q000_q200_q222_q420_q440_src2/correlators/baryon_qcdsf.850.b5p40kp119989kp119812-32x64.01218_0.000_000_smsnk30.lime
/scratch/usr/hhpmbate/chroma_2pt/32x64/b5p40kp119989kp119812/lp0001_g8g2_q000_q200_q222_q420_q440_src2/correlators/baryon_qcdsf.850.b5p40kp119989kp119812-32x64.01218_0.000_200_-200_ptsink.lime
/scratch/usr/hhpmbate/chroma_2pt/32x64/b5p40kp119989kp119812/lp0001_g8g2_q000_q200_q222_q420_q440_src2/correlators/baryon_qcdsf.850.b5p40kp119989kp119812-32x64.01218_0.000_200_-200_smsnk30.lime
/scratch/usr/hhpmbate/chroma_2pt/32x64/b5p40kp119989kp119812/lp0001_g8g2_q000_q200_q222_q420_q440_src2/correlators/baryon_qcdsf.850.b5p40kp119989kp119812-32x64.01218_0.000_222_-2-2-2_ptsink.lime
/scratch/usr/hhpmbate/chroma_2pt/32x64/b5p40kp119989kp119812/lp0001_g8g2_q000_q200_q222_q420_q440_src2/correlators/baryon_qcdsf.850.b5p40kp119989kp119812-32x64.01218_0.000_222_-2-2-2_smsnk30.lime
/scratch/usr/hhpmbate/chroma_2pt/32x64/b5p40kp119989kp119812/lp0001_g8g2_q000_q200_q222_q420_q440_src2/correlators/baryon_qcdsf.850.b5p40kp119989kp119812-32x64.01218_0.000_420_-4-20_ptsink.lime
/scratch/usr/hhpmbate/chroma_2pt/32x64/b5p40kp119989kp119812/lp0001_g8g2_q000_q200_q222_q420_q440_src2/correlators/baryon_qcdsf.850.b5p40kp119989kp119812-32x64.01218_0.000_420_-4-20_smsnk30.lime
/scratch/usr/hhpmbate/chroma_2pt/32x64/b5p40kp119989kp119812/lp0001_g8g2_q000_q200_q222_q420_q440_src2/correlators/baryon_qcdsf.850.b5p40kp119989kp119812-32x64.01218_0.000_440_-4-40_ptsink.lime
/scratch/usr/hhpmbate/chroma_2pt/32x64/b5p40kp119989kp119812/lp0001_g8g2_q000_q200_q222_q420_q440_src2/correlators/baryon_qcdsf.850.b5p40kp119989kp119812-32x64.01218_0.000_440_-4-40_smsnk30.lime
/scratch/usr/hhpmbate/chroma_2pt/32x64/b5p40kp119989kp119812/lp0001_g8g2_q000_q200_q222_q420_q440_src2/correlators/baryon_qcdsf.850.b5p40kp119989kp119812-32x64.01226_0.000_000_ptsink.lime
/scratch/usr/hhpmbate/chroma_2pt/32x64/b5p40kp119989kp119812/lp0001_g8g2_q000_q200_q222_q420_q440_src2/correlators/baryon_qcdsf.850.b5p40kp119989kp119812-32x64.01226_0.000_000_smsnk30.lime
/scratch/usr/hhpmbate/chroma_2pt/32x64/b5p40kp119989kp119812/lp0001_g8g2_q000_q200_q222_q420_q440_src2/correlators/baryon_qcdsf.850.b5p40kp119989kp119812-32x64.01226_0.000_200_-200_ptsink.lime
/scratch/usr/hhpmbate/chroma_2pt/32x64/b5p40kp119989kp119812/lp0001_g8g2_q000_q200_q222_q420_q440_src2/correlators/baryon_qcdsf.850.b5p40kp119989kp119812-32x64.01226_0.000_200_-200_smsnk30.lime
/scratch/usr/hhpmbate/chroma_2pt/32x64/b5p40kp119989kp119812/lp0001_g8g2_q000_q200_q222_q420_q440_src2/correlators/baryon_qcdsf.850.b5p40kp119989kp119812-32x64.01226_0.000_222_-2-2-2_ptsink.lime
/scratch/usr/hhpmbate/chroma_2pt/32x64/b5p40kp119989kp119812/lp0001_g8g2_q000_q200_q222_q420_q440_src2/correlators/baryon_qcdsf.850.b5p40kp119989kp119812-32x64.01226_0.000_222_-2-2-2_smsnk30.lime
/scratch/usr/hhpmbate/chroma_2pt/32x64/b5p40kp119989kp119812/lp0001_g8g2_q000_q200_q222_q420_q440_src2/correlators/baryon_qcdsf.850.b5p40kp119989kp119812-32x64.01226_0.000_420_-4-20_ptsink.lime
/scratch/usr/hhpmbate/chroma_2pt/32x64/b5p40kp119989kp119812/lp0001_g8g2_q000_q200_q222_q420_q440_src2/correlators/baryon_qcdsf.850.b5p40kp119989kp119812-32x64.01226_0.000_420_-4-20_smsnk30.lime
/scratch/usr/hhpmbate/chroma_2pt/32x64/b5p40kp119989kp119812/lp0001_g8g2_q000_q200_q222_q420_q440_src2/correlators/baryon_qcdsf.850.b5p40kp119989kp119812-32x64.01226_0.000_440_-4-40_ptsink.lime
/scratch/usr/hhpmbate/chroma_2pt/32x64/b5p40kp119989kp119812/lp0001_g8g2_q000_q200_q222_q420_q440_src2/correlators/baryon_qcdsf.850.b5p40kp119989kp119812-32x64.01226_0.000_440_-4-40_smsnk30.lime
/scratch/usr/hhpmbate/chroma_2pt/32x64/b5p40kp119989kp119812/lp0001_g8g2_q000_q200_q222_q420_q440_src2/correlators/baryon_qcdsf.850.b5p40kp119989kp119812-32x64.01228_0.000_000_ptsink.lime
/scratch/usr/hhpmbate/chroma_2pt/32x64/b5p40kp119989kp119812/lp0001_g8g2_q000_q200_q222_q420_q440_src2/correlators/baryon_qcdsf.850.b5p40kp119989kp119812-32x64.01228_0.000_000_smsnk30.lime
/scratch/usr/hhpmbate/chroma_2pt/32x64/b5p40kp119989kp119812/lp0001_g8g2_q000_q200_q222_q420_q440_src2/correlators/baryon_qcdsf.850.b5p40kp119989kp119812-32x64.01228_0.000_200_-200_ptsink.lime
/scratch/usr/hhpmbate/chroma_2pt/32x64/b5p40kp119989kp119812/lp0001_g8g2_q000_q200_q222_q420_q440_src2/correlators/baryon_qcdsf.850.b5p40kp119989kp119812-32x64.01228_0.000_200_-200_smsnk30.lime
/scratch/usr/hhpmbate/chroma_2pt/32x64/b5p40kp119989kp119812/lp0001_g8g2_q000_q200_q222_q420_q440_src2/correlators/baryon_qcdsf.850.b5p40kp119989kp119812-32x64.01228_0.000_222_-2-2-2_ptsink.lime
/scratch/usr/hhpmbate/chroma_2pt/32x64/b5p40kp119989kp119812/lp0001_g8g2_q000_q200_q222_q420_q440_src2/correlators/baryon_qcdsf.850.b5p40kp119989kp119812-32x64.01228_0.000_222_-2-2-2_smsnk30.lime
/scratch/usr/hhpmbate/chroma_2pt/32x64/b5p40kp119989kp119812/lp0001_g8g2_q000_q200_q222_q420_q440_src2/correlators/baryon_qcdsf.850.b5p40kp119989kp119812-32x64.01228_0.000_420_-4-20_ptsink.lime
/scratch/usr/hhpmbate/chroma_2pt/32x64/b5p40kp119989kp119812/lp0001_g8g2_q000_q200_q222_q420_q440_src2/correlators/baryon_qcdsf.850.b5p40kp119989kp119812-32x64.01228_0.000_420_-4-20_smsnk30.lime
/scratch/usr/hhpmbate/chroma_2pt/32x64/b5p40kp119989kp119812/lp0001_g8g2_q000_q200_q222_q420_q440_src2/correlators/baryon_qcdsf.850.b5p40kp119989kp119812-32x64.01228_0.000_440_-4-40_ptsink.lime
/scratch/usr/hhpmbate/chroma_2pt/32x64/b5p40kp119989kp119812/lp0001_g8g2_q000_q200_q222_q420_q440_src2/correlators/baryon_qcdsf.850.b5p40kp119989kp119812-32x64.01228_0.000_440_-4-40_smsnk30.lime
/scratch/usr/hhpmbate/chroma_2pt/32x64/b5p40kp119989kp119812/lp0001_g8g2_q000_q200_q222_q420_q440_src2/correlators/baryon_qcdsf.850.b5p40kp119989kp119812-32x64.01229_0.000_000_ptsink.lime
/scratch/usr/hhpmbate/chroma_2pt/32x64/b5p40kp119989kp119812/lp0001_g8g2_q000_q200_q222_q420_q440_src2/correlators/baryon_qcdsf.850.b5p40kp119989kp119812-32x64.01229_0.000_000_smsnk30.lime
/scratch/usr/hhpmbate/chroma_2pt/32x64/b5p40kp119989kp119812/lp0001_g8g2_q000_q200_q222_q420_q440_src2/correlators/baryon_qcdsf.850.b5p40kp119989kp119812-32x64.01229_0.000_200_-200_ptsink.lime
/scratch/usr/hhpmbate/chroma_2pt/32x64/b5p40kp119989kp119812/lp0001_g8g2_q000_q200_q222_q420_q440_src2/correlators/baryon_qcdsf.850.b5p40kp119989kp119812-32x64.01229_0.000_200_-200_smsnk30.lime
/scratch/usr/hhpmbate/chroma_2pt/32x64/b5p40kp119989kp119812/lp0001_g8g2_q000_q200_q222_q420_q440_src2/correlators/baryon_qcdsf.850.b5p40kp119989kp119812-32x64.01229_0.000_222_-2-2-2_ptsink.lime
/scratch/usr/hhpmbate/chroma_2pt/32x64/b5p40kp119989kp119812/lp0001_g8g2_q000_q200_q222_q420_q440_src2/correlators/baryon_qcdsf.850.b5p40kp119989kp119812-32x64.01229_0.000_222_-2-2-2_smsnk30.lime
/scratch/usr/hhpmbate/chroma_2pt/32x64/b5p40kp119989kp119812/lp0001_g8g2_q000_q200_q222_q420_q440_src2/correlators/baryon_qcdsf.850.b5p40kp119989kp119812-32x64.01229_0.000_420_-4-20_ptsink.lime
/scratch/usr/hhpmbate/chroma_2pt/32x64/b5p40kp119989kp119812/lp0001_g8g2_q000_q200_q222_q420_q440_src2/correlators/baryon_qcdsf.850.b5p40kp119989kp119812-32x64.01229_0.000_420_-4-20_smsnk30.lime
/scratch/usr/hhpmbate/chroma_2pt/32x64/b5p40kp119989kp119812/lp0001_g8g2_q000_q200_q222_q420_q440_src2/correlators/baryon_qcdsf.850.b5p40kp119989kp119812-32x64.01229_0.000_440_-4-40_ptsink.lime
/scratch/usr/hhpmbate/chroma_2pt/32x64/b5p40kp119989kp119812/lp0001_g8g2_q000_q200_q222_q420_q440_src2/correlators/baryon_qcdsf.850.b5p40kp119989kp119812-32x64.01229_0.000_440_-4-40_smsnk30.lime
/scratch/usr/hhpmbate/chroma_2pt/32x64/b5p40kp119989kp119812/lp0001_g8g2_q000_q200_q222_q420_q440_src2/correlators/baryon_qcdsf.850.b5p40kp119989kp119812-32x64.01230_0.000_000_ptsink.lime
/scratch/usr/hhpmbate/chroma_2pt/32x64/b5p40kp119989kp119812/lp0001_g8g2_q000_q200_q222_q420_q440_src2/correlators/baryon_qcdsf.850.b5p40kp119989kp119812-32x64.01230_0.000_000_smsnk30.lime
/scratch/usr/hhpmbate/chroma_2pt/32x64/b5p40kp119989kp119812/lp0001_g8g2_q000_q200_q222_q420_q440_src2/correlators/baryon_qcdsf.850.b5p40kp119989kp119812-32x64.01230_0.000_200_-200_ptsink.lime
/scratch/usr/hhpmbate/chroma_2pt/32x64/b5p40kp119989kp119812/lp0001_g8g2_q000_q200_q222_q420_q440_src2/correlators/baryon_qcdsf.850.b5p40kp119989kp119812-32x64.01230_0.000_200_-200_smsnk30.lime
/scratch/usr/hhpmbate/chroma_2pt/32x64/b5p40kp119989kp119812/lp0001_g8g2_q000_q200_q222_q420_q440_src2/correlators/baryon_qcdsf.850.b5p40kp119989kp119812-32x64.01230_0.000_222_-2-2-2_ptsink.lime
/scratch/usr/hhpmbate/chroma_2pt/32x64/b5p40kp119989kp119812/lp0001_g8g2_q000_q200_q222_q420_q440_src2/correlators/baryon_qcdsf.850.b5p40kp119989kp119812-32x64.01230_0.000_222_-2-2-2_smsnk30.lime
/scratch/usr/hhpmbate/chroma_2pt/32x64/b5p40kp119989kp119812/lp0001_g8g2_q000_q200_q222_q420_q440_src2/correlators/baryon_qcdsf.850.b5p40kp119989kp119812-32x64.01230_0.000_420_-4-20_ptsink.lime
/scratch/usr/hhpmbate/chroma_2pt/32x64/b5p40kp119989kp119812/lp0001_g8g2_q000_q200_q222_q420_q440_src2/correlators/baryon_qcdsf.850.b5p40kp119989kp119812-32x64.01230_0.000_420_-4-20_smsnk30.lime
/scratch/usr/hhpmbate/chroma_2pt/32x64/b5p40kp119989kp119812/lp0001_g8g2_q000_q200_q222_q420_q440_src2/correlators/baryon_qcdsf.850.b5p40kp119989kp119812-32x64.01230_0.000_440_-4-40_ptsink.lime
/scratch/usr/hhpmbate/chroma_2pt/32x64/b5p40kp119989kp119812/lp0001_g8g2_q000_q200_q222_q420_q440_src2/correlators/baryon_qcdsf.850.b5p40kp119989kp119812-32x64.01230_0.000_440_-4-40_smsnk30.lime
/scratch/usr/hhpmbate/chroma_2pt/32x64/b5p40kp119989kp119812/lp0001_g8g2_q000_q200_q222_q420_q440_src2/correlators/baryon_qcdsf.850.b5p40kp119989kp119812-32x64.01232_0.000_000_ptsink.lime
/scratch/usr/hhpmbate/chroma_2pt/32x64/b5p40kp119989kp119812/lp0001_g8g2_q000_q200_q222_q420_q440_src2/correlators/baryon_qcdsf.850.b5p40kp119989kp119812-32x64.01232_0.000_000_smsnk30.lime
/scratch/usr/hhpmbate/chroma_2pt/32x64/b5p40kp119989kp119812/lp0001_g8g2_q000_q200_q222_q420_q440_src2/correlators/baryon_qcdsf.850.b5p40kp119989kp119812-32x64.01232_0.000_200_-200_ptsink.lime
/scratch/usr/hhpmbate/chroma_2pt/32x64/b5p40kp119989kp119812/lp0001_g8g2_q000_q200_q222_q420_q440_src2/correlators/baryon_qcdsf.850.b5p40kp119989kp119812-32x64.01232_0.000_200_-200_smsnk30.lime
/scratch/usr/hhpmbate/chroma_2pt/32x64/b5p40kp119989kp119812/lp0001_g8g2_q000_q200_q222_q420_q440_src2/correlators/baryon_qcdsf.850.b5p40kp119989kp119812-32x64.01232_0.000_222_-2-2-2_ptsink.lime
/scratch/usr/hhpmbate/chroma_2pt/32x64/b5p40kp119989kp119812/lp0001_g8g2_q000_q200_q222_q420_q440_src2/correlators/baryon_qcdsf.850.b5p40kp119989kp119812-32x64.01232_0.000_222_-2-2-2_smsnk30.lime
/scratch/usr/hhpmbate/chroma_2pt/32x64/b5p40kp119989kp119812/lp0001_g8g2_q000_q200_q222_q420_q440_src2/correlators/baryon_qcdsf.850.b5p40kp119989kp119812-32x64.01232_0.000_420_-4-20_ptsink.lime
/scratch/usr/hhpmbate/chroma_2pt/32x64/b5p40kp119989kp119812/lp0001_g8g2_q000_q200_q222_q420_q440_src2/correlators/baryon_qcdsf.850.b5p40kp119989kp119812-32x64.01232_0.000_420_-4-20_smsnk30.lime
/scratch/usr/hhpmbate/chroma_2pt/32x64/b5p40kp119989kp119812/lp0001_g8g2_q000_q200_q222_q420_q440_src2/correlators/baryon_qcdsf.850.b5p40kp119989kp119812-32x64.01232_0.000_440_-4-40_ptsink.lime
/scratch/usr/hhpmbate/chroma_2pt/32x64/b5p40kp119989kp119812/lp0001_g8g2_q000_q200_q222_q420_q440_src2/correlators/baryon_qcdsf.850.b5p40kp119989kp119812-32x64.01232_0.000_440_-4-40_smsnk30.lime
/scratch/usr/hhpmbate/chroma_2pt/32x64/b5p40kp119989kp119812/lp0001_g8g2_q000_q200_q222_q420_q440_src2/correlators/baryon_qcdsf.850.b5p40kp119989kp119812-32x64.01233_0.000_000_ptsink.lime
/scratch/usr/hhpmbate/chroma_2pt/32x64/b5p40kp119989kp119812/lp0001_g8g2_q000_q200_q222_q420_q440_src2/correlators/baryon_qcdsf.850.b5p40kp119989kp119812-32x64.01233_0.000_000_smsnk30.lime
/scratch/usr/hhpmbate/chroma_2pt/32x64/b5p40kp119989kp119812/lp0001_g8g2_q000_q200_q222_q420_q440_src2/correlators/baryon_qcdsf.850.b5p40kp119989kp119812-32x64.01233_0.000_200_-200_ptsink.lime
/scratch/usr/hhpmbate/chroma_2pt/32x64/b5p40kp119989kp119812/lp0001_g8g2_q000_q200_q222_q420_q440_src2/correlators/baryon_qcdsf.850.b5p40kp119989kp119812-32x64.01233_0.000_200_-200_smsnk30.lime
/scratch/usr/hhpmbate/chroma_2pt/32x64/b5p40kp119989kp119812/lp0001_g8g2_q000_q200_q222_q420_q440_src2/correlators/baryon_qcdsf.850.b5p40kp119989kp119812-32x64.01233_0.000_222_-2-2-2_ptsink.lime
/scratch/usr/hhpmbate/chroma_2pt/32x64/b5p40kp119989kp119812/lp0001_g8g2_q000_q200_q222_q420_q440_src2/correlators/baryon_qcdsf.850.b5p40kp119989kp119812-32x64.01233_0.000_222_-2-2-2_smsnk30.lime
/scratch/usr/hhpmbate/chroma_2pt/32x64/b5p40kp119989kp119812/lp0001_g8g2_q000_q200_q222_q420_q440_src2/correlators/baryon_qcdsf.850.b5p40kp119989kp119812-32x64.01233_0.000_420_-4-20_ptsink.lime
/scratch/usr/hhpmbate/chroma_2pt/32x64/b5p40kp119989kp119812/lp0001_g8g2_q000_q200_q222_q420_q440_src2/correlators/baryon_qcdsf.850.b5p40kp119989kp119812-32x64.01233_0.000_420_-4-20_smsnk30.lime
/scratch/usr/hhpmbate/chroma_2pt/32x64/b5p40kp119989kp119812/lp0001_g8g2_q000_q200_q222_q420_q440_src2/correlators/baryon_qcdsf.850.b5p40kp119989kp119812-32x64.01233_0.000_440_-4-40_ptsink.lime
/scratch/usr/hhpmbate/chroma_2pt/32x64/b5p40kp119989kp119812/lp0001_g8g2_q000_q200_q222_q420_q440_src2/correlators/baryon_qcdsf.850.b5p40kp119989kp119812-32x64.01233_0.000_440_-4-40_smsnk30.lime
/scratch/usr/hhpmbate/chroma_2pt/32x64/b5p40kp119989kp119812/lp0001_g8g2_q000_q200_q222_q420_q440_src2/correlators/baryon_qcdsf.850.b5p40kp119989kp119812-32x64.01238_0.000_000_ptsink.lime
/scratch/usr/hhpmbate/chroma_2pt/32x64/b5p40kp119989kp119812/lp0001_g8g2_q000_q200_q222_q420_q440_src2/correlators/baryon_qcdsf.850.b5p40kp119989kp119812-32x64.01238_0.000_000_smsnk30.lime
/scratch/usr/hhpmbate/chroma_2pt/32x64/b5p40kp119989kp119812/lp0001_g8g2_q000_q200_q222_q420_q440_src2/correlators/baryon_qcdsf.850.b5p40kp119989kp119812-32x64.01238_0.000_200_-200_ptsink.lime
/scratch/usr/hhpmbate/chroma_2pt/32x64/b5p40kp119989kp119812/lp0001_g8g2_q000_q200_q222_q420_q440_src2/correlators/baryon_qcdsf.850.b5p40kp119989kp119812-32x64.01238_0.000_200_-200_smsnk30.lime
/scratch/usr/hhpmbate/chroma_2pt/32x64/b5p40kp119989kp119812/lp0001_g8g2_q000_q200_q222_q420_q440_src2/correlators/baryon_qcdsf.850.b5p40kp119989kp119812-32x64.01238_0.000_222_-2-2-2_ptsink.lime
/scratch/usr/hhpmbate/chroma_2pt/32x64/b5p40kp119989kp119812/lp0001_g8g2_q000_q200_q222_q420_q440_src2/correlators/baryon_qcdsf.850.b5p40kp119989kp119812-32x64.01238_0.000_222_-2-2-2_smsnk30.lime
/scratch/usr/hhpmbate/chroma_2pt/32x64/b5p40kp119989kp119812/lp0001_g8g2_q000_q200_q222_q420_q440_src2/correlators/baryon_qcdsf.850.b5p40kp119989kp119812-32x64.01238_0.000_420_-4-20_ptsink.lime
/scratch/usr/hhpmbate/chroma_2pt/32x64/b5p40kp119989kp119812/lp0001_g8g2_q000_q200_q222_q420_q440_src2/correlators/baryon_qcdsf.850.b5p40kp119989kp119812-32x64.01238_0.000_420_-4-20_smsnk30.lime
/scratch/usr/hhpmbate/chroma_2pt/32x64/b5p40kp119989kp119812/lp0001_g8g2_q000_q200_q222_q420_q440_src2/correlators/baryon_qcdsf.850.b5p40kp119989kp119812-32x64.01238_0.000_440_-4-40_ptsink.lime
/scratch/usr/hhpmbate/chroma_2pt/32x64/b5p40kp119989kp119812/lp0001_g8g2_q000_q200_q222_q420_q440_src2/correlators/baryon_qcdsf.850.b5p40kp119989kp119812-32x64.01238_0.000_440_-4-40_smsnk30.lime
/scratch/usr/hhpmbate/chroma_2pt/32x64/b5p40kp119989kp119812/lp0001_g8g2_q000_q200_q222_q420_q440_src2/correlators/baryon_qcdsf.850.b5p40kp119989kp119812-32x64.01240_0.000_000_ptsink.lime
/scratch/usr/hhpmbate/chroma_2pt/32x64/b5p40kp119989kp119812/lp0001_g8g2_q000_q200_q222_q420_q440_src2/correlators/baryon_qcdsf.850.b5p40kp119989kp119812-32x64.01240_0.000_000_smsnk30.lime
/scratch/usr/hhpmbate/chroma_2pt/32x64/b5p40kp119989kp119812/lp0001_g8g2_q000_q200_q222_q420_q440_src2/correlators/baryon_qcdsf.850.b5p40kp119989kp119812-32x64.01240_0.000_200_-200_ptsink.lime
/scratch/usr/hhpmbate/chroma_2pt/32x64/b5p40kp119989kp119812/lp0001_g8g2_q000_q200_q222_q420_q440_src2/correlators/baryon_qcdsf.850.b5p40kp119989kp119812-32x64.01240_0.000_200_-200_smsnk30.lime
/scratch/usr/hhpmbate/chroma_2pt/32x64/b5p40kp119989kp119812/lp0001_g8g2_q000_q200_q222_q420_q440_src2/correlators/baryon_qcdsf.850.b5p40kp119989kp119812-32x64.01240_0.000_222_-2-2-2_ptsink.lime
/scratch/usr/hhpmbate/chroma_2pt/32x64/b5p40kp119989kp119812/lp0001_g8g2_q000_q200_q222_q420_q440_src2/correlators/baryon_qcdsf.850.b5p40kp119989kp119812-32x64.01240_0.000_222_-2-2-2_smsnk30.lime
/scratch/usr/hhpmbate/chroma_2pt/32x64/b5p40kp119989kp119812/lp0001_g8g2_q000_q200_q222_q420_q440_src2/correlators/baryon_qcdsf.850.b5p40kp119989kp119812-32x64.01240_0.000_420_-4-20_ptsink.lime
/scratch/usr/hhpmbate/chroma_2pt/32x64/b5p40kp119989kp119812/lp0001_g8g2_q000_q200_q222_q420_q440_src2/correlators/baryon_qcdsf.850.b5p40kp119989kp119812-32x64.01240_0.000_420_-4-20_smsnk30.lime
/scratch/usr/hhpmbate/chroma_2pt/32x64/b5p40kp119989kp119812/lp0001_g8g2_q000_q200_q222_q420_q440_src2/correlators/baryon_qcdsf.850.b5p40kp119989kp119812-32x64.01240_0.000_440_-4-40_ptsink.lime
/scratch/usr/hhpmbate/chroma_2pt/32x64/b5p40kp119989kp119812/lp0001_g8g2_q000_q200_q222_q420_q440_src2/correlators/baryon_qcdsf.850.b5p40kp119989kp119812-32x64.01240_0.000_440_-4-40_smsnk30.lime
/scratch/usr/hhpmbate/chroma_2pt/32x64/b5p40kp119989kp119812/lp0001_g8g2_q000_q200_q222_q420_q440_src2/correlators/baryon_qcdsf.850.b5p40kp119989kp119812-32x64.01241_0.000_000_ptsink.lime
/scratch/usr/hhpmbate/chroma_2pt/32x64/b5p40kp119989kp119812/lp0001_g8g2_q000_q200_q222_q420_q440_src2/correlators/baryon_qcdsf.850.b5p40kp119989kp119812-32x64.01241_0.000_000_smsnk30.lime
/scratch/usr/hhpmbate/chroma_2pt/32x64/b5p40kp119989kp119812/lp0001_g8g2_q000_q200_q222_q420_q440_src2/correlators/baryon_qcdsf.850.b5p40kp119989kp119812-32x64.01241_0.000_200_-200_ptsink.lime
/scratch/usr/hhpmbate/chroma_2pt/32x64/b5p40kp119989kp119812/lp0001_g8g2_q000_q200_q222_q420_q440_src2/correlators/baryon_qcdsf.850.b5p40kp119989kp119812-32x64.01241_0.000_200_-200_smsnk30.lime
/scratch/usr/hhpmbate/chroma_2pt/32x64/b5p40kp119989kp119812/lp0001_g8g2_q000_q200_q222_q420_q440_src2/correlators/baryon_qcdsf.850.b5p40kp119989kp119812-32x64.01241_0.000_222_-2-2-2_ptsink.lime
/scratch/usr/hhpmbate/chroma_2pt/32x64/b5p40kp119989kp119812/lp0001_g8g2_q000_q200_q222_q420_q440_src2/correlators/baryon_qcdsf.850.b5p40kp119989kp119812-32x64.01241_0.000_222_-2-2-2_smsnk30.lime
/scratch/usr/hhpmbate/chroma_2pt/32x64/b5p40kp119989kp119812/lp0001_g8g2_q000_q200_q222_q420_q440_src2/correlators/baryon_qcdsf.850.b5p40kp119989kp119812-32x64.01241_0.000_420_-4-20_ptsink.lime
/scratch/usr/hhpmbate/chroma_2pt/32x64/b5p40kp119989kp119812/lp0001_g8g2_q000_q200_q222_q420_q440_src2/correlators/baryon_qcdsf.850.b5p40kp119989kp119812-32x64.01241_0.000_420_-4-20_smsnk30.lime
/scratch/usr/hhpmbate/chroma_2pt/32x64/b5p40kp119989kp119812/lp0001_g8g2_q000_q200_q222_q420_q440_src2/correlators/baryon_qcdsf.850.b5p40kp119989kp119812-32x64.01241_0.000_440_-4-40_ptsink.lime
/scratch/usr/hhpmbate/chroma_2pt/32x64/b5p40kp119989kp119812/lp0001_g8g2_q000_q200_q222_q420_q440_src2/correlators/baryon_qcdsf.850.b5p40kp119989kp119812-32x64.01241_0.000_440_-4-40_smsnk30.lime
/scratch/usr/hhpmbate/chroma_2pt/32x64/b5p40kp119989kp119812/lp0001_g8g2_q000_q200_q222_q420_q440_src2/correlators/baryon_qcdsf.850.b5p40kp119989kp119812-32x64.01245_0.000_000_ptsink.lime
/scratch/usr/hhpmbate/chroma_2pt/32x64/b5p40kp119989kp119812/lp0001_g8g2_q000_q200_q222_q420_q440_src2/correlators/baryon_qcdsf.850.b5p40kp119989kp119812-32x64.01245_0.000_000_smsnk30.lime
/scratch/usr/hhpmbate/chroma_2pt/32x64/b5p40kp119989kp119812/lp0001_g8g2_q000_q200_q222_q420_q440_src2/correlators/baryon_qcdsf.850.b5p40kp119989kp119812-32x64.01245_0.000_200_-200_ptsink.lime
/scratch/usr/hhpmbate/chroma_2pt/32x64/b5p40kp119989kp119812/lp0001_g8g2_q000_q200_q222_q420_q440_src2/correlators/baryon_qcdsf.850.b5p40kp119989kp119812-32x64.01245_0.000_200_-200_smsnk30.lime
/scratch/usr/hhpmbate/chroma_2pt/32x64/b5p40kp119989kp119812/lp0001_g8g2_q000_q200_q222_q420_q440_src2/correlators/baryon_qcdsf.850.b5p40kp119989kp119812-32x64.01245_0.000_222_-2-2-2_ptsink.lime
/scratch/usr/hhpmbate/chroma_2pt/32x64/b5p40kp119989kp119812/lp0001_g8g2_q000_q200_q222_q420_q440_src2/correlators/baryon_qcdsf.850.b5p40kp119989kp119812-32x64.01245_0.000_222_-2-2-2_smsnk30.lime
/scratch/usr/hhpmbate/chroma_2pt/32x64/b5p40kp119989kp119812/lp0001_g8g2_q000_q200_q222_q420_q440_src2/correlators/baryon_qcdsf.850.b5p40kp119989kp119812-32x64.01245_0.000_420_-4-20_ptsink.lime
/scratch/usr/hhpmbate/chroma_2pt/32x64/b5p40kp119989kp119812/lp0001_g8g2_q000_q200_q222_q420_q440_src2/correlators/baryon_qcdsf.850.b5p40kp119989kp119812-32x64.01245_0.000_420_-4-20_smsnk30.lime
/scratch/usr/hhpmbate/chroma_2pt/32x64/b5p40kp119989kp119812/lp0001_g8g2_q000_q200_q222_q420_q440_src2/correlators/baryon_qcdsf.850.b5p40kp119989kp119812-32x64.01245_0.000_440_-4-40_ptsink.lime
/scratch/usr/hhpmbate/chroma_2pt/32x64/b5p40kp119989kp119812/lp0001_g8g2_q000_q200_q222_q420_q440_src2/correlators/baryon_qcdsf.850.b5p40kp119989kp119812-32x64.01245_0.000_440_-4-40_smsnk30.lime
/scratch/usr/hhpmbate/chroma_2pt/32x64/b5p40kp119989kp119812/lp0001_g8g2_q000_q200_q222_q420_q440_src2/correlators/baryon_qcdsf.850.b5p40kp119989kp119812-32x64.01247_0.000_000_ptsink.lime
/scratch/usr/hhpmbate/chroma_2pt/32x64/b5p40kp119989kp119812/lp0001_g8g2_q000_q200_q222_q420_q440_src2/correlators/baryon_qcdsf.850.b5p40kp119989kp119812-32x64.01247_0.000_000_smsnk30.lime
/scratch/usr/hhpmbate/chroma_2pt/32x64/b5p40kp119989kp119812/lp0001_g8g2_q000_q200_q222_q420_q440_src2/correlators/baryon_qcdsf.850.b5p40kp119989kp119812-32x64.01247_0.000_200_-200_ptsink.lime
/scratch/usr/hhpmbate/chroma_2pt/32x64/b5p40kp119989kp119812/lp0001_g8g2_q000_q200_q222_q420_q440_src2/correlators/baryon_qcdsf.850.b5p40kp119989kp119812-32x64.01247_0.000_200_-200_smsnk30.lime
/scratch/usr/hhpmbate/chroma_2pt/32x64/b5p40kp119989kp119812/lp0001_g8g2_q000_q200_q222_q420_q440_src2/correlators/baryon_qcdsf.850.b5p40kp119989kp119812-32x64.01247_0.000_222_-2-2-2_ptsink.lime
/scratch/usr/hhpmbate/chroma_2pt/32x64/b5p40kp119989kp119812/lp0001_g8g2_q000_q200_q222_q420_q440_src2/correlators/baryon_qcdsf.850.b5p40kp119989kp119812-32x64.01247_0.000_222_-2-2-2_smsnk30.lime
/scratch/usr/hhpmbate/chroma_2pt/32x64/b5p40kp119989kp119812/lp0001_g8g2_q000_q200_q222_q420_q440_src2/correlators/baryon_qcdsf.850.b5p40kp119989kp119812-32x64.01247_0.000_420_-4-20_ptsink.lime
/scratch/usr/hhpmbate/chroma_2pt/32x64/b5p40kp119989kp119812/lp0001_g8g2_q000_q200_q222_q420_q440_src2/correlators/baryon_qcdsf.850.b5p40kp119989kp119812-32x64.01247_0.000_420_-4-20_smsnk30.lime
/scratch/usr/hhpmbate/chroma_2pt/32x64/b5p40kp119989kp119812/lp0001_g8g2_q000_q200_q222_q420_q440_src2/correlators/baryon_qcdsf.850.b5p40kp119989kp119812-32x64.01247_0.000_440_-4-40_ptsink.lime
/scratch/usr/hhpmbate/chroma_2pt/32x64/b5p40kp119989kp119812/lp0001_g8g2_q000_q200_q222_q420_q440_src2/correlators/baryon_qcdsf.850.b5p40kp119989kp119812-32x64.01247_0.000_440_-4-40_smsnk30.lime
/scratch/usr/hhpmbate/chroma_2pt/32x64/b5p40kp119989kp119812/lp0001_g8g2_q000_q200_q222_q420_q440_src2/correlators/baryon_qcdsf.850.b5p40kp119989kp119812-32x64.01250_0.000_000_ptsink.lime
/scratch/usr/hhpmbate/chroma_2pt/32x64/b5p40kp119989kp119812/lp0001_g8g2_q000_q200_q222_q420_q440_src2/correlators/baryon_qcdsf.850.b5p40kp119989kp119812-32x64.01250_0.000_000_smsnk30.lime
/scratch/usr/hhpmbate/chroma_2pt/32x64/b5p40kp119989kp119812/lp0001_g8g2_q000_q200_q222_q420_q440_src2/correlators/baryon_qcdsf.850.b5p40kp119989kp119812-32x64.01250_0.000_200_-200_ptsink.lime
/scratch/usr/hhpmbate/chroma_2pt/32x64/b5p40kp119989kp119812/lp0001_g8g2_q000_q200_q222_q420_q440_src2/correlators/baryon_qcdsf.850.b5p40kp119989kp119812-32x64.01250_0.000_200_-200_smsnk30.lime
/scratch/usr/hhpmbate/chroma_2pt/32x64/b5p40kp119989kp119812/lp0001_g8g2_q000_q200_q222_q420_q440_src2/correlators/baryon_qcdsf.850.b5p40kp119989kp119812-32x64.01250_0.000_222_-2-2-2_ptsink.lime
/scratch/usr/hhpmbate/chroma_2pt/32x64/b5p40kp119989kp119812/lp0001_g8g2_q000_q200_q222_q420_q440_src2/correlators/baryon_qcdsf.850.b5p40kp119989kp119812-32x64.01250_0.000_222_-2-2-2_smsnk30.lime
/scratch/usr/hhpmbate/chroma_2pt/32x64/b5p40kp119989kp119812/lp0001_g8g2_q000_q200_q222_q420_q440_src2/correlators/baryon_qcdsf.850.b5p40kp119989kp119812-32x64.01250_0.000_420_-4-20_ptsink.lime
/scratch/usr/hhpmbate/chroma_2pt/32x64/b5p40kp119989kp119812/lp0001_g8g2_q000_q200_q222_q420_q440_src2/correlators/baryon_qcdsf.850.b5p40kp119989kp119812-32x64.01250_0.000_420_-4-20_smsnk30.lime
/scratch/usr/hhpmbate/chroma_2pt/32x64/b5p40kp119989kp119812/lp0001_g8g2_q000_q200_q222_q420_q440_src2/correlators/baryon_qcdsf.850.b5p40kp119989kp119812-32x64.01250_0.000_440_-4-40_ptsink.lime
/scratch/usr/hhpmbate/chroma_2pt/32x64/b5p40kp119989kp119812/lp0001_g8g2_q000_q200_q222_q420_q440_src2/correlators/baryon_qcdsf.850.b5p40kp119989kp119812-32x64.01250_0.000_440_-4-40_smsnk30.lime
/scratch/usr/hhpmbate/chroma_2pt/32x64/b5p40kp119989kp119812/lp0001_g8g2_q000_q200_q222_q420_q440_src2/correlators/baryon_qcdsf.850.b5p40kp119989kp119812-32x64.01254_0.000_000_ptsink.lime
/scratch/usr/hhpmbate/chroma_2pt/32x64/b5p40kp119989kp119812/lp0001_g8g2_q000_q200_q222_q420_q440_src2/correlators/baryon_qcdsf.850.b5p40kp119989kp119812-32x64.01254_0.000_000_smsnk30.lime
/scratch/usr/hhpmbate/chroma_2pt/32x64/b5p40kp119989kp119812/lp0001_g8g2_q000_q200_q222_q420_q440_src2/correlators/baryon_qcdsf.850.b5p40kp119989kp119812-32x64.01254_0.000_200_-200_ptsink.lime
/scratch/usr/hhpmbate/chroma_2pt/32x64/b5p40kp119989kp119812/lp0001_g8g2_q000_q200_q222_q420_q440_src2/correlators/baryon_qcdsf.850.b5p40kp119989kp119812-32x64.01254_0.000_200_-200_smsnk30.lime
/scratch/usr/hhpmbate/chroma_2pt/32x64/b5p40kp119989kp119812/lp0001_g8g2_q000_q200_q222_q420_q440_src2/correlators/baryon_qcdsf.850.b5p40kp119989kp119812-32x64.01254_0.000_222_-2-2-2_ptsink.lime
/scratch/usr/hhpmbate/chroma_2pt/32x64/b5p40kp119989kp119812/lp0001_g8g2_q000_q200_q222_q420_q440_src2/correlators/baryon_qcdsf.850.b5p40kp119989kp119812-32x64.01254_0.000_222_-2-2-2_smsnk30.lime
/scratch/usr/hhpmbate/chroma_2pt/32x64/b5p40kp119989kp119812/lp0001_g8g2_q000_q200_q222_q420_q440_src2/correlators/baryon_qcdsf.850.b5p40kp119989kp119812-32x64.01254_0.000_420_-4-20_ptsink.lime
/scratch/usr/hhpmbate/chroma_2pt/32x64/b5p40kp119989kp119812/lp0001_g8g2_q000_q200_q222_q420_q440_src2/correlators/baryon_qcdsf.850.b5p40kp119989kp119812-32x64.01254_0.000_420_-4-20_smsnk30.lime
/scratch/usr/hhpmbate/chroma_2pt/32x64/b5p40kp119989kp119812/lp0001_g8g2_q000_q200_q222_q420_q440_src2/correlators/baryon_qcdsf.850.b5p40kp119989kp119812-32x64.01254_0.000_440_-4-40_ptsink.lime
/scratch/usr/hhpmbate/chroma_2pt/32x64/b5p40kp119989kp119812/lp0001_g8g2_q000_q200_q222_q420_q440_src2/correlators/baryon_qcdsf.850.b5p40kp119989kp119812-32x64.01254_0.000_440_-4-40_smsnk30.lime
/scratch/usr/hhpmbate/chroma_2pt/32x64/b5p40kp119989kp119812/lp0001_g8g2_q000_q200_q222_q420_q440_src2/correlators/baryon_qcdsf.850.b5p40kp119989kp119812-32x64.01256_0.000_000_ptsink.lime
/scratch/usr/hhpmbate/chroma_2pt/32x64/b5p40kp119989kp119812/lp0001_g8g2_q000_q200_q222_q420_q440_src2/correlators/baryon_qcdsf.850.b5p40kp119989kp119812-32x64.01256_0.000_000_smsnk30.lime
/scratch/usr/hhpmbate/chroma_2pt/32x64/b5p40kp119989kp119812/lp0001_g8g2_q000_q200_q222_q420_q440_src2/correlators/baryon_qcdsf.850.b5p40kp119989kp119812-32x64.01256_0.000_200_-200_ptsink.lime
/scratch/usr/hhpmbate/chroma_2pt/32x64/b5p40kp119989kp119812/lp0001_g8g2_q000_q200_q222_q420_q440_src2/correlators/baryon_qcdsf.850.b5p40kp119989kp119812-32x64.01256_0.000_200_-200_smsnk30.lime
/scratch/usr/hhpmbate/chroma_2pt/32x64/b5p40kp119989kp119812/lp0001_g8g2_q000_q200_q222_q420_q440_src2/correlators/baryon_qcdsf.850.b5p40kp119989kp119812-32x64.01256_0.000_222_-2-2-2_ptsink.lime
/scratch/usr/hhpmbate/chroma_2pt/32x64/b5p40kp119989kp119812/lp0001_g8g2_q000_q200_q222_q420_q440_src2/correlators/baryon_qcdsf.850.b5p40kp119989kp119812-32x64.01256_0.000_222_-2-2-2_smsnk30.lime
/scratch/usr/hhpmbate/chroma_2pt/32x64/b5p40kp119989kp119812/lp0001_g8g2_q000_q200_q222_q420_q440_src2/correlators/baryon_qcdsf.850.b5p40kp119989kp119812-32x64.01256_0.000_420_-4-20_ptsink.lime
/scratch/usr/hhpmbate/chroma_2pt/32x64/b5p40kp119989kp119812/lp0001_g8g2_q000_q200_q222_q420_q440_src2/correlators/baryon_qcdsf.850.b5p40kp119989kp119812-32x64.01256_0.000_420_-4-20_smsnk30.lime
/scratch/usr/hhpmbate/chroma_2pt/32x64/b5p40kp119989kp119812/lp0001_g8g2_q000_q200_q222_q420_q440_src2/correlators/baryon_qcdsf.850.b5p40kp119989kp119812-32x64.01256_0.000_440_-4-40_ptsink.lime
/scratch/usr/hhpmbate/chroma_2pt/32x64/b5p40kp119989kp119812/lp0001_g8g2_q000_q200_q222_q420_q440_src2/correlators/baryon_qcdsf.850.b5p40kp119989kp119812-32x64.01256_0.000_440_-4-40_smsnk30.lime
/scratch/usr/hhpmbate/chroma_2pt/32x64/b5p40kp119989kp119812/lp0001_g8g2_q000_q200_q222_q420_q440_src2/correlators/baryon_qcdsf.850.b5p40kp119989kp119812-32x64.01258_0.000_000_ptsink.lime
/scratch/usr/hhpmbate/chroma_2pt/32x64/b5p40kp119989kp119812/lp0001_g8g2_q000_q200_q222_q420_q440_src2/correlators/baryon_qcdsf.850.b5p40kp119989kp119812-32x64.01258_0.000_000_smsnk30.lime
/scratch/usr/hhpmbate/chroma_2pt/32x64/b5p40kp119989kp119812/lp0001_g8g2_q000_q200_q222_q420_q440_src2/correlators/baryon_qcdsf.850.b5p40kp119989kp119812-32x64.01258_0.000_200_-200_ptsink.lime
/scratch/usr/hhpmbate/chroma_2pt/32x64/b5p40kp119989kp119812/lp0001_g8g2_q000_q200_q222_q420_q440_src2/correlators/baryon_qcdsf.850.b5p40kp119989kp119812-32x64.01258_0.000_200_-200_smsnk30.lime
/scratch/usr/hhpmbate/chroma_2pt/32x64/b5p40kp119989kp119812/lp0001_g8g2_q000_q200_q222_q420_q440_src2/correlators/baryon_qcdsf.850.b5p40kp119989kp119812-32x64.01258_0.000_222_-2-2-2_ptsink.lime
/scratch/usr/hhpmbate/chroma_2pt/32x64/b5p40kp119989kp119812/lp0001_g8g2_q000_q200_q222_q420_q440_src2/correlators/baryon_qcdsf.850.b5p40kp119989kp119812-32x64.01258_0.000_222_-2-2-2_smsnk30.lime
/scratch/usr/hhpmbate/chroma_2pt/32x64/b5p40kp119989kp119812/lp0001_g8g2_q000_q200_q222_q420_q440_src2/correlators/baryon_qcdsf.850.b5p40kp119989kp119812-32x64.01258_0.000_420_-4-20_ptsink.lime
/scratch/usr/hhpmbate/chroma_2pt/32x64/b5p40kp119989kp119812/lp0001_g8g2_q000_q200_q222_q420_q440_src2/correlators/baryon_qcdsf.850.b5p40kp119989kp119812-32x64.01258_0.000_420_-4-20_smsnk30.lime
/scratch/usr/hhpmbate/chroma_2pt/32x64/b5p40kp119989kp119812/lp0001_g8g2_q000_q200_q222_q420_q440_src2/correlators/baryon_qcdsf.850.b5p40kp119989kp119812-32x64.01258_0.000_440_-4-40_ptsink.lime
/scratch/usr/hhpmbate/chroma_2pt/32x64/b5p40kp119989kp119812/lp0001_g8g2_q000_q200_q222_q420_q440_src2/correlators/baryon_qcdsf.850.b5p40kp119989kp119812-32x64.01258_0.000_440_-4-40_smsnk30.lime
/scratch/usr/hhpmbate/chroma_2pt/32x64/b5p40kp119989kp119812/lp0001_g8g2_q000_q200_q222_q420_q440_src2/correlators/baryon_qcdsf.850.b5p40kp119989kp119812-32x64.01264_0.000_000_ptsink.lime
/scratch/usr/hhpmbate/chroma_2pt/32x64/b5p40kp119989kp119812/lp0001_g8g2_q000_q200_q222_q420_q440_src2/correlators/baryon_qcdsf.850.b5p40kp119989kp119812-32x64.01264_0.000_000_smsnk30.lime
/scratch/usr/hhpmbate/chroma_2pt/32x64/b5p40kp119989kp119812/lp0001_g8g2_q000_q200_q222_q420_q440_src2/correlators/baryon_qcdsf.850.b5p40kp119989kp119812-32x64.01264_0.000_200_-200_ptsink.lime
/scratch/usr/hhpmbate/chroma_2pt/32x64/b5p40kp119989kp119812/lp0001_g8g2_q000_q200_q222_q420_q440_src2/correlators/baryon_qcdsf.850.b5p40kp119989kp119812-32x64.01264_0.000_200_-200_smsnk30.lime
/scratch/usr/hhpmbate/chroma_2pt/32x64/b5p40kp119989kp119812/lp0001_g8g2_q000_q200_q222_q420_q440_src2/correlators/baryon_qcdsf.850.b5p40kp119989kp119812-32x64.01264_0.000_222_-2-2-2_ptsink.lime
/scratch/usr/hhpmbate/chroma_2pt/32x64/b5p40kp119989kp119812/lp0001_g8g2_q000_q200_q222_q420_q440_src2/correlators/baryon_qcdsf.850.b5p40kp119989kp119812-32x64.01264_0.000_222_-2-2-2_smsnk30.lime
/scratch/usr/hhpmbate/chroma_2pt/32x64/b5p40kp119989kp119812/lp0001_g8g2_q000_q200_q222_q420_q440_src2/correlators/baryon_qcdsf.850.b5p40kp119989kp119812-32x64.01264_0.000_420_-4-20_ptsink.lime
/scratch/usr/hhpmbate/chroma_2pt/32x64/b5p40kp119989kp119812/lp0001_g8g2_q000_q200_q222_q420_q440_src2/correlators/baryon_qcdsf.850.b5p40kp119989kp119812-32x64.01264_0.000_420_-4-20_smsnk30.lime
/scratch/usr/hhpmbate/chroma_2pt/32x64/b5p40kp119989kp119812/lp0001_g8g2_q000_q200_q222_q420_q440_src2/correlators/baryon_qcdsf.850.b5p40kp119989kp119812-32x64.01264_0.000_440_-4-40_ptsink.lime
/scratch/usr/hhpmbate/chroma_2pt/32x64/b5p40kp119989kp119812/lp0001_g8g2_q000_q200_q222_q420_q440_src2/correlators/baryon_qcdsf.850.b5p40kp119989kp119812-32x64.01264_0.000_440_-4-40_smsnk30.lime
/scratch/usr/hhpmbate/chroma_2pt/32x64/b5p40kp119989kp119812/lp0001_g8g2_q000_q200_q222_q420_q440_src2/correlators/baryon_qcdsf.850.b5p40kp119989kp119812-32x64.01266_0.000_000_ptsink.lime
/scratch/usr/hhpmbate/chroma_2pt/32x64/b5p40kp119989kp119812/lp0001_g8g2_q000_q200_q222_q420_q440_src2/correlators/baryon_qcdsf.850.b5p40kp119989kp119812-32x64.01266_0.000_000_smsnk30.lime
/scratch/usr/hhpmbate/chroma_2pt/32x64/b5p40kp119989kp119812/lp0001_g8g2_q000_q200_q222_q420_q440_src2/correlators/baryon_qcdsf.850.b5p40kp119989kp119812-32x64.01266_0.000_200_-200_ptsink.lime
/scratch/usr/hhpmbate/chroma_2pt/32x64/b5p40kp119989kp119812/lp0001_g8g2_q000_q200_q222_q420_q440_src2/correlators/baryon_qcdsf.850.b5p40kp119989kp119812-32x64.01266_0.000_200_-200_smsnk30.lime
/scratch/usr/hhpmbate/chroma_2pt/32x64/b5p40kp119989kp119812/lp0001_g8g2_q000_q200_q222_q420_q440_src2/correlators/baryon_qcdsf.850.b5p40kp119989kp119812-32x64.01266_0.000_222_-2-2-2_ptsink.lime
/scratch/usr/hhpmbate/chroma_2pt/32x64/b5p40kp119989kp119812/lp0001_g8g2_q000_q200_q222_q420_q440_src2/correlators/baryon_qcdsf.850.b5p40kp119989kp119812-32x64.01266_0.000_222_-2-2-2_smsnk30.lime
/scratch/usr/hhpmbate/chroma_2pt/32x64/b5p40kp119989kp119812/lp0001_g8g2_q000_q200_q222_q420_q440_src2/correlators/baryon_qcdsf.850.b5p40kp119989kp119812-32x64.01266_0.000_420_-4-20_ptsink.lime
/scratch/usr/hhpmbate/chroma_2pt/32x64/b5p40kp119989kp119812/lp0001_g8g2_q000_q200_q222_q420_q440_src2/correlators/baryon_qcdsf.850.b5p40kp119989kp119812-32x64.01266_0.000_420_-4-20_smsnk30.lime
/scratch/usr/hhpmbate/chroma_2pt/32x64/b5p40kp119989kp119812/lp0001_g8g2_q000_q200_q222_q420_q440_src2/correlators/baryon_qcdsf.850.b5p40kp119989kp119812-32x64.01266_0.000_440_-4-40_ptsink.lime
/scratch/usr/hhpmbate/chroma_2pt/32x64/b5p40kp119989kp119812/lp0001_g8g2_q000_q200_q222_q420_q440_src2/correlators/baryon_qcdsf.850.b5p40kp119989kp119812-32x64.01266_0.000_440_-4-40_smsnk30.lime
/scratch/usr/hhpmbate/chroma_2pt/32x64/b5p40kp119989kp119812/lp0001_g8g2_q000_q200_q222_q420_q440_src2/correlators/baryon_qcdsf.850.b5p40kp119989kp119812-32x64.01267_0.000_000_ptsink.lime
/scratch/usr/hhpmbate/chroma_2pt/32x64/b5p40kp119989kp119812/lp0001_g8g2_q000_q200_q222_q420_q440_src2/correlators/baryon_qcdsf.850.b5p40kp119989kp119812-32x64.01267_0.000_000_smsnk30.lime
/scratch/usr/hhpmbate/chroma_2pt/32x64/b5p40kp119989kp119812/lp0001_g8g2_q000_q200_q222_q420_q440_src2/correlators/baryon_qcdsf.850.b5p40kp119989kp119812-32x64.01267_0.000_200_-200_ptsink.lime
/scratch/usr/hhpmbate/chroma_2pt/32x64/b5p40kp119989kp119812/lp0001_g8g2_q000_q200_q222_q420_q440_src2/correlators/baryon_qcdsf.850.b5p40kp119989kp119812-32x64.01267_0.000_200_-200_smsnk30.lime
/scratch/usr/hhpmbate/chroma_2pt/32x64/b5p40kp119989kp119812/lp0001_g8g2_q000_q200_q222_q420_q440_src2/correlators/baryon_qcdsf.850.b5p40kp119989kp119812-32x64.01267_0.000_222_-2-2-2_ptsink.lime
/scratch/usr/hhpmbate/chroma_2pt/32x64/b5p40kp119989kp119812/lp0001_g8g2_q000_q200_q222_q420_q440_src2/correlators/baryon_qcdsf.850.b5p40kp119989kp119812-32x64.01267_0.000_222_-2-2-2_smsnk30.lime
/scratch/usr/hhpmbate/chroma_2pt/32x64/b5p40kp119989kp119812/lp0001_g8g2_q000_q200_q222_q420_q440_src2/correlators/baryon_qcdsf.850.b5p40kp119989kp119812-32x64.01267_0.000_420_-4-20_ptsink.lime
/scratch/usr/hhpmbate/chroma_2pt/32x64/b5p40kp119989kp119812/lp0001_g8g2_q000_q200_q222_q420_q440_src2/correlators/baryon_qcdsf.850.b5p40kp119989kp119812-32x64.01267_0.000_420_-4-20_smsnk30.lime
/scratch/usr/hhpmbate/chroma_2pt/32x64/b5p40kp119989kp119812/lp0001_g8g2_q000_q200_q222_q420_q440_src2/correlators/baryon_qcdsf.850.b5p40kp119989kp119812-32x64.01267_0.000_440_-4-40_ptsink.lime
/scratch/usr/hhpmbate/chroma_2pt/32x64/b5p40kp119989kp119812/lp0001_g8g2_q000_q200_q222_q420_q440_src2/correlators/baryon_qcdsf.850.b5p40kp119989kp119812-32x64.01267_0.000_440_-4-40_smsnk30.lime
/scratch/usr/hhpmbate/chroma_2pt/32x64/b5p40kp119989kp119812/lp0001_g8g2_q000_q200_q222_q420_q440_src2/correlators/baryon_qcdsf.850.b5p40kp119989kp119812-32x64.01268_0.000_000_ptsink.lime
/scratch/usr/hhpmbate/chroma_2pt/32x64/b5p40kp119989kp119812/lp0001_g8g2_q000_q200_q222_q420_q440_src2/correlators/baryon_qcdsf.850.b5p40kp119989kp119812-32x64.01268_0.000_000_smsnk30.lime
/scratch/usr/hhpmbate/chroma_2pt/32x64/b5p40kp119989kp119812/lp0001_g8g2_q000_q200_q222_q420_q440_src2/correlators/baryon_qcdsf.850.b5p40kp119989kp119812-32x64.01268_0.000_200_-200_ptsink.lime
/scratch/usr/hhpmbate/chroma_2pt/32x64/b5p40kp119989kp119812/lp0001_g8g2_q000_q200_q222_q420_q440_src2/correlators/baryon_qcdsf.850.b5p40kp119989kp119812-32x64.01268_0.000_200_-200_smsnk30.lime
/scratch/usr/hhpmbate/chroma_2pt/32x64/b5p40kp119989kp119812/lp0001_g8g2_q000_q200_q222_q420_q440_src2/correlators/baryon_qcdsf.850.b5p40kp119989kp119812-32x64.01268_0.000_222_-2-2-2_ptsink.lime
/scratch/usr/hhpmbate/chroma_2pt/32x64/b5p40kp119989kp119812/lp0001_g8g2_q000_q200_q222_q420_q440_src2/correlators/baryon_qcdsf.850.b5p40kp119989kp119812-32x64.01268_0.000_222_-2-2-2_smsnk30.lime
/scratch/usr/hhpmbate/chroma_2pt/32x64/b5p40kp119989kp119812/lp0001_g8g2_q000_q200_q222_q420_q440_src2/correlators/baryon_qcdsf.850.b5p40kp119989kp119812-32x64.01268_0.000_420_-4-20_ptsink.lime
/scratch/usr/hhpmbate/chroma_2pt/32x64/b5p40kp119989kp119812/lp0001_g8g2_q000_q200_q222_q420_q440_src2/correlators/baryon_qcdsf.850.b5p40kp119989kp119812-32x64.01268_0.000_420_-4-20_smsnk30.lime
/scratch/usr/hhpmbate/chroma_2pt/32x64/b5p40kp119989kp119812/lp0001_g8g2_q000_q200_q222_q420_q440_src2/correlators/baryon_qcdsf.850.b5p40kp119989kp119812-32x64.01268_0.000_440_-4-40_ptsink.lime
/scratch/usr/hhpmbate/chroma_2pt/32x64/b5p40kp119989kp119812/lp0001_g8g2_q000_q200_q222_q420_q440_src2/correlators/baryon_qcdsf.850.b5p40kp119989kp119812-32x64.01268_0.000_440_-4-40_smsnk30.lime
/scratch/usr/hhpmbate/chroma_2pt/32x64/b5p40kp119989kp119812/lp0001_g8g2_q000_q200_q222_q420_q440_src2/correlators/baryon_qcdsf.850.b5p40kp119989kp119812-32x64.01269_0.000_000_ptsink.lime
/scratch/usr/hhpmbate/chroma_2pt/32x64/b5p40kp119989kp119812/lp0001_g8g2_q000_q200_q222_q420_q440_src2/correlators/baryon_qcdsf.850.b5p40kp119989kp119812-32x64.01269_0.000_000_smsnk30.lime
/scratch/usr/hhpmbate/chroma_2pt/32x64/b5p40kp119989kp119812/lp0001_g8g2_q000_q200_q222_q420_q440_src2/correlators/baryon_qcdsf.850.b5p40kp119989kp119812-32x64.01269_0.000_200_-200_ptsink.lime
/scratch/usr/hhpmbate/chroma_2pt/32x64/b5p40kp119989kp119812/lp0001_g8g2_q000_q200_q222_q420_q440_src2/correlators/baryon_qcdsf.850.b5p40kp119989kp119812-32x64.01269_0.000_200_-200_smsnk30.lime
/scratch/usr/hhpmbate/chroma_2pt/32x64/b5p40kp119989kp119812/lp0001_g8g2_q000_q200_q222_q420_q440_src2/correlators/baryon_qcdsf.850.b5p40kp119989kp119812-32x64.01269_0.000_222_-2-2-2_ptsink.lime
/scratch/usr/hhpmbate/chroma_2pt/32x64/b5p40kp119989kp119812/lp0001_g8g2_q000_q200_q222_q420_q440_src2/correlators/baryon_qcdsf.850.b5p40kp119989kp119812-32x64.01269_0.000_222_-2-2-2_smsnk30.lime
/scratch/usr/hhpmbate/chroma_2pt/32x64/b5p40kp119989kp119812/lp0001_g8g2_q000_q200_q222_q420_q440_src2/correlators/baryon_qcdsf.850.b5p40kp119989kp119812-32x64.01269_0.000_420_-4-20_ptsink.lime
/scratch/usr/hhpmbate/chroma_2pt/32x64/b5p40kp119989kp119812/lp0001_g8g2_q000_q200_q222_q420_q440_src2/correlators/baryon_qcdsf.850.b5p40kp119989kp119812-32x64.01269_0.000_420_-4-20_smsnk30.lime
/scratch/usr/hhpmbate/chroma_2pt/32x64/b5p40kp119989kp119812/lp0001_g8g2_q000_q200_q222_q420_q440_src2/correlators/baryon_qcdsf.850.b5p40kp119989kp119812-32x64.01269_0.000_440_-4-40_ptsink.lime
/scratch/usr/hhpmbate/chroma_2pt/32x64/b5p40kp119989kp119812/lp0001_g8g2_q000_q200_q222_q420_q440_src2/correlators/baryon_qcdsf.850.b5p40kp119989kp119812-32x64.01269_0.000_440_-4-40_smsnk30.lime
/scratch/usr/hhpmbate/chroma_2pt/32x64/b5p40kp119989kp119812/lp0001_g8g2_q000_q200_q222_q420_q440_src2/correlators/baryon_qcdsf.850.b5p40kp119989kp119812-32x64.01270_0.000_000_ptsink.lime
/scratch/usr/hhpmbate/chroma_2pt/32x64/b5p40kp119989kp119812/lp0001_g8g2_q000_q200_q222_q420_q440_src2/correlators/baryon_qcdsf.850.b5p40kp119989kp119812-32x64.01270_0.000_000_smsnk30.lime
/scratch/usr/hhpmbate/chroma_2pt/32x64/b5p40kp119989kp119812/lp0001_g8g2_q000_q200_q222_q420_q440_src2/correlators/baryon_qcdsf.850.b5p40kp119989kp119812-32x64.01270_0.000_200_-200_ptsink.lime
/scratch/usr/hhpmbate/chroma_2pt/32x64/b5p40kp119989kp119812/lp0001_g8g2_q000_q200_q222_q420_q440_src2/correlators/baryon_qcdsf.850.b5p40kp119989kp119812-32x64.01270_0.000_200_-200_smsnk30.lime
/scratch/usr/hhpmbate/chroma_2pt/32x64/b5p40kp119989kp119812/lp0001_g8g2_q000_q200_q222_q420_q440_src2/correlators/baryon_qcdsf.850.b5p40kp119989kp119812-32x64.01270_0.000_222_-2-2-2_ptsink.lime
/scratch/usr/hhpmbate/chroma_2pt/32x64/b5p40kp119989kp119812/lp0001_g8g2_q000_q200_q222_q420_q440_src2/correlators/baryon_qcdsf.850.b5p40kp119989kp119812-32x64.01270_0.000_222_-2-2-2_smsnk30.lime
/scratch/usr/hhpmbate/chroma_2pt/32x64/b5p40kp119989kp119812/lp0001_g8g2_q000_q200_q222_q420_q440_src2/correlators/baryon_qcdsf.850.b5p40kp119989kp119812-32x64.01270_0.000_420_-4-20_ptsink.lime
/scratch/usr/hhpmbate/chroma_2pt/32x64/b5p40kp119989kp119812/lp0001_g8g2_q000_q200_q222_q420_q440_src2/correlators/baryon_qcdsf.850.b5p40kp119989kp119812-32x64.01270_0.000_420_-4-20_smsnk30.lime
/scratch/usr/hhpmbate/chroma_2pt/32x64/b5p40kp119989kp119812/lp0001_g8g2_q000_q200_q222_q420_q440_src2/correlators/baryon_qcdsf.850.b5p40kp119989kp119812-32x64.01270_0.000_440_-4-40_ptsink.lime
/scratch/usr/hhpmbate/chroma_2pt/32x64/b5p40kp119989kp119812/lp0001_g8g2_q000_q200_q222_q420_q440_src2/correlators/baryon_qcdsf.850.b5p40kp119989kp119812-32x64.01270_0.000_440_-4-40_smsnk30.lime
/scratch/usr/hhpmbate/chroma_2pt/32x64/b5p40kp119989kp119812/lp0001_g8g2_q000_q200_q222_q420_q440_src2/correlators/baryon_qcdsf.850.b5p40kp119989kp119812-32x64.01279_0.000_000_ptsink.lime
/scratch/usr/hhpmbate/chroma_2pt/32x64/b5p40kp119989kp119812/lp0001_g8g2_q000_q200_q222_q420_q440_src2/correlators/baryon_qcdsf.850.b5p40kp119989kp119812-32x64.01279_0.000_000_smsnk30.lime
/scratch/usr/hhpmbate/chroma_2pt/32x64/b5p40kp119989kp119812/lp0001_g8g2_q000_q200_q222_q420_q440_src2/correlators/baryon_qcdsf.850.b5p40kp119989kp119812-32x64.01279_0.000_200_-200_ptsink.lime
/scratch/usr/hhpmbate/chroma_2pt/32x64/b5p40kp119989kp119812/lp0001_g8g2_q000_q200_q222_q420_q440_src2/correlators/baryon_qcdsf.850.b5p40kp119989kp119812-32x64.01279_0.000_200_-200_smsnk30.lime
/scratch/usr/hhpmbate/chroma_2pt/32x64/b5p40kp119989kp119812/lp0001_g8g2_q000_q200_q222_q420_q440_src2/correlators/baryon_qcdsf.850.b5p40kp119989kp119812-32x64.01279_0.000_222_-2-2-2_ptsink.lime
/scratch/usr/hhpmbate/chroma_2pt/32x64/b5p40kp119989kp119812/lp0001_g8g2_q000_q200_q222_q420_q440_src2/correlators/baryon_qcdsf.850.b5p40kp119989kp119812-32x64.01279_0.000_222_-2-2-2_smsnk30.lime
/scratch/usr/hhpmbate/chroma_2pt/32x64/b5p40kp119989kp119812/lp0001_g8g2_q000_q200_q222_q420_q440_src2/correlators/baryon_qcdsf.850.b5p40kp119989kp119812-32x64.01279_0.000_420_-4-20_ptsink.lime
/scratch/usr/hhpmbate/chroma_2pt/32x64/b5p40kp119989kp119812/lp0001_g8g2_q000_q200_q222_q420_q440_src2/correlators/baryon_qcdsf.850.b5p40kp119989kp119812-32x64.01279_0.000_420_-4-20_smsnk30.lime
/scratch/usr/hhpmbate/chroma_2pt/32x64/b5p40kp119989kp119812/lp0001_g8g2_q000_q200_q222_q420_q440_src2/correlators/baryon_qcdsf.850.b5p40kp119989kp119812-32x64.01279_0.000_440_-4-40_ptsink.lime
/scratch/usr/hhpmbate/chroma_2pt/32x64/b5p40kp119989kp119812/lp0001_g8g2_q000_q200_q222_q420_q440_src2/correlators/baryon_qcdsf.850.b5p40kp119989kp119812-32x64.01279_0.000_440_-4-40_smsnk30.lime
/scratch/usr/hhpmbate/chroma_2pt/32x64/b5p40kp119989kp119812/lp0001_g8g2_q000_q200_q222_q420_q440_src2/correlators/baryon_qcdsf.850.b5p40kp119989kp119812-32x64.01283_0.000_000_ptsink.lime
/scratch/usr/hhpmbate/chroma_2pt/32x64/b5p40kp119989kp119812/lp0001_g8g2_q000_q200_q222_q420_q440_src2/correlators/baryon_qcdsf.850.b5p40kp119989kp119812-32x64.01283_0.000_000_smsnk30.lime
/scratch/usr/hhpmbate/chroma_2pt/32x64/b5p40kp119989kp119812/lp0001_g8g2_q000_q200_q222_q420_q440_src2/correlators/baryon_qcdsf.850.b5p40kp119989kp119812-32x64.01283_0.000_200_-200_ptsink.lime
/scratch/usr/hhpmbate/chroma_2pt/32x64/b5p40kp119989kp119812/lp0001_g8g2_q000_q200_q222_q420_q440_src2/correlators/baryon_qcdsf.850.b5p40kp119989kp119812-32x64.01283_0.000_200_-200_smsnk30.lime
/scratch/usr/hhpmbate/chroma_2pt/32x64/b5p40kp119989kp119812/lp0001_g8g2_q000_q200_q222_q420_q440_src2/correlators/baryon_qcdsf.850.b5p40kp119989kp119812-32x64.01283_0.000_222_-2-2-2_ptsink.lime
/scratch/usr/hhpmbate/chroma_2pt/32x64/b5p40kp119989kp119812/lp0001_g8g2_q000_q200_q222_q420_q440_src2/correlators/baryon_qcdsf.850.b5p40kp119989kp119812-32x64.01283_0.000_222_-2-2-2_smsnk30.lime
/scratch/usr/hhpmbate/chroma_2pt/32x64/b5p40kp119989kp119812/lp0001_g8g2_q000_q200_q222_q420_q440_src2/correlators/baryon_qcdsf.850.b5p40kp119989kp119812-32x64.01283_0.000_420_-4-20_ptsink.lime
/scratch/usr/hhpmbate/chroma_2pt/32x64/b5p40kp119989kp119812/lp0001_g8g2_q000_q200_q222_q420_q440_src2/correlators/baryon_qcdsf.850.b5p40kp119989kp119812-32x64.01283_0.000_420_-4-20_smsnk30.lime
/scratch/usr/hhpmbate/chroma_2pt/32x64/b5p40kp119989kp119812/lp0001_g8g2_q000_q200_q222_q420_q440_src2/correlators/baryon_qcdsf.850.b5p40kp119989kp119812-32x64.01283_0.000_440_-4-40_ptsink.lime
/scratch/usr/hhpmbate/chroma_2pt/32x64/b5p40kp119989kp119812/lp0001_g8g2_q000_q200_q222_q420_q440_src2/correlators/baryon_qcdsf.850.b5p40kp119989kp119812-32x64.01283_0.000_440_-4-40_smsnk30.lime
/scratch/usr/hhpmbate/chroma_2pt/32x64/b5p40kp119989kp119812/lp0001_g8g2_q000_q200_q222_q420_q440_src2/correlators/baryon_qcdsf.850.b5p40kp119989kp119812-32x64.01284_0.000_000_ptsink.lime
/scratch/usr/hhpmbate/chroma_2pt/32x64/b5p40kp119989kp119812/lp0001_g8g2_q000_q200_q222_q420_q440_src2/correlators/baryon_qcdsf.850.b5p40kp119989kp119812-32x64.01284_0.000_000_smsnk30.lime
/scratch/usr/hhpmbate/chroma_2pt/32x64/b5p40kp119989kp119812/lp0001_g8g2_q000_q200_q222_q420_q440_src2/correlators/baryon_qcdsf.850.b5p40kp119989kp119812-32x64.01284_0.000_200_-200_ptsink.lime
/scratch/usr/hhpmbate/chroma_2pt/32x64/b5p40kp119989kp119812/lp0001_g8g2_q000_q200_q222_q420_q440_src2/correlators/baryon_qcdsf.850.b5p40kp119989kp119812-32x64.01284_0.000_200_-200_smsnk30.lime
/scratch/usr/hhpmbate/chroma_2pt/32x64/b5p40kp119989kp119812/lp0001_g8g2_q000_q200_q222_q420_q440_src2/correlators/baryon_qcdsf.850.b5p40kp119989kp119812-32x64.01284_0.000_222_-2-2-2_ptsink.lime
/scratch/usr/hhpmbate/chroma_2pt/32x64/b5p40kp119989kp119812/lp0001_g8g2_q000_q200_q222_q420_q440_src2/correlators/baryon_qcdsf.850.b5p40kp119989kp119812-32x64.01284_0.000_222_-2-2-2_smsnk30.lime
/scratch/usr/hhpmbate/chroma_2pt/32x64/b5p40kp119989kp119812/lp0001_g8g2_q000_q200_q222_q420_q440_src2/correlators/baryon_qcdsf.850.b5p40kp119989kp119812-32x64.01284_0.000_420_-4-20_ptsink.lime
/scratch/usr/hhpmbate/chroma_2pt/32x64/b5p40kp119989kp119812/lp0001_g8g2_q000_q200_q222_q420_q440_src2/correlators/baryon_qcdsf.850.b5p40kp119989kp119812-32x64.01284_0.000_420_-4-20_smsnk30.lime
/scratch/usr/hhpmbate/chroma_2pt/32x64/b5p40kp119989kp119812/lp0001_g8g2_q000_q200_q222_q420_q440_src2/correlators/baryon_qcdsf.850.b5p40kp119989kp119812-32x64.01284_0.000_440_-4-40_ptsink.lime
/scratch/usr/hhpmbate/chroma_2pt/32x64/b5p40kp119989kp119812/lp0001_g8g2_q000_q200_q222_q420_q440_src2/correlators/baryon_qcdsf.850.b5p40kp119989kp119812-32x64.01284_0.000_440_-4-40_smsnk30.lime
/scratch/usr/hhpmbate/chroma_2pt/32x64/b5p40kp119989kp119812/lp0001_g8g2_q000_q200_q222_q420_q440_src2/correlators/baryon_qcdsf.850.b5p40kp119989kp119812-32x64.01288_0.000_000_ptsink.lime
/scratch/usr/hhpmbate/chroma_2pt/32x64/b5p40kp119989kp119812/lp0001_g8g2_q000_q200_q222_q420_q440_src2/correlators/baryon_qcdsf.850.b5p40kp119989kp119812-32x64.01288_0.000_000_smsnk30.lime
/scratch/usr/hhpmbate/chroma_2pt/32x64/b5p40kp119989kp119812/lp0001_g8g2_q000_q200_q222_q420_q440_src2/correlators/baryon_qcdsf.850.b5p40kp119989kp119812-32x64.01288_0.000_200_-200_ptsink.lime
/scratch/usr/hhpmbate/chroma_2pt/32x64/b5p40kp119989kp119812/lp0001_g8g2_q000_q200_q222_q420_q440_src2/correlators/baryon_qcdsf.850.b5p40kp119989kp119812-32x64.01288_0.000_200_-200_smsnk30.lime
/scratch/usr/hhpmbate/chroma_2pt/32x64/b5p40kp119989kp119812/lp0001_g8g2_q000_q200_q222_q420_q440_src2/correlators/baryon_qcdsf.850.b5p40kp119989kp119812-32x64.01288_0.000_222_-2-2-2_ptsink.lime
/scratch/usr/hhpmbate/chroma_2pt/32x64/b5p40kp119989kp119812/lp0001_g8g2_q000_q200_q222_q420_q440_src2/correlators/baryon_qcdsf.850.b5p40kp119989kp119812-32x64.01288_0.000_222_-2-2-2_smsnk30.lime
/scratch/usr/hhpmbate/chroma_2pt/32x64/b5p40kp119989kp119812/lp0001_g8g2_q000_q200_q222_q420_q440_src2/correlators/baryon_qcdsf.850.b5p40kp119989kp119812-32x64.01288_0.000_420_-4-20_ptsink.lime
/scratch/usr/hhpmbate/chroma_2pt/32x64/b5p40kp119989kp119812/lp0001_g8g2_q000_q200_q222_q420_q440_src2/correlators/baryon_qcdsf.850.b5p40kp119989kp119812-32x64.01288_0.000_420_-4-20_smsnk30.lime
/scratch/usr/hhpmbate/chroma_2pt/32x64/b5p40kp119989kp119812/lp0001_g8g2_q000_q200_q222_q420_q440_src2/correlators/baryon_qcdsf.850.b5p40kp119989kp119812-32x64.01288_0.000_440_-4-40_ptsink.lime
/scratch/usr/hhpmbate/chroma_2pt/32x64/b5p40kp119989kp119812/lp0001_g8g2_q000_q200_q222_q420_q440_src2/correlators/baryon_qcdsf.850.b5p40kp119989kp119812-32x64.01288_0.000_440_-4-40_smsnk30.lime
/scratch/usr/hhpmbate/chroma_2pt/32x64/b5p40kp119989kp119812/lp0001_g8g2_q000_q200_q222_q420_q440_src2/correlators/baryon_qcdsf.850.b5p40kp119989kp119812-32x64.01291_0.000_000_ptsink.lime
/scratch/usr/hhpmbate/chroma_2pt/32x64/b5p40kp119989kp119812/lp0001_g8g2_q000_q200_q222_q420_q440_src2/correlators/baryon_qcdsf.850.b5p40kp119989kp119812-32x64.01291_0.000_000_smsnk30.lime
/scratch/usr/hhpmbate/chroma_2pt/32x64/b5p40kp119989kp119812/lp0001_g8g2_q000_q200_q222_q420_q440_src2/correlators/baryon_qcdsf.850.b5p40kp119989kp119812-32x64.01291_0.000_200_-200_ptsink.lime
/scratch/usr/hhpmbate/chroma_2pt/32x64/b5p40kp119989kp119812/lp0001_g8g2_q000_q200_q222_q420_q440_src2/correlators/baryon_qcdsf.850.b5p40kp119989kp119812-32x64.01291_0.000_200_-200_smsnk30.lime
/scratch/usr/hhpmbate/chroma_2pt/32x64/b5p40kp119989kp119812/lp0001_g8g2_q000_q200_q222_q420_q440_src2/correlators/baryon_qcdsf.850.b5p40kp119989kp119812-32x64.01291_0.000_222_-2-2-2_ptsink.lime
/scratch/usr/hhpmbate/chroma_2pt/32x64/b5p40kp119989kp119812/lp0001_g8g2_q000_q200_q222_q420_q440_src2/correlators/baryon_qcdsf.850.b5p40kp119989kp119812-32x64.01291_0.000_222_-2-2-2_smsnk30.lime
/scratch/usr/hhpmbate/chroma_2pt/32x64/b5p40kp119989kp119812/lp0001_g8g2_q000_q200_q222_q420_q440_src2/correlators/baryon_qcdsf.850.b5p40kp119989kp119812-32x64.01291_0.000_420_-4-20_ptsink.lime
/scratch/usr/hhpmbate/chroma_2pt/32x64/b5p40kp119989kp119812/lp0001_g8g2_q000_q200_q222_q420_q440_src2/correlators/baryon_qcdsf.850.b5p40kp119989kp119812-32x64.01291_0.000_420_-4-20_smsnk30.lime
/scratch/usr/hhpmbate/chroma_2pt/32x64/b5p40kp119989kp119812/lp0001_g8g2_q000_q200_q222_q420_q440_src2/correlators/baryon_qcdsf.850.b5p40kp119989kp119812-32x64.01291_0.000_440_-4-40_ptsink.lime
/scratch/usr/hhpmbate/chroma_2pt/32x64/b5p40kp119989kp119812/lp0001_g8g2_q000_q200_q222_q420_q440_src2/correlators/baryon_qcdsf.850.b5p40kp119989kp119812-32x64.01291_0.000_440_-4-40_smsnk30.lime
/scratch/usr/hhpmbate/chroma_2pt/32x64/b5p40kp119989kp119812/lp0001_g8g2_q000_q200_q222_q420_q440_src2/correlators/baryon_qcdsf.850.b5p40kp119989kp119812-32x64.01292_0.000_000_ptsink.lime
/scratch/usr/hhpmbate/chroma_2pt/32x64/b5p40kp119989kp119812/lp0001_g8g2_q000_q200_q222_q420_q440_src2/correlators/baryon_qcdsf.850.b5p40kp119989kp119812-32x64.01292_0.000_000_smsnk30.lime
/scratch/usr/hhpmbate/chroma_2pt/32x64/b5p40kp119989kp119812/lp0001_g8g2_q000_q200_q222_q420_q440_src2/correlators/baryon_qcdsf.850.b5p40kp119989kp119812-32x64.01292_0.000_200_-200_ptsink.lime
/scratch/usr/hhpmbate/chroma_2pt/32x64/b5p40kp119989kp119812/lp0001_g8g2_q000_q200_q222_q420_q440_src2/correlators/baryon_qcdsf.850.b5p40kp119989kp119812-32x64.01292_0.000_200_-200_smsnk30.lime
/scratch/usr/hhpmbate/chroma_2pt/32x64/b5p40kp119989kp119812/lp0001_g8g2_q000_q200_q222_q420_q440_src2/correlators/baryon_qcdsf.850.b5p40kp119989kp119812-32x64.01292_0.000_222_-2-2-2_ptsink.lime
/scratch/usr/hhpmbate/chroma_2pt/32x64/b5p40kp119989kp119812/lp0001_g8g2_q000_q200_q222_q420_q440_src2/correlators/baryon_qcdsf.850.b5p40kp119989kp119812-32x64.01292_0.000_222_-2-2-2_smsnk30.lime
/scratch/usr/hhpmbate/chroma_2pt/32x64/b5p40kp119989kp119812/lp0001_g8g2_q000_q200_q222_q420_q440_src2/correlators/baryon_qcdsf.850.b5p40kp119989kp119812-32x64.01292_0.000_420_-4-20_ptsink.lime
/scratch/usr/hhpmbate/chroma_2pt/32x64/b5p40kp119989kp119812/lp0001_g8g2_q000_q200_q222_q420_q440_src2/correlators/baryon_qcdsf.850.b5p40kp119989kp119812-32x64.01292_0.000_420_-4-20_smsnk30.lime
/scratch/usr/hhpmbate/chroma_2pt/32x64/b5p40kp119989kp119812/lp0001_g8g2_q000_q200_q222_q420_q440_src2/correlators/baryon_qcdsf.850.b5p40kp119989kp119812-32x64.01292_0.000_440_-4-40_ptsink.lime
/scratch/usr/hhpmbate/chroma_2pt/32x64/b5p40kp119989kp119812/lp0001_g8g2_q000_q200_q222_q420_q440_src2/correlators/baryon_qcdsf.850.b5p40kp119989kp119812-32x64.01292_0.000_440_-4-40_smsnk30.lime
/scratch/usr/hhpmbate/chroma_2pt/32x64/b5p40kp119989kp119812/lp0001_g8g2_q000_q200_q222_q420_q440_src2/correlators/baryon_qcdsf.850.b5p40kp119989kp119812-32x64.01293_0.000_000_ptsink.lime
/scratch/usr/hhpmbate/chroma_2pt/32x64/b5p40kp119989kp119812/lp0001_g8g2_q000_q200_q222_q420_q440_src2/correlators/baryon_qcdsf.850.b5p40kp119989kp119812-32x64.01293_0.000_000_smsnk30.lime
/scratch/usr/hhpmbate/chroma_2pt/32x64/b5p40kp119989kp119812/lp0001_g8g2_q000_q200_q222_q420_q440_src2/correlators/baryon_qcdsf.850.b5p40kp119989kp119812-32x64.01293_0.000_200_-200_ptsink.lime
/scratch/usr/hhpmbate/chroma_2pt/32x64/b5p40kp119989kp119812/lp0001_g8g2_q000_q200_q222_q420_q440_src2/correlators/baryon_qcdsf.850.b5p40kp119989kp119812-32x64.01293_0.000_200_-200_smsnk30.lime
/scratch/usr/hhpmbate/chroma_2pt/32x64/b5p40kp119989kp119812/lp0001_g8g2_q000_q200_q222_q420_q440_src2/correlators/baryon_qcdsf.850.b5p40kp119989kp119812-32x64.01293_0.000_222_-2-2-2_ptsink.lime
/scratch/usr/hhpmbate/chroma_2pt/32x64/b5p40kp119989kp119812/lp0001_g8g2_q000_q200_q222_q420_q440_src2/correlators/baryon_qcdsf.850.b5p40kp119989kp119812-32x64.01293_0.000_222_-2-2-2_smsnk30.lime
/scratch/usr/hhpmbate/chroma_2pt/32x64/b5p40kp119989kp119812/lp0001_g8g2_q000_q200_q222_q420_q440_src2/correlators/baryon_qcdsf.850.b5p40kp119989kp119812-32x64.01293_0.000_420_-4-20_ptsink.lime
/scratch/usr/hhpmbate/chroma_2pt/32x64/b5p40kp119989kp119812/lp0001_g8g2_q000_q200_q222_q420_q440_src2/correlators/baryon_qcdsf.850.b5p40kp119989kp119812-32x64.01293_0.000_420_-4-20_smsnk30.lime
/scratch/usr/hhpmbate/chroma_2pt/32x64/b5p40kp119989kp119812/lp0001_g8g2_q000_q200_q222_q420_q440_src2/correlators/baryon_qcdsf.850.b5p40kp119989kp119812-32x64.01293_0.000_440_-4-40_ptsink.lime
/scratch/usr/hhpmbate/chroma_2pt/32x64/b5p40kp119989kp119812/lp0001_g8g2_q000_q200_q222_q420_q440_src2/correlators/baryon_qcdsf.850.b5p40kp119989kp119812-32x64.01293_0.000_440_-4-40_smsnk30.lime
/scratch/usr/hhpmbate/chroma_2pt/32x64/b5p40kp119989kp119812/lp0001_g8g2_q000_q200_q222_q420_q440_src2/correlators/baryon_qcdsf.850.b5p40kp119989kp119812-32x64.01295_0.000_000_ptsink.lime
/scratch/usr/hhpmbate/chroma_2pt/32x64/b5p40kp119989kp119812/lp0001_g8g2_q000_q200_q222_q420_q440_src2/correlators/baryon_qcdsf.850.b5p40kp119989kp119812-32x64.01295_0.000_000_smsnk30.lime
/scratch/usr/hhpmbate/chroma_2pt/32x64/b5p40kp119989kp119812/lp0001_g8g2_q000_q200_q222_q420_q440_src2/correlators/baryon_qcdsf.850.b5p40kp119989kp119812-32x64.01295_0.000_200_-200_ptsink.lime
/scratch/usr/hhpmbate/chroma_2pt/32x64/b5p40kp119989kp119812/lp0001_g8g2_q000_q200_q222_q420_q440_src2/correlators/baryon_qcdsf.850.b5p40kp119989kp119812-32x64.01295_0.000_200_-200_smsnk30.lime
/scratch/usr/hhpmbate/chroma_2pt/32x64/b5p40kp119989kp119812/lp0001_g8g2_q000_q200_q222_q420_q440_src2/correlators/baryon_qcdsf.850.b5p40kp119989kp119812-32x64.01295_0.000_222_-2-2-2_ptsink.lime
/scratch/usr/hhpmbate/chroma_2pt/32x64/b5p40kp119989kp119812/lp0001_g8g2_q000_q200_q222_q420_q440_src2/correlators/baryon_qcdsf.850.b5p40kp119989kp119812-32x64.01295_0.000_222_-2-2-2_smsnk30.lime
/scratch/usr/hhpmbate/chroma_2pt/32x64/b5p40kp119989kp119812/lp0001_g8g2_q000_q200_q222_q420_q440_src2/correlators/baryon_qcdsf.850.b5p40kp119989kp119812-32x64.01295_0.000_420_-4-20_ptsink.lime
/scratch/usr/hhpmbate/chroma_2pt/32x64/b5p40kp119989kp119812/lp0001_g8g2_q000_q200_q222_q420_q440_src2/correlators/baryon_qcdsf.850.b5p40kp119989kp119812-32x64.01295_0.000_420_-4-20_smsnk30.lime
/scratch/usr/hhpmbate/chroma_2pt/32x64/b5p40kp119989kp119812/lp0001_g8g2_q000_q200_q222_q420_q440_src2/correlators/baryon_qcdsf.850.b5p40kp119989kp119812-32x64.01295_0.000_440_-4-40_ptsink.lime
/scratch/usr/hhpmbate/chroma_2pt/32x64/b5p40kp119989kp119812/lp0001_g8g2_q000_q200_q222_q420_q440_src2/correlators/baryon_qcdsf.850.b5p40kp119989kp119812-32x64.01295_0.000_440_-4-40_smsnk30.lime
/scratch/usr/hhpmbate/chroma_2pt/32x64/b5p40kp119989kp119812/lp0001_g8g2_q000_q200_q222_q420_q440_src2/correlators/baryon_qcdsf.850.b5p40kp119989kp119812-32x64.01296_0.000_000_ptsink.lime
/scratch/usr/hhpmbate/chroma_2pt/32x64/b5p40kp119989kp119812/lp0001_g8g2_q000_q200_q222_q420_q440_src2/correlators/baryon_qcdsf.850.b5p40kp119989kp119812-32x64.01296_0.000_000_smsnk30.lime
/scratch/usr/hhpmbate/chroma_2pt/32x64/b5p40kp119989kp119812/lp0001_g8g2_q000_q200_q222_q420_q440_src2/correlators/baryon_qcdsf.850.b5p40kp119989kp119812-32x64.01296_0.000_200_-200_ptsink.lime
/scratch/usr/hhpmbate/chroma_2pt/32x64/b5p40kp119989kp119812/lp0001_g8g2_q000_q200_q222_q420_q440_src2/correlators/baryon_qcdsf.850.b5p40kp119989kp119812-32x64.01296_0.000_200_-200_smsnk30.lime
/scratch/usr/hhpmbate/chroma_2pt/32x64/b5p40kp119989kp119812/lp0001_g8g2_q000_q200_q222_q420_q440_src2/correlators/baryon_qcdsf.850.b5p40kp119989kp119812-32x64.01296_0.000_222_-2-2-2_ptsink.lime
/scratch/usr/hhpmbate/chroma_2pt/32x64/b5p40kp119989kp119812/lp0001_g8g2_q000_q200_q222_q420_q440_src2/correlators/baryon_qcdsf.850.b5p40kp119989kp119812-32x64.01296_0.000_222_-2-2-2_smsnk30.lime
/scratch/usr/hhpmbate/chroma_2pt/32x64/b5p40kp119989kp119812/lp0001_g8g2_q000_q200_q222_q420_q440_src2/correlators/baryon_qcdsf.850.b5p40kp119989kp119812-32x64.01296_0.000_420_-4-20_ptsink.lime
/scratch/usr/hhpmbate/chroma_2pt/32x64/b5p40kp119989kp119812/lp0001_g8g2_q000_q200_q222_q420_q440_src2/correlators/baryon_qcdsf.850.b5p40kp119989kp119812-32x64.01296_0.000_420_-4-20_smsnk30.lime
/scratch/usr/hhpmbate/chroma_2pt/32x64/b5p40kp119989kp119812/lp0001_g8g2_q000_q200_q222_q420_q440_src2/correlators/baryon_qcdsf.850.b5p40kp119989kp119812-32x64.01296_0.000_440_-4-40_ptsink.lime
/scratch/usr/hhpmbate/chroma_2pt/32x64/b5p40kp119989kp119812/lp0001_g8g2_q000_q200_q222_q420_q440_src2/correlators/baryon_qcdsf.850.b5p40kp119989kp119812-32x64.01296_0.000_440_-4-40_smsnk30.lime
/scratch/usr/hhpmbate/chroma_2pt/32x64/b5p40kp119989kp119812/lp0001_g8g2_q000_q200_q222_q420_q440_src2/correlators/baryon_qcdsf.850.b5p40kp119989kp119812-32x64.01299_0.000_000_ptsink.lime
/scratch/usr/hhpmbate/chroma_2pt/32x64/b5p40kp119989kp119812/lp0001_g8g2_q000_q200_q222_q420_q440_src2/correlators/baryon_qcdsf.850.b5p40kp119989kp119812-32x64.01299_0.000_000_smsnk30.lime
/scratch/usr/hhpmbate/chroma_2pt/32x64/b5p40kp119989kp119812/lp0001_g8g2_q000_q200_q222_q420_q440_src2/correlators/baryon_qcdsf.850.b5p40kp119989kp119812-32x64.01299_0.000_200_-200_ptsink.lime
/scratch/usr/hhpmbate/chroma_2pt/32x64/b5p40kp119989kp119812/lp0001_g8g2_q000_q200_q222_q420_q440_src2/correlators/baryon_qcdsf.850.b5p40kp119989kp119812-32x64.01299_0.000_200_-200_smsnk30.lime
/scratch/usr/hhpmbate/chroma_2pt/32x64/b5p40kp119989kp119812/lp0001_g8g2_q000_q200_q222_q420_q440_src2/correlators/baryon_qcdsf.850.b5p40kp119989kp119812-32x64.01299_0.000_222_-2-2-2_ptsink.lime
/scratch/usr/hhpmbate/chroma_2pt/32x64/b5p40kp119989kp119812/lp0001_g8g2_q000_q200_q222_q420_q440_src2/correlators/baryon_qcdsf.850.b5p40kp119989kp119812-32x64.01299_0.000_222_-2-2-2_smsnk30.lime
/scratch/usr/hhpmbate/chroma_2pt/32x64/b5p40kp119989kp119812/lp0001_g8g2_q000_q200_q222_q420_q440_src2/correlators/baryon_qcdsf.850.b5p40kp119989kp119812-32x64.01299_0.000_420_-4-20_ptsink.lime
/scratch/usr/hhpmbate/chroma_2pt/32x64/b5p40kp119989kp119812/lp0001_g8g2_q000_q200_q222_q420_q440_src2/correlators/baryon_qcdsf.850.b5p40kp119989kp119812-32x64.01299_0.000_420_-4-20_smsnk30.lime
/scratch/usr/hhpmbate/chroma_2pt/32x64/b5p40kp119989kp119812/lp0001_g8g2_q000_q200_q222_q420_q440_src2/correlators/baryon_qcdsf.850.b5p40kp119989kp119812-32x64.01299_0.000_440_-4-40_ptsink.lime
/scratch/usr/hhpmbate/chroma_2pt/32x64/b5p40kp119989kp119812/lp0001_g8g2_q000_q200_q222_q420_q440_src2/correlators/baryon_qcdsf.850.b5p40kp119989kp119812-32x64.01299_0.000_440_-4-40_smsnk30.lime
/scratch/usr/hhpmbate/chroma_2pt/32x64/b5p40kp119989kp119812/lp0001_g8g2_q000_q200_q222_q420_q440_src2/correlators/baryon_qcdsf.850.b5p40kp119989kp119812-32x64.01301_0.000_000_ptsink.lime
/scratch/usr/hhpmbate/chroma_2pt/32x64/b5p40kp119989kp119812/lp0001_g8g2_q000_q200_q222_q420_q440_src2/correlators/baryon_qcdsf.850.b5p40kp119989kp119812-32x64.01301_0.000_000_smsnk30.lime
/scratch/usr/hhpmbate/chroma_2pt/32x64/b5p40kp119989kp119812/lp0001_g8g2_q000_q200_q222_q420_q440_src2/correlators/baryon_qcdsf.850.b5p40kp119989kp119812-32x64.01301_0.000_200_-200_ptsink.lime
/scratch/usr/hhpmbate/chroma_2pt/32x64/b5p40kp119989kp119812/lp0001_g8g2_q000_q200_q222_q420_q440_src2/correlators/baryon_qcdsf.850.b5p40kp119989kp119812-32x64.01301_0.000_200_-200_smsnk30.lime
/scratch/usr/hhpmbate/chroma_2pt/32x64/b5p40kp119989kp119812/lp0001_g8g2_q000_q200_q222_q420_q440_src2/correlators/baryon_qcdsf.850.b5p40kp119989kp119812-32x64.01301_0.000_222_-2-2-2_ptsink.lime
/scratch/usr/hhpmbate/chroma_2pt/32x64/b5p40kp119989kp119812/lp0001_g8g2_q000_q200_q222_q420_q440_src2/correlators/baryon_qcdsf.850.b5p40kp119989kp119812-32x64.01301_0.000_222_-2-2-2_smsnk30.lime
/scratch/usr/hhpmbate/chroma_2pt/32x64/b5p40kp119989kp119812/lp0001_g8g2_q000_q200_q222_q420_q440_src2/correlators/baryon_qcdsf.850.b5p40kp119989kp119812-32x64.01301_0.000_420_-4-20_ptsink.lime
/scratch/usr/hhpmbate/chroma_2pt/32x64/b5p40kp119989kp119812/lp0001_g8g2_q000_q200_q222_q420_q440_src2/correlators/baryon_qcdsf.850.b5p40kp119989kp119812-32x64.01301_0.000_420_-4-20_smsnk30.lime
/scratch/usr/hhpmbate/chroma_2pt/32x64/b5p40kp119989kp119812/lp0001_g8g2_q000_q200_q222_q420_q440_src2/correlators/baryon_qcdsf.850.b5p40kp119989kp119812-32x64.01301_0.000_440_-4-40_ptsink.lime
/scratch/usr/hhpmbate/chroma_2pt/32x64/b5p40kp119989kp119812/lp0001_g8g2_q000_q200_q222_q420_q440_src2/correlators/baryon_qcdsf.850.b5p40kp119989kp119812-32x64.01301_0.000_440_-4-40_smsnk30.lime
/scratch/usr/hhpmbate/chroma_2pt/32x64/b5p40kp119989kp119812/lp0001_g8g2_q000_q200_q222_q420_q440_src2/correlators/baryon_qcdsf.850.b5p40kp119989kp119812-32x64.01309_0.000_000_ptsink.lime
/scratch/usr/hhpmbate/chroma_2pt/32x64/b5p40kp119989kp119812/lp0001_g8g2_q000_q200_q222_q420_q440_src2/correlators/baryon_qcdsf.850.b5p40kp119989kp119812-32x64.01309_0.000_000_smsnk30.lime
/scratch/usr/hhpmbate/chroma_2pt/32x64/b5p40kp119989kp119812/lp0001_g8g2_q000_q200_q222_q420_q440_src2/correlators/baryon_qcdsf.850.b5p40kp119989kp119812-32x64.01309_0.000_200_-200_ptsink.lime
/scratch/usr/hhpmbate/chroma_2pt/32x64/b5p40kp119989kp119812/lp0001_g8g2_q000_q200_q222_q420_q440_src2/correlators/baryon_qcdsf.850.b5p40kp119989kp119812-32x64.01309_0.000_200_-200_smsnk30.lime
/scratch/usr/hhpmbate/chroma_2pt/32x64/b5p40kp119989kp119812/lp0001_g8g2_q000_q200_q222_q420_q440_src2/correlators/baryon_qcdsf.850.b5p40kp119989kp119812-32x64.01309_0.000_222_-2-2-2_ptsink.lime
/scratch/usr/hhpmbate/chroma_2pt/32x64/b5p40kp119989kp119812/lp0001_g8g2_q000_q200_q222_q420_q440_src2/correlators/baryon_qcdsf.850.b5p40kp119989kp119812-32x64.01309_0.000_222_-2-2-2_smsnk30.lime
/scratch/usr/hhpmbate/chroma_2pt/32x64/b5p40kp119989kp119812/lp0001_g8g2_q000_q200_q222_q420_q440_src2/correlators/baryon_qcdsf.850.b5p40kp119989kp119812-32x64.01309_0.000_420_-4-20_ptsink.lime
/scratch/usr/hhpmbate/chroma_2pt/32x64/b5p40kp119989kp119812/lp0001_g8g2_q000_q200_q222_q420_q440_src2/correlators/baryon_qcdsf.850.b5p40kp119989kp119812-32x64.01309_0.000_420_-4-20_smsnk30.lime
/scratch/usr/hhpmbate/chroma_2pt/32x64/b5p40kp119989kp119812/lp0001_g8g2_q000_q200_q222_q420_q440_src2/correlators/baryon_qcdsf.850.b5p40kp119989kp119812-32x64.01309_0.000_440_-4-40_ptsink.lime
/scratch/usr/hhpmbate/chroma_2pt/32x64/b5p40kp119989kp119812/lp0001_g8g2_q000_q200_q222_q420_q440_src2/correlators/baryon_qcdsf.850.b5p40kp119989kp119812-32x64.01309_0.000_440_-4-40_smsnk30.lime
/scratch/usr/hhpmbate/chroma_2pt/32x64/b5p40kp119989kp119812/lp0001_g8g2_q000_q200_q222_q420_q440_src2/correlators/baryon_qcdsf.850.b5p40kp119989kp119812-32x64.01312_0.000_000_ptsink.lime
/scratch/usr/hhpmbate/chroma_2pt/32x64/b5p40kp119989kp119812/lp0001_g8g2_q000_q200_q222_q420_q440_src2/correlators/baryon_qcdsf.850.b5p40kp119989kp119812-32x64.01312_0.000_000_smsnk30.lime
/scratch/usr/hhpmbate/chroma_2pt/32x64/b5p40kp119989kp119812/lp0001_g8g2_q000_q200_q222_q420_q440_src2/correlators/baryon_qcdsf.850.b5p40kp119989kp119812-32x64.01312_0.000_200_-200_ptsink.lime
/scratch/usr/hhpmbate/chroma_2pt/32x64/b5p40kp119989kp119812/lp0001_g8g2_q000_q200_q222_q420_q440_src2/correlators/baryon_qcdsf.850.b5p40kp119989kp119812-32x64.01312_0.000_200_-200_smsnk30.lime
/scratch/usr/hhpmbate/chroma_2pt/32x64/b5p40kp119989kp119812/lp0001_g8g2_q000_q200_q222_q420_q440_src2/correlators/baryon_qcdsf.850.b5p40kp119989kp119812-32x64.01312_0.000_222_-2-2-2_ptsink.lime
/scratch/usr/hhpmbate/chroma_2pt/32x64/b5p40kp119989kp119812/lp0001_g8g2_q000_q200_q222_q420_q440_src2/correlators/baryon_qcdsf.850.b5p40kp119989kp119812-32x64.01312_0.000_222_-2-2-2_smsnk30.lime
/scratch/usr/hhpmbate/chroma_2pt/32x64/b5p40kp119989kp119812/lp0001_g8g2_q000_q200_q222_q420_q440_src2/correlators/baryon_qcdsf.850.b5p40kp119989kp119812-32x64.01312_0.000_420_-4-20_ptsink.lime
/scratch/usr/hhpmbate/chroma_2pt/32x64/b5p40kp119989kp119812/lp0001_g8g2_q000_q200_q222_q420_q440_src2/correlators/baryon_qcdsf.850.b5p40kp119989kp119812-32x64.01312_0.000_420_-4-20_smsnk30.lime
/scratch/usr/hhpmbate/chroma_2pt/32x64/b5p40kp119989kp119812/lp0001_g8g2_q000_q200_q222_q420_q440_src2/correlators/baryon_qcdsf.850.b5p40kp119989kp119812-32x64.01312_0.000_440_-4-40_ptsink.lime
/scratch/usr/hhpmbate/chroma_2pt/32x64/b5p40kp119989kp119812/lp0001_g8g2_q000_q200_q222_q420_q440_src2/correlators/baryon_qcdsf.850.b5p40kp119989kp119812-32x64.01312_0.000_440_-4-40_smsnk30.lime
/scratch/usr/hhpmbate/chroma_2pt/32x64/b5p40kp119989kp119812/lp0001_g8g2_q000_q200_q222_q420_q440_src2/correlators/baryon_qcdsf.850.b5p40kp119989kp119812-32x64.01315_0.000_000_ptsink.lime
/scratch/usr/hhpmbate/chroma_2pt/32x64/b5p40kp119989kp119812/lp0001_g8g2_q000_q200_q222_q420_q440_src2/correlators/baryon_qcdsf.850.b5p40kp119989kp119812-32x64.01315_0.000_000_smsnk30.lime
/scratch/usr/hhpmbate/chroma_2pt/32x64/b5p40kp119989kp119812/lp0001_g8g2_q000_q200_q222_q420_q440_src2/correlators/baryon_qcdsf.850.b5p40kp119989kp119812-32x64.01315_0.000_200_-200_ptsink.lime
/scratch/usr/hhpmbate/chroma_2pt/32x64/b5p40kp119989kp119812/lp0001_g8g2_q000_q200_q222_q420_q440_src2/correlators/baryon_qcdsf.850.b5p40kp119989kp119812-32x64.01315_0.000_200_-200_smsnk30.lime
/scratch/usr/hhpmbate/chroma_2pt/32x64/b5p40kp119989kp119812/lp0001_g8g2_q000_q200_q222_q420_q440_src2/correlators/baryon_qcdsf.850.b5p40kp119989kp119812-32x64.01315_0.000_222_-2-2-2_ptsink.lime
/scratch/usr/hhpmbate/chroma_2pt/32x64/b5p40kp119989kp119812/lp0001_g8g2_q000_q200_q222_q420_q440_src2/correlators/baryon_qcdsf.850.b5p40kp119989kp119812-32x64.01315_0.000_222_-2-2-2_smsnk30.lime
/scratch/usr/hhpmbate/chroma_2pt/32x64/b5p40kp119989kp119812/lp0001_g8g2_q000_q200_q222_q420_q440_src2/correlators/baryon_qcdsf.850.b5p40kp119989kp119812-32x64.01315_0.000_420_-4-20_ptsink.lime
/scratch/usr/hhpmbate/chroma_2pt/32x64/b5p40kp119989kp119812/lp0001_g8g2_q000_q200_q222_q420_q440_src2/correlators/baryon_qcdsf.850.b5p40kp119989kp119812-32x64.01315_0.000_420_-4-20_smsnk30.lime
/scratch/usr/hhpmbate/chroma_2pt/32x64/b5p40kp119989kp119812/lp0001_g8g2_q000_q200_q222_q420_q440_src2/correlators/baryon_qcdsf.850.b5p40kp119989kp119812-32x64.01315_0.000_440_-4-40_ptsink.lime
/scratch/usr/hhpmbate/chroma_2pt/32x64/b5p40kp119989kp119812/lp0001_g8g2_q000_q200_q222_q420_q440_src2/correlators/baryon_qcdsf.850.b5p40kp119989kp119812-32x64.01315_0.000_440_-4-40_smsnk30.lime
/scratch/usr/hhpmbate/chroma_2pt/32x64/b5p40kp119989kp119812/lp0001_g8g2_q000_q200_q222_q420_q440_src2/correlators/baryon_qcdsf.850.b5p40kp119989kp119812-32x64.01318_0.000_000_ptsink.lime
/scratch/usr/hhpmbate/chroma_2pt/32x64/b5p40kp119989kp119812/lp0001_g8g2_q000_q200_q222_q420_q440_src2/correlators/baryon_qcdsf.850.b5p40kp119989kp119812-32x64.01318_0.000_000_smsnk30.lime
/scratch/usr/hhpmbate/chroma_2pt/32x64/b5p40kp119989kp119812/lp0001_g8g2_q000_q200_q222_q420_q440_src2/correlators/baryon_qcdsf.850.b5p40kp119989kp119812-32x64.01318_0.000_200_-200_ptsink.lime
/scratch/usr/hhpmbate/chroma_2pt/32x64/b5p40kp119989kp119812/lp0001_g8g2_q000_q200_q222_q420_q440_src2/correlators/baryon_qcdsf.850.b5p40kp119989kp119812-32x64.01318_0.000_200_-200_smsnk30.lime
/scratch/usr/hhpmbate/chroma_2pt/32x64/b5p40kp119989kp119812/lp0001_g8g2_q000_q200_q222_q420_q440_src2/correlators/baryon_qcdsf.850.b5p40kp119989kp119812-32x64.01318_0.000_222_-2-2-2_ptsink.lime
/scratch/usr/hhpmbate/chroma_2pt/32x64/b5p40kp119989kp119812/lp0001_g8g2_q000_q200_q222_q420_q440_src2/correlators/baryon_qcdsf.850.b5p40kp119989kp119812-32x64.01318_0.000_222_-2-2-2_smsnk30.lime
/scratch/usr/hhpmbate/chroma_2pt/32x64/b5p40kp119989kp119812/lp0001_g8g2_q000_q200_q222_q420_q440_src2/correlators/baryon_qcdsf.850.b5p40kp119989kp119812-32x64.01318_0.000_420_-4-20_ptsink.lime
/scratch/usr/hhpmbate/chroma_2pt/32x64/b5p40kp119989kp119812/lp0001_g8g2_q000_q200_q222_q420_q440_src2/correlators/baryon_qcdsf.850.b5p40kp119989kp119812-32x64.01318_0.000_420_-4-20_smsnk30.lime
/scratch/usr/hhpmbate/chroma_2pt/32x64/b5p40kp119989kp119812/lp0001_g8g2_q000_q200_q222_q420_q440_src2/correlators/baryon_qcdsf.850.b5p40kp119989kp119812-32x64.01318_0.000_440_-4-40_ptsink.lime
/scratch/usr/hhpmbate/chroma_2pt/32x64/b5p40kp119989kp119812/lp0001_g8g2_q000_q200_q222_q420_q440_src2/correlators/baryon_qcdsf.850.b5p40kp119989kp119812-32x64.01318_0.000_440_-4-40_smsnk30.lime
/scratch/usr/hhpmbate/chroma_2pt/32x64/b5p40kp119989kp119812/lp0001_g8g2_q000_q200_q222_q420_q440_src2/correlators/baryon_qcdsf.850.b5p40kp119989kp119812-32x64.01319_0.000_000_ptsink.lime
/scratch/usr/hhpmbate/chroma_2pt/32x64/b5p40kp119989kp119812/lp0001_g8g2_q000_q200_q222_q420_q440_src2/correlators/baryon_qcdsf.850.b5p40kp119989kp119812-32x64.01319_0.000_000_smsnk30.lime
/scratch/usr/hhpmbate/chroma_2pt/32x64/b5p40kp119989kp119812/lp0001_g8g2_q000_q200_q222_q420_q440_src2/correlators/baryon_qcdsf.850.b5p40kp119989kp119812-32x64.01319_0.000_200_-200_ptsink.lime
/scratch/usr/hhpmbate/chroma_2pt/32x64/b5p40kp119989kp119812/lp0001_g8g2_q000_q200_q222_q420_q440_src2/correlators/baryon_qcdsf.850.b5p40kp119989kp119812-32x64.01319_0.000_200_-200_smsnk30.lime
/scratch/usr/hhpmbate/chroma_2pt/32x64/b5p40kp119989kp119812/lp0001_g8g2_q000_q200_q222_q420_q440_src2/correlators/baryon_qcdsf.850.b5p40kp119989kp119812-32x64.01319_0.000_222_-2-2-2_ptsink.lime
/scratch/usr/hhpmbate/chroma_2pt/32x64/b5p40kp119989kp119812/lp0001_g8g2_q000_q200_q222_q420_q440_src2/correlators/baryon_qcdsf.850.b5p40kp119989kp119812-32x64.01319_0.000_222_-2-2-2_smsnk30.lime
/scratch/usr/hhpmbate/chroma_2pt/32x64/b5p40kp119989kp119812/lp0001_g8g2_q000_q200_q222_q420_q440_src2/correlators/baryon_qcdsf.850.b5p40kp119989kp119812-32x64.01319_0.000_420_-4-20_ptsink.lime
/scratch/usr/hhpmbate/chroma_2pt/32x64/b5p40kp119989kp119812/lp0001_g8g2_q000_q200_q222_q420_q440_src2/correlators/baryon_qcdsf.850.b5p40kp119989kp119812-32x64.01319_0.000_420_-4-20_smsnk30.lime
/scratch/usr/hhpmbate/chroma_2pt/32x64/b5p40kp119989kp119812/lp0001_g8g2_q000_q200_q222_q420_q440_src2/correlators/baryon_qcdsf.850.b5p40kp119989kp119812-32x64.01319_0.000_440_-4-40_ptsink.lime
/scratch/usr/hhpmbate/chroma_2pt/32x64/b5p40kp119989kp119812/lp0001_g8g2_q000_q200_q222_q420_q440_src2/correlators/baryon_qcdsf.850.b5p40kp119989kp119812-32x64.01319_0.000_440_-4-40_smsnk30.lime
/scratch/usr/hhpmbate/chroma_2pt/32x64/b5p40kp119989kp119812/lp0001_g8g2_q000_q200_q222_q420_q440_src2/correlators/baryon_qcdsf.850.b5p40kp119989kp119812-32x64.01321_0.000_000_ptsink.lime
/scratch/usr/hhpmbate/chroma_2pt/32x64/b5p40kp119989kp119812/lp0001_g8g2_q000_q200_q222_q420_q440_src2/correlators/baryon_qcdsf.850.b5p40kp119989kp119812-32x64.01321_0.000_000_smsnk30.lime
/scratch/usr/hhpmbate/chroma_2pt/32x64/b5p40kp119989kp119812/lp0001_g8g2_q000_q200_q222_q420_q440_src2/correlators/baryon_qcdsf.850.b5p40kp119989kp119812-32x64.01321_0.000_200_-200_ptsink.lime
/scratch/usr/hhpmbate/chroma_2pt/32x64/b5p40kp119989kp119812/lp0001_g8g2_q000_q200_q222_q420_q440_src2/correlators/baryon_qcdsf.850.b5p40kp119989kp119812-32x64.01321_0.000_200_-200_smsnk30.lime
/scratch/usr/hhpmbate/chroma_2pt/32x64/b5p40kp119989kp119812/lp0001_g8g2_q000_q200_q222_q420_q440_src2/correlators/baryon_qcdsf.850.b5p40kp119989kp119812-32x64.01321_0.000_222_-2-2-2_ptsink.lime
/scratch/usr/hhpmbate/chroma_2pt/32x64/b5p40kp119989kp119812/lp0001_g8g2_q000_q200_q222_q420_q440_src2/correlators/baryon_qcdsf.850.b5p40kp119989kp119812-32x64.01321_0.000_222_-2-2-2_smsnk30.lime
/scratch/usr/hhpmbate/chroma_2pt/32x64/b5p40kp119989kp119812/lp0001_g8g2_q000_q200_q222_q420_q440_src2/correlators/baryon_qcdsf.850.b5p40kp119989kp119812-32x64.01321_0.000_420_-4-20_ptsink.lime
/scratch/usr/hhpmbate/chroma_2pt/32x64/b5p40kp119989kp119812/lp0001_g8g2_q000_q200_q222_q420_q440_src2/correlators/baryon_qcdsf.850.b5p40kp119989kp119812-32x64.01321_0.000_420_-4-20_smsnk30.lime
/scratch/usr/hhpmbate/chroma_2pt/32x64/b5p40kp119989kp119812/lp0001_g8g2_q000_q200_q222_q420_q440_src2/correlators/baryon_qcdsf.850.b5p40kp119989kp119812-32x64.01321_0.000_440_-4-40_ptsink.lime
/scratch/usr/hhpmbate/chroma_2pt/32x64/b5p40kp119989kp119812/lp0001_g8g2_q000_q200_q222_q420_q440_src2/correlators/baryon_qcdsf.850.b5p40kp119989kp119812-32x64.01321_0.000_440_-4-40_smsnk30.lime
/scratch/usr/hhpmbate/chroma_2pt/32x64/b5p40kp119989kp119812/lp0001_g8g2_q000_q200_q222_q420_q440_src2/correlators/baryon_qcdsf.850.b5p40kp119989kp119812-32x64.01324_0.000_000_ptsink.lime
/scratch/usr/hhpmbate/chroma_2pt/32x64/b5p40kp119989kp119812/lp0001_g8g2_q000_q200_q222_q420_q440_src2/correlators/baryon_qcdsf.850.b5p40kp119989kp119812-32x64.01324_0.000_000_smsnk30.lime
/scratch/usr/hhpmbate/chroma_2pt/32x64/b5p40kp119989kp119812/lp0001_g8g2_q000_q200_q222_q420_q440_src2/correlators/baryon_qcdsf.850.b5p40kp119989kp119812-32x64.01324_0.000_200_-200_ptsink.lime
/scratch/usr/hhpmbate/chroma_2pt/32x64/b5p40kp119989kp119812/lp0001_g8g2_q000_q200_q222_q420_q440_src2/correlators/baryon_qcdsf.850.b5p40kp119989kp119812-32x64.01324_0.000_200_-200_smsnk30.lime
/scratch/usr/hhpmbate/chroma_2pt/32x64/b5p40kp119989kp119812/lp0001_g8g2_q000_q200_q222_q420_q440_src2/correlators/baryon_qcdsf.850.b5p40kp119989kp119812-32x64.01324_0.000_222_-2-2-2_ptsink.lime
/scratch/usr/hhpmbate/chroma_2pt/32x64/b5p40kp119989kp119812/lp0001_g8g2_q000_q200_q222_q420_q440_src2/correlators/baryon_qcdsf.850.b5p40kp119989kp119812-32x64.01324_0.000_222_-2-2-2_smsnk30.lime
/scratch/usr/hhpmbate/chroma_2pt/32x64/b5p40kp119989kp119812/lp0001_g8g2_q000_q200_q222_q420_q440_src2/correlators/baryon_qcdsf.850.b5p40kp119989kp119812-32x64.01324_0.000_420_-4-20_ptsink.lime
/scratch/usr/hhpmbate/chroma_2pt/32x64/b5p40kp119989kp119812/lp0001_g8g2_q000_q200_q222_q420_q440_src2/correlators/baryon_qcdsf.850.b5p40kp119989kp119812-32x64.01324_0.000_420_-4-20_smsnk30.lime
/scratch/usr/hhpmbate/chroma_2pt/32x64/b5p40kp119989kp119812/lp0001_g8g2_q000_q200_q222_q420_q440_src2/correlators/baryon_qcdsf.850.b5p40kp119989kp119812-32x64.01324_0.000_440_-4-40_ptsink.lime
/scratch/usr/hhpmbate/chroma_2pt/32x64/b5p40kp119989kp119812/lp0001_g8g2_q000_q200_q222_q420_q440_src2/correlators/baryon_qcdsf.850.b5p40kp119989kp119812-32x64.01324_0.000_440_-4-40_smsnk30.lime
/scratch/usr/hhpmbate/chroma_2pt/32x64/b5p40kp119989kp119812/lp0001_g8g2_q000_q200_q222_q420_q440_src2/correlators/baryon_qcdsf.850.b5p40kp119989kp119812-32x64.01325_0.000_000_ptsink.lime
/scratch/usr/hhpmbate/chroma_2pt/32x64/b5p40kp119989kp119812/lp0001_g8g2_q000_q200_q222_q420_q440_src2/correlators/baryon_qcdsf.850.b5p40kp119989kp119812-32x64.01325_0.000_000_smsnk30.lime
/scratch/usr/hhpmbate/chroma_2pt/32x64/b5p40kp119989kp119812/lp0001_g8g2_q000_q200_q222_q420_q440_src2/correlators/baryon_qcdsf.850.b5p40kp119989kp119812-32x64.01325_0.000_200_-200_ptsink.lime
/scratch/usr/hhpmbate/chroma_2pt/32x64/b5p40kp119989kp119812/lp0001_g8g2_q000_q200_q222_q420_q440_src2/correlators/baryon_qcdsf.850.b5p40kp119989kp119812-32x64.01325_0.000_200_-200_smsnk30.lime
/scratch/usr/hhpmbate/chroma_2pt/32x64/b5p40kp119989kp119812/lp0001_g8g2_q000_q200_q222_q420_q440_src2/correlators/baryon_qcdsf.850.b5p40kp119989kp119812-32x64.01325_0.000_222_-2-2-2_ptsink.lime
/scratch/usr/hhpmbate/chroma_2pt/32x64/b5p40kp119989kp119812/lp0001_g8g2_q000_q200_q222_q420_q440_src2/correlators/baryon_qcdsf.850.b5p40kp119989kp119812-32x64.01325_0.000_222_-2-2-2_smsnk30.lime
/scratch/usr/hhpmbate/chroma_2pt/32x64/b5p40kp119989kp119812/lp0001_g8g2_q000_q200_q222_q420_q440_src2/correlators/baryon_qcdsf.850.b5p40kp119989kp119812-32x64.01325_0.000_420_-4-20_ptsink.lime
/scratch/usr/hhpmbate/chroma_2pt/32x64/b5p40kp119989kp119812/lp0001_g8g2_q000_q200_q222_q420_q440_src2/correlators/baryon_qcdsf.850.b5p40kp119989kp119812-32x64.01325_0.000_420_-4-20_smsnk30.lime
/scratch/usr/hhpmbate/chroma_2pt/32x64/b5p40kp119989kp119812/lp0001_g8g2_q000_q200_q222_q420_q440_src2/correlators/baryon_qcdsf.850.b5p40kp119989kp119812-32x64.01325_0.000_440_-4-40_ptsink.lime
/scratch/usr/hhpmbate/chroma_2pt/32x64/b5p40kp119989kp119812/lp0001_g8g2_q000_q200_q222_q420_q440_src2/correlators/baryon_qcdsf.850.b5p40kp119989kp119812-32x64.01325_0.000_440_-4-40_smsnk30.lime
/scratch/usr/hhpmbate/chroma_2pt/32x64/b5p40kp119989kp119812/lp0001_g8g2_q000_q200_q222_q420_q440_src2/correlators/baryon_qcdsf.850.b5p40kp119989kp119812-32x64.01329_0.000_000_ptsink.lime
/scratch/usr/hhpmbate/chroma_2pt/32x64/b5p40kp119989kp119812/lp0001_g8g2_q000_q200_q222_q420_q440_src2/correlators/baryon_qcdsf.850.b5p40kp119989kp119812-32x64.01329_0.000_000_smsnk30.lime
/scratch/usr/hhpmbate/chroma_2pt/32x64/b5p40kp119989kp119812/lp0001_g8g2_q000_q200_q222_q420_q440_src2/correlators/baryon_qcdsf.850.b5p40kp119989kp119812-32x64.01329_0.000_200_-200_ptsink.lime
/scratch/usr/hhpmbate/chroma_2pt/32x64/b5p40kp119989kp119812/lp0001_g8g2_q000_q200_q222_q420_q440_src2/correlators/baryon_qcdsf.850.b5p40kp119989kp119812-32x64.01329_0.000_200_-200_smsnk30.lime
/scratch/usr/hhpmbate/chroma_2pt/32x64/b5p40kp119989kp119812/lp0001_g8g2_q000_q200_q222_q420_q440_src2/correlators/baryon_qcdsf.850.b5p40kp119989kp119812-32x64.01329_0.000_222_-2-2-2_ptsink.lime
/scratch/usr/hhpmbate/chroma_2pt/32x64/b5p40kp119989kp119812/lp0001_g8g2_q000_q200_q222_q420_q440_src2/correlators/baryon_qcdsf.850.b5p40kp119989kp119812-32x64.01329_0.000_222_-2-2-2_smsnk30.lime
/scratch/usr/hhpmbate/chroma_2pt/32x64/b5p40kp119989kp119812/lp0001_g8g2_q000_q200_q222_q420_q440_src2/correlators/baryon_qcdsf.850.b5p40kp119989kp119812-32x64.01329_0.000_420_-4-20_ptsink.lime
/scratch/usr/hhpmbate/chroma_2pt/32x64/b5p40kp119989kp119812/lp0001_g8g2_q000_q200_q222_q420_q440_src2/correlators/baryon_qcdsf.850.b5p40kp119989kp119812-32x64.01329_0.000_420_-4-20_smsnk30.lime
/scratch/usr/hhpmbate/chroma_2pt/32x64/b5p40kp119989kp119812/lp0001_g8g2_q000_q200_q222_q420_q440_src2/correlators/baryon_qcdsf.850.b5p40kp119989kp119812-32x64.01329_0.000_440_-4-40_ptsink.lime
/scratch/usr/hhpmbate/chroma_2pt/32x64/b5p40kp119989kp119812/lp0001_g8g2_q000_q200_q222_q420_q440_src2/correlators/baryon_qcdsf.850.b5p40kp119989kp119812-32x64.01329_0.000_440_-4-40_smsnk30.lime
/scratch/usr/hhpmbate/chroma_2pt/32x64/b5p40kp119989kp119812/lp0001_g8g2_q000_q200_q222_q420_q440_src2/correlators/baryon_qcdsf.850.b5p40kp119989kp119812-32x64.01330_0.000_000_ptsink.lime
/scratch/usr/hhpmbate/chroma_2pt/32x64/b5p40kp119989kp119812/lp0001_g8g2_q000_q200_q222_q420_q440_src2/correlators/baryon_qcdsf.850.b5p40kp119989kp119812-32x64.01330_0.000_000_smsnk30.lime
/scratch/usr/hhpmbate/chroma_2pt/32x64/b5p40kp119989kp119812/lp0001_g8g2_q000_q200_q222_q420_q440_src2/correlators/baryon_qcdsf.850.b5p40kp119989kp119812-32x64.01330_0.000_200_-200_ptsink.lime
/scratch/usr/hhpmbate/chroma_2pt/32x64/b5p40kp119989kp119812/lp0001_g8g2_q000_q200_q222_q420_q440_src2/correlators/baryon_qcdsf.850.b5p40kp119989kp119812-32x64.01330_0.000_200_-200_smsnk30.lime
/scratch/usr/hhpmbate/chroma_2pt/32x64/b5p40kp119989kp119812/lp0001_g8g2_q000_q200_q222_q420_q440_src2/correlators/baryon_qcdsf.850.b5p40kp119989kp119812-32x64.01330_0.000_222_-2-2-2_ptsink.lime
/scratch/usr/hhpmbate/chroma_2pt/32x64/b5p40kp119989kp119812/lp0001_g8g2_q000_q200_q222_q420_q440_src2/correlators/baryon_qcdsf.850.b5p40kp119989kp119812-32x64.01330_0.000_222_-2-2-2_smsnk30.lime
/scratch/usr/hhpmbate/chroma_2pt/32x64/b5p40kp119989kp119812/lp0001_g8g2_q000_q200_q222_q420_q440_src2/correlators/baryon_qcdsf.850.b5p40kp119989kp119812-32x64.01330_0.000_420_-4-20_ptsink.lime
/scratch/usr/hhpmbate/chroma_2pt/32x64/b5p40kp119989kp119812/lp0001_g8g2_q000_q200_q222_q420_q440_src2/correlators/baryon_qcdsf.850.b5p40kp119989kp119812-32x64.01330_0.000_420_-4-20_smsnk30.lime
/scratch/usr/hhpmbate/chroma_2pt/32x64/b5p40kp119989kp119812/lp0001_g8g2_q000_q200_q222_q420_q440_src2/correlators/baryon_qcdsf.850.b5p40kp119989kp119812-32x64.01330_0.000_440_-4-40_ptsink.lime
/scratch/usr/hhpmbate/chroma_2pt/32x64/b5p40kp119989kp119812/lp0001_g8g2_q000_q200_q222_q420_q440_src2/correlators/baryon_qcdsf.850.b5p40kp119989kp119812-32x64.01330_0.000_440_-4-40_smsnk30.lime
/scratch/usr/hhpmbate/chroma_2pt/32x64/b5p40kp119989kp119812/lp0001_g8g2_q000_q200_q222_q420_q440_src2/correlators/baryon_qcdsf.850.b5p40kp119989kp119812-32x64.01340_0.000_000_ptsink.lime
/scratch/usr/hhpmbate/chroma_2pt/32x64/b5p40kp119989kp119812/lp0001_g8g2_q000_q200_q222_q420_q440_src2/correlators/baryon_qcdsf.850.b5p40kp119989kp119812-32x64.01340_0.000_000_smsnk30.lime
/scratch/usr/hhpmbate/chroma_2pt/32x64/b5p40kp119989kp119812/lp0001_g8g2_q000_q200_q222_q420_q440_src2/correlators/baryon_qcdsf.850.b5p40kp119989kp119812-32x64.01340_0.000_200_-200_ptsink.lime
/scratch/usr/hhpmbate/chroma_2pt/32x64/b5p40kp119989kp119812/lp0001_g8g2_q000_q200_q222_q420_q440_src2/correlators/baryon_qcdsf.850.b5p40kp119989kp119812-32x64.01340_0.000_200_-200_smsnk30.lime
/scratch/usr/hhpmbate/chroma_2pt/32x64/b5p40kp119989kp119812/lp0001_g8g2_q000_q200_q222_q420_q440_src2/correlators/baryon_qcdsf.850.b5p40kp119989kp119812-32x64.01340_0.000_222_-2-2-2_ptsink.lime
/scratch/usr/hhpmbate/chroma_2pt/32x64/b5p40kp119989kp119812/lp0001_g8g2_q000_q200_q222_q420_q440_src2/correlators/baryon_qcdsf.850.b5p40kp119989kp119812-32x64.01340_0.000_222_-2-2-2_smsnk30.lime
/scratch/usr/hhpmbate/chroma_2pt/32x64/b5p40kp119989kp119812/lp0001_g8g2_q000_q200_q222_q420_q440_src2/correlators/baryon_qcdsf.850.b5p40kp119989kp119812-32x64.01340_0.000_420_-4-20_ptsink.lime
/scratch/usr/hhpmbate/chroma_2pt/32x64/b5p40kp119989kp119812/lp0001_g8g2_q000_q200_q222_q420_q440_src2/correlators/baryon_qcdsf.850.b5p40kp119989kp119812-32x64.01340_0.000_420_-4-20_smsnk30.lime
/scratch/usr/hhpmbate/chroma_2pt/32x64/b5p40kp119989kp119812/lp0001_g8g2_q000_q200_q222_q420_q440_src2/correlators/baryon_qcdsf.850.b5p40kp119989kp119812-32x64.01340_0.000_440_-4-40_ptsink.lime
/scratch/usr/hhpmbate/chroma_2pt/32x64/b5p40kp119989kp119812/lp0001_g8g2_q000_q200_q222_q420_q440_src2/correlators/baryon_qcdsf.850.b5p40kp119989kp119812-32x64.01340_0.000_440_-4-40_smsnk30.lime
/scratch/usr/hhpmbate/chroma_2pt/32x64/b5p40kp119989kp119812/lp0001_g8g2_q000_q200_q222_q420_q440_src2/correlators/baryon_qcdsf.850.b5p40kp119989kp119812-32x64.01345_0.000_000_ptsink.lime
/scratch/usr/hhpmbate/chroma_2pt/32x64/b5p40kp119989kp119812/lp0001_g8g2_q000_q200_q222_q420_q440_src2/correlators/baryon_qcdsf.850.b5p40kp119989kp119812-32x64.01345_0.000_000_smsnk30.lime
/scratch/usr/hhpmbate/chroma_2pt/32x64/b5p40kp119989kp119812/lp0001_g8g2_q000_q200_q222_q420_q440_src2/correlators/baryon_qcdsf.850.b5p40kp119989kp119812-32x64.01345_0.000_200_-200_ptsink.lime
/scratch/usr/hhpmbate/chroma_2pt/32x64/b5p40kp119989kp119812/lp0001_g8g2_q000_q200_q222_q420_q440_src2/correlators/baryon_qcdsf.850.b5p40kp119989kp119812-32x64.01345_0.000_200_-200_smsnk30.lime
/scratch/usr/hhpmbate/chroma_2pt/32x64/b5p40kp119989kp119812/lp0001_g8g2_q000_q200_q222_q420_q440_src2/correlators/baryon_qcdsf.850.b5p40kp119989kp119812-32x64.01345_0.000_222_-2-2-2_ptsink.lime
/scratch/usr/hhpmbate/chroma_2pt/32x64/b5p40kp119989kp119812/lp0001_g8g2_q000_q200_q222_q420_q440_src2/correlators/baryon_qcdsf.850.b5p40kp119989kp119812-32x64.01345_0.000_222_-2-2-2_smsnk30.lime
/scratch/usr/hhpmbate/chroma_2pt/32x64/b5p40kp119989kp119812/lp0001_g8g2_q000_q200_q222_q420_q440_src2/correlators/baryon_qcdsf.850.b5p40kp119989kp119812-32x64.01345_0.000_420_-4-20_ptsink.lime
/scratch/usr/hhpmbate/chroma_2pt/32x64/b5p40kp119989kp119812/lp0001_g8g2_q000_q200_q222_q420_q440_src2/correlators/baryon_qcdsf.850.b5p40kp119989kp119812-32x64.01345_0.000_420_-4-20_smsnk30.lime
/scratch/usr/hhpmbate/chroma_2pt/32x64/b5p40kp119989kp119812/lp0001_g8g2_q000_q200_q222_q420_q440_src2/correlators/baryon_qcdsf.850.b5p40kp119989kp119812-32x64.01345_0.000_440_-4-40_ptsink.lime
/scratch/usr/hhpmbate/chroma_2pt/32x64/b5p40kp119989kp119812/lp0001_g8g2_q000_q200_q222_q420_q440_src2/correlators/baryon_qcdsf.850.b5p40kp119989kp119812-32x64.01345_0.000_440_-4-40_smsnk30.lime
/scratch/usr/hhpmbate/chroma_2pt/32x64/b5p40kp119989kp119812/lp0001_g8g2_q000_q200_q222_q420_q440_src2/correlators/baryon_qcdsf.850.b5p40kp119989kp119812-32x64.01351_0.000_000_ptsink.lime
/scratch/usr/hhpmbate/chroma_2pt/32x64/b5p40kp119989kp119812/lp0001_g8g2_q000_q200_q222_q420_q440_src2/correlators/baryon_qcdsf.850.b5p40kp119989kp119812-32x64.01351_0.000_000_smsnk30.lime
/scratch/usr/hhpmbate/chroma_2pt/32x64/b5p40kp119989kp119812/lp0001_g8g2_q000_q200_q222_q420_q440_src2/correlators/baryon_qcdsf.850.b5p40kp119989kp119812-32x64.01351_0.000_200_-200_ptsink.lime
/scratch/usr/hhpmbate/chroma_2pt/32x64/b5p40kp119989kp119812/lp0001_g8g2_q000_q200_q222_q420_q440_src2/correlators/baryon_qcdsf.850.b5p40kp119989kp119812-32x64.01351_0.000_200_-200_smsnk30.lime
/scratch/usr/hhpmbate/chroma_2pt/32x64/b5p40kp119989kp119812/lp0001_g8g2_q000_q200_q222_q420_q440_src2/correlators/baryon_qcdsf.850.b5p40kp119989kp119812-32x64.01351_0.000_222_-2-2-2_ptsink.lime
/scratch/usr/hhpmbate/chroma_2pt/32x64/b5p40kp119989kp119812/lp0001_g8g2_q000_q200_q222_q420_q440_src2/correlators/baryon_qcdsf.850.b5p40kp119989kp119812-32x64.01351_0.000_222_-2-2-2_smsnk30.lime
/scratch/usr/hhpmbate/chroma_2pt/32x64/b5p40kp119989kp119812/lp0001_g8g2_q000_q200_q222_q420_q440_src2/correlators/baryon_qcdsf.850.b5p40kp119989kp119812-32x64.01351_0.000_420_-4-20_ptsink.lime
/scratch/usr/hhpmbate/chroma_2pt/32x64/b5p40kp119989kp119812/lp0001_g8g2_q000_q200_q222_q420_q440_src2/correlators/baryon_qcdsf.850.b5p40kp119989kp119812-32x64.01351_0.000_420_-4-20_smsnk30.lime
/scratch/usr/hhpmbate/chroma_2pt/32x64/b5p40kp119989kp119812/lp0001_g8g2_q000_q200_q222_q420_q440_src2/correlators/baryon_qcdsf.850.b5p40kp119989kp119812-32x64.01351_0.000_440_-4-40_ptsink.lime
/scratch/usr/hhpmbate/chroma_2pt/32x64/b5p40kp119989kp119812/lp0001_g8g2_q000_q200_q222_q420_q440_src2/correlators/baryon_qcdsf.850.b5p40kp119989kp119812-32x64.01351_0.000_440_-4-40_smsnk30.lime
/scratch/usr/hhpmbate/chroma_2pt/32x64/b5p40kp119989kp119812/lp0001_g8g2_q000_q200_q222_q420_q440_src2/correlators/baryon_qcdsf.850.b5p40kp119989kp119812-32x64.01358_0.000_000_ptsink.lime
/scratch/usr/hhpmbate/chroma_2pt/32x64/b5p40kp119989kp119812/lp0001_g8g2_q000_q200_q222_q420_q440_src2/correlators/baryon_qcdsf.850.b5p40kp119989kp119812-32x64.01358_0.000_000_smsnk30.lime
/scratch/usr/hhpmbate/chroma_2pt/32x64/b5p40kp119989kp119812/lp0001_g8g2_q000_q200_q222_q420_q440_src2/correlators/baryon_qcdsf.850.b5p40kp119989kp119812-32x64.01358_0.000_200_-200_ptsink.lime
/scratch/usr/hhpmbate/chroma_2pt/32x64/b5p40kp119989kp119812/lp0001_g8g2_q000_q200_q222_q420_q440_src2/correlators/baryon_qcdsf.850.b5p40kp119989kp119812-32x64.01358_0.000_200_-200_smsnk30.lime
/scratch/usr/hhpmbate/chroma_2pt/32x64/b5p40kp119989kp119812/lp0001_g8g2_q000_q200_q222_q420_q440_src2/correlators/baryon_qcdsf.850.b5p40kp119989kp119812-32x64.01358_0.000_222_-2-2-2_ptsink.lime
/scratch/usr/hhpmbate/chroma_2pt/32x64/b5p40kp119989kp119812/lp0001_g8g2_q000_q200_q222_q420_q440_src2/correlators/baryon_qcdsf.850.b5p40kp119989kp119812-32x64.01358_0.000_222_-2-2-2_smsnk30.lime
/scratch/usr/hhpmbate/chroma_2pt/32x64/b5p40kp119989kp119812/lp0001_g8g2_q000_q200_q222_q420_q440_src2/correlators/baryon_qcdsf.850.b5p40kp119989kp119812-32x64.01358_0.000_420_-4-20_ptsink.lime
/scratch/usr/hhpmbate/chroma_2pt/32x64/b5p40kp119989kp119812/lp0001_g8g2_q000_q200_q222_q420_q440_src2/correlators/baryon_qcdsf.850.b5p40kp119989kp119812-32x64.01358_0.000_420_-4-20_smsnk30.lime
/scratch/usr/hhpmbate/chroma_2pt/32x64/b5p40kp119989kp119812/lp0001_g8g2_q000_q200_q222_q420_q440_src2/correlators/baryon_qcdsf.850.b5p40kp119989kp119812-32x64.01358_0.000_440_-4-40_ptsink.lime
/scratch/usr/hhpmbate/chroma_2pt/32x64/b5p40kp119989kp119812/lp0001_g8g2_q000_q200_q222_q420_q440_src2/correlators/baryon_qcdsf.850.b5p40kp119989kp119812-32x64.01358_0.000_440_-4-40_smsnk30.lime
/scratch/usr/hhpmbate/chroma_2pt/32x64/b5p40kp119989kp119812/lp0001_g8g2_q000_q200_q222_q420_q440_src2/correlators/baryon_qcdsf.850.b5p40kp119989kp119812-32x64.01360_0.000_000_ptsink.lime
/scratch/usr/hhpmbate/chroma_2pt/32x64/b5p40kp119989kp119812/lp0001_g8g2_q000_q200_q222_q420_q440_src2/correlators/baryon_qcdsf.850.b5p40kp119989kp119812-32x64.01360_0.000_000_smsnk30.lime
/scratch/usr/hhpmbate/chroma_2pt/32x64/b5p40kp119989kp119812/lp0001_g8g2_q000_q200_q222_q420_q440_src2/correlators/baryon_qcdsf.850.b5p40kp119989kp119812-32x64.01360_0.000_200_-200_ptsink.lime
/scratch/usr/hhpmbate/chroma_2pt/32x64/b5p40kp119989kp119812/lp0001_g8g2_q000_q200_q222_q420_q440_src2/correlators/baryon_qcdsf.850.b5p40kp119989kp119812-32x64.01360_0.000_200_-200_smsnk30.lime
/scratch/usr/hhpmbate/chroma_2pt/32x64/b5p40kp119989kp119812/lp0001_g8g2_q000_q200_q222_q420_q440_src2/correlators/baryon_qcdsf.850.b5p40kp119989kp119812-32x64.01360_0.000_222_-2-2-2_ptsink.lime
/scratch/usr/hhpmbate/chroma_2pt/32x64/b5p40kp119989kp119812/lp0001_g8g2_q000_q200_q222_q420_q440_src2/correlators/baryon_qcdsf.850.b5p40kp119989kp119812-32x64.01360_0.000_222_-2-2-2_smsnk30.lime
/scratch/usr/hhpmbate/chroma_2pt/32x64/b5p40kp119989kp119812/lp0001_g8g2_q000_q200_q222_q420_q440_src2/correlators/baryon_qcdsf.850.b5p40kp119989kp119812-32x64.01360_0.000_420_-4-20_ptsink.lime
/scratch/usr/hhpmbate/chroma_2pt/32x64/b5p40kp119989kp119812/lp0001_g8g2_q000_q200_q222_q420_q440_src2/correlators/baryon_qcdsf.850.b5p40kp119989kp119812-32x64.01360_0.000_420_-4-20_smsnk30.lime
/scratch/usr/hhpmbate/chroma_2pt/32x64/b5p40kp119989kp119812/lp0001_g8g2_q000_q200_q222_q420_q440_src2/correlators/baryon_qcdsf.850.b5p40kp119989kp119812-32x64.01360_0.000_440_-4-40_ptsink.lime
/scratch/usr/hhpmbate/chroma_2pt/32x64/b5p40kp119989kp119812/lp0001_g8g2_q000_q200_q222_q420_q440_src2/correlators/baryon_qcdsf.850.b5p40kp119989kp119812-32x64.01360_0.000_440_-4-40_smsnk30.lime
/scratch/usr/hhpmbate/chroma_2pt/32x64/b5p40kp119989kp119812/lp0001_g8g2_q000_q200_q222_q420_q440_src2/correlators/baryon_qcdsf.850.b5p40kp119989kp119812-32x64.01362_0.000_000_ptsink.lime
/scratch/usr/hhpmbate/chroma_2pt/32x64/b5p40kp119989kp119812/lp0001_g8g2_q000_q200_q222_q420_q440_src2/correlators/baryon_qcdsf.850.b5p40kp119989kp119812-32x64.01362_0.000_000_smsnk30.lime
/scratch/usr/hhpmbate/chroma_2pt/32x64/b5p40kp119989kp119812/lp0001_g8g2_q000_q200_q222_q420_q440_src2/correlators/baryon_qcdsf.850.b5p40kp119989kp119812-32x64.01362_0.000_200_-200_ptsink.lime
/scratch/usr/hhpmbate/chroma_2pt/32x64/b5p40kp119989kp119812/lp0001_g8g2_q000_q200_q222_q420_q440_src2/correlators/baryon_qcdsf.850.b5p40kp119989kp119812-32x64.01362_0.000_200_-200_smsnk30.lime
/scratch/usr/hhpmbate/chroma_2pt/32x64/b5p40kp119989kp119812/lp0001_g8g2_q000_q200_q222_q420_q440_src2/correlators/baryon_qcdsf.850.b5p40kp119989kp119812-32x64.01362_0.000_222_-2-2-2_ptsink.lime
/scratch/usr/hhpmbate/chroma_2pt/32x64/b5p40kp119989kp119812/lp0001_g8g2_q000_q200_q222_q420_q440_src2/correlators/baryon_qcdsf.850.b5p40kp119989kp119812-32x64.01362_0.000_222_-2-2-2_smsnk30.lime
/scratch/usr/hhpmbate/chroma_2pt/32x64/b5p40kp119989kp119812/lp0001_g8g2_q000_q200_q222_q420_q440_src2/correlators/baryon_qcdsf.850.b5p40kp119989kp119812-32x64.01362_0.000_420_-4-20_ptsink.lime
/scratch/usr/hhpmbate/chroma_2pt/32x64/b5p40kp119989kp119812/lp0001_g8g2_q000_q200_q222_q420_q440_src2/correlators/baryon_qcdsf.850.b5p40kp119989kp119812-32x64.01362_0.000_420_-4-20_smsnk30.lime
/scratch/usr/hhpmbate/chroma_2pt/32x64/b5p40kp119989kp119812/lp0001_g8g2_q000_q200_q222_q420_q440_src2/correlators/baryon_qcdsf.850.b5p40kp119989kp119812-32x64.01362_0.000_440_-4-40_ptsink.lime
/scratch/usr/hhpmbate/chroma_2pt/32x64/b5p40kp119989kp119812/lp0001_g8g2_q000_q200_q222_q420_q440_src2/correlators/baryon_qcdsf.850.b5p40kp119989kp119812-32x64.01362_0.000_440_-4-40_smsnk30.lime
/scratch/usr/hhpmbate/chroma_2pt/32x64/b5p40kp119989kp119812/lp0001_g8g2_q000_q200_q222_q420_q440_src2/correlators/baryon_qcdsf.850.b5p40kp119989kp119812-32x64.01363_0.000_000_ptsink.lime
/scratch/usr/hhpmbate/chroma_2pt/32x64/b5p40kp119989kp119812/lp0001_g8g2_q000_q200_q222_q420_q440_src2/correlators/baryon_qcdsf.850.b5p40kp119989kp119812-32x64.01363_0.000_000_smsnk30.lime
/scratch/usr/hhpmbate/chroma_2pt/32x64/b5p40kp119989kp119812/lp0001_g8g2_q000_q200_q222_q420_q440_src2/correlators/baryon_qcdsf.850.b5p40kp119989kp119812-32x64.01363_0.000_200_-200_ptsink.lime
/scratch/usr/hhpmbate/chroma_2pt/32x64/b5p40kp119989kp119812/lp0001_g8g2_q000_q200_q222_q420_q440_src2/correlators/baryon_qcdsf.850.b5p40kp119989kp119812-32x64.01363_0.000_200_-200_smsnk30.lime
/scratch/usr/hhpmbate/chroma_2pt/32x64/b5p40kp119989kp119812/lp0001_g8g2_q000_q200_q222_q420_q440_src2/correlators/baryon_qcdsf.850.b5p40kp119989kp119812-32x64.01363_0.000_222_-2-2-2_ptsink.lime
/scratch/usr/hhpmbate/chroma_2pt/32x64/b5p40kp119989kp119812/lp0001_g8g2_q000_q200_q222_q420_q440_src2/correlators/baryon_qcdsf.850.b5p40kp119989kp119812-32x64.01363_0.000_222_-2-2-2_smsnk30.lime
/scratch/usr/hhpmbate/chroma_2pt/32x64/b5p40kp119989kp119812/lp0001_g8g2_q000_q200_q222_q420_q440_src2/correlators/baryon_qcdsf.850.b5p40kp119989kp119812-32x64.01363_0.000_420_-4-20_ptsink.lime
/scratch/usr/hhpmbate/chroma_2pt/32x64/b5p40kp119989kp119812/lp0001_g8g2_q000_q200_q222_q420_q440_src2/correlators/baryon_qcdsf.850.b5p40kp119989kp119812-32x64.01363_0.000_420_-4-20_smsnk30.lime
/scratch/usr/hhpmbate/chroma_2pt/32x64/b5p40kp119989kp119812/lp0001_g8g2_q000_q200_q222_q420_q440_src2/correlators/baryon_qcdsf.850.b5p40kp119989kp119812-32x64.01363_0.000_440_-4-40_ptsink.lime
/scratch/usr/hhpmbate/chroma_2pt/32x64/b5p40kp119989kp119812/lp0001_g8g2_q000_q200_q222_q420_q440_src2/correlators/baryon_qcdsf.850.b5p40kp119989kp119812-32x64.01363_0.000_440_-4-40_smsnk30.lime
/scratch/usr/hhpmbate/chroma_2pt/32x64/b5p40kp119989kp119812/lp0001_g8g2_q000_q200_q222_q420_q440_src2/correlators/baryon_qcdsf.850.b5p40kp119989kp119812-32x64.01366_0.000_000_ptsink.lime
/scratch/usr/hhpmbate/chroma_2pt/32x64/b5p40kp119989kp119812/lp0001_g8g2_q000_q200_q222_q420_q440_src2/correlators/baryon_qcdsf.850.b5p40kp119989kp119812-32x64.01366_0.000_000_smsnk30.lime
/scratch/usr/hhpmbate/chroma_2pt/32x64/b5p40kp119989kp119812/lp0001_g8g2_q000_q200_q222_q420_q440_src2/correlators/baryon_qcdsf.850.b5p40kp119989kp119812-32x64.01366_0.000_200_-200_ptsink.lime
/scratch/usr/hhpmbate/chroma_2pt/32x64/b5p40kp119989kp119812/lp0001_g8g2_q000_q200_q222_q420_q440_src2/correlators/baryon_qcdsf.850.b5p40kp119989kp119812-32x64.01366_0.000_200_-200_smsnk30.lime
/scratch/usr/hhpmbate/chroma_2pt/32x64/b5p40kp119989kp119812/lp0001_g8g2_q000_q200_q222_q420_q440_src2/correlators/baryon_qcdsf.850.b5p40kp119989kp119812-32x64.01366_0.000_222_-2-2-2_ptsink.lime
/scratch/usr/hhpmbate/chroma_2pt/32x64/b5p40kp119989kp119812/lp0001_g8g2_q000_q200_q222_q420_q440_src2/correlators/baryon_qcdsf.850.b5p40kp119989kp119812-32x64.01366_0.000_222_-2-2-2_smsnk30.lime
/scratch/usr/hhpmbate/chroma_2pt/32x64/b5p40kp119989kp119812/lp0001_g8g2_q000_q200_q222_q420_q440_src2/correlators/baryon_qcdsf.850.b5p40kp119989kp119812-32x64.01366_0.000_420_-4-20_ptsink.lime
/scratch/usr/hhpmbate/chroma_2pt/32x64/b5p40kp119989kp119812/lp0001_g8g2_q000_q200_q222_q420_q440_src2/correlators/baryon_qcdsf.850.b5p40kp119989kp119812-32x64.01366_0.000_420_-4-20_smsnk30.lime
/scratch/usr/hhpmbate/chroma_2pt/32x64/b5p40kp119989kp119812/lp0001_g8g2_q000_q200_q222_q420_q440_src2/correlators/baryon_qcdsf.850.b5p40kp119989kp119812-32x64.01366_0.000_440_-4-40_ptsink.lime
/scratch/usr/hhpmbate/chroma_2pt/32x64/b5p40kp119989kp119812/lp0001_g8g2_q000_q200_q222_q420_q440_src2/correlators/baryon_qcdsf.850.b5p40kp119989kp119812-32x64.01366_0.000_440_-4-40_smsnk30.lime
/scratch/usr/hhpmbate/chroma_2pt/32x64/b5p40kp119989kp119812/lp0001_g8g2_q000_q200_q222_q420_q440_src2/correlators/baryon_qcdsf.850.b5p40kp119989kp119812-32x64.01367_0.000_000_ptsink.lime
/scratch/usr/hhpmbate/chroma_2pt/32x64/b5p40kp119989kp119812/lp0001_g8g2_q000_q200_q222_q420_q440_src2/correlators/baryon_qcdsf.850.b5p40kp119989kp119812-32x64.01367_0.000_000_smsnk30.lime
/scratch/usr/hhpmbate/chroma_2pt/32x64/b5p40kp119989kp119812/lp0001_g8g2_q000_q200_q222_q420_q440_src2/correlators/baryon_qcdsf.850.b5p40kp119989kp119812-32x64.01367_0.000_200_-200_ptsink.lime
/scratch/usr/hhpmbate/chroma_2pt/32x64/b5p40kp119989kp119812/lp0001_g8g2_q000_q200_q222_q420_q440_src2/correlators/baryon_qcdsf.850.b5p40kp119989kp119812-32x64.01367_0.000_200_-200_smsnk30.lime
/scratch/usr/hhpmbate/chroma_2pt/32x64/b5p40kp119989kp119812/lp0001_g8g2_q000_q200_q222_q420_q440_src2/correlators/baryon_qcdsf.850.b5p40kp119989kp119812-32x64.01367_0.000_222_-2-2-2_ptsink.lime
/scratch/usr/hhpmbate/chroma_2pt/32x64/b5p40kp119989kp119812/lp0001_g8g2_q000_q200_q222_q420_q440_src2/correlators/baryon_qcdsf.850.b5p40kp119989kp119812-32x64.01367_0.000_222_-2-2-2_smsnk30.lime
/scratch/usr/hhpmbate/chroma_2pt/32x64/b5p40kp119989kp119812/lp0001_g8g2_q000_q200_q222_q420_q440_src2/correlators/baryon_qcdsf.850.b5p40kp119989kp119812-32x64.01367_0.000_420_-4-20_ptsink.lime
/scratch/usr/hhpmbate/chroma_2pt/32x64/b5p40kp119989kp119812/lp0001_g8g2_q000_q200_q222_q420_q440_src2/correlators/baryon_qcdsf.850.b5p40kp119989kp119812-32x64.01367_0.000_420_-4-20_smsnk30.lime
/scratch/usr/hhpmbate/chroma_2pt/32x64/b5p40kp119989kp119812/lp0001_g8g2_q000_q200_q222_q420_q440_src2/correlators/baryon_qcdsf.850.b5p40kp119989kp119812-32x64.01367_0.000_440_-4-40_ptsink.lime
/scratch/usr/hhpmbate/chroma_2pt/32x64/b5p40kp119989kp119812/lp0001_g8g2_q000_q200_q222_q420_q440_src2/correlators/baryon_qcdsf.850.b5p40kp119989kp119812-32x64.01367_0.000_440_-4-40_smsnk30.lime
/scratch/usr/hhpmbate/chroma_2pt/32x64/b5p40kp119989kp119812/lp0001_g8g2_q000_q200_q222_q420_q440_src2/correlators/baryon_qcdsf.850.b5p40kp119989kp119812-32x64.01369_0.000_000_ptsink.lime
/scratch/usr/hhpmbate/chroma_2pt/32x64/b5p40kp119989kp119812/lp0001_g8g2_q000_q200_q222_q420_q440_src2/correlators/baryon_qcdsf.850.b5p40kp119989kp119812-32x64.01369_0.000_000_smsnk30.lime
/scratch/usr/hhpmbate/chroma_2pt/32x64/b5p40kp119989kp119812/lp0001_g8g2_q000_q200_q222_q420_q440_src2/correlators/baryon_qcdsf.850.b5p40kp119989kp119812-32x64.01369_0.000_200_-200_ptsink.lime
/scratch/usr/hhpmbate/chroma_2pt/32x64/b5p40kp119989kp119812/lp0001_g8g2_q000_q200_q222_q420_q440_src2/correlators/baryon_qcdsf.850.b5p40kp119989kp119812-32x64.01369_0.000_200_-200_smsnk30.lime
/scratch/usr/hhpmbate/chroma_2pt/32x64/b5p40kp119989kp119812/lp0001_g8g2_q000_q200_q222_q420_q440_src2/correlators/baryon_qcdsf.850.b5p40kp119989kp119812-32x64.01369_0.000_222_-2-2-2_ptsink.lime
/scratch/usr/hhpmbate/chroma_2pt/32x64/b5p40kp119989kp119812/lp0001_g8g2_q000_q200_q222_q420_q440_src2/correlators/baryon_qcdsf.850.b5p40kp119989kp119812-32x64.01369_0.000_222_-2-2-2_smsnk30.lime
/scratch/usr/hhpmbate/chroma_2pt/32x64/b5p40kp119989kp119812/lp0001_g8g2_q000_q200_q222_q420_q440_src2/correlators/baryon_qcdsf.850.b5p40kp119989kp119812-32x64.01369_0.000_420_-4-20_ptsink.lime
/scratch/usr/hhpmbate/chroma_2pt/32x64/b5p40kp119989kp119812/lp0001_g8g2_q000_q200_q222_q420_q440_src2/correlators/baryon_qcdsf.850.b5p40kp119989kp119812-32x64.01369_0.000_420_-4-20_smsnk30.lime
/scratch/usr/hhpmbate/chroma_2pt/32x64/b5p40kp119989kp119812/lp0001_g8g2_q000_q200_q222_q420_q440_src2/correlators/baryon_qcdsf.850.b5p40kp119989kp119812-32x64.01369_0.000_440_-4-40_ptsink.lime
/scratch/usr/hhpmbate/chroma_2pt/32x64/b5p40kp119989kp119812/lp0001_g8g2_q000_q200_q222_q420_q440_src2/correlators/baryon_qcdsf.850.b5p40kp119989kp119812-32x64.01369_0.000_440_-4-40_smsnk30.lime
/scratch/usr/hhpmbate/chroma_2pt/32x64/b5p40kp119989kp119812/lp0001_g8g2_q000_q200_q222_q420_q440_src2/correlators/baryon_qcdsf.850.b5p40kp119989kp119812-32x64.01372_0.000_000_ptsink.lime
/scratch/usr/hhpmbate/chroma_2pt/32x64/b5p40kp119989kp119812/lp0001_g8g2_q000_q200_q222_q420_q440_src2/correlators/baryon_qcdsf.850.b5p40kp119989kp119812-32x64.01372_0.000_000_smsnk30.lime
/scratch/usr/hhpmbate/chroma_2pt/32x64/b5p40kp119989kp119812/lp0001_g8g2_q000_q200_q222_q420_q440_src2/correlators/baryon_qcdsf.850.b5p40kp119989kp119812-32x64.01372_0.000_200_-200_ptsink.lime
/scratch/usr/hhpmbate/chroma_2pt/32x64/b5p40kp119989kp119812/lp0001_g8g2_q000_q200_q222_q420_q440_src2/correlators/baryon_qcdsf.850.b5p40kp119989kp119812-32x64.01372_0.000_200_-200_smsnk30.lime
/scratch/usr/hhpmbate/chroma_2pt/32x64/b5p40kp119989kp119812/lp0001_g8g2_q000_q200_q222_q420_q440_src2/correlators/baryon_qcdsf.850.b5p40kp119989kp119812-32x64.01372_0.000_222_-2-2-2_ptsink.lime
/scratch/usr/hhpmbate/chroma_2pt/32x64/b5p40kp119989kp119812/lp0001_g8g2_q000_q200_q222_q420_q440_src2/correlators/baryon_qcdsf.850.b5p40kp119989kp119812-32x64.01372_0.000_222_-2-2-2_smsnk30.lime
/scratch/usr/hhpmbate/chroma_2pt/32x64/b5p40kp119989kp119812/lp0001_g8g2_q000_q200_q222_q420_q440_src2/correlators/baryon_qcdsf.850.b5p40kp119989kp119812-32x64.01372_0.000_420_-4-20_ptsink.lime
/scratch/usr/hhpmbate/chroma_2pt/32x64/b5p40kp119989kp119812/lp0001_g8g2_q000_q200_q222_q420_q440_src2/correlators/baryon_qcdsf.850.b5p40kp119989kp119812-32x64.01372_0.000_420_-4-20_smsnk30.lime
/scratch/usr/hhpmbate/chroma_2pt/32x64/b5p40kp119989kp119812/lp0001_g8g2_q000_q200_q222_q420_q440_src2/correlators/baryon_qcdsf.850.b5p40kp119989kp119812-32x64.01372_0.000_440_-4-40_ptsink.lime
/scratch/usr/hhpmbate/chroma_2pt/32x64/b5p40kp119989kp119812/lp0001_g8g2_q000_q200_q222_q420_q440_src2/correlators/baryon_qcdsf.850.b5p40kp119989kp119812-32x64.01372_0.000_440_-4-40_smsnk30.lime
/scratch/usr/hhpmbate/chroma_2pt/32x64/b5p40kp119989kp119812/lp0001_g8g2_q000_q200_q222_q420_q440_src2/correlators/baryon_qcdsf.850.b5p40kp119989kp119812-32x64.01373_0.000_000_ptsink.lime
/scratch/usr/hhpmbate/chroma_2pt/32x64/b5p40kp119989kp119812/lp0001_g8g2_q000_q200_q222_q420_q440_src2/correlators/baryon_qcdsf.850.b5p40kp119989kp119812-32x64.01373_0.000_000_smsnk30.lime
/scratch/usr/hhpmbate/chroma_2pt/32x64/b5p40kp119989kp119812/lp0001_g8g2_q000_q200_q222_q420_q440_src2/correlators/baryon_qcdsf.850.b5p40kp119989kp119812-32x64.01373_0.000_200_-200_ptsink.lime
/scratch/usr/hhpmbate/chroma_2pt/32x64/b5p40kp119989kp119812/lp0001_g8g2_q000_q200_q222_q420_q440_src2/correlators/baryon_qcdsf.850.b5p40kp119989kp119812-32x64.01373_0.000_200_-200_smsnk30.lime
/scratch/usr/hhpmbate/chroma_2pt/32x64/b5p40kp119989kp119812/lp0001_g8g2_q000_q200_q222_q420_q440_src2/correlators/baryon_qcdsf.850.b5p40kp119989kp119812-32x64.01373_0.000_222_-2-2-2_ptsink.lime
/scratch/usr/hhpmbate/chroma_2pt/32x64/b5p40kp119989kp119812/lp0001_g8g2_q000_q200_q222_q420_q440_src2/correlators/baryon_qcdsf.850.b5p40kp119989kp119812-32x64.01373_0.000_222_-2-2-2_smsnk30.lime
/scratch/usr/hhpmbate/chroma_2pt/32x64/b5p40kp119989kp119812/lp0001_g8g2_q000_q200_q222_q420_q440_src2/correlators/baryon_qcdsf.850.b5p40kp119989kp119812-32x64.01373_0.000_420_-4-20_ptsink.lime
/scratch/usr/hhpmbate/chroma_2pt/32x64/b5p40kp119989kp119812/lp0001_g8g2_q000_q200_q222_q420_q440_src2/correlators/baryon_qcdsf.850.b5p40kp119989kp119812-32x64.01373_0.000_420_-4-20_smsnk30.lime
/scratch/usr/hhpmbate/chroma_2pt/32x64/b5p40kp119989kp119812/lp0001_g8g2_q000_q200_q222_q420_q440_src2/correlators/baryon_qcdsf.850.b5p40kp119989kp119812-32x64.01373_0.000_440_-4-40_ptsink.lime
/scratch/usr/hhpmbate/chroma_2pt/32x64/b5p40kp119989kp119812/lp0001_g8g2_q000_q200_q222_q420_q440_src2/correlators/baryon_qcdsf.850.b5p40kp119989kp119812-32x64.01373_0.000_440_-4-40_smsnk30.lime
/scratch/usr/hhpmbate/chroma_2pt/32x64/b5p40kp119989kp119812/lp0001_g8g2_q000_q200_q222_q420_q440_src2/correlators/baryon_qcdsf.850.b5p40kp119989kp119812-32x64.01374_0.000_000_ptsink.lime
/scratch/usr/hhpmbate/chroma_2pt/32x64/b5p40kp119989kp119812/lp0001_g8g2_q000_q200_q222_q420_q440_src2/correlators/baryon_qcdsf.850.b5p40kp119989kp119812-32x64.01374_0.000_000_smsnk30.lime
/scratch/usr/hhpmbate/chroma_2pt/32x64/b5p40kp119989kp119812/lp0001_g8g2_q000_q200_q222_q420_q440_src2/correlators/baryon_qcdsf.850.b5p40kp119989kp119812-32x64.01374_0.000_200_-200_ptsink.lime
/scratch/usr/hhpmbate/chroma_2pt/32x64/b5p40kp119989kp119812/lp0001_g8g2_q000_q200_q222_q420_q440_src2/correlators/baryon_qcdsf.850.b5p40kp119989kp119812-32x64.01374_0.000_200_-200_smsnk30.lime
/scratch/usr/hhpmbate/chroma_2pt/32x64/b5p40kp119989kp119812/lp0001_g8g2_q000_q200_q222_q420_q440_src2/correlators/baryon_qcdsf.850.b5p40kp119989kp119812-32x64.01374_0.000_222_-2-2-2_ptsink.lime
/scratch/usr/hhpmbate/chroma_2pt/32x64/b5p40kp119989kp119812/lp0001_g8g2_q000_q200_q222_q420_q440_src2/correlators/baryon_qcdsf.850.b5p40kp119989kp119812-32x64.01374_0.000_222_-2-2-2_smsnk30.lime
/scratch/usr/hhpmbate/chroma_2pt/32x64/b5p40kp119989kp119812/lp0001_g8g2_q000_q200_q222_q420_q440_src2/correlators/baryon_qcdsf.850.b5p40kp119989kp119812-32x64.01374_0.000_420_-4-20_ptsink.lime
/scratch/usr/hhpmbate/chroma_2pt/32x64/b5p40kp119989kp119812/lp0001_g8g2_q000_q200_q222_q420_q440_src2/correlators/baryon_qcdsf.850.b5p40kp119989kp119812-32x64.01374_0.000_420_-4-20_smsnk30.lime
/scratch/usr/hhpmbate/chroma_2pt/32x64/b5p40kp119989kp119812/lp0001_g8g2_q000_q200_q222_q420_q440_src2/correlators/baryon_qcdsf.850.b5p40kp119989kp119812-32x64.01374_0.000_440_-4-40_ptsink.lime
/scratch/usr/hhpmbate/chroma_2pt/32x64/b5p40kp119989kp119812/lp0001_g8g2_q000_q200_q222_q420_q440_src2/correlators/baryon_qcdsf.850.b5p40kp119989kp119812-32x64.01374_0.000_440_-4-40_smsnk30.lime
/scratch/usr/hhpmbate/chroma_2pt/32x64/b5p40kp119989kp119812/lp0001_g8g2_q000_q200_q222_q420_q440_src2/correlators/baryon_qcdsf.850.b5p40kp119989kp119812-32x64.01375_0.000_000_ptsink.lime
/scratch/usr/hhpmbate/chroma_2pt/32x64/b5p40kp119989kp119812/lp0001_g8g2_q000_q200_q222_q420_q440_src2/correlators/baryon_qcdsf.850.b5p40kp119989kp119812-32x64.01375_0.000_000_smsnk30.lime
/scratch/usr/hhpmbate/chroma_2pt/32x64/b5p40kp119989kp119812/lp0001_g8g2_q000_q200_q222_q420_q440_src2/correlators/baryon_qcdsf.850.b5p40kp119989kp119812-32x64.01375_0.000_200_-200_ptsink.lime
/scratch/usr/hhpmbate/chroma_2pt/32x64/b5p40kp119989kp119812/lp0001_g8g2_q000_q200_q222_q420_q440_src2/correlators/baryon_qcdsf.850.b5p40kp119989kp119812-32x64.01375_0.000_200_-200_smsnk30.lime
/scratch/usr/hhpmbate/chroma_2pt/32x64/b5p40kp119989kp119812/lp0001_g8g2_q000_q200_q222_q420_q440_src2/correlators/baryon_qcdsf.850.b5p40kp119989kp119812-32x64.01375_0.000_222_-2-2-2_ptsink.lime
/scratch/usr/hhpmbate/chroma_2pt/32x64/b5p40kp119989kp119812/lp0001_g8g2_q000_q200_q222_q420_q440_src2/correlators/baryon_qcdsf.850.b5p40kp119989kp119812-32x64.01375_0.000_222_-2-2-2_smsnk30.lime
/scratch/usr/hhpmbate/chroma_2pt/32x64/b5p40kp119989kp119812/lp0001_g8g2_q000_q200_q222_q420_q440_src2/correlators/baryon_qcdsf.850.b5p40kp119989kp119812-32x64.01375_0.000_420_-4-20_ptsink.lime
/scratch/usr/hhpmbate/chroma_2pt/32x64/b5p40kp119989kp119812/lp0001_g8g2_q000_q200_q222_q420_q440_src2/correlators/baryon_qcdsf.850.b5p40kp119989kp119812-32x64.01375_0.000_420_-4-20_smsnk30.lime
/scratch/usr/hhpmbate/chroma_2pt/32x64/b5p40kp119989kp119812/lp0001_g8g2_q000_q200_q222_q420_q440_src2/correlators/baryon_qcdsf.850.b5p40kp119989kp119812-32x64.01375_0.000_440_-4-40_ptsink.lime
/scratch/usr/hhpmbate/chroma_2pt/32x64/b5p40kp119989kp119812/lp0001_g8g2_q000_q200_q222_q420_q440_src2/correlators/baryon_qcdsf.850.b5p40kp119989kp119812-32x64.01375_0.000_440_-4-40_smsnk30.lime
/scratch/usr/hhpmbate/chroma_2pt/32x64/b5p40kp119989kp119812/lp0001_g8g2_q000_q200_q222_q420_q440_src2/correlators/baryon_qcdsf.850.b5p40kp119989kp119812-32x64.01376_0.000_000_ptsink.lime
/scratch/usr/hhpmbate/chroma_2pt/32x64/b5p40kp119989kp119812/lp0001_g8g2_q000_q200_q222_q420_q440_src2/correlators/baryon_qcdsf.850.b5p40kp119989kp119812-32x64.01376_0.000_000_smsnk30.lime
/scratch/usr/hhpmbate/chroma_2pt/32x64/b5p40kp119989kp119812/lp0001_g8g2_q000_q200_q222_q420_q440_src2/correlators/baryon_qcdsf.850.b5p40kp119989kp119812-32x64.01376_0.000_200_-200_ptsink.lime
/scratch/usr/hhpmbate/chroma_2pt/32x64/b5p40kp119989kp119812/lp0001_g8g2_q000_q200_q222_q420_q440_src2/correlators/baryon_qcdsf.850.b5p40kp119989kp119812-32x64.01376_0.000_200_-200_smsnk30.lime
/scratch/usr/hhpmbate/chroma_2pt/32x64/b5p40kp119989kp119812/lp0001_g8g2_q000_q200_q222_q420_q440_src2/correlators/baryon_qcdsf.850.b5p40kp119989kp119812-32x64.01376_0.000_222_-2-2-2_ptsink.lime
/scratch/usr/hhpmbate/chroma_2pt/32x64/b5p40kp119989kp119812/lp0001_g8g2_q000_q200_q222_q420_q440_src2/correlators/baryon_qcdsf.850.b5p40kp119989kp119812-32x64.01376_0.000_222_-2-2-2_smsnk30.lime
/scratch/usr/hhpmbate/chroma_2pt/32x64/b5p40kp119989kp119812/lp0001_g8g2_q000_q200_q222_q420_q440_src2/correlators/baryon_qcdsf.850.b5p40kp119989kp119812-32x64.01376_0.000_420_-4-20_ptsink.lime
/scratch/usr/hhpmbate/chroma_2pt/32x64/b5p40kp119989kp119812/lp0001_g8g2_q000_q200_q222_q420_q440_src2/correlators/baryon_qcdsf.850.b5p40kp119989kp119812-32x64.01376_0.000_420_-4-20_smsnk30.lime
/scratch/usr/hhpmbate/chroma_2pt/32x64/b5p40kp119989kp119812/lp0001_g8g2_q000_q200_q222_q420_q440_src2/correlators/baryon_qcdsf.850.b5p40kp119989kp119812-32x64.01376_0.000_440_-4-40_ptsink.lime
/scratch/usr/hhpmbate/chroma_2pt/32x64/b5p40kp119989kp119812/lp0001_g8g2_q000_q200_q222_q420_q440_src2/correlators/baryon_qcdsf.850.b5p40kp119989kp119812-32x64.01376_0.000_440_-4-40_smsnk30.lime
/scratch/usr/hhpmbate/chroma_2pt/32x64/b5p40kp119989kp119812/lp0001_g8g2_q000_q200_q222_q420_q440_src2/correlators/baryon_qcdsf.850.b5p40kp119989kp119812-32x64.01377_0.000_000_ptsink.lime
/scratch/usr/hhpmbate/chroma_2pt/32x64/b5p40kp119989kp119812/lp0001_g8g2_q000_q200_q222_q420_q440_src2/correlators/baryon_qcdsf.850.b5p40kp119989kp119812-32x64.01377_0.000_000_smsnk30.lime
/scratch/usr/hhpmbate/chroma_2pt/32x64/b5p40kp119989kp119812/lp0001_g8g2_q000_q200_q222_q420_q440_src2/correlators/baryon_qcdsf.850.b5p40kp119989kp119812-32x64.01377_0.000_200_-200_ptsink.lime
/scratch/usr/hhpmbate/chroma_2pt/32x64/b5p40kp119989kp119812/lp0001_g8g2_q000_q200_q222_q420_q440_src2/correlators/baryon_qcdsf.850.b5p40kp119989kp119812-32x64.01377_0.000_200_-200_smsnk30.lime
/scratch/usr/hhpmbate/chroma_2pt/32x64/b5p40kp119989kp119812/lp0001_g8g2_q000_q200_q222_q420_q440_src2/correlators/baryon_qcdsf.850.b5p40kp119989kp119812-32x64.01377_0.000_222_-2-2-2_ptsink.lime
/scratch/usr/hhpmbate/chroma_2pt/32x64/b5p40kp119989kp119812/lp0001_g8g2_q000_q200_q222_q420_q440_src2/correlators/baryon_qcdsf.850.b5p40kp119989kp119812-32x64.01377_0.000_222_-2-2-2_smsnk30.lime
/scratch/usr/hhpmbate/chroma_2pt/32x64/b5p40kp119989kp119812/lp0001_g8g2_q000_q200_q222_q420_q440_src2/correlators/baryon_qcdsf.850.b5p40kp119989kp119812-32x64.01377_0.000_420_-4-20_ptsink.lime
/scratch/usr/hhpmbate/chroma_2pt/32x64/b5p40kp119989kp119812/lp0001_g8g2_q000_q200_q222_q420_q440_src2/correlators/baryon_qcdsf.850.b5p40kp119989kp119812-32x64.01377_0.000_420_-4-20_smsnk30.lime
/scratch/usr/hhpmbate/chroma_2pt/32x64/b5p40kp119989kp119812/lp0001_g8g2_q000_q200_q222_q420_q440_src2/correlators/baryon_qcdsf.850.b5p40kp119989kp119812-32x64.01377_0.000_440_-4-40_ptsink.lime
/scratch/usr/hhpmbate/chroma_2pt/32x64/b5p40kp119989kp119812/lp0001_g8g2_q000_q200_q222_q420_q440_src2/correlators/baryon_qcdsf.850.b5p40kp119989kp119812-32x64.01377_0.000_440_-4-40_smsnk30.lime
/scratch/usr/hhpmbate/chroma_2pt/32x64/b5p40kp119989kp119812/lp0001_g8g2_q000_q200_q222_q420_q440_src2/correlators/baryon_qcdsf.850.b5p40kp119989kp119812-32x64.01380_0.000_000_ptsink.lime
/scratch/usr/hhpmbate/chroma_2pt/32x64/b5p40kp119989kp119812/lp0001_g8g2_q000_q200_q222_q420_q440_src2/correlators/baryon_qcdsf.850.b5p40kp119989kp119812-32x64.01380_0.000_000_smsnk30.lime
/scratch/usr/hhpmbate/chroma_2pt/32x64/b5p40kp119989kp119812/lp0001_g8g2_q000_q200_q222_q420_q440_src2/correlators/baryon_qcdsf.850.b5p40kp119989kp119812-32x64.01380_0.000_200_-200_ptsink.lime
/scratch/usr/hhpmbate/chroma_2pt/32x64/b5p40kp119989kp119812/lp0001_g8g2_q000_q200_q222_q420_q440_src2/correlators/baryon_qcdsf.850.b5p40kp119989kp119812-32x64.01380_0.000_200_-200_smsnk30.lime
/scratch/usr/hhpmbate/chroma_2pt/32x64/b5p40kp119989kp119812/lp0001_g8g2_q000_q200_q222_q420_q440_src2/correlators/baryon_qcdsf.850.b5p40kp119989kp119812-32x64.01380_0.000_222_-2-2-2_ptsink.lime
/scratch/usr/hhpmbate/chroma_2pt/32x64/b5p40kp119989kp119812/lp0001_g8g2_q000_q200_q222_q420_q440_src2/correlators/baryon_qcdsf.850.b5p40kp119989kp119812-32x64.01380_0.000_222_-2-2-2_smsnk30.lime
/scratch/usr/hhpmbate/chroma_2pt/32x64/b5p40kp119989kp119812/lp0001_g8g2_q000_q200_q222_q420_q440_src2/correlators/baryon_qcdsf.850.b5p40kp119989kp119812-32x64.01380_0.000_420_-4-20_ptsink.lime
/scratch/usr/hhpmbate/chroma_2pt/32x64/b5p40kp119989kp119812/lp0001_g8g2_q000_q200_q222_q420_q440_src2/correlators/baryon_qcdsf.850.b5p40kp119989kp119812-32x64.01380_0.000_420_-4-20_smsnk30.lime
/scratch/usr/hhpmbate/chroma_2pt/32x64/b5p40kp119989kp119812/lp0001_g8g2_q000_q200_q222_q420_q440_src2/correlators/baryon_qcdsf.850.b5p40kp119989kp119812-32x64.01380_0.000_440_-4-40_ptsink.lime
/scratch/usr/hhpmbate/chroma_2pt/32x64/b5p40kp119989kp119812/lp0001_g8g2_q000_q200_q222_q420_q440_src2/correlators/baryon_qcdsf.850.b5p40kp119989kp119812-32x64.01380_0.000_440_-4-40_smsnk30.lime
/scratch/usr/hhpmbate/chroma_2pt/32x64/b5p40kp119989kp119812/lp0001_g8g2_q000_q200_q222_q420_q440_src2/correlators/baryon_qcdsf.850.b5p40kp119989kp119812-32x64.01387_0.000_000_ptsink.lime
/scratch/usr/hhpmbate/chroma_2pt/32x64/b5p40kp119989kp119812/lp0001_g8g2_q000_q200_q222_q420_q440_src2/correlators/baryon_qcdsf.850.b5p40kp119989kp119812-32x64.01387_0.000_000_smsnk30.lime
/scratch/usr/hhpmbate/chroma_2pt/32x64/b5p40kp119989kp119812/lp0001_g8g2_q000_q200_q222_q420_q440_src2/correlators/baryon_qcdsf.850.b5p40kp119989kp119812-32x64.01387_0.000_200_-200_ptsink.lime
/scratch/usr/hhpmbate/chroma_2pt/32x64/b5p40kp119989kp119812/lp0001_g8g2_q000_q200_q222_q420_q440_src2/correlators/baryon_qcdsf.850.b5p40kp119989kp119812-32x64.01387_0.000_200_-200_smsnk30.lime
/scratch/usr/hhpmbate/chroma_2pt/32x64/b5p40kp119989kp119812/lp0001_g8g2_q000_q200_q222_q420_q440_src2/correlators/baryon_qcdsf.850.b5p40kp119989kp119812-32x64.01387_0.000_222_-2-2-2_ptsink.lime
/scratch/usr/hhpmbate/chroma_2pt/32x64/b5p40kp119989kp119812/lp0001_g8g2_q000_q200_q222_q420_q440_src2/correlators/baryon_qcdsf.850.b5p40kp119989kp119812-32x64.01387_0.000_222_-2-2-2_smsnk30.lime
/scratch/usr/hhpmbate/chroma_2pt/32x64/b5p40kp119989kp119812/lp0001_g8g2_q000_q200_q222_q420_q440_src2/correlators/baryon_qcdsf.850.b5p40kp119989kp119812-32x64.01387_0.000_420_-4-20_ptsink.lime
/scratch/usr/hhpmbate/chroma_2pt/32x64/b5p40kp119989kp119812/lp0001_g8g2_q000_q200_q222_q420_q440_src2/correlators/baryon_qcdsf.850.b5p40kp119989kp119812-32x64.01387_0.000_420_-4-20_smsnk30.lime
/scratch/usr/hhpmbate/chroma_2pt/32x64/b5p40kp119989kp119812/lp0001_g8g2_q000_q200_q222_q420_q440_src2/correlators/baryon_qcdsf.850.b5p40kp119989kp119812-32x64.01387_0.000_440_-4-40_ptsink.lime
/scratch/usr/hhpmbate/chroma_2pt/32x64/b5p40kp119989kp119812/lp0001_g8g2_q000_q200_q222_q420_q440_src2/correlators/baryon_qcdsf.850.b5p40kp119989kp119812-32x64.01387_0.000_440_-4-40_smsnk30.lime
/scratch/usr/hhpmbate/chroma_2pt/32x64/b5p40kp119989kp119812/lp0001_g8g2_q000_q200_q222_q420_q440_src2/correlators/baryon_qcdsf.850.b5p40kp119989kp119812-32x64.01396_0.000_000_ptsink.lime
/scratch/usr/hhpmbate/chroma_2pt/32x64/b5p40kp119989kp119812/lp0001_g8g2_q000_q200_q222_q420_q440_src2/correlators/baryon_qcdsf.850.b5p40kp119989kp119812-32x64.01396_0.000_000_smsnk30.lime
/scratch/usr/hhpmbate/chroma_2pt/32x64/b5p40kp119989kp119812/lp0001_g8g2_q000_q200_q222_q420_q440_src2/correlators/baryon_qcdsf.850.b5p40kp119989kp119812-32x64.01396_0.000_200_-200_ptsink.lime
/scratch/usr/hhpmbate/chroma_2pt/32x64/b5p40kp119989kp119812/lp0001_g8g2_q000_q200_q222_q420_q440_src2/correlators/baryon_qcdsf.850.b5p40kp119989kp119812-32x64.01396_0.000_200_-200_smsnk30.lime
/scratch/usr/hhpmbate/chroma_2pt/32x64/b5p40kp119989kp119812/lp0001_g8g2_q000_q200_q222_q420_q440_src2/correlators/baryon_qcdsf.850.b5p40kp119989kp119812-32x64.01396_0.000_222_-2-2-2_ptsink.lime
/scratch/usr/hhpmbate/chroma_2pt/32x64/b5p40kp119989kp119812/lp0001_g8g2_q000_q200_q222_q420_q440_src2/correlators/baryon_qcdsf.850.b5p40kp119989kp119812-32x64.01396_0.000_222_-2-2-2_smsnk30.lime
/scratch/usr/hhpmbate/chroma_2pt/32x64/b5p40kp119989kp119812/lp0001_g8g2_q000_q200_q222_q420_q440_src2/correlators/baryon_qcdsf.850.b5p40kp119989kp119812-32x64.01396_0.000_420_-4-20_ptsink.lime
/scratch/usr/hhpmbate/chroma_2pt/32x64/b5p40kp119989kp119812/lp0001_g8g2_q000_q200_q222_q420_q440_src2/correlators/baryon_qcdsf.850.b5p40kp119989kp119812-32x64.01396_0.000_420_-4-20_smsnk30.lime
/scratch/usr/hhpmbate/chroma_2pt/32x64/b5p40kp119989kp119812/lp0001_g8g2_q000_q200_q222_q420_q440_src2/correlators/baryon_qcdsf.850.b5p40kp119989kp119812-32x64.01396_0.000_440_-4-40_ptsink.lime
/scratch/usr/hhpmbate/chroma_2pt/32x64/b5p40kp119989kp119812/lp0001_g8g2_q000_q200_q222_q420_q440_src2/correlators/baryon_qcdsf.850.b5p40kp119989kp119812-32x64.01396_0.000_440_-4-40_smsnk30.lime
/scratch/usr/hhpmbate/chroma_2pt/32x64/b5p40kp119989kp119812/lp0001_g8g2_q000_q200_q222_q420_q440_src2/correlators/baryon_qcdsf.850.b5p40kp119989kp119812-32x64.01398_0.000_000_ptsink.lime
/scratch/usr/hhpmbate/chroma_2pt/32x64/b5p40kp119989kp119812/lp0001_g8g2_q000_q200_q222_q420_q440_src2/correlators/baryon_qcdsf.850.b5p40kp119989kp119812-32x64.01398_0.000_000_smsnk30.lime
/scratch/usr/hhpmbate/chroma_2pt/32x64/b5p40kp119989kp119812/lp0001_g8g2_q000_q200_q222_q420_q440_src2/correlators/baryon_qcdsf.850.b5p40kp119989kp119812-32x64.01398_0.000_200_-200_ptsink.lime
/scratch/usr/hhpmbate/chroma_2pt/32x64/b5p40kp119989kp119812/lp0001_g8g2_q000_q200_q222_q420_q440_src2/correlators/baryon_qcdsf.850.b5p40kp119989kp119812-32x64.01398_0.000_200_-200_smsnk30.lime
/scratch/usr/hhpmbate/chroma_2pt/32x64/b5p40kp119989kp119812/lp0001_g8g2_q000_q200_q222_q420_q440_src2/correlators/baryon_qcdsf.850.b5p40kp119989kp119812-32x64.01398_0.000_222_-2-2-2_ptsink.lime
/scratch/usr/hhpmbate/chroma_2pt/32x64/b5p40kp119989kp119812/lp0001_g8g2_q000_q200_q222_q420_q440_src2/correlators/baryon_qcdsf.850.b5p40kp119989kp119812-32x64.01398_0.000_222_-2-2-2_smsnk30.lime
/scratch/usr/hhpmbate/chroma_2pt/32x64/b5p40kp119989kp119812/lp0001_g8g2_q000_q200_q222_q420_q440_src2/correlators/baryon_qcdsf.850.b5p40kp119989kp119812-32x64.01398_0.000_420_-4-20_ptsink.lime
/scratch/usr/hhpmbate/chroma_2pt/32x64/b5p40kp119989kp119812/lp0001_g8g2_q000_q200_q222_q420_q440_src2/correlators/baryon_qcdsf.850.b5p40kp119989kp119812-32x64.01398_0.000_420_-4-20_smsnk30.lime
/scratch/usr/hhpmbate/chroma_2pt/32x64/b5p40kp119989kp119812/lp0001_g8g2_q000_q200_q222_q420_q440_src2/correlators/baryon_qcdsf.850.b5p40kp119989kp119812-32x64.01398_0.000_440_-4-40_ptsink.lime
/scratch/usr/hhpmbate/chroma_2pt/32x64/b5p40kp119989kp119812/lp0001_g8g2_q000_q200_q222_q420_q440_src2/correlators/baryon_qcdsf.850.b5p40kp119989kp119812-32x64.01398_0.000_440_-4-40_smsnk30.lime
/scratch/usr/hhpmbate/chroma_2pt/32x64/b5p40kp119989kp119812/lp0001_g8g2_q000_q200_q222_q420_q440_src2/correlators/baryon_qcdsf.850.b5p40kp119989kp119812-32x64.01405_0.000_000_ptsink.lime
/scratch/usr/hhpmbate/chroma_2pt/32x64/b5p40kp119989kp119812/lp0001_g8g2_q000_q200_q222_q420_q440_src2/correlators/baryon_qcdsf.850.b5p40kp119989kp119812-32x64.01405_0.000_000_smsnk30.lime
/scratch/usr/hhpmbate/chroma_2pt/32x64/b5p40kp119989kp119812/lp0001_g8g2_q000_q200_q222_q420_q440_src2/correlators/baryon_qcdsf.850.b5p40kp119989kp119812-32x64.01405_0.000_200_-200_ptsink.lime
/scratch/usr/hhpmbate/chroma_2pt/32x64/b5p40kp119989kp119812/lp0001_g8g2_q000_q200_q222_q420_q440_src2/correlators/baryon_qcdsf.850.b5p40kp119989kp119812-32x64.01405_0.000_200_-200_smsnk30.lime
/scratch/usr/hhpmbate/chroma_2pt/32x64/b5p40kp119989kp119812/lp0001_g8g2_q000_q200_q222_q420_q440_src2/correlators/baryon_qcdsf.850.b5p40kp119989kp119812-32x64.01405_0.000_222_-2-2-2_ptsink.lime
/scratch/usr/hhpmbate/chroma_2pt/32x64/b5p40kp119989kp119812/lp0001_g8g2_q000_q200_q222_q420_q440_src2/correlators/baryon_qcdsf.850.b5p40kp119989kp119812-32x64.01405_0.000_222_-2-2-2_smsnk30.lime
/scratch/usr/hhpmbate/chroma_2pt/32x64/b5p40kp119989kp119812/lp0001_g8g2_q000_q200_q222_q420_q440_src2/correlators/baryon_qcdsf.850.b5p40kp119989kp119812-32x64.01405_0.000_420_-4-20_ptsink.lime
/scratch/usr/hhpmbate/chroma_2pt/32x64/b5p40kp119989kp119812/lp0001_g8g2_q000_q200_q222_q420_q440_src2/correlators/baryon_qcdsf.850.b5p40kp119989kp119812-32x64.01405_0.000_420_-4-20_smsnk30.lime
/scratch/usr/hhpmbate/chroma_2pt/32x64/b5p40kp119989kp119812/lp0001_g8g2_q000_q200_q222_q420_q440_src2/correlators/baryon_qcdsf.850.b5p40kp119989kp119812-32x64.01405_0.000_440_-4-40_ptsink.lime
/scratch/usr/hhpmbate/chroma_2pt/32x64/b5p40kp119989kp119812/lp0001_g8g2_q000_q200_q222_q420_q440_src2/correlators/baryon_qcdsf.850.b5p40kp119989kp119812-32x64.01405_0.000_440_-4-40_smsnk30.lime
/scratch/usr/hhpmbate/chroma_2pt/32x64/b5p40kp119989kp119812/lp0001_g8g2_q000_q200_q222_q420_q440_src2/correlators/baryon_qcdsf.850.b5p40kp119989kp119812-32x64.01409_0.000_000_ptsink.lime
/scratch/usr/hhpmbate/chroma_2pt/32x64/b5p40kp119989kp119812/lp0001_g8g2_q000_q200_q222_q420_q440_src2/correlators/baryon_qcdsf.850.b5p40kp119989kp119812-32x64.01409_0.000_000_smsnk30.lime
/scratch/usr/hhpmbate/chroma_2pt/32x64/b5p40kp119989kp119812/lp0001_g8g2_q000_q200_q222_q420_q440_src2/correlators/baryon_qcdsf.850.b5p40kp119989kp119812-32x64.01409_0.000_200_-200_ptsink.lime
/scratch/usr/hhpmbate/chroma_2pt/32x64/b5p40kp119989kp119812/lp0001_g8g2_q000_q200_q222_q420_q440_src2/correlators/baryon_qcdsf.850.b5p40kp119989kp119812-32x64.01409_0.000_200_-200_smsnk30.lime
/scratch/usr/hhpmbate/chroma_2pt/32x64/b5p40kp119989kp119812/lp0001_g8g2_q000_q200_q222_q420_q440_src2/correlators/baryon_qcdsf.850.b5p40kp119989kp119812-32x64.01409_0.000_222_-2-2-2_ptsink.lime
/scratch/usr/hhpmbate/chroma_2pt/32x64/b5p40kp119989kp119812/lp0001_g8g2_q000_q200_q222_q420_q440_src2/correlators/baryon_qcdsf.850.b5p40kp119989kp119812-32x64.01409_0.000_222_-2-2-2_smsnk30.lime
/scratch/usr/hhpmbate/chroma_2pt/32x64/b5p40kp119989kp119812/lp0001_g8g2_q000_q200_q222_q420_q440_src2/correlators/baryon_qcdsf.850.b5p40kp119989kp119812-32x64.01409_0.000_420_-4-20_ptsink.lime
/scratch/usr/hhpmbate/chroma_2pt/32x64/b5p40kp119989kp119812/lp0001_g8g2_q000_q200_q222_q420_q440_src2/correlators/baryon_qcdsf.850.b5p40kp119989kp119812-32x64.01409_0.000_420_-4-20_smsnk30.lime
/scratch/usr/hhpmbate/chroma_2pt/32x64/b5p40kp119989kp119812/lp0001_g8g2_q000_q200_q222_q420_q440_src2/correlators/baryon_qcdsf.850.b5p40kp119989kp119812-32x64.01409_0.000_440_-4-40_ptsink.lime
/scratch/usr/hhpmbate/chroma_2pt/32x64/b5p40kp119989kp119812/lp0001_g8g2_q000_q200_q222_q420_q440_src2/correlators/baryon_qcdsf.850.b5p40kp119989kp119812-32x64.01409_0.000_440_-4-40_smsnk30.lime
/scratch/usr/hhpmbate/chroma_2pt/32x64/b5p40kp119989kp119812/lp0001_g8g2_q000_q200_q222_q420_q440_src2/correlators/baryon_qcdsf.850.b5p40kp119989kp119812-32x64.01411_0.000_000_ptsink.lime
/scratch/usr/hhpmbate/chroma_2pt/32x64/b5p40kp119989kp119812/lp0001_g8g2_q000_q200_q222_q420_q440_src2/correlators/baryon_qcdsf.850.b5p40kp119989kp119812-32x64.01411_0.000_000_smsnk30.lime
/scratch/usr/hhpmbate/chroma_2pt/32x64/b5p40kp119989kp119812/lp0001_g8g2_q000_q200_q222_q420_q440_src2/correlators/baryon_qcdsf.850.b5p40kp119989kp119812-32x64.01411_0.000_200_-200_ptsink.lime
/scratch/usr/hhpmbate/chroma_2pt/32x64/b5p40kp119989kp119812/lp0001_g8g2_q000_q200_q222_q420_q440_src2/correlators/baryon_qcdsf.850.b5p40kp119989kp119812-32x64.01411_0.000_200_-200_smsnk30.lime
/scratch/usr/hhpmbate/chroma_2pt/32x64/b5p40kp119989kp119812/lp0001_g8g2_q000_q200_q222_q420_q440_src2/correlators/baryon_qcdsf.850.b5p40kp119989kp119812-32x64.01411_0.000_222_-2-2-2_ptsink.lime
/scratch/usr/hhpmbate/chroma_2pt/32x64/b5p40kp119989kp119812/lp0001_g8g2_q000_q200_q222_q420_q440_src2/correlators/baryon_qcdsf.850.b5p40kp119989kp119812-32x64.01411_0.000_222_-2-2-2_smsnk30.lime
/scratch/usr/hhpmbate/chroma_2pt/32x64/b5p40kp119989kp119812/lp0001_g8g2_q000_q200_q222_q420_q440_src2/correlators/baryon_qcdsf.850.b5p40kp119989kp119812-32x64.01411_0.000_420_-4-20_ptsink.lime
/scratch/usr/hhpmbate/chroma_2pt/32x64/b5p40kp119989kp119812/lp0001_g8g2_q000_q200_q222_q420_q440_src2/correlators/baryon_qcdsf.850.b5p40kp119989kp119812-32x64.01411_0.000_420_-4-20_smsnk30.lime
/scratch/usr/hhpmbate/chroma_2pt/32x64/b5p40kp119989kp119812/lp0001_g8g2_q000_q200_q222_q420_q440_src2/correlators/baryon_qcdsf.850.b5p40kp119989kp119812-32x64.01411_0.000_440_-4-40_ptsink.lime
/scratch/usr/hhpmbate/chroma_2pt/32x64/b5p40kp119989kp119812/lp0001_g8g2_q000_q200_q222_q420_q440_src2/correlators/baryon_qcdsf.850.b5p40kp119989kp119812-32x64.01411_0.000_440_-4-40_smsnk30.lime
/scratch/usr/hhpmbate/chroma_2pt/32x64/b5p40kp119989kp119812/lp0001_g8g2_q000_q200_q222_q420_q440_src2/correlators/baryon_qcdsf.850.b5p40kp119989kp119812-32x64.01415_0.000_000_ptsink.lime
/scratch/usr/hhpmbate/chroma_2pt/32x64/b5p40kp119989kp119812/lp0001_g8g2_q000_q200_q222_q420_q440_src2/correlators/baryon_qcdsf.850.b5p40kp119989kp119812-32x64.01415_0.000_000_smsnk30.lime
/scratch/usr/hhpmbate/chroma_2pt/32x64/b5p40kp119989kp119812/lp0001_g8g2_q000_q200_q222_q420_q440_src2/correlators/baryon_qcdsf.850.b5p40kp119989kp119812-32x64.01415_0.000_200_-200_ptsink.lime
/scratch/usr/hhpmbate/chroma_2pt/32x64/b5p40kp119989kp119812/lp0001_g8g2_q000_q200_q222_q420_q440_src2/correlators/baryon_qcdsf.850.b5p40kp119989kp119812-32x64.01415_0.000_200_-200_smsnk30.lime
/scratch/usr/hhpmbate/chroma_2pt/32x64/b5p40kp119989kp119812/lp0001_g8g2_q000_q200_q222_q420_q440_src2/correlators/baryon_qcdsf.850.b5p40kp119989kp119812-32x64.01415_0.000_222_-2-2-2_ptsink.lime
/scratch/usr/hhpmbate/chroma_2pt/32x64/b5p40kp119989kp119812/lp0001_g8g2_q000_q200_q222_q420_q440_src2/correlators/baryon_qcdsf.850.b5p40kp119989kp119812-32x64.01415_0.000_222_-2-2-2_smsnk30.lime
/scratch/usr/hhpmbate/chroma_2pt/32x64/b5p40kp119989kp119812/lp0001_g8g2_q000_q200_q222_q420_q440_src2/correlators/baryon_qcdsf.850.b5p40kp119989kp119812-32x64.01415_0.000_420_-4-20_ptsink.lime
/scratch/usr/hhpmbate/chroma_2pt/32x64/b5p40kp119989kp119812/lp0001_g8g2_q000_q200_q222_q420_q440_src2/correlators/baryon_qcdsf.850.b5p40kp119989kp119812-32x64.01415_0.000_420_-4-20_smsnk30.lime
/scratch/usr/hhpmbate/chroma_2pt/32x64/b5p40kp119989kp119812/lp0001_g8g2_q000_q200_q222_q420_q440_src2/correlators/baryon_qcdsf.850.b5p40kp119989kp119812-32x64.01415_0.000_440_-4-40_ptsink.lime
/scratch/usr/hhpmbate/chroma_2pt/32x64/b5p40kp119989kp119812/lp0001_g8g2_q000_q200_q222_q420_q440_src2/correlators/baryon_qcdsf.850.b5p40kp119989kp119812-32x64.01415_0.000_440_-4-40_smsnk30.lime
/scratch/usr/hhpmbate/chroma_2pt/32x64/b5p40kp119989kp119812/lp0001_g8g2_q000_q200_q222_q420_q440_src2/correlators/baryon_qcdsf.850.b5p40kp119989kp119812-32x64.01417_0.000_000_ptsink.lime
/scratch/usr/hhpmbate/chroma_2pt/32x64/b5p40kp119989kp119812/lp0001_g8g2_q000_q200_q222_q420_q440_src2/correlators/baryon_qcdsf.850.b5p40kp119989kp119812-32x64.01417_0.000_000_smsnk30.lime
/scratch/usr/hhpmbate/chroma_2pt/32x64/b5p40kp119989kp119812/lp0001_g8g2_q000_q200_q222_q420_q440_src2/correlators/baryon_qcdsf.850.b5p40kp119989kp119812-32x64.01417_0.000_200_-200_ptsink.lime
/scratch/usr/hhpmbate/chroma_2pt/32x64/b5p40kp119989kp119812/lp0001_g8g2_q000_q200_q222_q420_q440_src2/correlators/baryon_qcdsf.850.b5p40kp119989kp119812-32x64.01417_0.000_200_-200_smsnk30.lime
/scratch/usr/hhpmbate/chroma_2pt/32x64/b5p40kp119989kp119812/lp0001_g8g2_q000_q200_q222_q420_q440_src2/correlators/baryon_qcdsf.850.b5p40kp119989kp119812-32x64.01417_0.000_222_-2-2-2_ptsink.lime
/scratch/usr/hhpmbate/chroma_2pt/32x64/b5p40kp119989kp119812/lp0001_g8g2_q000_q200_q222_q420_q440_src2/correlators/baryon_qcdsf.850.b5p40kp119989kp119812-32x64.01417_0.000_222_-2-2-2_smsnk30.lime
/scratch/usr/hhpmbate/chroma_2pt/32x64/b5p40kp119989kp119812/lp0001_g8g2_q000_q200_q222_q420_q440_src2/correlators/baryon_qcdsf.850.b5p40kp119989kp119812-32x64.01417_0.000_420_-4-20_ptsink.lime
/scratch/usr/hhpmbate/chroma_2pt/32x64/b5p40kp119989kp119812/lp0001_g8g2_q000_q200_q222_q420_q440_src2/correlators/baryon_qcdsf.850.b5p40kp119989kp119812-32x64.01417_0.000_420_-4-20_smsnk30.lime
/scratch/usr/hhpmbate/chroma_2pt/32x64/b5p40kp119989kp119812/lp0001_g8g2_q000_q200_q222_q420_q440_src2/correlators/baryon_qcdsf.850.b5p40kp119989kp119812-32x64.01417_0.000_440_-4-40_ptsink.lime
/scratch/usr/hhpmbate/chroma_2pt/32x64/b5p40kp119989kp119812/lp0001_g8g2_q000_q200_q222_q420_q440_src2/correlators/baryon_qcdsf.850.b5p40kp119989kp119812-32x64.01417_0.000_440_-4-40_smsnk30.lime
/scratch/usr/hhpmbate/chroma_2pt/32x64/b5p40kp119989kp119812/lp0001_g8g2_q000_q200_q222_q420_q440_src2/correlators/baryon_qcdsf.850.b5p40kp119989kp119812-32x64.01419_0.000_000_ptsink.lime
/scratch/usr/hhpmbate/chroma_2pt/32x64/b5p40kp119989kp119812/lp0001_g8g2_q000_q200_q222_q420_q440_src2/correlators/baryon_qcdsf.850.b5p40kp119989kp119812-32x64.01419_0.000_000_smsnk30.lime
/scratch/usr/hhpmbate/chroma_2pt/32x64/b5p40kp119989kp119812/lp0001_g8g2_q000_q200_q222_q420_q440_src2/correlators/baryon_qcdsf.850.b5p40kp119989kp119812-32x64.01419_0.000_200_-200_ptsink.lime
/scratch/usr/hhpmbate/chroma_2pt/32x64/b5p40kp119989kp119812/lp0001_g8g2_q000_q200_q222_q420_q440_src2/correlators/baryon_qcdsf.850.b5p40kp119989kp119812-32x64.01419_0.000_200_-200_smsnk30.lime
/scratch/usr/hhpmbate/chroma_2pt/32x64/b5p40kp119989kp119812/lp0001_g8g2_q000_q200_q222_q420_q440_src2/correlators/baryon_qcdsf.850.b5p40kp119989kp119812-32x64.01419_0.000_222_-2-2-2_ptsink.lime
/scratch/usr/hhpmbate/chroma_2pt/32x64/b5p40kp119989kp119812/lp0001_g8g2_q000_q200_q222_q420_q440_src2/correlators/baryon_qcdsf.850.b5p40kp119989kp119812-32x64.01419_0.000_222_-2-2-2_smsnk30.lime
/scratch/usr/hhpmbate/chroma_2pt/32x64/b5p40kp119989kp119812/lp0001_g8g2_q000_q200_q222_q420_q440_src2/correlators/baryon_qcdsf.850.b5p40kp119989kp119812-32x64.01419_0.000_420_-4-20_ptsink.lime
/scratch/usr/hhpmbate/chroma_2pt/32x64/b5p40kp119989kp119812/lp0001_g8g2_q000_q200_q222_q420_q440_src2/correlators/baryon_qcdsf.850.b5p40kp119989kp119812-32x64.01419_0.000_420_-4-20_smsnk30.lime
/scratch/usr/hhpmbate/chroma_2pt/32x64/b5p40kp119989kp119812/lp0001_g8g2_q000_q200_q222_q420_q440_src2/correlators/baryon_qcdsf.850.b5p40kp119989kp119812-32x64.01419_0.000_440_-4-40_ptsink.lime
/scratch/usr/hhpmbate/chroma_2pt/32x64/b5p40kp119989kp119812/lp0001_g8g2_q000_q200_q222_q420_q440_src2/correlators/baryon_qcdsf.850.b5p40kp119989kp119812-32x64.01419_0.000_440_-4-40_smsnk30.lime
/scratch/usr/hhpmbate/chroma_2pt/32x64/b5p40kp119989kp119812/lp0001_g8g2_q000_q200_q222_q420_q440_src2/correlators/baryon_qcdsf.850.b5p40kp119989kp119812-32x64.01421_0.000_000_ptsink.lime
/scratch/usr/hhpmbate/chroma_2pt/32x64/b5p40kp119989kp119812/lp0001_g8g2_q000_q200_q222_q420_q440_src2/correlators/baryon_qcdsf.850.b5p40kp119989kp119812-32x64.01421_0.000_000_smsnk30.lime
/scratch/usr/hhpmbate/chroma_2pt/32x64/b5p40kp119989kp119812/lp0001_g8g2_q000_q200_q222_q420_q440_src2/correlators/baryon_qcdsf.850.b5p40kp119989kp119812-32x64.01421_0.000_200_-200_ptsink.lime
/scratch/usr/hhpmbate/chroma_2pt/32x64/b5p40kp119989kp119812/lp0001_g8g2_q000_q200_q222_q420_q440_src2/correlators/baryon_qcdsf.850.b5p40kp119989kp119812-32x64.01421_0.000_200_-200_smsnk30.lime
/scratch/usr/hhpmbate/chroma_2pt/32x64/b5p40kp119989kp119812/lp0001_g8g2_q000_q200_q222_q420_q440_src2/correlators/baryon_qcdsf.850.b5p40kp119989kp119812-32x64.01421_0.000_222_-2-2-2_ptsink.lime
/scratch/usr/hhpmbate/chroma_2pt/32x64/b5p40kp119989kp119812/lp0001_g8g2_q000_q200_q222_q420_q440_src2/correlators/baryon_qcdsf.850.b5p40kp119989kp119812-32x64.01421_0.000_222_-2-2-2_smsnk30.lime
/scratch/usr/hhpmbate/chroma_2pt/32x64/b5p40kp119989kp119812/lp0001_g8g2_q000_q200_q222_q420_q440_src2/correlators/baryon_qcdsf.850.b5p40kp119989kp119812-32x64.01421_0.000_420_-4-20_ptsink.lime
/scratch/usr/hhpmbate/chroma_2pt/32x64/b5p40kp119989kp119812/lp0001_g8g2_q000_q200_q222_q420_q440_src2/correlators/baryon_qcdsf.850.b5p40kp119989kp119812-32x64.01421_0.000_420_-4-20_smsnk30.lime
/scratch/usr/hhpmbate/chroma_2pt/32x64/b5p40kp119989kp119812/lp0001_g8g2_q000_q200_q222_q420_q440_src2/correlators/baryon_qcdsf.850.b5p40kp119989kp119812-32x64.01421_0.000_440_-4-40_ptsink.lime
/scratch/usr/hhpmbate/chroma_2pt/32x64/b5p40kp119989kp119812/lp0001_g8g2_q000_q200_q222_q420_q440_src2/correlators/baryon_qcdsf.850.b5p40kp119989kp119812-32x64.01421_0.000_440_-4-40_smsnk30.lime
/scratch/usr/hhpmbate/chroma_2pt/32x64/b5p40kp119989kp119812/lp0001_g8g2_q000_q200_q222_q420_q440_src2/correlators/baryon_qcdsf.850.b5p40kp119989kp119812-32x64.01423_0.000_000_ptsink.lime
/scratch/usr/hhpmbate/chroma_2pt/32x64/b5p40kp119989kp119812/lp0001_g8g2_q000_q200_q222_q420_q440_src2/correlators/baryon_qcdsf.850.b5p40kp119989kp119812-32x64.01423_0.000_000_smsnk30.lime
/scratch/usr/hhpmbate/chroma_2pt/32x64/b5p40kp119989kp119812/lp0001_g8g2_q000_q200_q222_q420_q440_src2/correlators/baryon_qcdsf.850.b5p40kp119989kp119812-32x64.01423_0.000_200_-200_ptsink.lime
/scratch/usr/hhpmbate/chroma_2pt/32x64/b5p40kp119989kp119812/lp0001_g8g2_q000_q200_q222_q420_q440_src2/correlators/baryon_qcdsf.850.b5p40kp119989kp119812-32x64.01423_0.000_200_-200_smsnk30.lime
/scratch/usr/hhpmbate/chroma_2pt/32x64/b5p40kp119989kp119812/lp0001_g8g2_q000_q200_q222_q420_q440_src2/correlators/baryon_qcdsf.850.b5p40kp119989kp119812-32x64.01423_0.000_222_-2-2-2_ptsink.lime
/scratch/usr/hhpmbate/chroma_2pt/32x64/b5p40kp119989kp119812/lp0001_g8g2_q000_q200_q222_q420_q440_src2/correlators/baryon_qcdsf.850.b5p40kp119989kp119812-32x64.01423_0.000_222_-2-2-2_smsnk30.lime
/scratch/usr/hhpmbate/chroma_2pt/32x64/b5p40kp119989kp119812/lp0001_g8g2_q000_q200_q222_q420_q440_src2/correlators/baryon_qcdsf.850.b5p40kp119989kp119812-32x64.01423_0.000_420_-4-20_ptsink.lime
/scratch/usr/hhpmbate/chroma_2pt/32x64/b5p40kp119989kp119812/lp0001_g8g2_q000_q200_q222_q420_q440_src2/correlators/baryon_qcdsf.850.b5p40kp119989kp119812-32x64.01423_0.000_420_-4-20_smsnk30.lime
/scratch/usr/hhpmbate/chroma_2pt/32x64/b5p40kp119989kp119812/lp0001_g8g2_q000_q200_q222_q420_q440_src2/correlators/baryon_qcdsf.850.b5p40kp119989kp119812-32x64.01423_0.000_440_-4-40_ptsink.lime
/scratch/usr/hhpmbate/chroma_2pt/32x64/b5p40kp119989kp119812/lp0001_g8g2_q000_q200_q222_q420_q440_src2/correlators/baryon_qcdsf.850.b5p40kp119989kp119812-32x64.01423_0.000_440_-4-40_smsnk30.lime
/scratch/usr/hhpmbate/chroma_2pt/32x64/b5p40kp119989kp119812/lp0001_g8g2_q000_q200_q222_q420_q440_src2/correlators/baryon_qcdsf.850.b5p40kp119989kp119812-32x64.01429_0.000_000_ptsink.lime
/scratch/usr/hhpmbate/chroma_2pt/32x64/b5p40kp119989kp119812/lp0001_g8g2_q000_q200_q222_q420_q440_src2/correlators/baryon_qcdsf.850.b5p40kp119989kp119812-32x64.01429_0.000_000_smsnk30.lime
/scratch/usr/hhpmbate/chroma_2pt/32x64/b5p40kp119989kp119812/lp0001_g8g2_q000_q200_q222_q420_q440_src2/correlators/baryon_qcdsf.850.b5p40kp119989kp119812-32x64.01429_0.000_200_-200_ptsink.lime
/scratch/usr/hhpmbate/chroma_2pt/32x64/b5p40kp119989kp119812/lp0001_g8g2_q000_q200_q222_q420_q440_src2/correlators/baryon_qcdsf.850.b5p40kp119989kp119812-32x64.01429_0.000_200_-200_smsnk30.lime
/scratch/usr/hhpmbate/chroma_2pt/32x64/b5p40kp119989kp119812/lp0001_g8g2_q000_q200_q222_q420_q440_src2/correlators/baryon_qcdsf.850.b5p40kp119989kp119812-32x64.01429_0.000_222_-2-2-2_ptsink.lime
/scratch/usr/hhpmbate/chroma_2pt/32x64/b5p40kp119989kp119812/lp0001_g8g2_q000_q200_q222_q420_q440_src2/correlators/baryon_qcdsf.850.b5p40kp119989kp119812-32x64.01429_0.000_222_-2-2-2_smsnk30.lime
/scratch/usr/hhpmbate/chroma_2pt/32x64/b5p40kp119989kp119812/lp0001_g8g2_q000_q200_q222_q420_q440_src2/correlators/baryon_qcdsf.850.b5p40kp119989kp119812-32x64.01429_0.000_420_-4-20_ptsink.lime
/scratch/usr/hhpmbate/chroma_2pt/32x64/b5p40kp119989kp119812/lp0001_g8g2_q000_q200_q222_q420_q440_src2/correlators/baryon_qcdsf.850.b5p40kp119989kp119812-32x64.01429_0.000_420_-4-20_smsnk30.lime
/scratch/usr/hhpmbate/chroma_2pt/32x64/b5p40kp119989kp119812/lp0001_g8g2_q000_q200_q222_q420_q440_src2/correlators/baryon_qcdsf.850.b5p40kp119989kp119812-32x64.01429_0.000_440_-4-40_ptsink.lime
/scratch/usr/hhpmbate/chroma_2pt/32x64/b5p40kp119989kp119812/lp0001_g8g2_q000_q200_q222_q420_q440_src2/correlators/baryon_qcdsf.850.b5p40kp119989kp119812-32x64.01429_0.000_440_-4-40_smsnk30.lime
/scratch/usr/hhpmbate/chroma_2pt/32x64/b5p40kp119989kp119812/lp0001_g8g2_q000_q200_q222_q420_q440_src2/correlators/baryon_qcdsf.850.b5p40kp119989kp119812-32x64.01430_0.000_000_ptsink.lime
/scratch/usr/hhpmbate/chroma_2pt/32x64/b5p40kp119989kp119812/lp0001_g8g2_q000_q200_q222_q420_q440_src2/correlators/baryon_qcdsf.850.b5p40kp119989kp119812-32x64.01430_0.000_000_smsnk30.lime
/scratch/usr/hhpmbate/chroma_2pt/32x64/b5p40kp119989kp119812/lp0001_g8g2_q000_q200_q222_q420_q440_src2/correlators/baryon_qcdsf.850.b5p40kp119989kp119812-32x64.01430_0.000_200_-200_ptsink.lime
/scratch/usr/hhpmbate/chroma_2pt/32x64/b5p40kp119989kp119812/lp0001_g8g2_q000_q200_q222_q420_q440_src2/correlators/baryon_qcdsf.850.b5p40kp119989kp119812-32x64.01430_0.000_200_-200_smsnk30.lime
/scratch/usr/hhpmbate/chroma_2pt/32x64/b5p40kp119989kp119812/lp0001_g8g2_q000_q200_q222_q420_q440_src2/correlators/baryon_qcdsf.850.b5p40kp119989kp119812-32x64.01430_0.000_222_-2-2-2_ptsink.lime
/scratch/usr/hhpmbate/chroma_2pt/32x64/b5p40kp119989kp119812/lp0001_g8g2_q000_q200_q222_q420_q440_src2/correlators/baryon_qcdsf.850.b5p40kp119989kp119812-32x64.01430_0.000_222_-2-2-2_smsnk30.lime
/scratch/usr/hhpmbate/chroma_2pt/32x64/b5p40kp119989kp119812/lp0001_g8g2_q000_q200_q222_q420_q440_src2/correlators/baryon_qcdsf.850.b5p40kp119989kp119812-32x64.01430_0.000_420_-4-20_ptsink.lime
/scratch/usr/hhpmbate/chroma_2pt/32x64/b5p40kp119989kp119812/lp0001_g8g2_q000_q200_q222_q420_q440_src2/correlators/baryon_qcdsf.850.b5p40kp119989kp119812-32x64.01430_0.000_420_-4-20_smsnk30.lime
/scratch/usr/hhpmbate/chroma_2pt/32x64/b5p40kp119989kp119812/lp0001_g8g2_q000_q200_q222_q420_q440_src2/correlators/baryon_qcdsf.850.b5p40kp119989kp119812-32x64.01430_0.000_440_-4-40_ptsink.lime
/scratch/usr/hhpmbate/chroma_2pt/32x64/b5p40kp119989kp119812/lp0001_g8g2_q000_q200_q222_q420_q440_src2/correlators/baryon_qcdsf.850.b5p40kp119989kp119812-32x64.01430_0.000_440_-4-40_smsnk30.lime
/scratch/usr/hhpmbate/chroma_2pt/32x64/b5p40kp119989kp119812/lp0001_g8g2_q000_q200_q222_q420_q440_src2/correlators/baryon_qcdsf.850.b5p40kp119989kp119812-32x64.01431_0.000_000_ptsink.lime
/scratch/usr/hhpmbate/chroma_2pt/32x64/b5p40kp119989kp119812/lp0001_g8g2_q000_q200_q222_q420_q440_src2/correlators/baryon_qcdsf.850.b5p40kp119989kp119812-32x64.01431_0.000_000_smsnk30.lime
/scratch/usr/hhpmbate/chroma_2pt/32x64/b5p40kp119989kp119812/lp0001_g8g2_q000_q200_q222_q420_q440_src2/correlators/baryon_qcdsf.850.b5p40kp119989kp119812-32x64.01431_0.000_200_-200_ptsink.lime
/scratch/usr/hhpmbate/chroma_2pt/32x64/b5p40kp119989kp119812/lp0001_g8g2_q000_q200_q222_q420_q440_src2/correlators/baryon_qcdsf.850.b5p40kp119989kp119812-32x64.01431_0.000_200_-200_smsnk30.lime
/scratch/usr/hhpmbate/chroma_2pt/32x64/b5p40kp119989kp119812/lp0001_g8g2_q000_q200_q222_q420_q440_src2/correlators/baryon_qcdsf.850.b5p40kp119989kp119812-32x64.01431_0.000_222_-2-2-2_ptsink.lime
/scratch/usr/hhpmbate/chroma_2pt/32x64/b5p40kp119989kp119812/lp0001_g8g2_q000_q200_q222_q420_q440_src2/correlators/baryon_qcdsf.850.b5p40kp119989kp119812-32x64.01431_0.000_222_-2-2-2_smsnk30.lime
/scratch/usr/hhpmbate/chroma_2pt/32x64/b5p40kp119989kp119812/lp0001_g8g2_q000_q200_q222_q420_q440_src2/correlators/baryon_qcdsf.850.b5p40kp119989kp119812-32x64.01431_0.000_420_-4-20_ptsink.lime
/scratch/usr/hhpmbate/chroma_2pt/32x64/b5p40kp119989kp119812/lp0001_g8g2_q000_q200_q222_q420_q440_src2/correlators/baryon_qcdsf.850.b5p40kp119989kp119812-32x64.01431_0.000_420_-4-20_smsnk30.lime
/scratch/usr/hhpmbate/chroma_2pt/32x64/b5p40kp119989kp119812/lp0001_g8g2_q000_q200_q222_q420_q440_src2/correlators/baryon_qcdsf.850.b5p40kp119989kp119812-32x64.01431_0.000_440_-4-40_ptsink.lime
/scratch/usr/hhpmbate/chroma_2pt/32x64/b5p40kp119989kp119812/lp0001_g8g2_q000_q200_q222_q420_q440_src2/correlators/baryon_qcdsf.850.b5p40kp119989kp119812-32x64.01431_0.000_440_-4-40_smsnk30.lime
/scratch/usr/hhpmbate/chroma_2pt/32x64/b5p40kp119989kp119812/lp0001_g8g2_q000_q200_q222_q420_q440_src2/correlators/baryon_qcdsf.850.b5p40kp119989kp119812-32x64.01435_0.000_000_ptsink.lime
/scratch/usr/hhpmbate/chroma_2pt/32x64/b5p40kp119989kp119812/lp0001_g8g2_q000_q200_q222_q420_q440_src2/correlators/baryon_qcdsf.850.b5p40kp119989kp119812-32x64.01435_0.000_000_smsnk30.lime
/scratch/usr/hhpmbate/chroma_2pt/32x64/b5p40kp119989kp119812/lp0001_g8g2_q000_q200_q222_q420_q440_src2/correlators/baryon_qcdsf.850.b5p40kp119989kp119812-32x64.01435_0.000_200_-200_ptsink.lime
/scratch/usr/hhpmbate/chroma_2pt/32x64/b5p40kp119989kp119812/lp0001_g8g2_q000_q200_q222_q420_q440_src2/correlators/baryon_qcdsf.850.b5p40kp119989kp119812-32x64.01435_0.000_200_-200_smsnk30.lime
/scratch/usr/hhpmbate/chroma_2pt/32x64/b5p40kp119989kp119812/lp0001_g8g2_q000_q200_q222_q420_q440_src2/correlators/baryon_qcdsf.850.b5p40kp119989kp119812-32x64.01435_0.000_222_-2-2-2_ptsink.lime
/scratch/usr/hhpmbate/chroma_2pt/32x64/b5p40kp119989kp119812/lp0001_g8g2_q000_q200_q222_q420_q440_src2/correlators/baryon_qcdsf.850.b5p40kp119989kp119812-32x64.01435_0.000_222_-2-2-2_smsnk30.lime
/scratch/usr/hhpmbate/chroma_2pt/32x64/b5p40kp119989kp119812/lp0001_g8g2_q000_q200_q222_q420_q440_src2/correlators/baryon_qcdsf.850.b5p40kp119989kp119812-32x64.01435_0.000_420_-4-20_ptsink.lime
/scratch/usr/hhpmbate/chroma_2pt/32x64/b5p40kp119989kp119812/lp0001_g8g2_q000_q200_q222_q420_q440_src2/correlators/baryon_qcdsf.850.b5p40kp119989kp119812-32x64.01435_0.000_420_-4-20_smsnk30.lime
/scratch/usr/hhpmbate/chroma_2pt/32x64/b5p40kp119989kp119812/lp0001_g8g2_q000_q200_q222_q420_q440_src2/correlators/baryon_qcdsf.850.b5p40kp119989kp119812-32x64.01435_0.000_440_-4-40_ptsink.lime
/scratch/usr/hhpmbate/chroma_2pt/32x64/b5p40kp119989kp119812/lp0001_g8g2_q000_q200_q222_q420_q440_src2/correlators/baryon_qcdsf.850.b5p40kp119989kp119812-32x64.01435_0.000_440_-4-40_smsnk30.lime
/scratch/usr/hhpmbate/chroma_2pt/32x64/b5p40kp119989kp119812/lp0001_g8g2_q000_q200_q222_q420_q440_src2/correlators/baryon_qcdsf.850.b5p40kp119989kp119812-32x64.01438_0.000_000_ptsink.lime
/scratch/usr/hhpmbate/chroma_2pt/32x64/b5p40kp119989kp119812/lp0001_g8g2_q000_q200_q222_q420_q440_src2/correlators/baryon_qcdsf.850.b5p40kp119989kp119812-32x64.01438_0.000_000_smsnk30.lime
/scratch/usr/hhpmbate/chroma_2pt/32x64/b5p40kp119989kp119812/lp0001_g8g2_q000_q200_q222_q420_q440_src2/correlators/baryon_qcdsf.850.b5p40kp119989kp119812-32x64.01438_0.000_200_-200_ptsink.lime
/scratch/usr/hhpmbate/chroma_2pt/32x64/b5p40kp119989kp119812/lp0001_g8g2_q000_q200_q222_q420_q440_src2/correlators/baryon_qcdsf.850.b5p40kp119989kp119812-32x64.01438_0.000_200_-200_smsnk30.lime
/scratch/usr/hhpmbate/chroma_2pt/32x64/b5p40kp119989kp119812/lp0001_g8g2_q000_q200_q222_q420_q440_src2/correlators/baryon_qcdsf.850.b5p40kp119989kp119812-32x64.01438_0.000_222_-2-2-2_ptsink.lime
/scratch/usr/hhpmbate/chroma_2pt/32x64/b5p40kp119989kp119812/lp0001_g8g2_q000_q200_q222_q420_q440_src2/correlators/baryon_qcdsf.850.b5p40kp119989kp119812-32x64.01438_0.000_222_-2-2-2_smsnk30.lime
/scratch/usr/hhpmbate/chroma_2pt/32x64/b5p40kp119989kp119812/lp0001_g8g2_q000_q200_q222_q420_q440_src2/correlators/baryon_qcdsf.850.b5p40kp119989kp119812-32x64.01438_0.000_420_-4-20_ptsink.lime
/scratch/usr/hhpmbate/chroma_2pt/32x64/b5p40kp119989kp119812/lp0001_g8g2_q000_q200_q222_q420_q440_src2/correlators/baryon_qcdsf.850.b5p40kp119989kp119812-32x64.01438_0.000_420_-4-20_smsnk30.lime
/scratch/usr/hhpmbate/chroma_2pt/32x64/b5p40kp119989kp119812/lp0001_g8g2_q000_q200_q222_q420_q440_src2/correlators/baryon_qcdsf.850.b5p40kp119989kp119812-32x64.01438_0.000_440_-4-40_ptsink.lime
/scratch/usr/hhpmbate/chroma_2pt/32x64/b5p40kp119989kp119812/lp0001_g8g2_q000_q200_q222_q420_q440_src2/correlators/baryon_qcdsf.850.b5p40kp119989kp119812-32x64.01438_0.000_440_-4-40_smsnk30.lime
/scratch/usr/hhpmbate/chroma_2pt/32x64/b5p40kp119989kp119812/lp0001_g8g2_q000_q200_q222_q420_q440_src2/correlators/baryon_qcdsf.850.b5p40kp119989kp119812-32x64.01440_0.000_000_ptsink.lime
/scratch/usr/hhpmbate/chroma_2pt/32x64/b5p40kp119989kp119812/lp0001_g8g2_q000_q200_q222_q420_q440_src2/correlators/baryon_qcdsf.850.b5p40kp119989kp119812-32x64.01440_0.000_000_smsnk30.lime
/scratch/usr/hhpmbate/chroma_2pt/32x64/b5p40kp119989kp119812/lp0001_g8g2_q000_q200_q222_q420_q440_src2/correlators/baryon_qcdsf.850.b5p40kp119989kp119812-32x64.01440_0.000_200_-200_ptsink.lime
/scratch/usr/hhpmbate/chroma_2pt/32x64/b5p40kp119989kp119812/lp0001_g8g2_q000_q200_q222_q420_q440_src2/correlators/baryon_qcdsf.850.b5p40kp119989kp119812-32x64.01440_0.000_200_-200_smsnk30.lime
/scratch/usr/hhpmbate/chroma_2pt/32x64/b5p40kp119989kp119812/lp0001_g8g2_q000_q200_q222_q420_q440_src2/correlators/baryon_qcdsf.850.b5p40kp119989kp119812-32x64.01440_0.000_222_-2-2-2_ptsink.lime
/scratch/usr/hhpmbate/chroma_2pt/32x64/b5p40kp119989kp119812/lp0001_g8g2_q000_q200_q222_q420_q440_src2/correlators/baryon_qcdsf.850.b5p40kp119989kp119812-32x64.01440_0.000_222_-2-2-2_smsnk30.lime
/scratch/usr/hhpmbate/chroma_2pt/32x64/b5p40kp119989kp119812/lp0001_g8g2_q000_q200_q222_q420_q440_src2/correlators/baryon_qcdsf.850.b5p40kp119989kp119812-32x64.01440_0.000_420_-4-20_ptsink.lime
/scratch/usr/hhpmbate/chroma_2pt/32x64/b5p40kp119989kp119812/lp0001_g8g2_q000_q200_q222_q420_q440_src2/correlators/baryon_qcdsf.850.b5p40kp119989kp119812-32x64.01440_0.000_420_-4-20_smsnk30.lime
/scratch/usr/hhpmbate/chroma_2pt/32x64/b5p40kp119989kp119812/lp0001_g8g2_q000_q200_q222_q420_q440_src2/correlators/baryon_qcdsf.850.b5p40kp119989kp119812-32x64.01440_0.000_440_-4-40_ptsink.lime
/scratch/usr/hhpmbate/chroma_2pt/32x64/b5p40kp119989kp119812/lp0001_g8g2_q000_q200_q222_q420_q440_src2/correlators/baryon_qcdsf.850.b5p40kp119989kp119812-32x64.01440_0.000_440_-4-40_smsnk30.lime
/scratch/usr/hhpmbate/chroma_2pt/32x64/b5p40kp119989kp119812/lp0001_g8g2_q000_q200_q222_q420_q440_src2/correlators/baryon_qcdsf.850.b5p40kp119989kp119812-32x64.01443_0.000_000_ptsink.lime
/scratch/usr/hhpmbate/chroma_2pt/32x64/b5p40kp119989kp119812/lp0001_g8g2_q000_q200_q222_q420_q440_src2/correlators/baryon_qcdsf.850.b5p40kp119989kp119812-32x64.01443_0.000_000_smsnk30.lime
/scratch/usr/hhpmbate/chroma_2pt/32x64/b5p40kp119989kp119812/lp0001_g8g2_q000_q200_q222_q420_q440_src2/correlators/baryon_qcdsf.850.b5p40kp119989kp119812-32x64.01443_0.000_200_-200_ptsink.lime
/scratch/usr/hhpmbate/chroma_2pt/32x64/b5p40kp119989kp119812/lp0001_g8g2_q000_q200_q222_q420_q440_src2/correlators/baryon_qcdsf.850.b5p40kp119989kp119812-32x64.01443_0.000_200_-200_smsnk30.lime
/scratch/usr/hhpmbate/chroma_2pt/32x64/b5p40kp119989kp119812/lp0001_g8g2_q000_q200_q222_q420_q440_src2/correlators/baryon_qcdsf.850.b5p40kp119989kp119812-32x64.01443_0.000_222_-2-2-2_ptsink.lime
/scratch/usr/hhpmbate/chroma_2pt/32x64/b5p40kp119989kp119812/lp0001_g8g2_q000_q200_q222_q420_q440_src2/correlators/baryon_qcdsf.850.b5p40kp119989kp119812-32x64.01443_0.000_222_-2-2-2_smsnk30.lime
/scratch/usr/hhpmbate/chroma_2pt/32x64/b5p40kp119989kp119812/lp0001_g8g2_q000_q200_q222_q420_q440_src2/correlators/baryon_qcdsf.850.b5p40kp119989kp119812-32x64.01443_0.000_420_-4-20_ptsink.lime
/scratch/usr/hhpmbate/chroma_2pt/32x64/b5p40kp119989kp119812/lp0001_g8g2_q000_q200_q222_q420_q440_src2/correlators/baryon_qcdsf.850.b5p40kp119989kp119812-32x64.01443_0.000_420_-4-20_smsnk30.lime
/scratch/usr/hhpmbate/chroma_2pt/32x64/b5p40kp119989kp119812/lp0001_g8g2_q000_q200_q222_q420_q440_src2/correlators/baryon_qcdsf.850.b5p40kp119989kp119812-32x64.01443_0.000_440_-4-40_ptsink.lime
/scratch/usr/hhpmbate/chroma_2pt/32x64/b5p40kp119989kp119812/lp0001_g8g2_q000_q200_q222_q420_q440_src2/correlators/baryon_qcdsf.850.b5p40kp119989kp119812-32x64.01443_0.000_440_-4-40_smsnk30.lime
/scratch/usr/hhpmbate/chroma_2pt/32x64/b5p40kp119989kp119812/lp0001_g8g2_q000_q200_q222_q420_q440_src2/correlators/baryon_qcdsf.850.b5p40kp119989kp119812-32x64.01445_0.000_000_ptsink.lime
/scratch/usr/hhpmbate/chroma_2pt/32x64/b5p40kp119989kp119812/lp0001_g8g2_q000_q200_q222_q420_q440_src2/correlators/baryon_qcdsf.850.b5p40kp119989kp119812-32x64.01445_0.000_000_smsnk30.lime
/scratch/usr/hhpmbate/chroma_2pt/32x64/b5p40kp119989kp119812/lp0001_g8g2_q000_q200_q222_q420_q440_src2/correlators/baryon_qcdsf.850.b5p40kp119989kp119812-32x64.01445_0.000_200_-200_ptsink.lime
/scratch/usr/hhpmbate/chroma_2pt/32x64/b5p40kp119989kp119812/lp0001_g8g2_q000_q200_q222_q420_q440_src2/correlators/baryon_qcdsf.850.b5p40kp119989kp119812-32x64.01445_0.000_200_-200_smsnk30.lime
/scratch/usr/hhpmbate/chroma_2pt/32x64/b5p40kp119989kp119812/lp0001_g8g2_q000_q200_q222_q420_q440_src2/correlators/baryon_qcdsf.850.b5p40kp119989kp119812-32x64.01445_0.000_222_-2-2-2_ptsink.lime
/scratch/usr/hhpmbate/chroma_2pt/32x64/b5p40kp119989kp119812/lp0001_g8g2_q000_q200_q222_q420_q440_src2/correlators/baryon_qcdsf.850.b5p40kp119989kp119812-32x64.01445_0.000_222_-2-2-2_smsnk30.lime
/scratch/usr/hhpmbate/chroma_2pt/32x64/b5p40kp119989kp119812/lp0001_g8g2_q000_q200_q222_q420_q440_src2/correlators/baryon_qcdsf.850.b5p40kp119989kp119812-32x64.01445_0.000_420_-4-20_ptsink.lime
/scratch/usr/hhpmbate/chroma_2pt/32x64/b5p40kp119989kp119812/lp0001_g8g2_q000_q200_q222_q420_q440_src2/correlators/baryon_qcdsf.850.b5p40kp119989kp119812-32x64.01445_0.000_420_-4-20_smsnk30.lime
/scratch/usr/hhpmbate/chroma_2pt/32x64/b5p40kp119989kp119812/lp0001_g8g2_q000_q200_q222_q420_q440_src2/correlators/baryon_qcdsf.850.b5p40kp119989kp119812-32x64.01445_0.000_440_-4-40_ptsink.lime
/scratch/usr/hhpmbate/chroma_2pt/32x64/b5p40kp119989kp119812/lp0001_g8g2_q000_q200_q222_q420_q440_src2/correlators/baryon_qcdsf.850.b5p40kp119989kp119812-32x64.01445_0.000_440_-4-40_smsnk30.lime
/scratch/usr/hhpmbate/chroma_2pt/32x64/b5p40kp119989kp119812/lp0001_g8g2_q000_q200_q222_q420_q440_src2/correlators/baryon_qcdsf.850.b5p40kp119989kp119812-32x64.01446_0.000_000_ptsink.lime
/scratch/usr/hhpmbate/chroma_2pt/32x64/b5p40kp119989kp119812/lp0001_g8g2_q000_q200_q222_q420_q440_src2/correlators/baryon_qcdsf.850.b5p40kp119989kp119812-32x64.01446_0.000_000_smsnk30.lime
/scratch/usr/hhpmbate/chroma_2pt/32x64/b5p40kp119989kp119812/lp0001_g8g2_q000_q200_q222_q420_q440_src2/correlators/baryon_qcdsf.850.b5p40kp119989kp119812-32x64.01446_0.000_200_-200_ptsink.lime
/scratch/usr/hhpmbate/chroma_2pt/32x64/b5p40kp119989kp119812/lp0001_g8g2_q000_q200_q222_q420_q440_src2/correlators/baryon_qcdsf.850.b5p40kp119989kp119812-32x64.01446_0.000_200_-200_smsnk30.lime
/scratch/usr/hhpmbate/chroma_2pt/32x64/b5p40kp119989kp119812/lp0001_g8g2_q000_q200_q222_q420_q440_src2/correlators/baryon_qcdsf.850.b5p40kp119989kp119812-32x64.01446_0.000_222_-2-2-2_ptsink.lime
/scratch/usr/hhpmbate/chroma_2pt/32x64/b5p40kp119989kp119812/lp0001_g8g2_q000_q200_q222_q420_q440_src2/correlators/baryon_qcdsf.850.b5p40kp119989kp119812-32x64.01446_0.000_222_-2-2-2_smsnk30.lime
/scratch/usr/hhpmbate/chroma_2pt/32x64/b5p40kp119989kp119812/lp0001_g8g2_q000_q200_q222_q420_q440_src2/correlators/baryon_qcdsf.850.b5p40kp119989kp119812-32x64.01446_0.000_420_-4-20_ptsink.lime
/scratch/usr/hhpmbate/chroma_2pt/32x64/b5p40kp119989kp119812/lp0001_g8g2_q000_q200_q222_q420_q440_src2/correlators/baryon_qcdsf.850.b5p40kp119989kp119812-32x64.01446_0.000_420_-4-20_smsnk30.lime
/scratch/usr/hhpmbate/chroma_2pt/32x64/b5p40kp119989kp119812/lp0001_g8g2_q000_q200_q222_q420_q440_src2/correlators/baryon_qcdsf.850.b5p40kp119989kp119812-32x64.01446_0.000_440_-4-40_ptsink.lime
/scratch/usr/hhpmbate/chroma_2pt/32x64/b5p40kp119989kp119812/lp0001_g8g2_q000_q200_q222_q420_q440_src2/correlators/baryon_qcdsf.850.b5p40kp119989kp119812-32x64.01446_0.000_440_-4-40_smsnk30.lime
/scratch/usr/hhpmbate/chroma_2pt/32x64/b5p40kp119989kp119812/lp0001_g8g2_q000_q200_q222_q420_q440_src2/correlators/baryon_qcdsf.850.b5p40kp119989kp119812-32x64.01448_0.000_000_ptsink.lime
/scratch/usr/hhpmbate/chroma_2pt/32x64/b5p40kp119989kp119812/lp0001_g8g2_q000_q200_q222_q420_q440_src2/correlators/baryon_qcdsf.850.b5p40kp119989kp119812-32x64.01448_0.000_000_smsnk30.lime
/scratch/usr/hhpmbate/chroma_2pt/32x64/b5p40kp119989kp119812/lp0001_g8g2_q000_q200_q222_q420_q440_src2/correlators/baryon_qcdsf.850.b5p40kp119989kp119812-32x64.01448_0.000_200_-200_ptsink.lime
/scratch/usr/hhpmbate/chroma_2pt/32x64/b5p40kp119989kp119812/lp0001_g8g2_q000_q200_q222_q420_q440_src2/correlators/baryon_qcdsf.850.b5p40kp119989kp119812-32x64.01448_0.000_200_-200_smsnk30.lime
/scratch/usr/hhpmbate/chroma_2pt/32x64/b5p40kp119989kp119812/lp0001_g8g2_q000_q200_q222_q420_q440_src2/correlators/baryon_qcdsf.850.b5p40kp119989kp119812-32x64.01448_0.000_222_-2-2-2_ptsink.lime
/scratch/usr/hhpmbate/chroma_2pt/32x64/b5p40kp119989kp119812/lp0001_g8g2_q000_q200_q222_q420_q440_src2/correlators/baryon_qcdsf.850.b5p40kp119989kp119812-32x64.01448_0.000_222_-2-2-2_smsnk30.lime
/scratch/usr/hhpmbate/chroma_2pt/32x64/b5p40kp119989kp119812/lp0001_g8g2_q000_q200_q222_q420_q440_src2/correlators/baryon_qcdsf.850.b5p40kp119989kp119812-32x64.01448_0.000_420_-4-20_ptsink.lime
/scratch/usr/hhpmbate/chroma_2pt/32x64/b5p40kp119989kp119812/lp0001_g8g2_q000_q200_q222_q420_q440_src2/correlators/baryon_qcdsf.850.b5p40kp119989kp119812-32x64.01448_0.000_420_-4-20_smsnk30.lime
/scratch/usr/hhpmbate/chroma_2pt/32x64/b5p40kp119989kp119812/lp0001_g8g2_q000_q200_q222_q420_q440_src2/correlators/baryon_qcdsf.850.b5p40kp119989kp119812-32x64.01448_0.000_440_-4-40_ptsink.lime
/scratch/usr/hhpmbate/chroma_2pt/32x64/b5p40kp119989kp119812/lp0001_g8g2_q000_q200_q222_q420_q440_src2/correlators/baryon_qcdsf.850.b5p40kp119989kp119812-32x64.01448_0.000_440_-4-40_smsnk30.lime
/scratch/usr/hhpmbate/chroma_2pt/32x64/b5p40kp119989kp119812/lp0001_g8g2_q000_q200_q222_q420_q440_src2/correlators/baryon_qcdsf.850.b5p40kp119989kp119812-32x64.01453_0.000_000_ptsink.lime
/scratch/usr/hhpmbate/chroma_2pt/32x64/b5p40kp119989kp119812/lp0001_g8g2_q000_q200_q222_q420_q440_src2/correlators/baryon_qcdsf.850.b5p40kp119989kp119812-32x64.01453_0.000_000_smsnk30.lime
/scratch/usr/hhpmbate/chroma_2pt/32x64/b5p40kp119989kp119812/lp0001_g8g2_q000_q200_q222_q420_q440_src2/correlators/baryon_qcdsf.850.b5p40kp119989kp119812-32x64.01453_0.000_200_-200_ptsink.lime
/scratch/usr/hhpmbate/chroma_2pt/32x64/b5p40kp119989kp119812/lp0001_g8g2_q000_q200_q222_q420_q440_src2/correlators/baryon_qcdsf.850.b5p40kp119989kp119812-32x64.01453_0.000_200_-200_smsnk30.lime
/scratch/usr/hhpmbate/chroma_2pt/32x64/b5p40kp119989kp119812/lp0001_g8g2_q000_q200_q222_q420_q440_src2/correlators/baryon_qcdsf.850.b5p40kp119989kp119812-32x64.01453_0.000_222_-2-2-2_ptsink.lime
/scratch/usr/hhpmbate/chroma_2pt/32x64/b5p40kp119989kp119812/lp0001_g8g2_q000_q200_q222_q420_q440_src2/correlators/baryon_qcdsf.850.b5p40kp119989kp119812-32x64.01453_0.000_222_-2-2-2_smsnk30.lime
/scratch/usr/hhpmbate/chroma_2pt/32x64/b5p40kp119989kp119812/lp0001_g8g2_q000_q200_q222_q420_q440_src2/correlators/baryon_qcdsf.850.b5p40kp119989kp119812-32x64.01453_0.000_420_-4-20_ptsink.lime
/scratch/usr/hhpmbate/chroma_2pt/32x64/b5p40kp119989kp119812/lp0001_g8g2_q000_q200_q222_q420_q440_src2/correlators/baryon_qcdsf.850.b5p40kp119989kp119812-32x64.01453_0.000_420_-4-20_smsnk30.lime
/scratch/usr/hhpmbate/chroma_2pt/32x64/b5p40kp119989kp119812/lp0001_g8g2_q000_q200_q222_q420_q440_src2/correlators/baryon_qcdsf.850.b5p40kp119989kp119812-32x64.01453_0.000_440_-4-40_ptsink.lime
/scratch/usr/hhpmbate/chroma_2pt/32x64/b5p40kp119989kp119812/lp0001_g8g2_q000_q200_q222_q420_q440_src2/correlators/baryon_qcdsf.850.b5p40kp119989kp119812-32x64.01453_0.000_440_-4-40_smsnk30.lime
/scratch/usr/hhpmbate/chroma_2pt/32x64/b5p40kp119989kp119812/lp0001_g8g2_q000_q200_q222_q420_q440_src2/correlators/baryon_qcdsf.850.b5p40kp119989kp119812-32x64.01454_0.000_000_ptsink.lime
/scratch/usr/hhpmbate/chroma_2pt/32x64/b5p40kp119989kp119812/lp0001_g8g2_q000_q200_q222_q420_q440_src2/correlators/baryon_qcdsf.850.b5p40kp119989kp119812-32x64.01454_0.000_000_smsnk30.lime
/scratch/usr/hhpmbate/chroma_2pt/32x64/b5p40kp119989kp119812/lp0001_g8g2_q000_q200_q222_q420_q440_src2/correlators/baryon_qcdsf.850.b5p40kp119989kp119812-32x64.01454_0.000_200_-200_ptsink.lime
/scratch/usr/hhpmbate/chroma_2pt/32x64/b5p40kp119989kp119812/lp0001_g8g2_q000_q200_q222_q420_q440_src2/correlators/baryon_qcdsf.850.b5p40kp119989kp119812-32x64.01454_0.000_200_-200_smsnk30.lime
/scratch/usr/hhpmbate/chroma_2pt/32x64/b5p40kp119989kp119812/lp0001_g8g2_q000_q200_q222_q420_q440_src2/correlators/baryon_qcdsf.850.b5p40kp119989kp119812-32x64.01454_0.000_222_-2-2-2_ptsink.lime
/scratch/usr/hhpmbate/chroma_2pt/32x64/b5p40kp119989kp119812/lp0001_g8g2_q000_q200_q222_q420_q440_src2/correlators/baryon_qcdsf.850.b5p40kp119989kp119812-32x64.01454_0.000_222_-2-2-2_smsnk30.lime
/scratch/usr/hhpmbate/chroma_2pt/32x64/b5p40kp119989kp119812/lp0001_g8g2_q000_q200_q222_q420_q440_src2/correlators/baryon_qcdsf.850.b5p40kp119989kp119812-32x64.01454_0.000_420_-4-20_ptsink.lime
/scratch/usr/hhpmbate/chroma_2pt/32x64/b5p40kp119989kp119812/lp0001_g8g2_q000_q200_q222_q420_q440_src2/correlators/baryon_qcdsf.850.b5p40kp119989kp119812-32x64.01454_0.000_420_-4-20_smsnk30.lime
/scratch/usr/hhpmbate/chroma_2pt/32x64/b5p40kp119989kp119812/lp0001_g8g2_q000_q200_q222_q420_q440_src2/correlators/baryon_qcdsf.850.b5p40kp119989kp119812-32x64.01454_0.000_440_-4-40_ptsink.lime
/scratch/usr/hhpmbate/chroma_2pt/32x64/b5p40kp119989kp119812/lp0001_g8g2_q000_q200_q222_q420_q440_src2/correlators/baryon_qcdsf.850.b5p40kp119989kp119812-32x64.01454_0.000_440_-4-40_smsnk30.lime
/scratch/usr/hhpmbate/chroma_2pt/32x64/b5p40kp119989kp119812/lp0001_g8g2_q000_q200_q222_q420_q440_src2/correlators/baryon_qcdsf.850.b5p40kp119989kp119812-32x64.01456_0.000_000_ptsink.lime
/scratch/usr/hhpmbate/chroma_2pt/32x64/b5p40kp119989kp119812/lp0001_g8g2_q000_q200_q222_q420_q440_src2/correlators/baryon_qcdsf.850.b5p40kp119989kp119812-32x64.01456_0.000_000_smsnk30.lime
/scratch/usr/hhpmbate/chroma_2pt/32x64/b5p40kp119989kp119812/lp0001_g8g2_q000_q200_q222_q420_q440_src2/correlators/baryon_qcdsf.850.b5p40kp119989kp119812-32x64.01456_0.000_200_-200_ptsink.lime
/scratch/usr/hhpmbate/chroma_2pt/32x64/b5p40kp119989kp119812/lp0001_g8g2_q000_q200_q222_q420_q440_src2/correlators/baryon_qcdsf.850.b5p40kp119989kp119812-32x64.01456_0.000_200_-200_smsnk30.lime
/scratch/usr/hhpmbate/chroma_2pt/32x64/b5p40kp119989kp119812/lp0001_g8g2_q000_q200_q222_q420_q440_src2/correlators/baryon_qcdsf.850.b5p40kp119989kp119812-32x64.01456_0.000_222_-2-2-2_ptsink.lime
/scratch/usr/hhpmbate/chroma_2pt/32x64/b5p40kp119989kp119812/lp0001_g8g2_q000_q200_q222_q420_q440_src2/correlators/baryon_qcdsf.850.b5p40kp119989kp119812-32x64.01456_0.000_222_-2-2-2_smsnk30.lime
/scratch/usr/hhpmbate/chroma_2pt/32x64/b5p40kp119989kp119812/lp0001_g8g2_q000_q200_q222_q420_q440_src2/correlators/baryon_qcdsf.850.b5p40kp119989kp119812-32x64.01456_0.000_420_-4-20_ptsink.lime
/scratch/usr/hhpmbate/chroma_2pt/32x64/b5p40kp119989kp119812/lp0001_g8g2_q000_q200_q222_q420_q440_src2/correlators/baryon_qcdsf.850.b5p40kp119989kp119812-32x64.01456_0.000_420_-4-20_smsnk30.lime
/scratch/usr/hhpmbate/chroma_2pt/32x64/b5p40kp119989kp119812/lp0001_g8g2_q000_q200_q222_q420_q440_src2/correlators/baryon_qcdsf.850.b5p40kp119989kp119812-32x64.01456_0.000_440_-4-40_ptsink.lime
/scratch/usr/hhpmbate/chroma_2pt/32x64/b5p40kp119989kp119812/lp0001_g8g2_q000_q200_q222_q420_q440_src2/correlators/baryon_qcdsf.850.b5p40kp119989kp119812-32x64.01456_0.000_440_-4-40_smsnk30.lime
/scratch/usr/hhpmbate/chroma_2pt/32x64/b5p40kp119989kp119812/lp0001_g8g2_q000_q200_q222_q420_q440_src2/correlators/baryon_qcdsf.850.b5p40kp119989kp119812-32x64.01465_0.000_000_ptsink.lime
/scratch/usr/hhpmbate/chroma_2pt/32x64/b5p40kp119989kp119812/lp0001_g8g2_q000_q200_q222_q420_q440_src2/correlators/baryon_qcdsf.850.b5p40kp119989kp119812-32x64.01465_0.000_000_smsnk30.lime
/scratch/usr/hhpmbate/chroma_2pt/32x64/b5p40kp119989kp119812/lp0001_g8g2_q000_q200_q222_q420_q440_src2/correlators/baryon_qcdsf.850.b5p40kp119989kp119812-32x64.01465_0.000_200_-200_ptsink.lime
/scratch/usr/hhpmbate/chroma_2pt/32x64/b5p40kp119989kp119812/lp0001_g8g2_q000_q200_q222_q420_q440_src2/correlators/baryon_qcdsf.850.b5p40kp119989kp119812-32x64.01465_0.000_200_-200_smsnk30.lime
/scratch/usr/hhpmbate/chroma_2pt/32x64/b5p40kp119989kp119812/lp0001_g8g2_q000_q200_q222_q420_q440_src2/correlators/baryon_qcdsf.850.b5p40kp119989kp119812-32x64.01465_0.000_222_-2-2-2_ptsink.lime
/scratch/usr/hhpmbate/chroma_2pt/32x64/b5p40kp119989kp119812/lp0001_g8g2_q000_q200_q222_q420_q440_src2/correlators/baryon_qcdsf.850.b5p40kp119989kp119812-32x64.01465_0.000_222_-2-2-2_smsnk30.lime
/scratch/usr/hhpmbate/chroma_2pt/32x64/b5p40kp119989kp119812/lp0001_g8g2_q000_q200_q222_q420_q440_src2/correlators/baryon_qcdsf.850.b5p40kp119989kp119812-32x64.01465_0.000_420_-4-20_ptsink.lime
/scratch/usr/hhpmbate/chroma_2pt/32x64/b5p40kp119989kp119812/lp0001_g8g2_q000_q200_q222_q420_q440_src2/correlators/baryon_qcdsf.850.b5p40kp119989kp119812-32x64.01465_0.000_420_-4-20_smsnk30.lime
/scratch/usr/hhpmbate/chroma_2pt/32x64/b5p40kp119989kp119812/lp0001_g8g2_q000_q200_q222_q420_q440_src2/correlators/baryon_qcdsf.850.b5p40kp119989kp119812-32x64.01465_0.000_440_-4-40_ptsink.lime
/scratch/usr/hhpmbate/chroma_2pt/32x64/b5p40kp119989kp119812/lp0001_g8g2_q000_q200_q222_q420_q440_src2/correlators/baryon_qcdsf.850.b5p40kp119989kp119812-32x64.01465_0.000_440_-4-40_smsnk30.lime
/scratch/usr/hhpmbate/chroma_2pt/32x64/b5p40kp119989kp119812/lp0001_g8g2_q000_q200_q222_q420_q440_src2/correlators/baryon_qcdsf.850.b5p40kp119989kp119812-32x64.01468_0.000_000_ptsink.lime
/scratch/usr/hhpmbate/chroma_2pt/32x64/b5p40kp119989kp119812/lp0001_g8g2_q000_q200_q222_q420_q440_src2/correlators/baryon_qcdsf.850.b5p40kp119989kp119812-32x64.01468_0.000_000_smsnk30.lime
/scratch/usr/hhpmbate/chroma_2pt/32x64/b5p40kp119989kp119812/lp0001_g8g2_q000_q200_q222_q420_q440_src2/correlators/baryon_qcdsf.850.b5p40kp119989kp119812-32x64.01468_0.000_200_-200_ptsink.lime
/scratch/usr/hhpmbate/chroma_2pt/32x64/b5p40kp119989kp119812/lp0001_g8g2_q000_q200_q222_q420_q440_src2/correlators/baryon_qcdsf.850.b5p40kp119989kp119812-32x64.01468_0.000_200_-200_smsnk30.lime
/scratch/usr/hhpmbate/chroma_2pt/32x64/b5p40kp119989kp119812/lp0001_g8g2_q000_q200_q222_q420_q440_src2/correlators/baryon_qcdsf.850.b5p40kp119989kp119812-32x64.01468_0.000_222_-2-2-2_ptsink.lime
/scratch/usr/hhpmbate/chroma_2pt/32x64/b5p40kp119989kp119812/lp0001_g8g2_q000_q200_q222_q420_q440_src2/correlators/baryon_qcdsf.850.b5p40kp119989kp119812-32x64.01468_0.000_222_-2-2-2_smsnk30.lime
/scratch/usr/hhpmbate/chroma_2pt/32x64/b5p40kp119989kp119812/lp0001_g8g2_q000_q200_q222_q420_q440_src2/correlators/baryon_qcdsf.850.b5p40kp119989kp119812-32x64.01468_0.000_420_-4-20_ptsink.lime
/scratch/usr/hhpmbate/chroma_2pt/32x64/b5p40kp119989kp119812/lp0001_g8g2_q000_q200_q222_q420_q440_src2/correlators/baryon_qcdsf.850.b5p40kp119989kp119812-32x64.01468_0.000_420_-4-20_smsnk30.lime
/scratch/usr/hhpmbate/chroma_2pt/32x64/b5p40kp119989kp119812/lp0001_g8g2_q000_q200_q222_q420_q440_src2/correlators/baryon_qcdsf.850.b5p40kp119989kp119812-32x64.01468_0.000_440_-4-40_ptsink.lime
/scratch/usr/hhpmbate/chroma_2pt/32x64/b5p40kp119989kp119812/lp0001_g8g2_q000_q200_q222_q420_q440_src2/correlators/baryon_qcdsf.850.b5p40kp119989kp119812-32x64.01468_0.000_440_-4-40_smsnk30.lime
/scratch/usr/hhpmbate/chroma_2pt/32x64/b5p40kp119989kp119812/lp0001_g8g2_q000_q200_q222_q420_q440_src2/correlators/baryon_qcdsf.850.b5p40kp119989kp119812-32x64.01475_0.000_000_ptsink.lime
/scratch/usr/hhpmbate/chroma_2pt/32x64/b5p40kp119989kp119812/lp0001_g8g2_q000_q200_q222_q420_q440_src2/correlators/baryon_qcdsf.850.b5p40kp119989kp119812-32x64.01475_0.000_000_smsnk30.lime
/scratch/usr/hhpmbate/chroma_2pt/32x64/b5p40kp119989kp119812/lp0001_g8g2_q000_q200_q222_q420_q440_src2/correlators/baryon_qcdsf.850.b5p40kp119989kp119812-32x64.01475_0.000_200_-200_ptsink.lime
/scratch/usr/hhpmbate/chroma_2pt/32x64/b5p40kp119989kp119812/lp0001_g8g2_q000_q200_q222_q420_q440_src2/correlators/baryon_qcdsf.850.b5p40kp119989kp119812-32x64.01475_0.000_200_-200_smsnk30.lime
/scratch/usr/hhpmbate/chroma_2pt/32x64/b5p40kp119989kp119812/lp0001_g8g2_q000_q200_q222_q420_q440_src2/correlators/baryon_qcdsf.850.b5p40kp119989kp119812-32x64.01475_0.000_222_-2-2-2_ptsink.lime
/scratch/usr/hhpmbate/chroma_2pt/32x64/b5p40kp119989kp119812/lp0001_g8g2_q000_q200_q222_q420_q440_src2/correlators/baryon_qcdsf.850.b5p40kp119989kp119812-32x64.01475_0.000_222_-2-2-2_smsnk30.lime
/scratch/usr/hhpmbate/chroma_2pt/32x64/b5p40kp119989kp119812/lp0001_g8g2_q000_q200_q222_q420_q440_src2/correlators/baryon_qcdsf.850.b5p40kp119989kp119812-32x64.01475_0.000_420_-4-20_ptsink.lime
/scratch/usr/hhpmbate/chroma_2pt/32x64/b5p40kp119989kp119812/lp0001_g8g2_q000_q200_q222_q420_q440_src2/correlators/baryon_qcdsf.850.b5p40kp119989kp119812-32x64.01475_0.000_420_-4-20_smsnk30.lime
/scratch/usr/hhpmbate/chroma_2pt/32x64/b5p40kp119989kp119812/lp0001_g8g2_q000_q200_q222_q420_q440_src2/correlators/baryon_qcdsf.850.b5p40kp119989kp119812-32x64.01475_0.000_440_-4-40_ptsink.lime
/scratch/usr/hhpmbate/chroma_2pt/32x64/b5p40kp119989kp119812/lp0001_g8g2_q000_q200_q222_q420_q440_src2/correlators/baryon_qcdsf.850.b5p40kp119989kp119812-32x64.01475_0.000_440_-4-40_smsnk30.lime
/scratch/usr/hhpmbate/chroma_2pt/32x64/b5p40kp119989kp119812/lp0001_g8g2_q000_q200_q222_q420_q440_src2/correlators/baryon_qcdsf.850.b5p40kp119989kp119812-32x64.01480_0.000_000_ptsink.lime
/scratch/usr/hhpmbate/chroma_2pt/32x64/b5p40kp119989kp119812/lp0001_g8g2_q000_q200_q222_q420_q440_src2/correlators/baryon_qcdsf.850.b5p40kp119989kp119812-32x64.01480_0.000_000_smsnk30.lime
/scratch/usr/hhpmbate/chroma_2pt/32x64/b5p40kp119989kp119812/lp0001_g8g2_q000_q200_q222_q420_q440_src2/correlators/baryon_qcdsf.850.b5p40kp119989kp119812-32x64.01480_0.000_200_-200_ptsink.lime
/scratch/usr/hhpmbate/chroma_2pt/32x64/b5p40kp119989kp119812/lp0001_g8g2_q000_q200_q222_q420_q440_src2/correlators/baryon_qcdsf.850.b5p40kp119989kp119812-32x64.01480_0.000_200_-200_smsnk30.lime
/scratch/usr/hhpmbate/chroma_2pt/32x64/b5p40kp119989kp119812/lp0001_g8g2_q000_q200_q222_q420_q440_src2/correlators/baryon_qcdsf.850.b5p40kp119989kp119812-32x64.01480_0.000_222_-2-2-2_ptsink.lime
/scratch/usr/hhpmbate/chroma_2pt/32x64/b5p40kp119989kp119812/lp0001_g8g2_q000_q200_q222_q420_q440_src2/correlators/baryon_qcdsf.850.b5p40kp119989kp119812-32x64.01480_0.000_222_-2-2-2_smsnk30.lime
/scratch/usr/hhpmbate/chroma_2pt/32x64/b5p40kp119989kp119812/lp0001_g8g2_q000_q200_q222_q420_q440_src2/correlators/baryon_qcdsf.850.b5p40kp119989kp119812-32x64.01480_0.000_420_-4-20_ptsink.lime
/scratch/usr/hhpmbate/chroma_2pt/32x64/b5p40kp119989kp119812/lp0001_g8g2_q000_q200_q222_q420_q440_src2/correlators/baryon_qcdsf.850.b5p40kp119989kp119812-32x64.01480_0.000_420_-4-20_smsnk30.lime
/scratch/usr/hhpmbate/chroma_2pt/32x64/b5p40kp119989kp119812/lp0001_g8g2_q000_q200_q222_q420_q440_src2/correlators/baryon_qcdsf.850.b5p40kp119989kp119812-32x64.01480_0.000_440_-4-40_ptsink.lime
/scratch/usr/hhpmbate/chroma_2pt/32x64/b5p40kp119989kp119812/lp0001_g8g2_q000_q200_q222_q420_q440_src2/correlators/baryon_qcdsf.850.b5p40kp119989kp119812-32x64.01480_0.000_440_-4-40_smsnk30.lime
/scratch/usr/hhpmbate/chroma_2pt/32x64/b5p40kp119989kp119812/lp0001_g8g2_q000_q200_q222_q420_q440_src2/correlators/baryon_qcdsf.850.b5p40kp119989kp119812-32x64.01485_0.000_000_ptsink.lime
/scratch/usr/hhpmbate/chroma_2pt/32x64/b5p40kp119989kp119812/lp0001_g8g2_q000_q200_q222_q420_q440_src2/correlators/baryon_qcdsf.850.b5p40kp119989kp119812-32x64.01485_0.000_000_smsnk30.lime
/scratch/usr/hhpmbate/chroma_2pt/32x64/b5p40kp119989kp119812/lp0001_g8g2_q000_q200_q222_q420_q440_src2/correlators/baryon_qcdsf.850.b5p40kp119989kp119812-32x64.01485_0.000_200_-200_ptsink.lime
/scratch/usr/hhpmbate/chroma_2pt/32x64/b5p40kp119989kp119812/lp0001_g8g2_q000_q200_q222_q420_q440_src2/correlators/baryon_qcdsf.850.b5p40kp119989kp119812-32x64.01485_0.000_200_-200_smsnk30.lime
/scratch/usr/hhpmbate/chroma_2pt/32x64/b5p40kp119989kp119812/lp0001_g8g2_q000_q200_q222_q420_q440_src2/correlators/baryon_qcdsf.850.b5p40kp119989kp119812-32x64.01485_0.000_222_-2-2-2_ptsink.lime
/scratch/usr/hhpmbate/chroma_2pt/32x64/b5p40kp119989kp119812/lp0001_g8g2_q000_q200_q222_q420_q440_src2/correlators/baryon_qcdsf.850.b5p40kp119989kp119812-32x64.01485_0.000_222_-2-2-2_smsnk30.lime
/scratch/usr/hhpmbate/chroma_2pt/32x64/b5p40kp119989kp119812/lp0001_g8g2_q000_q200_q222_q420_q440_src2/correlators/baryon_qcdsf.850.b5p40kp119989kp119812-32x64.01485_0.000_420_-4-20_ptsink.lime
/scratch/usr/hhpmbate/chroma_2pt/32x64/b5p40kp119989kp119812/lp0001_g8g2_q000_q200_q222_q420_q440_src2/correlators/baryon_qcdsf.850.b5p40kp119989kp119812-32x64.01485_0.000_420_-4-20_smsnk30.lime
/scratch/usr/hhpmbate/chroma_2pt/32x64/b5p40kp119989kp119812/lp0001_g8g2_q000_q200_q222_q420_q440_src2/correlators/baryon_qcdsf.850.b5p40kp119989kp119812-32x64.01485_0.000_440_-4-40_ptsink.lime
/scratch/usr/hhpmbate/chroma_2pt/32x64/b5p40kp119989kp119812/lp0001_g8g2_q000_q200_q222_q420_q440_src2/correlators/baryon_qcdsf.850.b5p40kp119989kp119812-32x64.01485_0.000_440_-4-40_smsnk30.lime
/scratch/usr/hhpmbate/chroma_2pt/32x64/b5p40kp119989kp119812/lp0001_g8g2_q000_q200_q222_q420_q440_src2/correlators/baryon_qcdsf.850.b5p40kp119989kp119812-32x64.01486_0.000_000_ptsink.lime
/scratch/usr/hhpmbate/chroma_2pt/32x64/b5p40kp119989kp119812/lp0001_g8g2_q000_q200_q222_q420_q440_src2/correlators/baryon_qcdsf.850.b5p40kp119989kp119812-32x64.01486_0.000_000_smsnk30.lime
/scratch/usr/hhpmbate/chroma_2pt/32x64/b5p40kp119989kp119812/lp0001_g8g2_q000_q200_q222_q420_q440_src2/correlators/baryon_qcdsf.850.b5p40kp119989kp119812-32x64.01486_0.000_200_-200_ptsink.lime
/scratch/usr/hhpmbate/chroma_2pt/32x64/b5p40kp119989kp119812/lp0001_g8g2_q000_q200_q222_q420_q440_src2/correlators/baryon_qcdsf.850.b5p40kp119989kp119812-32x64.01486_0.000_200_-200_smsnk30.lime
/scratch/usr/hhpmbate/chroma_2pt/32x64/b5p40kp119989kp119812/lp0001_g8g2_q000_q200_q222_q420_q440_src2/correlators/baryon_qcdsf.850.b5p40kp119989kp119812-32x64.01486_0.000_222_-2-2-2_ptsink.lime
/scratch/usr/hhpmbate/chroma_2pt/32x64/b5p40kp119989kp119812/lp0001_g8g2_q000_q200_q222_q420_q440_src2/correlators/baryon_qcdsf.850.b5p40kp119989kp119812-32x64.01486_0.000_222_-2-2-2_smsnk30.lime
/scratch/usr/hhpmbate/chroma_2pt/32x64/b5p40kp119989kp119812/lp0001_g8g2_q000_q200_q222_q420_q440_src2/correlators/baryon_qcdsf.850.b5p40kp119989kp119812-32x64.01486_0.000_420_-4-20_ptsink.lime
/scratch/usr/hhpmbate/chroma_2pt/32x64/b5p40kp119989kp119812/lp0001_g8g2_q000_q200_q222_q420_q440_src2/correlators/baryon_qcdsf.850.b5p40kp119989kp119812-32x64.01486_0.000_420_-4-20_smsnk30.lime
/scratch/usr/hhpmbate/chroma_2pt/32x64/b5p40kp119989kp119812/lp0001_g8g2_q000_q200_q222_q420_q440_src2/correlators/baryon_qcdsf.850.b5p40kp119989kp119812-32x64.01486_0.000_440_-4-40_ptsink.lime
/scratch/usr/hhpmbate/chroma_2pt/32x64/b5p40kp119989kp119812/lp0001_g8g2_q000_q200_q222_q420_q440_src2/correlators/baryon_qcdsf.850.b5p40kp119989kp119812-32x64.01486_0.000_440_-4-40_smsnk30.lime
/scratch/usr/hhpmbate/chroma_2pt/32x64/b5p40kp119989kp119812/lp0001_g8g2_q000_q200_q222_q420_q440_src2/correlators/baryon_qcdsf.850.b5p40kp119989kp119812-32x64.01488_0.000_000_ptsink.lime
/scratch/usr/hhpmbate/chroma_2pt/32x64/b5p40kp119989kp119812/lp0001_g8g2_q000_q200_q222_q420_q440_src2/correlators/baryon_qcdsf.850.b5p40kp119989kp119812-32x64.01488_0.000_000_smsnk30.lime
/scratch/usr/hhpmbate/chroma_2pt/32x64/b5p40kp119989kp119812/lp0001_g8g2_q000_q200_q222_q420_q440_src2/correlators/baryon_qcdsf.850.b5p40kp119989kp119812-32x64.01488_0.000_200_-200_ptsink.lime
/scratch/usr/hhpmbate/chroma_2pt/32x64/b5p40kp119989kp119812/lp0001_g8g2_q000_q200_q222_q420_q440_src2/correlators/baryon_qcdsf.850.b5p40kp119989kp119812-32x64.01488_0.000_200_-200_smsnk30.lime
/scratch/usr/hhpmbate/chroma_2pt/32x64/b5p40kp119989kp119812/lp0001_g8g2_q000_q200_q222_q420_q440_src2/correlators/baryon_qcdsf.850.b5p40kp119989kp119812-32x64.01488_0.000_222_-2-2-2_ptsink.lime
/scratch/usr/hhpmbate/chroma_2pt/32x64/b5p40kp119989kp119812/lp0001_g8g2_q000_q200_q222_q420_q440_src2/correlators/baryon_qcdsf.850.b5p40kp119989kp119812-32x64.01488_0.000_222_-2-2-2_smsnk30.lime
/scratch/usr/hhpmbate/chroma_2pt/32x64/b5p40kp119989kp119812/lp0001_g8g2_q000_q200_q222_q420_q440_src2/correlators/baryon_qcdsf.850.b5p40kp119989kp119812-32x64.01488_0.000_420_-4-20_ptsink.lime
/scratch/usr/hhpmbate/chroma_2pt/32x64/b5p40kp119989kp119812/lp0001_g8g2_q000_q200_q222_q420_q440_src2/correlators/baryon_qcdsf.850.b5p40kp119989kp119812-32x64.01488_0.000_420_-4-20_smsnk30.lime
/scratch/usr/hhpmbate/chroma_2pt/32x64/b5p40kp119989kp119812/lp0001_g8g2_q000_q200_q222_q420_q440_src2/correlators/baryon_qcdsf.850.b5p40kp119989kp119812-32x64.01488_0.000_440_-4-40_ptsink.lime
/scratch/usr/hhpmbate/chroma_2pt/32x64/b5p40kp119989kp119812/lp0001_g8g2_q000_q200_q222_q420_q440_src2/correlators/baryon_qcdsf.850.b5p40kp119989kp119812-32x64.01488_0.000_440_-4-40_smsnk30.lime
/scratch/usr/hhpmbate/chroma_2pt/32x64/b5p40kp119989kp119812/lp0001_g8g2_q000_q200_q222_q420_q440_src2/correlators/baryon_qcdsf.850.b5p40kp119989kp119812-32x64.01492_0.000_000_ptsink.lime
/scratch/usr/hhpmbate/chroma_2pt/32x64/b5p40kp119989kp119812/lp0001_g8g2_q000_q200_q222_q420_q440_src2/correlators/baryon_qcdsf.850.b5p40kp119989kp119812-32x64.01492_0.000_000_smsnk30.lime
/scratch/usr/hhpmbate/chroma_2pt/32x64/b5p40kp119989kp119812/lp0001_g8g2_q000_q200_q222_q420_q440_src2/correlators/baryon_qcdsf.850.b5p40kp119989kp119812-32x64.01492_0.000_200_-200_ptsink.lime
/scratch/usr/hhpmbate/chroma_2pt/32x64/b5p40kp119989kp119812/lp0001_g8g2_q000_q200_q222_q420_q440_src2/correlators/baryon_qcdsf.850.b5p40kp119989kp119812-32x64.01492_0.000_200_-200_smsnk30.lime
/scratch/usr/hhpmbate/chroma_2pt/32x64/b5p40kp119989kp119812/lp0001_g8g2_q000_q200_q222_q420_q440_src2/correlators/baryon_qcdsf.850.b5p40kp119989kp119812-32x64.01492_0.000_222_-2-2-2_ptsink.lime
/scratch/usr/hhpmbate/chroma_2pt/32x64/b5p40kp119989kp119812/lp0001_g8g2_q000_q200_q222_q420_q440_src2/correlators/baryon_qcdsf.850.b5p40kp119989kp119812-32x64.01492_0.000_222_-2-2-2_smsnk30.lime
/scratch/usr/hhpmbate/chroma_2pt/32x64/b5p40kp119989kp119812/lp0001_g8g2_q000_q200_q222_q420_q440_src2/correlators/baryon_qcdsf.850.b5p40kp119989kp119812-32x64.01492_0.000_420_-4-20_ptsink.lime
/scratch/usr/hhpmbate/chroma_2pt/32x64/b5p40kp119989kp119812/lp0001_g8g2_q000_q200_q222_q420_q440_src2/correlators/baryon_qcdsf.850.b5p40kp119989kp119812-32x64.01492_0.000_420_-4-20_smsnk30.lime
/scratch/usr/hhpmbate/chroma_2pt/32x64/b5p40kp119989kp119812/lp0001_g8g2_q000_q200_q222_q420_q440_src2/correlators/baryon_qcdsf.850.b5p40kp119989kp119812-32x64.01492_0.000_440_-4-40_ptsink.lime
/scratch/usr/hhpmbate/chroma_2pt/32x64/b5p40kp119989kp119812/lp0001_g8g2_q000_q200_q222_q420_q440_src2/correlators/baryon_qcdsf.850.b5p40kp119989kp119812-32x64.01492_0.000_440_-4-40_smsnk30.lime
/scratch/usr/hhpmbate/chroma_2pt/32x64/b5p40kp119989kp119812/lp0001_g8g2_q000_q200_q222_q420_q440_src2/correlators/baryon_qcdsf.850.b5p40kp119989kp119812-32x64.01493_0.000_000_ptsink.lime
/scratch/usr/hhpmbate/chroma_2pt/32x64/b5p40kp119989kp119812/lp0001_g8g2_q000_q200_q222_q420_q440_src2/correlators/baryon_qcdsf.850.b5p40kp119989kp119812-32x64.01493_0.000_000_smsnk30.lime
/scratch/usr/hhpmbate/chroma_2pt/32x64/b5p40kp119989kp119812/lp0001_g8g2_q000_q200_q222_q420_q440_src2/correlators/baryon_qcdsf.850.b5p40kp119989kp119812-32x64.01493_0.000_200_-200_ptsink.lime
/scratch/usr/hhpmbate/chroma_2pt/32x64/b5p40kp119989kp119812/lp0001_g8g2_q000_q200_q222_q420_q440_src2/correlators/baryon_qcdsf.850.b5p40kp119989kp119812-32x64.01493_0.000_200_-200_smsnk30.lime
/scratch/usr/hhpmbate/chroma_2pt/32x64/b5p40kp119989kp119812/lp0001_g8g2_q000_q200_q222_q420_q440_src2/correlators/baryon_qcdsf.850.b5p40kp119989kp119812-32x64.01493_0.000_222_-2-2-2_ptsink.lime
/scratch/usr/hhpmbate/chroma_2pt/32x64/b5p40kp119989kp119812/lp0001_g8g2_q000_q200_q222_q420_q440_src2/correlators/baryon_qcdsf.850.b5p40kp119989kp119812-32x64.01493_0.000_222_-2-2-2_smsnk30.lime
/scratch/usr/hhpmbate/chroma_2pt/32x64/b5p40kp119989kp119812/lp0001_g8g2_q000_q200_q222_q420_q440_src2/correlators/baryon_qcdsf.850.b5p40kp119989kp119812-32x64.01493_0.000_420_-4-20_ptsink.lime
/scratch/usr/hhpmbate/chroma_2pt/32x64/b5p40kp119989kp119812/lp0001_g8g2_q000_q200_q222_q420_q440_src2/correlators/baryon_qcdsf.850.b5p40kp119989kp119812-32x64.01493_0.000_420_-4-20_smsnk30.lime
/scratch/usr/hhpmbate/chroma_2pt/32x64/b5p40kp119989kp119812/lp0001_g8g2_q000_q200_q222_q420_q440_src2/correlators/baryon_qcdsf.850.b5p40kp119989kp119812-32x64.01493_0.000_440_-4-40_ptsink.lime
/scratch/usr/hhpmbate/chroma_2pt/32x64/b5p40kp119989kp119812/lp0001_g8g2_q000_q200_q222_q420_q440_src2/correlators/baryon_qcdsf.850.b5p40kp119989kp119812-32x64.01493_0.000_440_-4-40_smsnk30.lime
/scratch/usr/hhpmbate/chroma_2pt/32x64/b5p40kp119989kp119812/lp0001_g8g2_q000_q200_q222_q420_q440_src2/correlators/baryon_qcdsf.850.b5p40kp119989kp119812-32x64.01497_0.000_000_ptsink.lime
/scratch/usr/hhpmbate/chroma_2pt/32x64/b5p40kp119989kp119812/lp0001_g8g2_q000_q200_q222_q420_q440_src2/correlators/baryon_qcdsf.850.b5p40kp119989kp119812-32x64.01497_0.000_000_smsnk30.lime
/scratch/usr/hhpmbate/chroma_2pt/32x64/b5p40kp119989kp119812/lp0001_g8g2_q000_q200_q222_q420_q440_src2/correlators/baryon_qcdsf.850.b5p40kp119989kp119812-32x64.01497_0.000_200_-200_ptsink.lime
/scratch/usr/hhpmbate/chroma_2pt/32x64/b5p40kp119989kp119812/lp0001_g8g2_q000_q200_q222_q420_q440_src2/correlators/baryon_qcdsf.850.b5p40kp119989kp119812-32x64.01497_0.000_200_-200_smsnk30.lime
/scratch/usr/hhpmbate/chroma_2pt/32x64/b5p40kp119989kp119812/lp0001_g8g2_q000_q200_q222_q420_q440_src2/correlators/baryon_qcdsf.850.b5p40kp119989kp119812-32x64.01497_0.000_222_-2-2-2_ptsink.lime
/scratch/usr/hhpmbate/chroma_2pt/32x64/b5p40kp119989kp119812/lp0001_g8g2_q000_q200_q222_q420_q440_src2/correlators/baryon_qcdsf.850.b5p40kp119989kp119812-32x64.01497_0.000_222_-2-2-2_smsnk30.lime
/scratch/usr/hhpmbate/chroma_2pt/32x64/b5p40kp119989kp119812/lp0001_g8g2_q000_q200_q222_q420_q440_src2/correlators/baryon_qcdsf.850.b5p40kp119989kp119812-32x64.01497_0.000_420_-4-20_ptsink.lime
/scratch/usr/hhpmbate/chroma_2pt/32x64/b5p40kp119989kp119812/lp0001_g8g2_q000_q200_q222_q420_q440_src2/correlators/baryon_qcdsf.850.b5p40kp119989kp119812-32x64.01497_0.000_420_-4-20_smsnk30.lime
/scratch/usr/hhpmbate/chroma_2pt/32x64/b5p40kp119989kp119812/lp0001_g8g2_q000_q200_q222_q420_q440_src2/correlators/baryon_qcdsf.850.b5p40kp119989kp119812-32x64.01497_0.000_440_-4-40_ptsink.lime
/scratch/usr/hhpmbate/chroma_2pt/32x64/b5p40kp119989kp119812/lp0001_g8g2_q000_q200_q222_q420_q440_src2/correlators/baryon_qcdsf.850.b5p40kp119989kp119812-32x64.01497_0.000_440_-4-40_smsnk30.lime
/scratch/usr/hhpmbate/chroma_2pt/32x64/b5p40kp119989kp119812/lp0001_g8g2_q000_q200_q222_q420_q440_src2/correlators/baryon_qcdsf.850.b5p40kp119989kp119812-32x64.01499_0.000_000_ptsink.lime
/scratch/usr/hhpmbate/chroma_2pt/32x64/b5p40kp119989kp119812/lp0001_g8g2_q000_q200_q222_q420_q440_src2/correlators/baryon_qcdsf.850.b5p40kp119989kp119812-32x64.01499_0.000_000_smsnk30.lime
/scratch/usr/hhpmbate/chroma_2pt/32x64/b5p40kp119989kp119812/lp0001_g8g2_q000_q200_q222_q420_q440_src2/correlators/baryon_qcdsf.850.b5p40kp119989kp119812-32x64.01499_0.000_200_-200_ptsink.lime
/scratch/usr/hhpmbate/chroma_2pt/32x64/b5p40kp119989kp119812/lp0001_g8g2_q000_q200_q222_q420_q440_src2/correlators/baryon_qcdsf.850.b5p40kp119989kp119812-32x64.01499_0.000_200_-200_smsnk30.lime
/scratch/usr/hhpmbate/chroma_2pt/32x64/b5p40kp119989kp119812/lp0001_g8g2_q000_q200_q222_q420_q440_src2/correlators/baryon_qcdsf.850.b5p40kp119989kp119812-32x64.01499_0.000_222_-2-2-2_ptsink.lime
/scratch/usr/hhpmbate/chroma_2pt/32x64/b5p40kp119989kp119812/lp0001_g8g2_q000_q200_q222_q420_q440_src2/correlators/baryon_qcdsf.850.b5p40kp119989kp119812-32x64.01499_0.000_222_-2-2-2_smsnk30.lime
/scratch/usr/hhpmbate/chroma_2pt/32x64/b5p40kp119989kp119812/lp0001_g8g2_q000_q200_q222_q420_q440_src2/correlators/baryon_qcdsf.850.b5p40kp119989kp119812-32x64.01499_0.000_420_-4-20_ptsink.lime
/scratch/usr/hhpmbate/chroma_2pt/32x64/b5p40kp119989kp119812/lp0001_g8g2_q000_q200_q222_q420_q440_src2/correlators/baryon_qcdsf.850.b5p40kp119989kp119812-32x64.01499_0.000_420_-4-20_smsnk30.lime
/scratch/usr/hhpmbate/chroma_2pt/32x64/b5p40kp119989kp119812/lp0001_g8g2_q000_q200_q222_q420_q440_src2/correlators/baryon_qcdsf.850.b5p40kp119989kp119812-32x64.01499_0.000_440_-4-40_ptsink.lime
/scratch/usr/hhpmbate/chroma_2pt/32x64/b5p40kp119989kp119812/lp0001_g8g2_q000_q200_q222_q420_q440_src2/correlators/baryon_qcdsf.850.b5p40kp119989kp119812-32x64.01499_0.000_440_-4-40_smsnk30.lime
/scratch/usr/hhpmbate/chroma_2pt/32x64/b5p40kp119989kp119812/lp0001_g8g2_q000_q200_q222_q420_q440_src2/correlators/baryon_qcdsf.850.b5p40kp119989kp119812-32x64.01500_0.000_000_ptsink.lime
/scratch/usr/hhpmbate/chroma_2pt/32x64/b5p40kp119989kp119812/lp0001_g8g2_q000_q200_q222_q420_q440_src2/correlators/baryon_qcdsf.850.b5p40kp119989kp119812-32x64.01500_0.000_000_smsnk30.lime
/scratch/usr/hhpmbate/chroma_2pt/32x64/b5p40kp119989kp119812/lp0001_g8g2_q000_q200_q222_q420_q440_src2/correlators/baryon_qcdsf.850.b5p40kp119989kp119812-32x64.01500_0.000_200_-200_ptsink.lime
/scratch/usr/hhpmbate/chroma_2pt/32x64/b5p40kp119989kp119812/lp0001_g8g2_q000_q200_q222_q420_q440_src2/correlators/baryon_qcdsf.850.b5p40kp119989kp119812-32x64.01500_0.000_200_-200_smsnk30.lime
/scratch/usr/hhpmbate/chroma_2pt/32x64/b5p40kp119989kp119812/lp0001_g8g2_q000_q200_q222_q420_q440_src2/correlators/baryon_qcdsf.850.b5p40kp119989kp119812-32x64.01500_0.000_222_-2-2-2_ptsink.lime
/scratch/usr/hhpmbate/chroma_2pt/32x64/b5p40kp119989kp119812/lp0001_g8g2_q000_q200_q222_q420_q440_src2/correlators/baryon_qcdsf.850.b5p40kp119989kp119812-32x64.01500_0.000_222_-2-2-2_smsnk30.lime
/scratch/usr/hhpmbate/chroma_2pt/32x64/b5p40kp119989kp119812/lp0001_g8g2_q000_q200_q222_q420_q440_src2/correlators/baryon_qcdsf.850.b5p40kp119989kp119812-32x64.01500_0.000_420_-4-20_ptsink.lime
/scratch/usr/hhpmbate/chroma_2pt/32x64/b5p40kp119989kp119812/lp0001_g8g2_q000_q200_q222_q420_q440_src2/correlators/baryon_qcdsf.850.b5p40kp119989kp119812-32x64.01500_0.000_420_-4-20_smsnk30.lime
/scratch/usr/hhpmbate/chroma_2pt/32x64/b5p40kp119989kp119812/lp0001_g8g2_q000_q200_q222_q420_q440_src2/correlators/baryon_qcdsf.850.b5p40kp119989kp119812-32x64.01500_0.000_440_-4-40_ptsink.lime
/scratch/usr/hhpmbate/chroma_2pt/32x64/b5p40kp119989kp119812/lp0001_g8g2_q000_q200_q222_q420_q440_src2/correlators/baryon_qcdsf.850.b5p40kp119989kp119812-32x64.01500_0.000_440_-4-40_smsnk30.lime
/scratch/usr/hhpmbate/chroma_2pt/32x64/b5p40kp119989kp119812/lp0001_g8g2_q000_q200_q222_q420_q440_src2/correlators/baryon_qcdsf.850.b5p40kp119989kp119812-32x64.01504_0.000_000_ptsink.lime
/scratch/usr/hhpmbate/chroma_2pt/32x64/b5p40kp119989kp119812/lp0001_g8g2_q000_q200_q222_q420_q440_src2/correlators/baryon_qcdsf.850.b5p40kp119989kp119812-32x64.01504_0.000_000_smsnk30.lime
/scratch/usr/hhpmbate/chroma_2pt/32x64/b5p40kp119989kp119812/lp0001_g8g2_q000_q200_q222_q420_q440_src2/correlators/baryon_qcdsf.850.b5p40kp119989kp119812-32x64.01504_0.000_200_-200_ptsink.lime
/scratch/usr/hhpmbate/chroma_2pt/32x64/b5p40kp119989kp119812/lp0001_g8g2_q000_q200_q222_q420_q440_src2/correlators/baryon_qcdsf.850.b5p40kp119989kp119812-32x64.01504_0.000_200_-200_smsnk30.lime
/scratch/usr/hhpmbate/chroma_2pt/32x64/b5p40kp119989kp119812/lp0001_g8g2_q000_q200_q222_q420_q440_src2/correlators/baryon_qcdsf.850.b5p40kp119989kp119812-32x64.01504_0.000_222_-2-2-2_ptsink.lime
/scratch/usr/hhpmbate/chroma_2pt/32x64/b5p40kp119989kp119812/lp0001_g8g2_q000_q200_q222_q420_q440_src2/correlators/baryon_qcdsf.850.b5p40kp119989kp119812-32x64.01504_0.000_222_-2-2-2_smsnk30.lime
/scratch/usr/hhpmbate/chroma_2pt/32x64/b5p40kp119989kp119812/lp0001_g8g2_q000_q200_q222_q420_q440_src2/correlators/baryon_qcdsf.850.b5p40kp119989kp119812-32x64.01504_0.000_420_-4-20_ptsink.lime
/scratch/usr/hhpmbate/chroma_2pt/32x64/b5p40kp119989kp119812/lp0001_g8g2_q000_q200_q222_q420_q440_src2/correlators/baryon_qcdsf.850.b5p40kp119989kp119812-32x64.01504_0.000_420_-4-20_smsnk30.lime
/scratch/usr/hhpmbate/chroma_2pt/32x64/b5p40kp119989kp119812/lp0001_g8g2_q000_q200_q222_q420_q440_src2/correlators/baryon_qcdsf.850.b5p40kp119989kp119812-32x64.01504_0.000_440_-4-40_ptsink.lime
/scratch/usr/hhpmbate/chroma_2pt/32x64/b5p40kp119989kp119812/lp0001_g8g2_q000_q200_q222_q420_q440_src2/correlators/baryon_qcdsf.850.b5p40kp119989kp119812-32x64.01504_0.000_440_-4-40_smsnk30.lime
/scratch/usr/hhpmbate/chroma_2pt/32x64/b5p40kp119989kp119812/lp0001_g8g2_q000_q200_q222_q420_q440_src2/correlators/baryon_qcdsf.850.b5p40kp119989kp119812-32x64.01510_0.000_000_ptsink.lime
/scratch/usr/hhpmbate/chroma_2pt/32x64/b5p40kp119989kp119812/lp0001_g8g2_q000_q200_q222_q420_q440_src2/correlators/baryon_qcdsf.850.b5p40kp119989kp119812-32x64.01510_0.000_000_smsnk30.lime
/scratch/usr/hhpmbate/chroma_2pt/32x64/b5p40kp119989kp119812/lp0001_g8g2_q000_q200_q222_q420_q440_src2/correlators/baryon_qcdsf.850.b5p40kp119989kp119812-32x64.01510_0.000_200_-200_ptsink.lime
/scratch/usr/hhpmbate/chroma_2pt/32x64/b5p40kp119989kp119812/lp0001_g8g2_q000_q200_q222_q420_q440_src2/correlators/baryon_qcdsf.850.b5p40kp119989kp119812-32x64.01510_0.000_200_-200_smsnk30.lime
/scratch/usr/hhpmbate/chroma_2pt/32x64/b5p40kp119989kp119812/lp0001_g8g2_q000_q200_q222_q420_q440_src2/correlators/baryon_qcdsf.850.b5p40kp119989kp119812-32x64.01510_0.000_222_-2-2-2_ptsink.lime
/scratch/usr/hhpmbate/chroma_2pt/32x64/b5p40kp119989kp119812/lp0001_g8g2_q000_q200_q222_q420_q440_src2/correlators/baryon_qcdsf.850.b5p40kp119989kp119812-32x64.01510_0.000_222_-2-2-2_smsnk30.lime
/scratch/usr/hhpmbate/chroma_2pt/32x64/b5p40kp119989kp119812/lp0001_g8g2_q000_q200_q222_q420_q440_src2/correlators/baryon_qcdsf.850.b5p40kp119989kp119812-32x64.01510_0.000_420_-4-20_ptsink.lime
/scratch/usr/hhpmbate/chroma_2pt/32x64/b5p40kp119989kp119812/lp0001_g8g2_q000_q200_q222_q420_q440_src2/correlators/baryon_qcdsf.850.b5p40kp119989kp119812-32x64.01510_0.000_420_-4-20_smsnk30.lime
/scratch/usr/hhpmbate/chroma_2pt/32x64/b5p40kp119989kp119812/lp0001_g8g2_q000_q200_q222_q420_q440_src2/correlators/baryon_qcdsf.850.b5p40kp119989kp119812-32x64.01510_0.000_440_-4-40_ptsink.lime
/scratch/usr/hhpmbate/chroma_2pt/32x64/b5p40kp119989kp119812/lp0001_g8g2_q000_q200_q222_q420_q440_src2/correlators/baryon_qcdsf.850.b5p40kp119989kp119812-32x64.01510_0.000_440_-4-40_smsnk30.lime
/scratch/usr/hhpmbate/chroma_2pt/32x64/b5p40kp119989kp119812/lp0001_g8g2_q000_q200_q222_q420_q440_src2/correlators/baryon_qcdsf.850.b5p40kp119989kp119812-32x64.01512_0.000_000_ptsink.lime
/scratch/usr/hhpmbate/chroma_2pt/32x64/b5p40kp119989kp119812/lp0001_g8g2_q000_q200_q222_q420_q440_src2/correlators/baryon_qcdsf.850.b5p40kp119989kp119812-32x64.01512_0.000_000_smsnk30.lime
/scratch/usr/hhpmbate/chroma_2pt/32x64/b5p40kp119989kp119812/lp0001_g8g2_q000_q200_q222_q420_q440_src2/correlators/baryon_qcdsf.850.b5p40kp119989kp119812-32x64.01512_0.000_200_-200_ptsink.lime
/scratch/usr/hhpmbate/chroma_2pt/32x64/b5p40kp119989kp119812/lp0001_g8g2_q000_q200_q222_q420_q440_src2/correlators/baryon_qcdsf.850.b5p40kp119989kp119812-32x64.01512_0.000_200_-200_smsnk30.lime
/scratch/usr/hhpmbate/chroma_2pt/32x64/b5p40kp119989kp119812/lp0001_g8g2_q000_q200_q222_q420_q440_src2/correlators/baryon_qcdsf.850.b5p40kp119989kp119812-32x64.01512_0.000_222_-2-2-2_ptsink.lime
/scratch/usr/hhpmbate/chroma_2pt/32x64/b5p40kp119989kp119812/lp0001_g8g2_q000_q200_q222_q420_q440_src2/correlators/baryon_qcdsf.850.b5p40kp119989kp119812-32x64.01512_0.000_222_-2-2-2_smsnk30.lime
/scratch/usr/hhpmbate/chroma_2pt/32x64/b5p40kp119989kp119812/lp0001_g8g2_q000_q200_q222_q420_q440_src2/correlators/baryon_qcdsf.850.b5p40kp119989kp119812-32x64.01512_0.000_420_-4-20_ptsink.lime
/scratch/usr/hhpmbate/chroma_2pt/32x64/b5p40kp119989kp119812/lp0001_g8g2_q000_q200_q222_q420_q440_src2/correlators/baryon_qcdsf.850.b5p40kp119989kp119812-32x64.01512_0.000_420_-4-20_smsnk30.lime
/scratch/usr/hhpmbate/chroma_2pt/32x64/b5p40kp119989kp119812/lp0001_g8g2_q000_q200_q222_q420_q440_src2/correlators/baryon_qcdsf.850.b5p40kp119989kp119812-32x64.01512_0.000_440_-4-40_ptsink.lime
/scratch/usr/hhpmbate/chroma_2pt/32x64/b5p40kp119989kp119812/lp0001_g8g2_q000_q200_q222_q420_q440_src2/correlators/baryon_qcdsf.850.b5p40kp119989kp119812-32x64.01512_0.000_440_-4-40_smsnk30.lime
/scratch/usr/hhpmbate/chroma_2pt/32x64/b5p40kp119989kp119812/lp0001_g8g2_q000_q200_q222_q420_q440_src2/correlators/baryon_qcdsf.850.b5p40kp119989kp119812-32x64.01514_0.000_000_ptsink.lime
/scratch/usr/hhpmbate/chroma_2pt/32x64/b5p40kp119989kp119812/lp0001_g8g2_q000_q200_q222_q420_q440_src2/correlators/baryon_qcdsf.850.b5p40kp119989kp119812-32x64.01514_0.000_000_smsnk30.lime
/scratch/usr/hhpmbate/chroma_2pt/32x64/b5p40kp119989kp119812/lp0001_g8g2_q000_q200_q222_q420_q440_src2/correlators/baryon_qcdsf.850.b5p40kp119989kp119812-32x64.01514_0.000_200_-200_ptsink.lime
/scratch/usr/hhpmbate/chroma_2pt/32x64/b5p40kp119989kp119812/lp0001_g8g2_q000_q200_q222_q420_q440_src2/correlators/baryon_qcdsf.850.b5p40kp119989kp119812-32x64.01514_0.000_200_-200_smsnk30.lime
/scratch/usr/hhpmbate/chroma_2pt/32x64/b5p40kp119989kp119812/lp0001_g8g2_q000_q200_q222_q420_q440_src2/correlators/baryon_qcdsf.850.b5p40kp119989kp119812-32x64.01514_0.000_222_-2-2-2_ptsink.lime
/scratch/usr/hhpmbate/chroma_2pt/32x64/b5p40kp119989kp119812/lp0001_g8g2_q000_q200_q222_q420_q440_src2/correlators/baryon_qcdsf.850.b5p40kp119989kp119812-32x64.01514_0.000_222_-2-2-2_smsnk30.lime
/scratch/usr/hhpmbate/chroma_2pt/32x64/b5p40kp119989kp119812/lp0001_g8g2_q000_q200_q222_q420_q440_src2/correlators/baryon_qcdsf.850.b5p40kp119989kp119812-32x64.01514_0.000_420_-4-20_ptsink.lime
/scratch/usr/hhpmbate/chroma_2pt/32x64/b5p40kp119989kp119812/lp0001_g8g2_q000_q200_q222_q420_q440_src2/correlators/baryon_qcdsf.850.b5p40kp119989kp119812-32x64.01514_0.000_420_-4-20_smsnk30.lime
/scratch/usr/hhpmbate/chroma_2pt/32x64/b5p40kp119989kp119812/lp0001_g8g2_q000_q200_q222_q420_q440_src2/correlators/baryon_qcdsf.850.b5p40kp119989kp119812-32x64.01514_0.000_440_-4-40_ptsink.lime
/scratch/usr/hhpmbate/chroma_2pt/32x64/b5p40kp119989kp119812/lp0001_g8g2_q000_q200_q222_q420_q440_src2/correlators/baryon_qcdsf.850.b5p40kp119989kp119812-32x64.01514_0.000_440_-4-40_smsnk30.lime
/scratch/usr/hhpmbate/chroma_2pt/32x64/b5p40kp119989kp119812/lp0001_g8g2_q000_q200_q222_q420_q440_src2/correlators/baryon_qcdsf.850.b5p40kp119989kp119812-32x64.01520_0.000_000_ptsink.lime
/scratch/usr/hhpmbate/chroma_2pt/32x64/b5p40kp119989kp119812/lp0001_g8g2_q000_q200_q222_q420_q440_src2/correlators/baryon_qcdsf.850.b5p40kp119989kp119812-32x64.01520_0.000_000_smsnk30.lime
/scratch/usr/hhpmbate/chroma_2pt/32x64/b5p40kp119989kp119812/lp0001_g8g2_q000_q200_q222_q420_q440_src2/correlators/baryon_qcdsf.850.b5p40kp119989kp119812-32x64.01520_0.000_200_-200_ptsink.lime
/scratch/usr/hhpmbate/chroma_2pt/32x64/b5p40kp119989kp119812/lp0001_g8g2_q000_q200_q222_q420_q440_src2/correlators/baryon_qcdsf.850.b5p40kp119989kp119812-32x64.01520_0.000_200_-200_smsnk30.lime
/scratch/usr/hhpmbate/chroma_2pt/32x64/b5p40kp119989kp119812/lp0001_g8g2_q000_q200_q222_q420_q440_src2/correlators/baryon_qcdsf.850.b5p40kp119989kp119812-32x64.01520_0.000_222_-2-2-2_ptsink.lime
/scratch/usr/hhpmbate/chroma_2pt/32x64/b5p40kp119989kp119812/lp0001_g8g2_q000_q200_q222_q420_q440_src2/correlators/baryon_qcdsf.850.b5p40kp119989kp119812-32x64.01520_0.000_222_-2-2-2_smsnk30.lime
/scratch/usr/hhpmbate/chroma_2pt/32x64/b5p40kp119989kp119812/lp0001_g8g2_q000_q200_q222_q420_q440_src2/correlators/baryon_qcdsf.850.b5p40kp119989kp119812-32x64.01520_0.000_420_-4-20_ptsink.lime
/scratch/usr/hhpmbate/chroma_2pt/32x64/b5p40kp119989kp119812/lp0001_g8g2_q000_q200_q222_q420_q440_src2/correlators/baryon_qcdsf.850.b5p40kp119989kp119812-32x64.01520_0.000_420_-4-20_smsnk30.lime
/scratch/usr/hhpmbate/chroma_2pt/32x64/b5p40kp119989kp119812/lp0001_g8g2_q000_q200_q222_q420_q440_src2/correlators/baryon_qcdsf.850.b5p40kp119989kp119812-32x64.01520_0.000_440_-4-40_ptsink.lime
/scratch/usr/hhpmbate/chroma_2pt/32x64/b5p40kp119989kp119812/lp0001_g8g2_q000_q200_q222_q420_q440_src2/correlators/baryon_qcdsf.850.b5p40kp119989kp119812-32x64.01520_0.000_440_-4-40_smsnk30.lime
/scratch/usr/hhpmbate/chroma_2pt/32x64/b5p40kp119989kp119812/lp0001_g8g2_q000_q200_q222_q420_q440_src2/correlators/baryon_qcdsf.850.b5p40kp119989kp119812-32x64.01524_0.000_000_ptsink.lime
/scratch/usr/hhpmbate/chroma_2pt/32x64/b5p40kp119989kp119812/lp0001_g8g2_q000_q200_q222_q420_q440_src2/correlators/baryon_qcdsf.850.b5p40kp119989kp119812-32x64.01524_0.000_000_smsnk30.lime
/scratch/usr/hhpmbate/chroma_2pt/32x64/b5p40kp119989kp119812/lp0001_g8g2_q000_q200_q222_q420_q440_src2/correlators/baryon_qcdsf.850.b5p40kp119989kp119812-32x64.01524_0.000_200_-200_ptsink.lime
/scratch/usr/hhpmbate/chroma_2pt/32x64/b5p40kp119989kp119812/lp0001_g8g2_q000_q200_q222_q420_q440_src2/correlators/baryon_qcdsf.850.b5p40kp119989kp119812-32x64.01524_0.000_200_-200_smsnk30.lime
/scratch/usr/hhpmbate/chroma_2pt/32x64/b5p40kp119989kp119812/lp0001_g8g2_q000_q200_q222_q420_q440_src2/correlators/baryon_qcdsf.850.b5p40kp119989kp119812-32x64.01524_0.000_222_-2-2-2_ptsink.lime
/scratch/usr/hhpmbate/chroma_2pt/32x64/b5p40kp119989kp119812/lp0001_g8g2_q000_q200_q222_q420_q440_src2/correlators/baryon_qcdsf.850.b5p40kp119989kp119812-32x64.01524_0.000_222_-2-2-2_smsnk30.lime
/scratch/usr/hhpmbate/chroma_2pt/32x64/b5p40kp119989kp119812/lp0001_g8g2_q000_q200_q222_q420_q440_src2/correlators/baryon_qcdsf.850.b5p40kp119989kp119812-32x64.01524_0.000_420_-4-20_ptsink.lime
/scratch/usr/hhpmbate/chroma_2pt/32x64/b5p40kp119989kp119812/lp0001_g8g2_q000_q200_q222_q420_q440_src2/correlators/baryon_qcdsf.850.b5p40kp119989kp119812-32x64.01524_0.000_420_-4-20_smsnk30.lime
/scratch/usr/hhpmbate/chroma_2pt/32x64/b5p40kp119989kp119812/lp0001_g8g2_q000_q200_q222_q420_q440_src2/correlators/baryon_qcdsf.850.b5p40kp119989kp119812-32x64.01524_0.000_440_-4-40_ptsink.lime
/scratch/usr/hhpmbate/chroma_2pt/32x64/b5p40kp119989kp119812/lp0001_g8g2_q000_q200_q222_q420_q440_src2/correlators/baryon_qcdsf.850.b5p40kp119989kp119812-32x64.01524_0.000_440_-4-40_smsnk30.lime
/scratch/usr/hhpmbate/chroma_2pt/32x64/b5p40kp119989kp119812/lp0001_g8g2_q000_q200_q222_q420_q440_src2/correlators/baryon_qcdsf.850.b5p40kp119989kp119812-32x64.01529_0.000_000_ptsink.lime
/scratch/usr/hhpmbate/chroma_2pt/32x64/b5p40kp119989kp119812/lp0001_g8g2_q000_q200_q222_q420_q440_src2/correlators/baryon_qcdsf.850.b5p40kp119989kp119812-32x64.01529_0.000_000_smsnk30.lime
/scratch/usr/hhpmbate/chroma_2pt/32x64/b5p40kp119989kp119812/lp0001_g8g2_q000_q200_q222_q420_q440_src2/correlators/baryon_qcdsf.850.b5p40kp119989kp119812-32x64.01529_0.000_200_-200_ptsink.lime
/scratch/usr/hhpmbate/chroma_2pt/32x64/b5p40kp119989kp119812/lp0001_g8g2_q000_q200_q222_q420_q440_src2/correlators/baryon_qcdsf.850.b5p40kp119989kp119812-32x64.01529_0.000_200_-200_smsnk30.lime
/scratch/usr/hhpmbate/chroma_2pt/32x64/b5p40kp119989kp119812/lp0001_g8g2_q000_q200_q222_q420_q440_src2/correlators/baryon_qcdsf.850.b5p40kp119989kp119812-32x64.01529_0.000_222_-2-2-2_ptsink.lime
/scratch/usr/hhpmbate/chroma_2pt/32x64/b5p40kp119989kp119812/lp0001_g8g2_q000_q200_q222_q420_q440_src2/correlators/baryon_qcdsf.850.b5p40kp119989kp119812-32x64.01529_0.000_222_-2-2-2_smsnk30.lime
/scratch/usr/hhpmbate/chroma_2pt/32x64/b5p40kp119989kp119812/lp0001_g8g2_q000_q200_q222_q420_q440_src2/correlators/baryon_qcdsf.850.b5p40kp119989kp119812-32x64.01529_0.000_420_-4-20_ptsink.lime
/scratch/usr/hhpmbate/chroma_2pt/32x64/b5p40kp119989kp119812/lp0001_g8g2_q000_q200_q222_q420_q440_src2/correlators/baryon_qcdsf.850.b5p40kp119989kp119812-32x64.01529_0.000_420_-4-20_smsnk30.lime
/scratch/usr/hhpmbate/chroma_2pt/32x64/b5p40kp119989kp119812/lp0001_g8g2_q000_q200_q222_q420_q440_src2/correlators/baryon_qcdsf.850.b5p40kp119989kp119812-32x64.01529_0.000_440_-4-40_ptsink.lime
/scratch/usr/hhpmbate/chroma_2pt/32x64/b5p40kp119989kp119812/lp0001_g8g2_q000_q200_q222_q420_q440_src2/correlators/baryon_qcdsf.850.b5p40kp119989kp119812-32x64.01529_0.000_440_-4-40_smsnk30.lime
/scratch/usr/hhpmbate/chroma_2pt/32x64/b5p40kp119989kp119812/lp0001_g8g2_q000_q200_q222_q420_q440_src2/correlators/baryon_qcdsf.850.b5p40kp119989kp119812-32x64.01539_0.000_000_ptsink.lime
/scratch/usr/hhpmbate/chroma_2pt/32x64/b5p40kp119989kp119812/lp0001_g8g2_q000_q200_q222_q420_q440_src2/correlators/baryon_qcdsf.850.b5p40kp119989kp119812-32x64.01539_0.000_000_smsnk30.lime
/scratch/usr/hhpmbate/chroma_2pt/32x64/b5p40kp119989kp119812/lp0001_g8g2_q000_q200_q222_q420_q440_src2/correlators/baryon_qcdsf.850.b5p40kp119989kp119812-32x64.01539_0.000_200_-200_ptsink.lime
/scratch/usr/hhpmbate/chroma_2pt/32x64/b5p40kp119989kp119812/lp0001_g8g2_q000_q200_q222_q420_q440_src2/correlators/baryon_qcdsf.850.b5p40kp119989kp119812-32x64.01539_0.000_200_-200_smsnk30.lime
/scratch/usr/hhpmbate/chroma_2pt/32x64/b5p40kp119989kp119812/lp0001_g8g2_q000_q200_q222_q420_q440_src2/correlators/baryon_qcdsf.850.b5p40kp119989kp119812-32x64.01539_0.000_222_-2-2-2_ptsink.lime
/scratch/usr/hhpmbate/chroma_2pt/32x64/b5p40kp119989kp119812/lp0001_g8g2_q000_q200_q222_q420_q440_src2/correlators/baryon_qcdsf.850.b5p40kp119989kp119812-32x64.01539_0.000_222_-2-2-2_smsnk30.lime
/scratch/usr/hhpmbate/chroma_2pt/32x64/b5p40kp119989kp119812/lp0001_g8g2_q000_q200_q222_q420_q440_src2/correlators/baryon_qcdsf.850.b5p40kp119989kp119812-32x64.01539_0.000_420_-4-20_ptsink.lime
/scratch/usr/hhpmbate/chroma_2pt/32x64/b5p40kp119989kp119812/lp0001_g8g2_q000_q200_q222_q420_q440_src2/correlators/baryon_qcdsf.850.b5p40kp119989kp119812-32x64.01539_0.000_420_-4-20_smsnk30.lime
/scratch/usr/hhpmbate/chroma_2pt/32x64/b5p40kp119989kp119812/lp0001_g8g2_q000_q200_q222_q420_q440_src2/correlators/baryon_qcdsf.850.b5p40kp119989kp119812-32x64.01539_0.000_440_-4-40_ptsink.lime
/scratch/usr/hhpmbate/chroma_2pt/32x64/b5p40kp119989kp119812/lp0001_g8g2_q000_q200_q222_q420_q440_src2/correlators/baryon_qcdsf.850.b5p40kp119989kp119812-32x64.01539_0.000_440_-4-40_smsnk30.lime
/scratch/usr/hhpmbate/chroma_2pt/32x64/b5p40kp119989kp119812/lp0001_g8g2_q000_q200_q222_q420_q440_src2/correlators/baryon_qcdsf.850.b5p40kp119989kp119812-32x64.01543_0.000_000_ptsink.lime
/scratch/usr/hhpmbate/chroma_2pt/32x64/b5p40kp119989kp119812/lp0001_g8g2_q000_q200_q222_q420_q440_src2/correlators/baryon_qcdsf.850.b5p40kp119989kp119812-32x64.01543_0.000_000_smsnk30.lime
/scratch/usr/hhpmbate/chroma_2pt/32x64/b5p40kp119989kp119812/lp0001_g8g2_q000_q200_q222_q420_q440_src2/correlators/baryon_qcdsf.850.b5p40kp119989kp119812-32x64.01543_0.000_200_-200_ptsink.lime
/scratch/usr/hhpmbate/chroma_2pt/32x64/b5p40kp119989kp119812/lp0001_g8g2_q000_q200_q222_q420_q440_src2/correlators/baryon_qcdsf.850.b5p40kp119989kp119812-32x64.01543_0.000_200_-200_smsnk30.lime
/scratch/usr/hhpmbate/chroma_2pt/32x64/b5p40kp119989kp119812/lp0001_g8g2_q000_q200_q222_q420_q440_src2/correlators/baryon_qcdsf.850.b5p40kp119989kp119812-32x64.01543_0.000_222_-2-2-2_ptsink.lime
/scratch/usr/hhpmbate/chroma_2pt/32x64/b5p40kp119989kp119812/lp0001_g8g2_q000_q200_q222_q420_q440_src2/correlators/baryon_qcdsf.850.b5p40kp119989kp119812-32x64.01543_0.000_222_-2-2-2_smsnk30.lime
/scratch/usr/hhpmbate/chroma_2pt/32x64/b5p40kp119989kp119812/lp0001_g8g2_q000_q200_q222_q420_q440_src2/correlators/baryon_qcdsf.850.b5p40kp119989kp119812-32x64.01543_0.000_420_-4-20_ptsink.lime
/scratch/usr/hhpmbate/chroma_2pt/32x64/b5p40kp119989kp119812/lp0001_g8g2_q000_q200_q222_q420_q440_src2/correlators/baryon_qcdsf.850.b5p40kp119989kp119812-32x64.01543_0.000_420_-4-20_smsnk30.lime
/scratch/usr/hhpmbate/chroma_2pt/32x64/b5p40kp119989kp119812/lp0001_g8g2_q000_q200_q222_q420_q440_src2/correlators/baryon_qcdsf.850.b5p40kp119989kp119812-32x64.01543_0.000_440_-4-40_ptsink.lime
/scratch/usr/hhpmbate/chroma_2pt/32x64/b5p40kp119989kp119812/lp0001_g8g2_q000_q200_q222_q420_q440_src2/correlators/baryon_qcdsf.850.b5p40kp119989kp119812-32x64.01543_0.000_440_-4-40_smsnk30.lime
/scratch/usr/hhpmbate/chroma_2pt/32x64/b5p40kp119989kp119812/lp0001_g8g2_q000_q200_q222_q420_q440_src2/correlators/baryon_qcdsf.850.b5p40kp119989kp119812-32x64.01548_0.000_000_ptsink.lime
/scratch/usr/hhpmbate/chroma_2pt/32x64/b5p40kp119989kp119812/lp0001_g8g2_q000_q200_q222_q420_q440_src2/correlators/baryon_qcdsf.850.b5p40kp119989kp119812-32x64.01548_0.000_000_smsnk30.lime
/scratch/usr/hhpmbate/chroma_2pt/32x64/b5p40kp119989kp119812/lp0001_g8g2_q000_q200_q222_q420_q440_src2/correlators/baryon_qcdsf.850.b5p40kp119989kp119812-32x64.01548_0.000_200_-200_ptsink.lime
/scratch/usr/hhpmbate/chroma_2pt/32x64/b5p40kp119989kp119812/lp0001_g8g2_q000_q200_q222_q420_q440_src2/correlators/baryon_qcdsf.850.b5p40kp119989kp119812-32x64.01548_0.000_200_-200_smsnk30.lime
/scratch/usr/hhpmbate/chroma_2pt/32x64/b5p40kp119989kp119812/lp0001_g8g2_q000_q200_q222_q420_q440_src2/correlators/baryon_qcdsf.850.b5p40kp119989kp119812-32x64.01548_0.000_222_-2-2-2_ptsink.lime
/scratch/usr/hhpmbate/chroma_2pt/32x64/b5p40kp119989kp119812/lp0001_g8g2_q000_q200_q222_q420_q440_src2/correlators/baryon_qcdsf.850.b5p40kp119989kp119812-32x64.01548_0.000_222_-2-2-2_smsnk30.lime
/scratch/usr/hhpmbate/chroma_2pt/32x64/b5p40kp119989kp119812/lp0001_g8g2_q000_q200_q222_q420_q440_src2/correlators/baryon_qcdsf.850.b5p40kp119989kp119812-32x64.01548_0.000_420_-4-20_ptsink.lime
/scratch/usr/hhpmbate/chroma_2pt/32x64/b5p40kp119989kp119812/lp0001_g8g2_q000_q200_q222_q420_q440_src2/correlators/baryon_qcdsf.850.b5p40kp119989kp119812-32x64.01548_0.000_420_-4-20_smsnk30.lime
/scratch/usr/hhpmbate/chroma_2pt/32x64/b5p40kp119989kp119812/lp0001_g8g2_q000_q200_q222_q420_q440_src2/correlators/baryon_qcdsf.850.b5p40kp119989kp119812-32x64.01548_0.000_440_-4-40_ptsink.lime
/scratch/usr/hhpmbate/chroma_2pt/32x64/b5p40kp119989kp119812/lp0001_g8g2_q000_q200_q222_q420_q440_src2/correlators/baryon_qcdsf.850.b5p40kp119989kp119812-32x64.01548_0.000_440_-4-40_smsnk30.lime
/scratch/usr/hhpmbate/chroma_2pt/32x64/b5p40kp119989kp119812/lp0001_g8g2_q000_q200_q222_q420_q440_src2/correlators/baryon_qcdsf.850.b5p40kp119989kp119812-32x64.01549_0.000_000_ptsink.lime
/scratch/usr/hhpmbate/chroma_2pt/32x64/b5p40kp119989kp119812/lp0001_g8g2_q000_q200_q222_q420_q440_src2/correlators/baryon_qcdsf.850.b5p40kp119989kp119812-32x64.01549_0.000_000_smsnk30.lime
/scratch/usr/hhpmbate/chroma_2pt/32x64/b5p40kp119989kp119812/lp0001_g8g2_q000_q200_q222_q420_q440_src2/correlators/baryon_qcdsf.850.b5p40kp119989kp119812-32x64.01549_0.000_200_-200_ptsink.lime
/scratch/usr/hhpmbate/chroma_2pt/32x64/b5p40kp119989kp119812/lp0001_g8g2_q000_q200_q222_q420_q440_src2/correlators/baryon_qcdsf.850.b5p40kp119989kp119812-32x64.01549_0.000_200_-200_smsnk30.lime
/scratch/usr/hhpmbate/chroma_2pt/32x64/b5p40kp119989kp119812/lp0001_g8g2_q000_q200_q222_q420_q440_src2/correlators/baryon_qcdsf.850.b5p40kp119989kp119812-32x64.01549_0.000_222_-2-2-2_ptsink.lime
/scratch/usr/hhpmbate/chroma_2pt/32x64/b5p40kp119989kp119812/lp0001_g8g2_q000_q200_q222_q420_q440_src2/correlators/baryon_qcdsf.850.b5p40kp119989kp119812-32x64.01549_0.000_222_-2-2-2_smsnk30.lime
/scratch/usr/hhpmbate/chroma_2pt/32x64/b5p40kp119989kp119812/lp0001_g8g2_q000_q200_q222_q420_q440_src2/correlators/baryon_qcdsf.850.b5p40kp119989kp119812-32x64.01549_0.000_420_-4-20_ptsink.lime
/scratch/usr/hhpmbate/chroma_2pt/32x64/b5p40kp119989kp119812/lp0001_g8g2_q000_q200_q222_q420_q440_src2/correlators/baryon_qcdsf.850.b5p40kp119989kp119812-32x64.01549_0.000_420_-4-20_smsnk30.lime
/scratch/usr/hhpmbate/chroma_2pt/32x64/b5p40kp119989kp119812/lp0001_g8g2_q000_q200_q222_q420_q440_src2/correlators/baryon_qcdsf.850.b5p40kp119989kp119812-32x64.01549_0.000_440_-4-40_ptsink.lime
/scratch/usr/hhpmbate/chroma_2pt/32x64/b5p40kp119989kp119812/lp0001_g8g2_q000_q200_q222_q420_q440_src2/correlators/baryon_qcdsf.850.b5p40kp119989kp119812-32x64.01549_0.000_440_-4-40_smsnk30.lime
/scratch/usr/hhpmbate/chroma_2pt/32x64/b5p40kp119989kp119812/lp0001_g8g2_q000_q200_q222_q420_q440_src2/correlators/baryon_qcdsf.850.b5p40kp119989kp119812-32x64.01550_0.000_000_ptsink.lime
/scratch/usr/hhpmbate/chroma_2pt/32x64/b5p40kp119989kp119812/lp0001_g8g2_q000_q200_q222_q420_q440_src2/correlators/baryon_qcdsf.850.b5p40kp119989kp119812-32x64.01550_0.000_000_smsnk30.lime
/scratch/usr/hhpmbate/chroma_2pt/32x64/b5p40kp119989kp119812/lp0001_g8g2_q000_q200_q222_q420_q440_src2/correlators/baryon_qcdsf.850.b5p40kp119989kp119812-32x64.01550_0.000_200_-200_ptsink.lime
/scratch/usr/hhpmbate/chroma_2pt/32x64/b5p40kp119989kp119812/lp0001_g8g2_q000_q200_q222_q420_q440_src2/correlators/baryon_qcdsf.850.b5p40kp119989kp119812-32x64.01550_0.000_200_-200_smsnk30.lime
/scratch/usr/hhpmbate/chroma_2pt/32x64/b5p40kp119989kp119812/lp0001_g8g2_q000_q200_q222_q420_q440_src2/correlators/baryon_qcdsf.850.b5p40kp119989kp119812-32x64.01550_0.000_222_-2-2-2_ptsink.lime
/scratch/usr/hhpmbate/chroma_2pt/32x64/b5p40kp119989kp119812/lp0001_g8g2_q000_q200_q222_q420_q440_src2/correlators/baryon_qcdsf.850.b5p40kp119989kp119812-32x64.01550_0.000_222_-2-2-2_smsnk30.lime
/scratch/usr/hhpmbate/chroma_2pt/32x64/b5p40kp119989kp119812/lp0001_g8g2_q000_q200_q222_q420_q440_src2/correlators/baryon_qcdsf.850.b5p40kp119989kp119812-32x64.01550_0.000_420_-4-20_ptsink.lime
/scratch/usr/hhpmbate/chroma_2pt/32x64/b5p40kp119989kp119812/lp0001_g8g2_q000_q200_q222_q420_q440_src2/correlators/baryon_qcdsf.850.b5p40kp119989kp119812-32x64.01550_0.000_420_-4-20_smsnk30.lime
/scratch/usr/hhpmbate/chroma_2pt/32x64/b5p40kp119989kp119812/lp0001_g8g2_q000_q200_q222_q420_q440_src2/correlators/baryon_qcdsf.850.b5p40kp119989kp119812-32x64.01550_0.000_440_-4-40_ptsink.lime
/scratch/usr/hhpmbate/chroma_2pt/32x64/b5p40kp119989kp119812/lp0001_g8g2_q000_q200_q222_q420_q440_src2/correlators/baryon_qcdsf.850.b5p40kp119989kp119812-32x64.01550_0.000_440_-4-40_smsnk30.lime
/scratch/usr/hhpmbate/chroma_2pt/32x64/b5p40kp119989kp119812/lp0001_g8g2_q000_q200_q222_q420_q440_src2/correlators/baryon_qcdsf.850.b5p40kp119989kp119812-32x64.01552_0.000_000_ptsink.lime
/scratch/usr/hhpmbate/chroma_2pt/32x64/b5p40kp119989kp119812/lp0001_g8g2_q000_q200_q222_q420_q440_src2/correlators/baryon_qcdsf.850.b5p40kp119989kp119812-32x64.01552_0.000_000_smsnk30.lime
/scratch/usr/hhpmbate/chroma_2pt/32x64/b5p40kp119989kp119812/lp0001_g8g2_q000_q200_q222_q420_q440_src2/correlators/baryon_qcdsf.850.b5p40kp119989kp119812-32x64.01552_0.000_200_-200_ptsink.lime
/scratch/usr/hhpmbate/chroma_2pt/32x64/b5p40kp119989kp119812/lp0001_g8g2_q000_q200_q222_q420_q440_src2/correlators/baryon_qcdsf.850.b5p40kp119989kp119812-32x64.01552_0.000_200_-200_smsnk30.lime
/scratch/usr/hhpmbate/chroma_2pt/32x64/b5p40kp119989kp119812/lp0001_g8g2_q000_q200_q222_q420_q440_src2/correlators/baryon_qcdsf.850.b5p40kp119989kp119812-32x64.01552_0.000_222_-2-2-2_ptsink.lime
/scratch/usr/hhpmbate/chroma_2pt/32x64/b5p40kp119989kp119812/lp0001_g8g2_q000_q200_q222_q420_q440_src2/correlators/baryon_qcdsf.850.b5p40kp119989kp119812-32x64.01552_0.000_222_-2-2-2_smsnk30.lime
/scratch/usr/hhpmbate/chroma_2pt/32x64/b5p40kp119989kp119812/lp0001_g8g2_q000_q200_q222_q420_q440_src2/correlators/baryon_qcdsf.850.b5p40kp119989kp119812-32x64.01552_0.000_420_-4-20_ptsink.lime
/scratch/usr/hhpmbate/chroma_2pt/32x64/b5p40kp119989kp119812/lp0001_g8g2_q000_q200_q222_q420_q440_src2/correlators/baryon_qcdsf.850.b5p40kp119989kp119812-32x64.01552_0.000_420_-4-20_smsnk30.lime
/scratch/usr/hhpmbate/chroma_2pt/32x64/b5p40kp119989kp119812/lp0001_g8g2_q000_q200_q222_q420_q440_src2/correlators/baryon_qcdsf.850.b5p40kp119989kp119812-32x64.01552_0.000_440_-4-40_ptsink.lime
/scratch/usr/hhpmbate/chroma_2pt/32x64/b5p40kp119989kp119812/lp0001_g8g2_q000_q200_q222_q420_q440_src2/correlators/baryon_qcdsf.850.b5p40kp119989kp119812-32x64.01552_0.000_440_-4-40_smsnk30.lime
/scratch/usr/hhpmbate/chroma_2pt/32x64/b5p40kp119989kp119812/lp0001_g8g2_q000_q200_q222_q420_q440_src2/correlators/baryon_qcdsf.850.b5p40kp119989kp119812-32x64.01557_0.000_000_ptsink.lime
/scratch/usr/hhpmbate/chroma_2pt/32x64/b5p40kp119989kp119812/lp0001_g8g2_q000_q200_q222_q420_q440_src2/correlators/baryon_qcdsf.850.b5p40kp119989kp119812-32x64.01557_0.000_000_smsnk30.lime
/scratch/usr/hhpmbate/chroma_2pt/32x64/b5p40kp119989kp119812/lp0001_g8g2_q000_q200_q222_q420_q440_src2/correlators/baryon_qcdsf.850.b5p40kp119989kp119812-32x64.01557_0.000_200_-200_ptsink.lime
/scratch/usr/hhpmbate/chroma_2pt/32x64/b5p40kp119989kp119812/lp0001_g8g2_q000_q200_q222_q420_q440_src2/correlators/baryon_qcdsf.850.b5p40kp119989kp119812-32x64.01557_0.000_200_-200_smsnk30.lime
/scratch/usr/hhpmbate/chroma_2pt/32x64/b5p40kp119989kp119812/lp0001_g8g2_q000_q200_q222_q420_q440_src2/correlators/baryon_qcdsf.850.b5p40kp119989kp119812-32x64.01557_0.000_222_-2-2-2_ptsink.lime
/scratch/usr/hhpmbate/chroma_2pt/32x64/b5p40kp119989kp119812/lp0001_g8g2_q000_q200_q222_q420_q440_src2/correlators/baryon_qcdsf.850.b5p40kp119989kp119812-32x64.01557_0.000_222_-2-2-2_smsnk30.lime
/scratch/usr/hhpmbate/chroma_2pt/32x64/b5p40kp119989kp119812/lp0001_g8g2_q000_q200_q222_q420_q440_src2/correlators/baryon_qcdsf.850.b5p40kp119989kp119812-32x64.01557_0.000_420_-4-20_ptsink.lime
/scratch/usr/hhpmbate/chroma_2pt/32x64/b5p40kp119989kp119812/lp0001_g8g2_q000_q200_q222_q420_q440_src2/correlators/baryon_qcdsf.850.b5p40kp119989kp119812-32x64.01557_0.000_420_-4-20_smsnk30.lime
/scratch/usr/hhpmbate/chroma_2pt/32x64/b5p40kp119989kp119812/lp0001_g8g2_q000_q200_q222_q420_q440_src2/correlators/baryon_qcdsf.850.b5p40kp119989kp119812-32x64.01557_0.000_440_-4-40_ptsink.lime
/scratch/usr/hhpmbate/chroma_2pt/32x64/b5p40kp119989kp119812/lp0001_g8g2_q000_q200_q222_q420_q440_src2/correlators/baryon_qcdsf.850.b5p40kp119989kp119812-32x64.01557_0.000_440_-4-40_smsnk30.lime
/scratch/usr/hhpmbate/chroma_2pt/32x64/b5p40kp119989kp119812/lp0001_g8g2_q000_q200_q222_q420_q440_src2/correlators/baryon_qcdsf.850.b5p40kp119989kp119812-32x64.01558_0.000_000_ptsink.lime
/scratch/usr/hhpmbate/chroma_2pt/32x64/b5p40kp119989kp119812/lp0001_g8g2_q000_q200_q222_q420_q440_src2/correlators/baryon_qcdsf.850.b5p40kp119989kp119812-32x64.01558_0.000_000_smsnk30.lime
/scratch/usr/hhpmbate/chroma_2pt/32x64/b5p40kp119989kp119812/lp0001_g8g2_q000_q200_q222_q420_q440_src2/correlators/baryon_qcdsf.850.b5p40kp119989kp119812-32x64.01558_0.000_200_-200_ptsink.lime
/scratch/usr/hhpmbate/chroma_2pt/32x64/b5p40kp119989kp119812/lp0001_g8g2_q000_q200_q222_q420_q440_src2/correlators/baryon_qcdsf.850.b5p40kp119989kp119812-32x64.01558_0.000_200_-200_smsnk30.lime
/scratch/usr/hhpmbate/chroma_2pt/32x64/b5p40kp119989kp119812/lp0001_g8g2_q000_q200_q222_q420_q440_src2/correlators/baryon_qcdsf.850.b5p40kp119989kp119812-32x64.01558_0.000_222_-2-2-2_ptsink.lime
/scratch/usr/hhpmbate/chroma_2pt/32x64/b5p40kp119989kp119812/lp0001_g8g2_q000_q200_q222_q420_q440_src2/correlators/baryon_qcdsf.850.b5p40kp119989kp119812-32x64.01558_0.000_222_-2-2-2_smsnk30.lime
/scratch/usr/hhpmbate/chroma_2pt/32x64/b5p40kp119989kp119812/lp0001_g8g2_q000_q200_q222_q420_q440_src2/correlators/baryon_qcdsf.850.b5p40kp119989kp119812-32x64.01558_0.000_420_-4-20_ptsink.lime
/scratch/usr/hhpmbate/chroma_2pt/32x64/b5p40kp119989kp119812/lp0001_g8g2_q000_q200_q222_q420_q440_src2/correlators/baryon_qcdsf.850.b5p40kp119989kp119812-32x64.01558_0.000_420_-4-20_smsnk30.lime
/scratch/usr/hhpmbate/chroma_2pt/32x64/b5p40kp119989kp119812/lp0001_g8g2_q000_q200_q222_q420_q440_src2/correlators/baryon_qcdsf.850.b5p40kp119989kp119812-32x64.01558_0.000_440_-4-40_ptsink.lime
/scratch/usr/hhpmbate/chroma_2pt/32x64/b5p40kp119989kp119812/lp0001_g8g2_q000_q200_q222_q420_q440_src2/correlators/baryon_qcdsf.850.b5p40kp119989kp119812-32x64.01558_0.000_440_-4-40_smsnk30.lime
/scratch/usr/hhpmbate/chroma_2pt/32x64/b5p40kp119989kp119812/lp0001_g8g2_q000_q200_q222_q420_q440_src2/correlators/baryon_qcdsf.850.b5p40kp119989kp119812-32x64.01560_0.000_000_ptsink.lime
/scratch/usr/hhpmbate/chroma_2pt/32x64/b5p40kp119989kp119812/lp0001_g8g2_q000_q200_q222_q420_q440_src2/correlators/baryon_qcdsf.850.b5p40kp119989kp119812-32x64.01560_0.000_000_smsnk30.lime
/scratch/usr/hhpmbate/chroma_2pt/32x64/b5p40kp119989kp119812/lp0001_g8g2_q000_q200_q222_q420_q440_src2/correlators/baryon_qcdsf.850.b5p40kp119989kp119812-32x64.01560_0.000_200_-200_ptsink.lime
/scratch/usr/hhpmbate/chroma_2pt/32x64/b5p40kp119989kp119812/lp0001_g8g2_q000_q200_q222_q420_q440_src2/correlators/baryon_qcdsf.850.b5p40kp119989kp119812-32x64.01560_0.000_200_-200_smsnk30.lime
/scratch/usr/hhpmbate/chroma_2pt/32x64/b5p40kp119989kp119812/lp0001_g8g2_q000_q200_q222_q420_q440_src2/correlators/baryon_qcdsf.850.b5p40kp119989kp119812-32x64.01560_0.000_222_-2-2-2_ptsink.lime
/scratch/usr/hhpmbate/chroma_2pt/32x64/b5p40kp119989kp119812/lp0001_g8g2_q000_q200_q222_q420_q440_src2/correlators/baryon_qcdsf.850.b5p40kp119989kp119812-32x64.01560_0.000_222_-2-2-2_smsnk30.lime
/scratch/usr/hhpmbate/chroma_2pt/32x64/b5p40kp119989kp119812/lp0001_g8g2_q000_q200_q222_q420_q440_src2/correlators/baryon_qcdsf.850.b5p40kp119989kp119812-32x64.01560_0.000_420_-4-20_ptsink.lime
/scratch/usr/hhpmbate/chroma_2pt/32x64/b5p40kp119989kp119812/lp0001_g8g2_q000_q200_q222_q420_q440_src2/correlators/baryon_qcdsf.850.b5p40kp119989kp119812-32x64.01560_0.000_420_-4-20_smsnk30.lime
/scratch/usr/hhpmbate/chroma_2pt/32x64/b5p40kp119989kp119812/lp0001_g8g2_q000_q200_q222_q420_q440_src2/correlators/baryon_qcdsf.850.b5p40kp119989kp119812-32x64.01560_0.000_440_-4-40_ptsink.lime
/scratch/usr/hhpmbate/chroma_2pt/32x64/b5p40kp119989kp119812/lp0001_g8g2_q000_q200_q222_q420_q440_src2/correlators/baryon_qcdsf.850.b5p40kp119989kp119812-32x64.01560_0.000_440_-4-40_smsnk30.lime
/scratch/usr/hhpmbate/chroma_2pt/32x64/b5p40kp119989kp119812/lp0001_g8g2_q000_q200_q222_q420_q440_src2/correlators/baryon_qcdsf.850.b5p40kp119989kp119812-32x64.01563_0.000_000_ptsink.lime
/scratch/usr/hhpmbate/chroma_2pt/32x64/b5p40kp119989kp119812/lp0001_g8g2_q000_q200_q222_q420_q440_src2/correlators/baryon_qcdsf.850.b5p40kp119989kp119812-32x64.01563_0.000_000_smsnk30.lime
/scratch/usr/hhpmbate/chroma_2pt/32x64/b5p40kp119989kp119812/lp0001_g8g2_q000_q200_q222_q420_q440_src2/correlators/baryon_qcdsf.850.b5p40kp119989kp119812-32x64.01563_0.000_200_-200_ptsink.lime
/scratch/usr/hhpmbate/chroma_2pt/32x64/b5p40kp119989kp119812/lp0001_g8g2_q000_q200_q222_q420_q440_src2/correlators/baryon_qcdsf.850.b5p40kp119989kp119812-32x64.01563_0.000_200_-200_smsnk30.lime
/scratch/usr/hhpmbate/chroma_2pt/32x64/b5p40kp119989kp119812/lp0001_g8g2_q000_q200_q222_q420_q440_src2/correlators/baryon_qcdsf.850.b5p40kp119989kp119812-32x64.01563_0.000_222_-2-2-2_ptsink.lime
/scratch/usr/hhpmbate/chroma_2pt/32x64/b5p40kp119989kp119812/lp0001_g8g2_q000_q200_q222_q420_q440_src2/correlators/baryon_qcdsf.850.b5p40kp119989kp119812-32x64.01563_0.000_222_-2-2-2_smsnk30.lime
/scratch/usr/hhpmbate/chroma_2pt/32x64/b5p40kp119989kp119812/lp0001_g8g2_q000_q200_q222_q420_q440_src2/correlators/baryon_qcdsf.850.b5p40kp119989kp119812-32x64.01563_0.000_420_-4-20_ptsink.lime
/scratch/usr/hhpmbate/chroma_2pt/32x64/b5p40kp119989kp119812/lp0001_g8g2_q000_q200_q222_q420_q440_src2/correlators/baryon_qcdsf.850.b5p40kp119989kp119812-32x64.01563_0.000_420_-4-20_smsnk30.lime
/scratch/usr/hhpmbate/chroma_2pt/32x64/b5p40kp119989kp119812/lp0001_g8g2_q000_q200_q222_q420_q440_src2/correlators/baryon_qcdsf.850.b5p40kp119989kp119812-32x64.01563_0.000_440_-4-40_ptsink.lime
/scratch/usr/hhpmbate/chroma_2pt/32x64/b5p40kp119989kp119812/lp0001_g8g2_q000_q200_q222_q420_q440_src2/correlators/baryon_qcdsf.850.b5p40kp119989kp119812-32x64.01563_0.000_440_-4-40_smsnk30.lime
/scratch/usr/hhpmbate/chroma_2pt/32x64/b5p40kp119989kp119812/lp0001_g8g2_q000_q200_q222_q420_q440_src2/correlators/baryon_qcdsf.850.b5p40kp119989kp119812-32x64.01566_0.000_000_ptsink.lime
/scratch/usr/hhpmbate/chroma_2pt/32x64/b5p40kp119989kp119812/lp0001_g8g2_q000_q200_q222_q420_q440_src2/correlators/baryon_qcdsf.850.b5p40kp119989kp119812-32x64.01566_0.000_000_smsnk30.lime
/scratch/usr/hhpmbate/chroma_2pt/32x64/b5p40kp119989kp119812/lp0001_g8g2_q000_q200_q222_q420_q440_src2/correlators/baryon_qcdsf.850.b5p40kp119989kp119812-32x64.01566_0.000_200_-200_ptsink.lime
/scratch/usr/hhpmbate/chroma_2pt/32x64/b5p40kp119989kp119812/lp0001_g8g2_q000_q200_q222_q420_q440_src2/correlators/baryon_qcdsf.850.b5p40kp119989kp119812-32x64.01566_0.000_200_-200_smsnk30.lime
/scratch/usr/hhpmbate/chroma_2pt/32x64/b5p40kp119989kp119812/lp0001_g8g2_q000_q200_q222_q420_q440_src2/correlators/baryon_qcdsf.850.b5p40kp119989kp119812-32x64.01566_0.000_222_-2-2-2_ptsink.lime
/scratch/usr/hhpmbate/chroma_2pt/32x64/b5p40kp119989kp119812/lp0001_g8g2_q000_q200_q222_q420_q440_src2/correlators/baryon_qcdsf.850.b5p40kp119989kp119812-32x64.01566_0.000_222_-2-2-2_smsnk30.lime
/scratch/usr/hhpmbate/chroma_2pt/32x64/b5p40kp119989kp119812/lp0001_g8g2_q000_q200_q222_q420_q440_src2/correlators/baryon_qcdsf.850.b5p40kp119989kp119812-32x64.01566_0.000_420_-4-20_ptsink.lime
/scratch/usr/hhpmbate/chroma_2pt/32x64/b5p40kp119989kp119812/lp0001_g8g2_q000_q200_q222_q420_q440_src2/correlators/baryon_qcdsf.850.b5p40kp119989kp119812-32x64.01566_0.000_420_-4-20_smsnk30.lime
/scratch/usr/hhpmbate/chroma_2pt/32x64/b5p40kp119989kp119812/lp0001_g8g2_q000_q200_q222_q420_q440_src2/correlators/baryon_qcdsf.850.b5p40kp119989kp119812-32x64.01566_0.000_440_-4-40_ptsink.lime
/scratch/usr/hhpmbate/chroma_2pt/32x64/b5p40kp119989kp119812/lp0001_g8g2_q000_q200_q222_q420_q440_src2/correlators/baryon_qcdsf.850.b5p40kp119989kp119812-32x64.01566_0.000_440_-4-40_smsnk30.lime
/scratch/usr/hhpmbate/chroma_2pt/32x64/b5p40kp119989kp119812/lp0001_g8g2_q000_q200_q222_q420_q440_src2/correlators/baryon_qcdsf.850.b5p40kp119989kp119812-32x64.01571_0.000_000_ptsink.lime
/scratch/usr/hhpmbate/chroma_2pt/32x64/b5p40kp119989kp119812/lp0001_g8g2_q000_q200_q222_q420_q440_src2/correlators/baryon_qcdsf.850.b5p40kp119989kp119812-32x64.01571_0.000_000_smsnk30.lime
/scratch/usr/hhpmbate/chroma_2pt/32x64/b5p40kp119989kp119812/lp0001_g8g2_q000_q200_q222_q420_q440_src2/correlators/baryon_qcdsf.850.b5p40kp119989kp119812-32x64.01571_0.000_200_-200_ptsink.lime
/scratch/usr/hhpmbate/chroma_2pt/32x64/b5p40kp119989kp119812/lp0001_g8g2_q000_q200_q222_q420_q440_src2/correlators/baryon_qcdsf.850.b5p40kp119989kp119812-32x64.01571_0.000_200_-200_smsnk30.lime
/scratch/usr/hhpmbate/chroma_2pt/32x64/b5p40kp119989kp119812/lp0001_g8g2_q000_q200_q222_q420_q440_src2/correlators/baryon_qcdsf.850.b5p40kp119989kp119812-32x64.01571_0.000_222_-2-2-2_ptsink.lime
/scratch/usr/hhpmbate/chroma_2pt/32x64/b5p40kp119989kp119812/lp0001_g8g2_q000_q200_q222_q420_q440_src2/correlators/baryon_qcdsf.850.b5p40kp119989kp119812-32x64.01571_0.000_222_-2-2-2_smsnk30.lime
/scratch/usr/hhpmbate/chroma_2pt/32x64/b5p40kp119989kp119812/lp0001_g8g2_q000_q200_q222_q420_q440_src2/correlators/baryon_qcdsf.850.b5p40kp119989kp119812-32x64.01571_0.000_420_-4-20_ptsink.lime
/scratch/usr/hhpmbate/chroma_2pt/32x64/b5p40kp119989kp119812/lp0001_g8g2_q000_q200_q222_q420_q440_src2/correlators/baryon_qcdsf.850.b5p40kp119989kp119812-32x64.01571_0.000_420_-4-20_smsnk30.lime
/scratch/usr/hhpmbate/chroma_2pt/32x64/b5p40kp119989kp119812/lp0001_g8g2_q000_q200_q222_q420_q440_src2/correlators/baryon_qcdsf.850.b5p40kp119989kp119812-32x64.01571_0.000_440_-4-40_ptsink.lime
/scratch/usr/hhpmbate/chroma_2pt/32x64/b5p40kp119989kp119812/lp0001_g8g2_q000_q200_q222_q420_q440_src2/correlators/baryon_qcdsf.850.b5p40kp119989kp119812-32x64.01571_0.000_440_-4-40_smsnk30.lime
/scratch/usr/hhpmbate/chroma_2pt/32x64/b5p40kp119989kp119812/lp0001_g8g2_q000_q200_q222_q420_q440_src2/correlators/baryon_qcdsf.850.b5p40kp119989kp119812-32x64.01577_0.000_000_ptsink.lime
/scratch/usr/hhpmbate/chroma_2pt/32x64/b5p40kp119989kp119812/lp0001_g8g2_q000_q200_q222_q420_q440_src2/correlators/baryon_qcdsf.850.b5p40kp119989kp119812-32x64.01577_0.000_000_smsnk30.lime
/scratch/usr/hhpmbate/chroma_2pt/32x64/b5p40kp119989kp119812/lp0001_g8g2_q000_q200_q222_q420_q440_src2/correlators/baryon_qcdsf.850.b5p40kp119989kp119812-32x64.01577_0.000_200_-200_ptsink.lime
/scratch/usr/hhpmbate/chroma_2pt/32x64/b5p40kp119989kp119812/lp0001_g8g2_q000_q200_q222_q420_q440_src2/correlators/baryon_qcdsf.850.b5p40kp119989kp119812-32x64.01577_0.000_200_-200_smsnk30.lime
/scratch/usr/hhpmbate/chroma_2pt/32x64/b5p40kp119989kp119812/lp0001_g8g2_q000_q200_q222_q420_q440_src2/correlators/baryon_qcdsf.850.b5p40kp119989kp119812-32x64.01577_0.000_222_-2-2-2_ptsink.lime
/scratch/usr/hhpmbate/chroma_2pt/32x64/b5p40kp119989kp119812/lp0001_g8g2_q000_q200_q222_q420_q440_src2/correlators/baryon_qcdsf.850.b5p40kp119989kp119812-32x64.01577_0.000_222_-2-2-2_smsnk30.lime
/scratch/usr/hhpmbate/chroma_2pt/32x64/b5p40kp119989kp119812/lp0001_g8g2_q000_q200_q222_q420_q440_src2/correlators/baryon_qcdsf.850.b5p40kp119989kp119812-32x64.01577_0.000_420_-4-20_ptsink.lime
/scratch/usr/hhpmbate/chroma_2pt/32x64/b5p40kp119989kp119812/lp0001_g8g2_q000_q200_q222_q420_q440_src2/correlators/baryon_qcdsf.850.b5p40kp119989kp119812-32x64.01577_0.000_420_-4-20_smsnk30.lime
/scratch/usr/hhpmbate/chroma_2pt/32x64/b5p40kp119989kp119812/lp0001_g8g2_q000_q200_q222_q420_q440_src2/correlators/baryon_qcdsf.850.b5p40kp119989kp119812-32x64.01577_0.000_440_-4-40_ptsink.lime
/scratch/usr/hhpmbate/chroma_2pt/32x64/b5p40kp119989kp119812/lp0001_g8g2_q000_q200_q222_q420_q440_src2/correlators/baryon_qcdsf.850.b5p40kp119989kp119812-32x64.01577_0.000_440_-4-40_smsnk30.lime
/scratch/usr/hhpmbate/chroma_2pt/32x64/b5p40kp119989kp119812/lp0001_g8g2_q000_q200_q222_q420_q440_src2/correlators/baryon_qcdsf.850.b5p40kp119989kp119812-32x64.01580_0.000_000_ptsink.lime
/scratch/usr/hhpmbate/chroma_2pt/32x64/b5p40kp119989kp119812/lp0001_g8g2_q000_q200_q222_q420_q440_src2/correlators/baryon_qcdsf.850.b5p40kp119989kp119812-32x64.01580_0.000_000_smsnk30.lime
/scratch/usr/hhpmbate/chroma_2pt/32x64/b5p40kp119989kp119812/lp0001_g8g2_q000_q200_q222_q420_q440_src2/correlators/baryon_qcdsf.850.b5p40kp119989kp119812-32x64.01580_0.000_200_-200_ptsink.lime
/scratch/usr/hhpmbate/chroma_2pt/32x64/b5p40kp119989kp119812/lp0001_g8g2_q000_q200_q222_q420_q440_src2/correlators/baryon_qcdsf.850.b5p40kp119989kp119812-32x64.01580_0.000_200_-200_smsnk30.lime
/scratch/usr/hhpmbate/chroma_2pt/32x64/b5p40kp119989kp119812/lp0001_g8g2_q000_q200_q222_q420_q440_src2/correlators/baryon_qcdsf.850.b5p40kp119989kp119812-32x64.01580_0.000_222_-2-2-2_ptsink.lime
/scratch/usr/hhpmbate/chroma_2pt/32x64/b5p40kp119989kp119812/lp0001_g8g2_q000_q200_q222_q420_q440_src2/correlators/baryon_qcdsf.850.b5p40kp119989kp119812-32x64.01580_0.000_222_-2-2-2_smsnk30.lime
/scratch/usr/hhpmbate/chroma_2pt/32x64/b5p40kp119989kp119812/lp0001_g8g2_q000_q200_q222_q420_q440_src2/correlators/baryon_qcdsf.850.b5p40kp119989kp119812-32x64.01580_0.000_420_-4-20_ptsink.lime
/scratch/usr/hhpmbate/chroma_2pt/32x64/b5p40kp119989kp119812/lp0001_g8g2_q000_q200_q222_q420_q440_src2/correlators/baryon_qcdsf.850.b5p40kp119989kp119812-32x64.01580_0.000_420_-4-20_smsnk30.lime
/scratch/usr/hhpmbate/chroma_2pt/32x64/b5p40kp119989kp119812/lp0001_g8g2_q000_q200_q222_q420_q440_src2/correlators/baryon_qcdsf.850.b5p40kp119989kp119812-32x64.01580_0.000_440_-4-40_ptsink.lime
/scratch/usr/hhpmbate/chroma_2pt/32x64/b5p40kp119989kp119812/lp0001_g8g2_q000_q200_q222_q420_q440_src2/correlators/baryon_qcdsf.850.b5p40kp119989kp119812-32x64.01580_0.000_440_-4-40_smsnk30.lime
/scratch/usr/hhpmbate/chroma_2pt/32x64/b5p40kp119989kp119812/lp0001_g8g2_q000_q200_q222_q420_q440_src2/correlators/baryon_qcdsf.850.b5p40kp119989kp119812-32x64.01582_0.000_000_ptsink.lime
/scratch/usr/hhpmbate/chroma_2pt/32x64/b5p40kp119989kp119812/lp0001_g8g2_q000_q200_q222_q420_q440_src2/correlators/baryon_qcdsf.850.b5p40kp119989kp119812-32x64.01582_0.000_000_smsnk30.lime
/scratch/usr/hhpmbate/chroma_2pt/32x64/b5p40kp119989kp119812/lp0001_g8g2_q000_q200_q222_q420_q440_src2/correlators/baryon_qcdsf.850.b5p40kp119989kp119812-32x64.01582_0.000_200_-200_ptsink.lime
/scratch/usr/hhpmbate/chroma_2pt/32x64/b5p40kp119989kp119812/lp0001_g8g2_q000_q200_q222_q420_q440_src2/correlators/baryon_qcdsf.850.b5p40kp119989kp119812-32x64.01582_0.000_200_-200_smsnk30.lime
/scratch/usr/hhpmbate/chroma_2pt/32x64/b5p40kp119989kp119812/lp0001_g8g2_q000_q200_q222_q420_q440_src2/correlators/baryon_qcdsf.850.b5p40kp119989kp119812-32x64.01582_0.000_222_-2-2-2_ptsink.lime
/scratch/usr/hhpmbate/chroma_2pt/32x64/b5p40kp119989kp119812/lp0001_g8g2_q000_q200_q222_q420_q440_src2/correlators/baryon_qcdsf.850.b5p40kp119989kp119812-32x64.01582_0.000_222_-2-2-2_smsnk30.lime
/scratch/usr/hhpmbate/chroma_2pt/32x64/b5p40kp119989kp119812/lp0001_g8g2_q000_q200_q222_q420_q440_src2/correlators/baryon_qcdsf.850.b5p40kp119989kp119812-32x64.01582_0.000_420_-4-20_ptsink.lime
/scratch/usr/hhpmbate/chroma_2pt/32x64/b5p40kp119989kp119812/lp0001_g8g2_q000_q200_q222_q420_q440_src2/correlators/baryon_qcdsf.850.b5p40kp119989kp119812-32x64.01582_0.000_420_-4-20_smsnk30.lime
/scratch/usr/hhpmbate/chroma_2pt/32x64/b5p40kp119989kp119812/lp0001_g8g2_q000_q200_q222_q420_q440_src2/correlators/baryon_qcdsf.850.b5p40kp119989kp119812-32x64.01582_0.000_440_-4-40_ptsink.lime
/scratch/usr/hhpmbate/chroma_2pt/32x64/b5p40kp119989kp119812/lp0001_g8g2_q000_q200_q222_q420_q440_src2/correlators/baryon_qcdsf.850.b5p40kp119989kp119812-32x64.01582_0.000_440_-4-40_smsnk30.lime
/scratch/usr/hhpmbate/chroma_2pt/32x64/b5p40kp119989kp119812/lp0001_g8g2_q000_q200_q222_q420_q440_src2/correlators/baryon_qcdsf.850.b5p40kp119989kp119812-32x64.01587_0.000_000_ptsink.lime
/scratch/usr/hhpmbate/chroma_2pt/32x64/b5p40kp119989kp119812/lp0001_g8g2_q000_q200_q222_q420_q440_src2/correlators/baryon_qcdsf.850.b5p40kp119989kp119812-32x64.01587_0.000_000_smsnk30.lime
/scratch/usr/hhpmbate/chroma_2pt/32x64/b5p40kp119989kp119812/lp0001_g8g2_q000_q200_q222_q420_q440_src2/correlators/baryon_qcdsf.850.b5p40kp119989kp119812-32x64.01587_0.000_200_-200_ptsink.lime
/scratch/usr/hhpmbate/chroma_2pt/32x64/b5p40kp119989kp119812/lp0001_g8g2_q000_q200_q222_q420_q440_src2/correlators/baryon_qcdsf.850.b5p40kp119989kp119812-32x64.01587_0.000_200_-200_smsnk30.lime
/scratch/usr/hhpmbate/chroma_2pt/32x64/b5p40kp119989kp119812/lp0001_g8g2_q000_q200_q222_q420_q440_src2/correlators/baryon_qcdsf.850.b5p40kp119989kp119812-32x64.01587_0.000_222_-2-2-2_ptsink.lime
/scratch/usr/hhpmbate/chroma_2pt/32x64/b5p40kp119989kp119812/lp0001_g8g2_q000_q200_q222_q420_q440_src2/correlators/baryon_qcdsf.850.b5p40kp119989kp119812-32x64.01587_0.000_222_-2-2-2_smsnk30.lime
/scratch/usr/hhpmbate/chroma_2pt/32x64/b5p40kp119989kp119812/lp0001_g8g2_q000_q200_q222_q420_q440_src2/correlators/baryon_qcdsf.850.b5p40kp119989kp119812-32x64.01587_0.000_420_-4-20_ptsink.lime
/scratch/usr/hhpmbate/chroma_2pt/32x64/b5p40kp119989kp119812/lp0001_g8g2_q000_q200_q222_q420_q440_src2/correlators/baryon_qcdsf.850.b5p40kp119989kp119812-32x64.01587_0.000_420_-4-20_smsnk30.lime
/scratch/usr/hhpmbate/chroma_2pt/32x64/b5p40kp119989kp119812/lp0001_g8g2_q000_q200_q222_q420_q440_src2/correlators/baryon_qcdsf.850.b5p40kp119989kp119812-32x64.01587_0.000_440_-4-40_ptsink.lime
/scratch/usr/hhpmbate/chroma_2pt/32x64/b5p40kp119989kp119812/lp0001_g8g2_q000_q200_q222_q420_q440_src2/correlators/baryon_qcdsf.850.b5p40kp119989kp119812-32x64.01587_0.000_440_-4-40_smsnk30.lime
/scratch/usr/hhpmbate/chroma_2pt/32x64/b5p40kp119989kp119812/lp0001_g8g2_q000_q200_q222_q420_q440_src2/correlators/baryon_qcdsf.850.b5p40kp119989kp119812-32x64.01590_0.000_000_ptsink.lime
/scratch/usr/hhpmbate/chroma_2pt/32x64/b5p40kp119989kp119812/lp0001_g8g2_q000_q200_q222_q420_q440_src2/correlators/baryon_qcdsf.850.b5p40kp119989kp119812-32x64.01590_0.000_000_smsnk30.lime
/scratch/usr/hhpmbate/chroma_2pt/32x64/b5p40kp119989kp119812/lp0001_g8g2_q000_q200_q222_q420_q440_src2/correlators/baryon_qcdsf.850.b5p40kp119989kp119812-32x64.01590_0.000_200_-200_ptsink.lime
/scratch/usr/hhpmbate/chroma_2pt/32x64/b5p40kp119989kp119812/lp0001_g8g2_q000_q200_q222_q420_q440_src2/correlators/baryon_qcdsf.850.b5p40kp119989kp119812-32x64.01590_0.000_200_-200_smsnk30.lime
/scratch/usr/hhpmbate/chroma_2pt/32x64/b5p40kp119989kp119812/lp0001_g8g2_q000_q200_q222_q420_q440_src2/correlators/baryon_qcdsf.850.b5p40kp119989kp119812-32x64.01590_0.000_222_-2-2-2_ptsink.lime
/scratch/usr/hhpmbate/chroma_2pt/32x64/b5p40kp119989kp119812/lp0001_g8g2_q000_q200_q222_q420_q440_src2/correlators/baryon_qcdsf.850.b5p40kp119989kp119812-32x64.01590_0.000_222_-2-2-2_smsnk30.lime
/scratch/usr/hhpmbate/chroma_2pt/32x64/b5p40kp119989kp119812/lp0001_g8g2_q000_q200_q222_q420_q440_src2/correlators/baryon_qcdsf.850.b5p40kp119989kp119812-32x64.01590_0.000_420_-4-20_ptsink.lime
/scratch/usr/hhpmbate/chroma_2pt/32x64/b5p40kp119989kp119812/lp0001_g8g2_q000_q200_q222_q420_q440_src2/correlators/baryon_qcdsf.850.b5p40kp119989kp119812-32x64.01590_0.000_420_-4-20_smsnk30.lime
/scratch/usr/hhpmbate/chroma_2pt/32x64/b5p40kp119989kp119812/lp0001_g8g2_q000_q200_q222_q420_q440_src2/correlators/baryon_qcdsf.850.b5p40kp119989kp119812-32x64.01590_0.000_440_-4-40_ptsink.lime
/scratch/usr/hhpmbate/chroma_2pt/32x64/b5p40kp119989kp119812/lp0001_g8g2_q000_q200_q222_q420_q440_src2/correlators/baryon_qcdsf.850.b5p40kp119989kp119812-32x64.01590_0.000_440_-4-40_smsnk30.lime
/scratch/usr/hhpmbate/chroma_2pt/32x64/b5p40kp119989kp119812/lp0001_g8g2_q000_q200_q222_q420_q440_src2/correlators/baryon_qcdsf.850.b5p40kp119989kp119812-32x64.01591_0.000_000_ptsink.lime
/scratch/usr/hhpmbate/chroma_2pt/32x64/b5p40kp119989kp119812/lp0001_g8g2_q000_q200_q222_q420_q440_src2/correlators/baryon_qcdsf.850.b5p40kp119989kp119812-32x64.01591_0.000_000_smsnk30.lime
/scratch/usr/hhpmbate/chroma_2pt/32x64/b5p40kp119989kp119812/lp0001_g8g2_q000_q200_q222_q420_q440_src2/correlators/baryon_qcdsf.850.b5p40kp119989kp119812-32x64.01591_0.000_200_-200_ptsink.lime
/scratch/usr/hhpmbate/chroma_2pt/32x64/b5p40kp119989kp119812/lp0001_g8g2_q000_q200_q222_q420_q440_src2/correlators/baryon_qcdsf.850.b5p40kp119989kp119812-32x64.01591_0.000_200_-200_smsnk30.lime
/scratch/usr/hhpmbate/chroma_2pt/32x64/b5p40kp119989kp119812/lp0001_g8g2_q000_q200_q222_q420_q440_src2/correlators/baryon_qcdsf.850.b5p40kp119989kp119812-32x64.01591_0.000_222_-2-2-2_ptsink.lime
/scratch/usr/hhpmbate/chroma_2pt/32x64/b5p40kp119989kp119812/lp0001_g8g2_q000_q200_q222_q420_q440_src2/correlators/baryon_qcdsf.850.b5p40kp119989kp119812-32x64.01591_0.000_222_-2-2-2_smsnk30.lime
/scratch/usr/hhpmbate/chroma_2pt/32x64/b5p40kp119989kp119812/lp0001_g8g2_q000_q200_q222_q420_q440_src2/correlators/baryon_qcdsf.850.b5p40kp119989kp119812-32x64.01591_0.000_420_-4-20_ptsink.lime
/scratch/usr/hhpmbate/chroma_2pt/32x64/b5p40kp119989kp119812/lp0001_g8g2_q000_q200_q222_q420_q440_src2/correlators/baryon_qcdsf.850.b5p40kp119989kp119812-32x64.01591_0.000_420_-4-20_smsnk30.lime
/scratch/usr/hhpmbate/chroma_2pt/32x64/b5p40kp119989kp119812/lp0001_g8g2_q000_q200_q222_q420_q440_src2/correlators/baryon_qcdsf.850.b5p40kp119989kp119812-32x64.01591_0.000_440_-4-40_ptsink.lime
/scratch/usr/hhpmbate/chroma_2pt/32x64/b5p40kp119989kp119812/lp0001_g8g2_q000_q200_q222_q420_q440_src2/correlators/baryon_qcdsf.850.b5p40kp119989kp119812-32x64.01591_0.000_440_-4-40_smsnk30.lime
/scratch/usr/hhpmbate/chroma_2pt/32x64/b5p40kp119989kp119812/lp0001_g8g2_q000_q200_q222_q420_q440_src2/correlators/baryon_qcdsf.850.b5p40kp119989kp119812-32x64.01593_0.000_000_ptsink.lime
/scratch/usr/hhpmbate/chroma_2pt/32x64/b5p40kp119989kp119812/lp0001_g8g2_q000_q200_q222_q420_q440_src2/correlators/baryon_qcdsf.850.b5p40kp119989kp119812-32x64.01593_0.000_000_smsnk30.lime
/scratch/usr/hhpmbate/chroma_2pt/32x64/b5p40kp119989kp119812/lp0001_g8g2_q000_q200_q222_q420_q440_src2/correlators/baryon_qcdsf.850.b5p40kp119989kp119812-32x64.01593_0.000_200_-200_ptsink.lime
/scratch/usr/hhpmbate/chroma_2pt/32x64/b5p40kp119989kp119812/lp0001_g8g2_q000_q200_q222_q420_q440_src2/correlators/baryon_qcdsf.850.b5p40kp119989kp119812-32x64.01593_0.000_200_-200_smsnk30.lime
/scratch/usr/hhpmbate/chroma_2pt/32x64/b5p40kp119989kp119812/lp0001_g8g2_q000_q200_q222_q420_q440_src2/correlators/baryon_qcdsf.850.b5p40kp119989kp119812-32x64.01593_0.000_222_-2-2-2_ptsink.lime
/scratch/usr/hhpmbate/chroma_2pt/32x64/b5p40kp119989kp119812/lp0001_g8g2_q000_q200_q222_q420_q440_src2/correlators/baryon_qcdsf.850.b5p40kp119989kp119812-32x64.01593_0.000_222_-2-2-2_smsnk30.lime
/scratch/usr/hhpmbate/chroma_2pt/32x64/b5p40kp119989kp119812/lp0001_g8g2_q000_q200_q222_q420_q440_src2/correlators/baryon_qcdsf.850.b5p40kp119989kp119812-32x64.01593_0.000_420_-4-20_ptsink.lime
/scratch/usr/hhpmbate/chroma_2pt/32x64/b5p40kp119989kp119812/lp0001_g8g2_q000_q200_q222_q420_q440_src2/correlators/baryon_qcdsf.850.b5p40kp119989kp119812-32x64.01593_0.000_420_-4-20_smsnk30.lime
/scratch/usr/hhpmbate/chroma_2pt/32x64/b5p40kp119989kp119812/lp0001_g8g2_q000_q200_q222_q420_q440_src2/correlators/baryon_qcdsf.850.b5p40kp119989kp119812-32x64.01593_0.000_440_-4-40_ptsink.lime
/scratch/usr/hhpmbate/chroma_2pt/32x64/b5p40kp119989kp119812/lp0001_g8g2_q000_q200_q222_q420_q440_src2/correlators/baryon_qcdsf.850.b5p40kp119989kp119812-32x64.01593_0.000_440_-4-40_smsnk30.lime
/scratch/usr/hhpmbate/chroma_2pt/32x64/b5p40kp119989kp119812/lp0001_g8g2_q000_q200_q222_q420_q440_src2/correlators/baryon_qcdsf.850.b5p40kp119989kp119812-32x64.01594_0.000_000_ptsink.lime
/scratch/usr/hhpmbate/chroma_2pt/32x64/b5p40kp119989kp119812/lp0001_g8g2_q000_q200_q222_q420_q440_src2/correlators/baryon_qcdsf.850.b5p40kp119989kp119812-32x64.01594_0.000_000_smsnk30.lime
/scratch/usr/hhpmbate/chroma_2pt/32x64/b5p40kp119989kp119812/lp0001_g8g2_q000_q200_q222_q420_q440_src2/correlators/baryon_qcdsf.850.b5p40kp119989kp119812-32x64.01594_0.000_200_-200_ptsink.lime
/scratch/usr/hhpmbate/chroma_2pt/32x64/b5p40kp119989kp119812/lp0001_g8g2_q000_q200_q222_q420_q440_src2/correlators/baryon_qcdsf.850.b5p40kp119989kp119812-32x64.01594_0.000_200_-200_smsnk30.lime
/scratch/usr/hhpmbate/chroma_2pt/32x64/b5p40kp119989kp119812/lp0001_g8g2_q000_q200_q222_q420_q440_src2/correlators/baryon_qcdsf.850.b5p40kp119989kp119812-32x64.01594_0.000_222_-2-2-2_ptsink.lime
/scratch/usr/hhpmbate/chroma_2pt/32x64/b5p40kp119989kp119812/lp0001_g8g2_q000_q200_q222_q420_q440_src2/correlators/baryon_qcdsf.850.b5p40kp119989kp119812-32x64.01594_0.000_222_-2-2-2_smsnk30.lime
/scratch/usr/hhpmbate/chroma_2pt/32x64/b5p40kp119989kp119812/lp0001_g8g2_q000_q200_q222_q420_q440_src2/correlators/baryon_qcdsf.850.b5p40kp119989kp119812-32x64.01594_0.000_420_-4-20_ptsink.lime
/scratch/usr/hhpmbate/chroma_2pt/32x64/b5p40kp119989kp119812/lp0001_g8g2_q000_q200_q222_q420_q440_src2/correlators/baryon_qcdsf.850.b5p40kp119989kp119812-32x64.01594_0.000_420_-4-20_smsnk30.lime
/scratch/usr/hhpmbate/chroma_2pt/32x64/b5p40kp119989kp119812/lp0001_g8g2_q000_q200_q222_q420_q440_src2/correlators/baryon_qcdsf.850.b5p40kp119989kp119812-32x64.01594_0.000_440_-4-40_ptsink.lime
/scratch/usr/hhpmbate/chroma_2pt/32x64/b5p40kp119989kp119812/lp0001_g8g2_q000_q200_q222_q420_q440_src2/correlators/baryon_qcdsf.850.b5p40kp119989kp119812-32x64.01594_0.000_440_-4-40_smsnk30.lime
/scratch/usr/hhpmbate/chroma_2pt/32x64/b5p40kp119989kp119812/lp0001_g8g2_q000_q200_q222_q420_q440_src2/correlators/baryon_qcdsf.850.b5p40kp119989kp119812-32x64.01599_0.000_000_ptsink.lime
/scratch/usr/hhpmbate/chroma_2pt/32x64/b5p40kp119989kp119812/lp0001_g8g2_q000_q200_q222_q420_q440_src2/correlators/baryon_qcdsf.850.b5p40kp119989kp119812-32x64.01599_0.000_000_smsnk30.lime
/scratch/usr/hhpmbate/chroma_2pt/32x64/b5p40kp119989kp119812/lp0001_g8g2_q000_q200_q222_q420_q440_src2/correlators/baryon_qcdsf.850.b5p40kp119989kp119812-32x64.01599_0.000_200_-200_ptsink.lime
/scratch/usr/hhpmbate/chroma_2pt/32x64/b5p40kp119989kp119812/lp0001_g8g2_q000_q200_q222_q420_q440_src2/correlators/baryon_qcdsf.850.b5p40kp119989kp119812-32x64.01599_0.000_200_-200_smsnk30.lime
/scratch/usr/hhpmbate/chroma_2pt/32x64/b5p40kp119989kp119812/lp0001_g8g2_q000_q200_q222_q420_q440_src2/correlators/baryon_qcdsf.850.b5p40kp119989kp119812-32x64.01599_0.000_222_-2-2-2_ptsink.lime
/scratch/usr/hhpmbate/chroma_2pt/32x64/b5p40kp119989kp119812/lp0001_g8g2_q000_q200_q222_q420_q440_src2/correlators/baryon_qcdsf.850.b5p40kp119989kp119812-32x64.01599_0.000_222_-2-2-2_smsnk30.lime
/scratch/usr/hhpmbate/chroma_2pt/32x64/b5p40kp119989kp119812/lp0001_g8g2_q000_q200_q222_q420_q440_src2/correlators/baryon_qcdsf.850.b5p40kp119989kp119812-32x64.01599_0.000_420_-4-20_ptsink.lime
/scratch/usr/hhpmbate/chroma_2pt/32x64/b5p40kp119989kp119812/lp0001_g8g2_q000_q200_q222_q420_q440_src2/correlators/baryon_qcdsf.850.b5p40kp119989kp119812-32x64.01599_0.000_420_-4-20_smsnk30.lime
/scratch/usr/hhpmbate/chroma_2pt/32x64/b5p40kp119989kp119812/lp0001_g8g2_q000_q200_q222_q420_q440_src2/correlators/baryon_qcdsf.850.b5p40kp119989kp119812-32x64.01599_0.000_440_-4-40_ptsink.lime
/scratch/usr/hhpmbate/chroma_2pt/32x64/b5p40kp119989kp119812/lp0001_g8g2_q000_q200_q222_q420_q440_src2/correlators/baryon_qcdsf.850.b5p40kp119989kp119812-32x64.01599_0.000_440_-4-40_smsnk30.lime
/scratch/usr/hhpmbate/chroma_2pt/32x64/b5p40kp119989kp119812/lp0001_g8g2_q000_q200_q222_q420_q440_src2/correlators/baryon_qcdsf.850.b5p40kp119989kp119812-32x64.01600_0.000_000_ptsink.lime
/scratch/usr/hhpmbate/chroma_2pt/32x64/b5p40kp119989kp119812/lp0001_g8g2_q000_q200_q222_q420_q440_src2/correlators/baryon_qcdsf.850.b5p40kp119989kp119812-32x64.01600_0.000_000_smsnk30.lime
/scratch/usr/hhpmbate/chroma_2pt/32x64/b5p40kp119989kp119812/lp0001_g8g2_q000_q200_q222_q420_q440_src2/correlators/baryon_qcdsf.850.b5p40kp119989kp119812-32x64.01600_0.000_200_-200_ptsink.lime
/scratch/usr/hhpmbate/chroma_2pt/32x64/b5p40kp119989kp119812/lp0001_g8g2_q000_q200_q222_q420_q440_src2/correlators/baryon_qcdsf.850.b5p40kp119989kp119812-32x64.01600_0.000_200_-200_smsnk30.lime
/scratch/usr/hhpmbate/chroma_2pt/32x64/b5p40kp119989kp119812/lp0001_g8g2_q000_q200_q222_q420_q440_src2/correlators/baryon_qcdsf.850.b5p40kp119989kp119812-32x64.01600_0.000_222_-2-2-2_ptsink.lime
/scratch/usr/hhpmbate/chroma_2pt/32x64/b5p40kp119989kp119812/lp0001_g8g2_q000_q200_q222_q420_q440_src2/correlators/baryon_qcdsf.850.b5p40kp119989kp119812-32x64.01600_0.000_222_-2-2-2_smsnk30.lime
/scratch/usr/hhpmbate/chroma_2pt/32x64/b5p40kp119989kp119812/lp0001_g8g2_q000_q200_q222_q420_q440_src2/correlators/baryon_qcdsf.850.b5p40kp119989kp119812-32x64.01600_0.000_420_-4-20_ptsink.lime
/scratch/usr/hhpmbate/chroma_2pt/32x64/b5p40kp119989kp119812/lp0001_g8g2_q000_q200_q222_q420_q440_src2/correlators/baryon_qcdsf.850.b5p40kp119989kp119812-32x64.01600_0.000_420_-4-20_smsnk30.lime
/scratch/usr/hhpmbate/chroma_2pt/32x64/b5p40kp119989kp119812/lp0001_g8g2_q000_q200_q222_q420_q440_src2/correlators/baryon_qcdsf.850.b5p40kp119989kp119812-32x64.01600_0.000_440_-4-40_ptsink.lime
/scratch/usr/hhpmbate/chroma_2pt/32x64/b5p40kp119989kp119812/lp0001_g8g2_q000_q200_q222_q420_q440_src2/correlators/baryon_qcdsf.850.b5p40kp119989kp119812-32x64.01600_0.000_440_-4-40_smsnk30.lime
/scratch/usr/hhpmbate/chroma_2pt/32x64/b5p40kp119989kp119812/lp0001_g8g2_q000_q200_q222_q420_q440_src2/correlators/baryon_qcdsf.850.b5p40kp119989kp119812-32x64.01602_0.000_000_ptsink.lime
/scratch/usr/hhpmbate/chroma_2pt/32x64/b5p40kp119989kp119812/lp0001_g8g2_q000_q200_q222_q420_q440_src2/correlators/baryon_qcdsf.850.b5p40kp119989kp119812-32x64.01602_0.000_000_smsnk30.lime
/scratch/usr/hhpmbate/chroma_2pt/32x64/b5p40kp119989kp119812/lp0001_g8g2_q000_q200_q222_q420_q440_src2/correlators/baryon_qcdsf.850.b5p40kp119989kp119812-32x64.01602_0.000_200_-200_ptsink.lime
/scratch/usr/hhpmbate/chroma_2pt/32x64/b5p40kp119989kp119812/lp0001_g8g2_q000_q200_q222_q420_q440_src2/correlators/baryon_qcdsf.850.b5p40kp119989kp119812-32x64.01602_0.000_200_-200_smsnk30.lime
/scratch/usr/hhpmbate/chroma_2pt/32x64/b5p40kp119989kp119812/lp0001_g8g2_q000_q200_q222_q420_q440_src2/correlators/baryon_qcdsf.850.b5p40kp119989kp119812-32x64.01602_0.000_222_-2-2-2_ptsink.lime
/scratch/usr/hhpmbate/chroma_2pt/32x64/b5p40kp119989kp119812/lp0001_g8g2_q000_q200_q222_q420_q440_src2/correlators/baryon_qcdsf.850.b5p40kp119989kp119812-32x64.01602_0.000_222_-2-2-2_smsnk30.lime
/scratch/usr/hhpmbate/chroma_2pt/32x64/b5p40kp119989kp119812/lp0001_g8g2_q000_q200_q222_q420_q440_src2/correlators/baryon_qcdsf.850.b5p40kp119989kp119812-32x64.01602_0.000_420_-4-20_ptsink.lime
/scratch/usr/hhpmbate/chroma_2pt/32x64/b5p40kp119989kp119812/lp0001_g8g2_q000_q200_q222_q420_q440_src2/correlators/baryon_qcdsf.850.b5p40kp119989kp119812-32x64.01602_0.000_420_-4-20_smsnk30.lime
/scratch/usr/hhpmbate/chroma_2pt/32x64/b5p40kp119989kp119812/lp0001_g8g2_q000_q200_q222_q420_q440_src2/correlators/baryon_qcdsf.850.b5p40kp119989kp119812-32x64.01602_0.000_440_-4-40_ptsink.lime
/scratch/usr/hhpmbate/chroma_2pt/32x64/b5p40kp119989kp119812/lp0001_g8g2_q000_q200_q222_q420_q440_src2/correlators/baryon_qcdsf.850.b5p40kp119989kp119812-32x64.01602_0.000_440_-4-40_smsnk30.lime
/scratch/usr/hhpmbate/chroma_2pt/32x64/b5p40kp119989kp119812/lp0001_g8g2_q000_q200_q222_q420_q440_src2/correlators/baryon_qcdsf.850.b5p40kp119989kp119812-32x64.01607_0.000_000_ptsink.lime
/scratch/usr/hhpmbate/chroma_2pt/32x64/b5p40kp119989kp119812/lp0001_g8g2_q000_q200_q222_q420_q440_src2/correlators/baryon_qcdsf.850.b5p40kp119989kp119812-32x64.01607_0.000_000_smsnk30.lime
/scratch/usr/hhpmbate/chroma_2pt/32x64/b5p40kp119989kp119812/lp0001_g8g2_q000_q200_q222_q420_q440_src2/correlators/baryon_qcdsf.850.b5p40kp119989kp119812-32x64.01607_0.000_200_-200_ptsink.lime
/scratch/usr/hhpmbate/chroma_2pt/32x64/b5p40kp119989kp119812/lp0001_g8g2_q000_q200_q222_q420_q440_src2/correlators/baryon_qcdsf.850.b5p40kp119989kp119812-32x64.01607_0.000_200_-200_smsnk30.lime
/scratch/usr/hhpmbate/chroma_2pt/32x64/b5p40kp119989kp119812/lp0001_g8g2_q000_q200_q222_q420_q440_src2/correlators/baryon_qcdsf.850.b5p40kp119989kp119812-32x64.01607_0.000_222_-2-2-2_ptsink.lime
/scratch/usr/hhpmbate/chroma_2pt/32x64/b5p40kp119989kp119812/lp0001_g8g2_q000_q200_q222_q420_q440_src2/correlators/baryon_qcdsf.850.b5p40kp119989kp119812-32x64.01607_0.000_222_-2-2-2_smsnk30.lime
/scratch/usr/hhpmbate/chroma_2pt/32x64/b5p40kp119989kp119812/lp0001_g8g2_q000_q200_q222_q420_q440_src2/correlators/baryon_qcdsf.850.b5p40kp119989kp119812-32x64.01607_0.000_420_-4-20_ptsink.lime
/scratch/usr/hhpmbate/chroma_2pt/32x64/b5p40kp119989kp119812/lp0001_g8g2_q000_q200_q222_q420_q440_src2/correlators/baryon_qcdsf.850.b5p40kp119989kp119812-32x64.01607_0.000_420_-4-20_smsnk30.lime
/scratch/usr/hhpmbate/chroma_2pt/32x64/b5p40kp119989kp119812/lp0001_g8g2_q000_q200_q222_q420_q440_src2/correlators/baryon_qcdsf.850.b5p40kp119989kp119812-32x64.01607_0.000_440_-4-40_ptsink.lime
/scratch/usr/hhpmbate/chroma_2pt/32x64/b5p40kp119989kp119812/lp0001_g8g2_q000_q200_q222_q420_q440_src2/correlators/baryon_qcdsf.850.b5p40kp119989kp119812-32x64.01607_0.000_440_-4-40_smsnk30.lime
/scratch/usr/hhpmbate/chroma_2pt/32x64/b5p40kp119989kp119812/lp0001_g8g2_q000_q200_q222_q420_q440_src2/correlators/baryon_qcdsf.850.b5p40kp119989kp119812-32x64.01608_0.000_000_ptsink.lime
/scratch/usr/hhpmbate/chroma_2pt/32x64/b5p40kp119989kp119812/lp0001_g8g2_q000_q200_q222_q420_q440_src2/correlators/baryon_qcdsf.850.b5p40kp119989kp119812-32x64.01608_0.000_000_smsnk30.lime
/scratch/usr/hhpmbate/chroma_2pt/32x64/b5p40kp119989kp119812/lp0001_g8g2_q000_q200_q222_q420_q440_src2/correlators/baryon_qcdsf.850.b5p40kp119989kp119812-32x64.01608_0.000_200_-200_ptsink.lime
/scratch/usr/hhpmbate/chroma_2pt/32x64/b5p40kp119989kp119812/lp0001_g8g2_q000_q200_q222_q420_q440_src2/correlators/baryon_qcdsf.850.b5p40kp119989kp119812-32x64.01608_0.000_200_-200_smsnk30.lime
/scratch/usr/hhpmbate/chroma_2pt/32x64/b5p40kp119989kp119812/lp0001_g8g2_q000_q200_q222_q420_q440_src2/correlators/baryon_qcdsf.850.b5p40kp119989kp119812-32x64.01608_0.000_222_-2-2-2_ptsink.lime
/scratch/usr/hhpmbate/chroma_2pt/32x64/b5p40kp119989kp119812/lp0001_g8g2_q000_q200_q222_q420_q440_src2/correlators/baryon_qcdsf.850.b5p40kp119989kp119812-32x64.01608_0.000_222_-2-2-2_smsnk30.lime
/scratch/usr/hhpmbate/chroma_2pt/32x64/b5p40kp119989kp119812/lp0001_g8g2_q000_q200_q222_q420_q440_src2/correlators/baryon_qcdsf.850.b5p40kp119989kp119812-32x64.01608_0.000_420_-4-20_ptsink.lime
/scratch/usr/hhpmbate/chroma_2pt/32x64/b5p40kp119989kp119812/lp0001_g8g2_q000_q200_q222_q420_q440_src2/correlators/baryon_qcdsf.850.b5p40kp119989kp119812-32x64.01608_0.000_420_-4-20_smsnk30.lime
/scratch/usr/hhpmbate/chroma_2pt/32x64/b5p40kp119989kp119812/lp0001_g8g2_q000_q200_q222_q420_q440_src2/correlators/baryon_qcdsf.850.b5p40kp119989kp119812-32x64.01608_0.000_440_-4-40_ptsink.lime
/scratch/usr/hhpmbate/chroma_2pt/32x64/b5p40kp119989kp119812/lp0001_g8g2_q000_q200_q222_q420_q440_src2/correlators/baryon_qcdsf.850.b5p40kp119989kp119812-32x64.01608_0.000_440_-4-40_smsnk30.lime
/scratch/usr/hhpmbate/chroma_2pt/32x64/b5p40kp119989kp119812/lp0001_g8g2_q000_q200_q222_q420_q440_src2/correlators/baryon_qcdsf.850.b5p40kp119989kp119812-32x64.01611_0.000_000_ptsink.lime
/scratch/usr/hhpmbate/chroma_2pt/32x64/b5p40kp119989kp119812/lp0001_g8g2_q000_q200_q222_q420_q440_src2/correlators/baryon_qcdsf.850.b5p40kp119989kp119812-32x64.01611_0.000_000_smsnk30.lime
/scratch/usr/hhpmbate/chroma_2pt/32x64/b5p40kp119989kp119812/lp0001_g8g2_q000_q200_q222_q420_q440_src2/correlators/baryon_qcdsf.850.b5p40kp119989kp119812-32x64.01611_0.000_200_-200_ptsink.lime
/scratch/usr/hhpmbate/chroma_2pt/32x64/b5p40kp119989kp119812/lp0001_g8g2_q000_q200_q222_q420_q440_src2/correlators/baryon_qcdsf.850.b5p40kp119989kp119812-32x64.01611_0.000_200_-200_smsnk30.lime
/scratch/usr/hhpmbate/chroma_2pt/32x64/b5p40kp119989kp119812/lp0001_g8g2_q000_q200_q222_q420_q440_src2/correlators/baryon_qcdsf.850.b5p40kp119989kp119812-32x64.01611_0.000_222_-2-2-2_ptsink.lime
/scratch/usr/hhpmbate/chroma_2pt/32x64/b5p40kp119989kp119812/lp0001_g8g2_q000_q200_q222_q420_q440_src2/correlators/baryon_qcdsf.850.b5p40kp119989kp119812-32x64.01611_0.000_222_-2-2-2_smsnk30.lime
/scratch/usr/hhpmbate/chroma_2pt/32x64/b5p40kp119989kp119812/lp0001_g8g2_q000_q200_q222_q420_q440_src2/correlators/baryon_qcdsf.850.b5p40kp119989kp119812-32x64.01611_0.000_420_-4-20_ptsink.lime
/scratch/usr/hhpmbate/chroma_2pt/32x64/b5p40kp119989kp119812/lp0001_g8g2_q000_q200_q222_q420_q440_src2/correlators/baryon_qcdsf.850.b5p40kp119989kp119812-32x64.01611_0.000_420_-4-20_smsnk30.lime
/scratch/usr/hhpmbate/chroma_2pt/32x64/b5p40kp119989kp119812/lp0001_g8g2_q000_q200_q222_q420_q440_src2/correlators/baryon_qcdsf.850.b5p40kp119989kp119812-32x64.01611_0.000_440_-4-40_ptsink.lime
/scratch/usr/hhpmbate/chroma_2pt/32x64/b5p40kp119989kp119812/lp0001_g8g2_q000_q200_q222_q420_q440_src2/correlators/baryon_qcdsf.850.b5p40kp119989kp119812-32x64.01611_0.000_440_-4-40_smsnk30.lime
/scratch/usr/hhpmbate/chroma_2pt/32x64/b5p40kp119989kp119812/lp0001_g8g2_q000_q200_q222_q420_q440_src2/correlators/baryon_qcdsf.850.b5p40kp119989kp119812-32x64.01613_0.000_000_ptsink.lime
/scratch/usr/hhpmbate/chroma_2pt/32x64/b5p40kp119989kp119812/lp0001_g8g2_q000_q200_q222_q420_q440_src2/correlators/baryon_qcdsf.850.b5p40kp119989kp119812-32x64.01613_0.000_000_smsnk30.lime
/scratch/usr/hhpmbate/chroma_2pt/32x64/b5p40kp119989kp119812/lp0001_g8g2_q000_q200_q222_q420_q440_src2/correlators/baryon_qcdsf.850.b5p40kp119989kp119812-32x64.01613_0.000_200_-200_ptsink.lime
/scratch/usr/hhpmbate/chroma_2pt/32x64/b5p40kp119989kp119812/lp0001_g8g2_q000_q200_q222_q420_q440_src2/correlators/baryon_qcdsf.850.b5p40kp119989kp119812-32x64.01613_0.000_200_-200_smsnk30.lime
/scratch/usr/hhpmbate/chroma_2pt/32x64/b5p40kp119989kp119812/lp0001_g8g2_q000_q200_q222_q420_q440_src2/correlators/baryon_qcdsf.850.b5p40kp119989kp119812-32x64.01613_0.000_222_-2-2-2_ptsink.lime
/scratch/usr/hhpmbate/chroma_2pt/32x64/b5p40kp119989kp119812/lp0001_g8g2_q000_q200_q222_q420_q440_src2/correlators/baryon_qcdsf.850.b5p40kp119989kp119812-32x64.01613_0.000_222_-2-2-2_smsnk30.lime
/scratch/usr/hhpmbate/chroma_2pt/32x64/b5p40kp119989kp119812/lp0001_g8g2_q000_q200_q222_q420_q440_src2/correlators/baryon_qcdsf.850.b5p40kp119989kp119812-32x64.01613_0.000_420_-4-20_ptsink.lime
/scratch/usr/hhpmbate/chroma_2pt/32x64/b5p40kp119989kp119812/lp0001_g8g2_q000_q200_q222_q420_q440_src2/correlators/baryon_qcdsf.850.b5p40kp119989kp119812-32x64.01613_0.000_420_-4-20_smsnk30.lime
/scratch/usr/hhpmbate/chroma_2pt/32x64/b5p40kp119989kp119812/lp0001_g8g2_q000_q200_q222_q420_q440_src2/correlators/baryon_qcdsf.850.b5p40kp119989kp119812-32x64.01613_0.000_440_-4-40_ptsink.lime
/scratch/usr/hhpmbate/chroma_2pt/32x64/b5p40kp119989kp119812/lp0001_g8g2_q000_q200_q222_q420_q440_src2/correlators/baryon_qcdsf.850.b5p40kp119989kp119812-32x64.01613_0.000_440_-4-40_smsnk30.lime
/scratch/usr/hhpmbate/chroma_2pt/32x64/b5p40kp119989kp119812/lp0001_g8g2_q000_q200_q222_q420_q440_src2/correlators/baryon_qcdsf.850.b5p40kp119989kp119812-32x64.01614_0.000_000_ptsink.lime
/scratch/usr/hhpmbate/chroma_2pt/32x64/b5p40kp119989kp119812/lp0001_g8g2_q000_q200_q222_q420_q440_src2/correlators/baryon_qcdsf.850.b5p40kp119989kp119812-32x64.01614_0.000_000_smsnk30.lime
/scratch/usr/hhpmbate/chroma_2pt/32x64/b5p40kp119989kp119812/lp0001_g8g2_q000_q200_q222_q420_q440_src2/correlators/baryon_qcdsf.850.b5p40kp119989kp119812-32x64.01614_0.000_200_-200_ptsink.lime
/scratch/usr/hhpmbate/chroma_2pt/32x64/b5p40kp119989kp119812/lp0001_g8g2_q000_q200_q222_q420_q440_src2/correlators/baryon_qcdsf.850.b5p40kp119989kp119812-32x64.01614_0.000_200_-200_smsnk30.lime
/scratch/usr/hhpmbate/chroma_2pt/32x64/b5p40kp119989kp119812/lp0001_g8g2_q000_q200_q222_q420_q440_src2/correlators/baryon_qcdsf.850.b5p40kp119989kp119812-32x64.01614_0.000_222_-2-2-2_ptsink.lime
/scratch/usr/hhpmbate/chroma_2pt/32x64/b5p40kp119989kp119812/lp0001_g8g2_q000_q200_q222_q420_q440_src2/correlators/baryon_qcdsf.850.b5p40kp119989kp119812-32x64.01614_0.000_222_-2-2-2_smsnk30.lime
/scratch/usr/hhpmbate/chroma_2pt/32x64/b5p40kp119989kp119812/lp0001_g8g2_q000_q200_q222_q420_q440_src2/correlators/baryon_qcdsf.850.b5p40kp119989kp119812-32x64.01614_0.000_420_-4-20_ptsink.lime
/scratch/usr/hhpmbate/chroma_2pt/32x64/b5p40kp119989kp119812/lp0001_g8g2_q000_q200_q222_q420_q440_src2/correlators/baryon_qcdsf.850.b5p40kp119989kp119812-32x64.01614_0.000_420_-4-20_smsnk30.lime
/scratch/usr/hhpmbate/chroma_2pt/32x64/b5p40kp119989kp119812/lp0001_g8g2_q000_q200_q222_q420_q440_src2/correlators/baryon_qcdsf.850.b5p40kp119989kp119812-32x64.01614_0.000_440_-4-40_ptsink.lime
/scratch/usr/hhpmbate/chroma_2pt/32x64/b5p40kp119989kp119812/lp0001_g8g2_q000_q200_q222_q420_q440_src2/correlators/baryon_qcdsf.850.b5p40kp119989kp119812-32x64.01614_0.000_440_-4-40_smsnk30.lime
/scratch/usr/hhpmbate/chroma_2pt/32x64/b5p40kp119989kp119812/lp0001_g8g2_q000_q200_q222_q420_q440_src2/correlators/baryon_qcdsf.850.b5p40kp119989kp119812-32x64.01617_0.000_000_ptsink.lime
/scratch/usr/hhpmbate/chroma_2pt/32x64/b5p40kp119989kp119812/lp0001_g8g2_q000_q200_q222_q420_q440_src2/correlators/baryon_qcdsf.850.b5p40kp119989kp119812-32x64.01617_0.000_000_smsnk30.lime
/scratch/usr/hhpmbate/chroma_2pt/32x64/b5p40kp119989kp119812/lp0001_g8g2_q000_q200_q222_q420_q440_src2/correlators/baryon_qcdsf.850.b5p40kp119989kp119812-32x64.01617_0.000_200_-200_ptsink.lime
/scratch/usr/hhpmbate/chroma_2pt/32x64/b5p40kp119989kp119812/lp0001_g8g2_q000_q200_q222_q420_q440_src2/correlators/baryon_qcdsf.850.b5p40kp119989kp119812-32x64.01617_0.000_200_-200_smsnk30.lime
/scratch/usr/hhpmbate/chroma_2pt/32x64/b5p40kp119989kp119812/lp0001_g8g2_q000_q200_q222_q420_q440_src2/correlators/baryon_qcdsf.850.b5p40kp119989kp119812-32x64.01617_0.000_222_-2-2-2_ptsink.lime
/scratch/usr/hhpmbate/chroma_2pt/32x64/b5p40kp119989kp119812/lp0001_g8g2_q000_q200_q222_q420_q440_src2/correlators/baryon_qcdsf.850.b5p40kp119989kp119812-32x64.01617_0.000_222_-2-2-2_smsnk30.lime
/scratch/usr/hhpmbate/chroma_2pt/32x64/b5p40kp119989kp119812/lp0001_g8g2_q000_q200_q222_q420_q440_src2/correlators/baryon_qcdsf.850.b5p40kp119989kp119812-32x64.01617_0.000_420_-4-20_ptsink.lime
/scratch/usr/hhpmbate/chroma_2pt/32x64/b5p40kp119989kp119812/lp0001_g8g2_q000_q200_q222_q420_q440_src2/correlators/baryon_qcdsf.850.b5p40kp119989kp119812-32x64.01617_0.000_420_-4-20_smsnk30.lime
/scratch/usr/hhpmbate/chroma_2pt/32x64/b5p40kp119989kp119812/lp0001_g8g2_q000_q200_q222_q420_q440_src2/correlators/baryon_qcdsf.850.b5p40kp119989kp119812-32x64.01617_0.000_440_-4-40_ptsink.lime
/scratch/usr/hhpmbate/chroma_2pt/32x64/b5p40kp119989kp119812/lp0001_g8g2_q000_q200_q222_q420_q440_src2/correlators/baryon_qcdsf.850.b5p40kp119989kp119812-32x64.01617_0.000_440_-4-40_smsnk30.lime
/scratch/usr/hhpmbate/chroma_2pt/32x64/b5p40kp119989kp119812/lp0001_g8g2_q000_q200_q222_q420_q440_src2/correlators/baryon_qcdsf.850.b5p40kp119989kp119812-32x64.01623_0.000_000_ptsink.lime
/scratch/usr/hhpmbate/chroma_2pt/32x64/b5p40kp119989kp119812/lp0001_g8g2_q000_q200_q222_q420_q440_src2/correlators/baryon_qcdsf.850.b5p40kp119989kp119812-32x64.01623_0.000_000_smsnk30.lime
/scratch/usr/hhpmbate/chroma_2pt/32x64/b5p40kp119989kp119812/lp0001_g8g2_q000_q200_q222_q420_q440_src2/correlators/baryon_qcdsf.850.b5p40kp119989kp119812-32x64.01623_0.000_200_-200_ptsink.lime
/scratch/usr/hhpmbate/chroma_2pt/32x64/b5p40kp119989kp119812/lp0001_g8g2_q000_q200_q222_q420_q440_src2/correlators/baryon_qcdsf.850.b5p40kp119989kp119812-32x64.01623_0.000_200_-200_smsnk30.lime
/scratch/usr/hhpmbate/chroma_2pt/32x64/b5p40kp119989kp119812/lp0001_g8g2_q000_q200_q222_q420_q440_src2/correlators/baryon_qcdsf.850.b5p40kp119989kp119812-32x64.01623_0.000_222_-2-2-2_ptsink.lime
/scratch/usr/hhpmbate/chroma_2pt/32x64/b5p40kp119989kp119812/lp0001_g8g2_q000_q200_q222_q420_q440_src2/correlators/baryon_qcdsf.850.b5p40kp119989kp119812-32x64.01623_0.000_222_-2-2-2_smsnk30.lime
/scratch/usr/hhpmbate/chroma_2pt/32x64/b5p40kp119989kp119812/lp0001_g8g2_q000_q200_q222_q420_q440_src2/correlators/baryon_qcdsf.850.b5p40kp119989kp119812-32x64.01623_0.000_420_-4-20_ptsink.lime
/scratch/usr/hhpmbate/chroma_2pt/32x64/b5p40kp119989kp119812/lp0001_g8g2_q000_q200_q222_q420_q440_src2/correlators/baryon_qcdsf.850.b5p40kp119989kp119812-32x64.01623_0.000_420_-4-20_smsnk30.lime
/scratch/usr/hhpmbate/chroma_2pt/32x64/b5p40kp119989kp119812/lp0001_g8g2_q000_q200_q222_q420_q440_src2/correlators/baryon_qcdsf.850.b5p40kp119989kp119812-32x64.01623_0.000_440_-4-40_ptsink.lime
/scratch/usr/hhpmbate/chroma_2pt/32x64/b5p40kp119989kp119812/lp0001_g8g2_q000_q200_q222_q420_q440_src2/correlators/baryon_qcdsf.850.b5p40kp119989kp119812-32x64.01623_0.000_440_-4-40_smsnk30.lime
/scratch/usr/hhpmbate/chroma_2pt/32x64/b5p40kp119989kp119812/lp0001_g8g2_q000_q200_q222_q420_q440_src2/correlators/baryon_qcdsf.850.b5p40kp119989kp119812-32x64.01625_0.000_000_ptsink.lime
/scratch/usr/hhpmbate/chroma_2pt/32x64/b5p40kp119989kp119812/lp0001_g8g2_q000_q200_q222_q420_q440_src2/correlators/baryon_qcdsf.850.b5p40kp119989kp119812-32x64.01625_0.000_000_smsnk30.lime
/scratch/usr/hhpmbate/chroma_2pt/32x64/b5p40kp119989kp119812/lp0001_g8g2_q000_q200_q222_q420_q440_src2/correlators/baryon_qcdsf.850.b5p40kp119989kp119812-32x64.01625_0.000_200_-200_ptsink.lime
/scratch/usr/hhpmbate/chroma_2pt/32x64/b5p40kp119989kp119812/lp0001_g8g2_q000_q200_q222_q420_q440_src2/correlators/baryon_qcdsf.850.b5p40kp119989kp119812-32x64.01625_0.000_200_-200_smsnk30.lime
/scratch/usr/hhpmbate/chroma_2pt/32x64/b5p40kp119989kp119812/lp0001_g8g2_q000_q200_q222_q420_q440_src2/correlators/baryon_qcdsf.850.b5p40kp119989kp119812-32x64.01625_0.000_222_-2-2-2_ptsink.lime
/scratch/usr/hhpmbate/chroma_2pt/32x64/b5p40kp119989kp119812/lp0001_g8g2_q000_q200_q222_q420_q440_src2/correlators/baryon_qcdsf.850.b5p40kp119989kp119812-32x64.01625_0.000_222_-2-2-2_smsnk30.lime
/scratch/usr/hhpmbate/chroma_2pt/32x64/b5p40kp119989kp119812/lp0001_g8g2_q000_q200_q222_q420_q440_src2/correlators/baryon_qcdsf.850.b5p40kp119989kp119812-32x64.01625_0.000_420_-4-20_ptsink.lime
/scratch/usr/hhpmbate/chroma_2pt/32x64/b5p40kp119989kp119812/lp0001_g8g2_q000_q200_q222_q420_q440_src2/correlators/baryon_qcdsf.850.b5p40kp119989kp119812-32x64.01625_0.000_420_-4-20_smsnk30.lime
/scratch/usr/hhpmbate/chroma_2pt/32x64/b5p40kp119989kp119812/lp0001_g8g2_q000_q200_q222_q420_q440_src2/correlators/baryon_qcdsf.850.b5p40kp119989kp119812-32x64.01625_0.000_440_-4-40_ptsink.lime
/scratch/usr/hhpmbate/chroma_2pt/32x64/b5p40kp119989kp119812/lp0001_g8g2_q000_q200_q222_q420_q440_src2/correlators/baryon_qcdsf.850.b5p40kp119989kp119812-32x64.01625_0.000_440_-4-40_smsnk30.lime
/scratch/usr/hhpmbate/chroma_2pt/32x64/b5p40kp119989kp119812/lp0001_g8g2_q000_q200_q222_q420_q440_src2/correlators/baryon_qcdsf.850.b5p40kp119989kp119812-32x64.01627_0.000_000_ptsink.lime
/scratch/usr/hhpmbate/chroma_2pt/32x64/b5p40kp119989kp119812/lp0001_g8g2_q000_q200_q222_q420_q440_src2/correlators/baryon_qcdsf.850.b5p40kp119989kp119812-32x64.01627_0.000_000_smsnk30.lime
/scratch/usr/hhpmbate/chroma_2pt/32x64/b5p40kp119989kp119812/lp0001_g8g2_q000_q200_q222_q420_q440_src2/correlators/baryon_qcdsf.850.b5p40kp119989kp119812-32x64.01627_0.000_200_-200_ptsink.lime
/scratch/usr/hhpmbate/chroma_2pt/32x64/b5p40kp119989kp119812/lp0001_g8g2_q000_q200_q222_q420_q440_src2/correlators/baryon_qcdsf.850.b5p40kp119989kp119812-32x64.01627_0.000_200_-200_smsnk30.lime
/scratch/usr/hhpmbate/chroma_2pt/32x64/b5p40kp119989kp119812/lp0001_g8g2_q000_q200_q222_q420_q440_src2/correlators/baryon_qcdsf.850.b5p40kp119989kp119812-32x64.01627_0.000_222_-2-2-2_ptsink.lime
/scratch/usr/hhpmbate/chroma_2pt/32x64/b5p40kp119989kp119812/lp0001_g8g2_q000_q200_q222_q420_q440_src2/correlators/baryon_qcdsf.850.b5p40kp119989kp119812-32x64.01627_0.000_222_-2-2-2_smsnk30.lime
/scratch/usr/hhpmbate/chroma_2pt/32x64/b5p40kp119989kp119812/lp0001_g8g2_q000_q200_q222_q420_q440_src2/correlators/baryon_qcdsf.850.b5p40kp119989kp119812-32x64.01627_0.000_420_-4-20_ptsink.lime
/scratch/usr/hhpmbate/chroma_2pt/32x64/b5p40kp119989kp119812/lp0001_g8g2_q000_q200_q222_q420_q440_src2/correlators/baryon_qcdsf.850.b5p40kp119989kp119812-32x64.01627_0.000_420_-4-20_smsnk30.lime
/scratch/usr/hhpmbate/chroma_2pt/32x64/b5p40kp119989kp119812/lp0001_g8g2_q000_q200_q222_q420_q440_src2/correlators/baryon_qcdsf.850.b5p40kp119989kp119812-32x64.01627_0.000_440_-4-40_ptsink.lime
/scratch/usr/hhpmbate/chroma_2pt/32x64/b5p40kp119989kp119812/lp0001_g8g2_q000_q200_q222_q420_q440_src2/correlators/baryon_qcdsf.850.b5p40kp119989kp119812-32x64.01627_0.000_440_-4-40_smsnk30.lime
/scratch/usr/hhpmbate/chroma_2pt/32x64/b5p40kp119989kp119812/lp0001_g8g2_q000_q200_q222_q420_q440_src2/correlators/baryon_qcdsf.850.b5p40kp119989kp119812-32x64.01632_0.000_000_ptsink.lime
/scratch/usr/hhpmbate/chroma_2pt/32x64/b5p40kp119989kp119812/lp0001_g8g2_q000_q200_q222_q420_q440_src2/correlators/baryon_qcdsf.850.b5p40kp119989kp119812-32x64.01632_0.000_000_smsnk30.lime
/scratch/usr/hhpmbate/chroma_2pt/32x64/b5p40kp119989kp119812/lp0001_g8g2_q000_q200_q222_q420_q440_src2/correlators/baryon_qcdsf.850.b5p40kp119989kp119812-32x64.01632_0.000_200_-200_ptsink.lime
/scratch/usr/hhpmbate/chroma_2pt/32x64/b5p40kp119989kp119812/lp0001_g8g2_q000_q200_q222_q420_q440_src2/correlators/baryon_qcdsf.850.b5p40kp119989kp119812-32x64.01632_0.000_200_-200_smsnk30.lime
/scratch/usr/hhpmbate/chroma_2pt/32x64/b5p40kp119989kp119812/lp0001_g8g2_q000_q200_q222_q420_q440_src2/correlators/baryon_qcdsf.850.b5p40kp119989kp119812-32x64.01632_0.000_222_-2-2-2_ptsink.lime
/scratch/usr/hhpmbate/chroma_2pt/32x64/b5p40kp119989kp119812/lp0001_g8g2_q000_q200_q222_q420_q440_src2/correlators/baryon_qcdsf.850.b5p40kp119989kp119812-32x64.01632_0.000_222_-2-2-2_smsnk30.lime
/scratch/usr/hhpmbate/chroma_2pt/32x64/b5p40kp119989kp119812/lp0001_g8g2_q000_q200_q222_q420_q440_src2/correlators/baryon_qcdsf.850.b5p40kp119989kp119812-32x64.01632_0.000_420_-4-20_ptsink.lime
/scratch/usr/hhpmbate/chroma_2pt/32x64/b5p40kp119989kp119812/lp0001_g8g2_q000_q200_q222_q420_q440_src2/correlators/baryon_qcdsf.850.b5p40kp119989kp119812-32x64.01632_0.000_420_-4-20_smsnk30.lime
/scratch/usr/hhpmbate/chroma_2pt/32x64/b5p40kp119989kp119812/lp0001_g8g2_q000_q200_q222_q420_q440_src2/correlators/baryon_qcdsf.850.b5p40kp119989kp119812-32x64.01632_0.000_440_-4-40_ptsink.lime
/scratch/usr/hhpmbate/chroma_2pt/32x64/b5p40kp119989kp119812/lp0001_g8g2_q000_q200_q222_q420_q440_src2/correlators/baryon_qcdsf.850.b5p40kp119989kp119812-32x64.01632_0.000_440_-4-40_smsnk30.lime
/scratch/usr/hhpmbate/chroma_2pt/32x64/b5p40kp119989kp119812/lp0001_g8g2_q000_q200_q222_q420_q440_src2/correlators/baryon_qcdsf.850.b5p40kp119989kp119812-32x64.01634_0.000_000_ptsink.lime
/scratch/usr/hhpmbate/chroma_2pt/32x64/b5p40kp119989kp119812/lp0001_g8g2_q000_q200_q222_q420_q440_src2/correlators/baryon_qcdsf.850.b5p40kp119989kp119812-32x64.01634_0.000_000_smsnk30.lime
/scratch/usr/hhpmbate/chroma_2pt/32x64/b5p40kp119989kp119812/lp0001_g8g2_q000_q200_q222_q420_q440_src2/correlators/baryon_qcdsf.850.b5p40kp119989kp119812-32x64.01634_0.000_200_-200_ptsink.lime
/scratch/usr/hhpmbate/chroma_2pt/32x64/b5p40kp119989kp119812/lp0001_g8g2_q000_q200_q222_q420_q440_src2/correlators/baryon_qcdsf.850.b5p40kp119989kp119812-32x64.01634_0.000_200_-200_smsnk30.lime
/scratch/usr/hhpmbate/chroma_2pt/32x64/b5p40kp119989kp119812/lp0001_g8g2_q000_q200_q222_q420_q440_src2/correlators/baryon_qcdsf.850.b5p40kp119989kp119812-32x64.01634_0.000_222_-2-2-2_ptsink.lime
/scratch/usr/hhpmbate/chroma_2pt/32x64/b5p40kp119989kp119812/lp0001_g8g2_q000_q200_q222_q420_q440_src2/correlators/baryon_qcdsf.850.b5p40kp119989kp119812-32x64.01634_0.000_222_-2-2-2_smsnk30.lime
/scratch/usr/hhpmbate/chroma_2pt/32x64/b5p40kp119989kp119812/lp0001_g8g2_q000_q200_q222_q420_q440_src2/correlators/baryon_qcdsf.850.b5p40kp119989kp119812-32x64.01634_0.000_420_-4-20_ptsink.lime
/scratch/usr/hhpmbate/chroma_2pt/32x64/b5p40kp119989kp119812/lp0001_g8g2_q000_q200_q222_q420_q440_src2/correlators/baryon_qcdsf.850.b5p40kp119989kp119812-32x64.01634_0.000_420_-4-20_smsnk30.lime
/scratch/usr/hhpmbate/chroma_2pt/32x64/b5p40kp119989kp119812/lp0001_g8g2_q000_q200_q222_q420_q440_src2/correlators/baryon_qcdsf.850.b5p40kp119989kp119812-32x64.01634_0.000_440_-4-40_ptsink.lime
/scratch/usr/hhpmbate/chroma_2pt/32x64/b5p40kp119989kp119812/lp0001_g8g2_q000_q200_q222_q420_q440_src2/correlators/baryon_qcdsf.850.b5p40kp119989kp119812-32x64.01634_0.000_440_-4-40_smsnk30.lime
/scratch/usr/hhpmbate/chroma_2pt/32x64/b5p40kp119989kp119812/lp0001_g8g2_q000_q200_q222_q420_q440_src2/correlators/baryon_qcdsf.850.b5p40kp119989kp119812-32x64.01635_0.000_000_ptsink.lime
/scratch/usr/hhpmbate/chroma_2pt/32x64/b5p40kp119989kp119812/lp0001_g8g2_q000_q200_q222_q420_q440_src2/correlators/baryon_qcdsf.850.b5p40kp119989kp119812-32x64.01635_0.000_000_smsnk30.lime
/scratch/usr/hhpmbate/chroma_2pt/32x64/b5p40kp119989kp119812/lp0001_g8g2_q000_q200_q222_q420_q440_src2/correlators/baryon_qcdsf.850.b5p40kp119989kp119812-32x64.01635_0.000_200_-200_ptsink.lime
/scratch/usr/hhpmbate/chroma_2pt/32x64/b5p40kp119989kp119812/lp0001_g8g2_q000_q200_q222_q420_q440_src2/correlators/baryon_qcdsf.850.b5p40kp119989kp119812-32x64.01635_0.000_200_-200_smsnk30.lime
/scratch/usr/hhpmbate/chroma_2pt/32x64/b5p40kp119989kp119812/lp0001_g8g2_q000_q200_q222_q420_q440_src2/correlators/baryon_qcdsf.850.b5p40kp119989kp119812-32x64.01635_0.000_222_-2-2-2_ptsink.lime
/scratch/usr/hhpmbate/chroma_2pt/32x64/b5p40kp119989kp119812/lp0001_g8g2_q000_q200_q222_q420_q440_src2/correlators/baryon_qcdsf.850.b5p40kp119989kp119812-32x64.01635_0.000_222_-2-2-2_smsnk30.lime
/scratch/usr/hhpmbate/chroma_2pt/32x64/b5p40kp119989kp119812/lp0001_g8g2_q000_q200_q222_q420_q440_src2/correlators/baryon_qcdsf.850.b5p40kp119989kp119812-32x64.01635_0.000_420_-4-20_ptsink.lime
/scratch/usr/hhpmbate/chroma_2pt/32x64/b5p40kp119989kp119812/lp0001_g8g2_q000_q200_q222_q420_q440_src2/correlators/baryon_qcdsf.850.b5p40kp119989kp119812-32x64.01635_0.000_420_-4-20_smsnk30.lime
/scratch/usr/hhpmbate/chroma_2pt/32x64/b5p40kp119989kp119812/lp0001_g8g2_q000_q200_q222_q420_q440_src2/correlators/baryon_qcdsf.850.b5p40kp119989kp119812-32x64.01635_0.000_440_-4-40_ptsink.lime
/scratch/usr/hhpmbate/chroma_2pt/32x64/b5p40kp119989kp119812/lp0001_g8g2_q000_q200_q222_q420_q440_src2/correlators/baryon_qcdsf.850.b5p40kp119989kp119812-32x64.01635_0.000_440_-4-40_smsnk30.lime
/scratch/usr/hhpmbate/chroma_2pt/32x64/b5p40kp119989kp119812/lp0001_g8g2_q000_q200_q222_q420_q440_src2/correlators/baryon_qcdsf.850.b5p40kp119989kp119812-32x64.01639_0.000_000_ptsink.lime
/scratch/usr/hhpmbate/chroma_2pt/32x64/b5p40kp119989kp119812/lp0001_g8g2_q000_q200_q222_q420_q440_src2/correlators/baryon_qcdsf.850.b5p40kp119989kp119812-32x64.01639_0.000_000_smsnk30.lime
/scratch/usr/hhpmbate/chroma_2pt/32x64/b5p40kp119989kp119812/lp0001_g8g2_q000_q200_q222_q420_q440_src2/correlators/baryon_qcdsf.850.b5p40kp119989kp119812-32x64.01639_0.000_200_-200_ptsink.lime
/scratch/usr/hhpmbate/chroma_2pt/32x64/b5p40kp119989kp119812/lp0001_g8g2_q000_q200_q222_q420_q440_src2/correlators/baryon_qcdsf.850.b5p40kp119989kp119812-32x64.01639_0.000_200_-200_smsnk30.lime
/scratch/usr/hhpmbate/chroma_2pt/32x64/b5p40kp119989kp119812/lp0001_g8g2_q000_q200_q222_q420_q440_src2/correlators/baryon_qcdsf.850.b5p40kp119989kp119812-32x64.01639_0.000_222_-2-2-2_ptsink.lime
/scratch/usr/hhpmbate/chroma_2pt/32x64/b5p40kp119989kp119812/lp0001_g8g2_q000_q200_q222_q420_q440_src2/correlators/baryon_qcdsf.850.b5p40kp119989kp119812-32x64.01639_0.000_222_-2-2-2_smsnk30.lime
/scratch/usr/hhpmbate/chroma_2pt/32x64/b5p40kp119989kp119812/lp0001_g8g2_q000_q200_q222_q420_q440_src2/correlators/baryon_qcdsf.850.b5p40kp119989kp119812-32x64.01639_0.000_420_-4-20_ptsink.lime
/scratch/usr/hhpmbate/chroma_2pt/32x64/b5p40kp119989kp119812/lp0001_g8g2_q000_q200_q222_q420_q440_src2/correlators/baryon_qcdsf.850.b5p40kp119989kp119812-32x64.01639_0.000_420_-4-20_smsnk30.lime
/scratch/usr/hhpmbate/chroma_2pt/32x64/b5p40kp119989kp119812/lp0001_g8g2_q000_q200_q222_q420_q440_src2/correlators/baryon_qcdsf.850.b5p40kp119989kp119812-32x64.01639_0.000_440_-4-40_ptsink.lime
/scratch/usr/hhpmbate/chroma_2pt/32x64/b5p40kp119989kp119812/lp0001_g8g2_q000_q200_q222_q420_q440_src2/correlators/baryon_qcdsf.850.b5p40kp119989kp119812-32x64.01639_0.000_440_-4-40_smsnk30.lime
/scratch/usr/hhpmbate/chroma_2pt/32x64/b5p40kp119989kp119812/lp0001_g8g2_q000_q200_q222_q420_q440_src2/correlators/baryon_qcdsf.850.b5p40kp119989kp119812-32x64.01642_0.000_000_ptsink.lime
/scratch/usr/hhpmbate/chroma_2pt/32x64/b5p40kp119989kp119812/lp0001_g8g2_q000_q200_q222_q420_q440_src2/correlators/baryon_qcdsf.850.b5p40kp119989kp119812-32x64.01642_0.000_000_smsnk30.lime
/scratch/usr/hhpmbate/chroma_2pt/32x64/b5p40kp119989kp119812/lp0001_g8g2_q000_q200_q222_q420_q440_src2/correlators/baryon_qcdsf.850.b5p40kp119989kp119812-32x64.01642_0.000_200_-200_ptsink.lime
/scratch/usr/hhpmbate/chroma_2pt/32x64/b5p40kp119989kp119812/lp0001_g8g2_q000_q200_q222_q420_q440_src2/correlators/baryon_qcdsf.850.b5p40kp119989kp119812-32x64.01642_0.000_200_-200_smsnk30.lime
/scratch/usr/hhpmbate/chroma_2pt/32x64/b5p40kp119989kp119812/lp0001_g8g2_q000_q200_q222_q420_q440_src2/correlators/baryon_qcdsf.850.b5p40kp119989kp119812-32x64.01642_0.000_222_-2-2-2_ptsink.lime
/scratch/usr/hhpmbate/chroma_2pt/32x64/b5p40kp119989kp119812/lp0001_g8g2_q000_q200_q222_q420_q440_src2/correlators/baryon_qcdsf.850.b5p40kp119989kp119812-32x64.01642_0.000_222_-2-2-2_smsnk30.lime
/scratch/usr/hhpmbate/chroma_2pt/32x64/b5p40kp119989kp119812/lp0001_g8g2_q000_q200_q222_q420_q440_src2/correlators/baryon_qcdsf.850.b5p40kp119989kp119812-32x64.01642_0.000_420_-4-20_ptsink.lime
/scratch/usr/hhpmbate/chroma_2pt/32x64/b5p40kp119989kp119812/lp0001_g8g2_q000_q200_q222_q420_q440_src2/correlators/baryon_qcdsf.850.b5p40kp119989kp119812-32x64.01642_0.000_420_-4-20_smsnk30.lime
/scratch/usr/hhpmbate/chroma_2pt/32x64/b5p40kp119989kp119812/lp0001_g8g2_q000_q200_q222_q420_q440_src2/correlators/baryon_qcdsf.850.b5p40kp119989kp119812-32x64.01642_0.000_440_-4-40_ptsink.lime
/scratch/usr/hhpmbate/chroma_2pt/32x64/b5p40kp119989kp119812/lp0001_g8g2_q000_q200_q222_q420_q440_src2/correlators/baryon_qcdsf.850.b5p40kp119989kp119812-32x64.01642_0.000_440_-4-40_smsnk30.lime
/scratch/usr/hhpmbate/chroma_2pt/32x64/b5p40kp119989kp119812/lp0001_g8g2_q000_q200_q222_q420_q440_src2/correlators/baryon_qcdsf.850.b5p40kp119989kp119812-32x64.01645_0.000_000_ptsink.lime
/scratch/usr/hhpmbate/chroma_2pt/32x64/b5p40kp119989kp119812/lp0001_g8g2_q000_q200_q222_q420_q440_src2/correlators/baryon_qcdsf.850.b5p40kp119989kp119812-32x64.01645_0.000_000_smsnk30.lime
/scratch/usr/hhpmbate/chroma_2pt/32x64/b5p40kp119989kp119812/lp0001_g8g2_q000_q200_q222_q420_q440_src2/correlators/baryon_qcdsf.850.b5p40kp119989kp119812-32x64.01645_0.000_200_-200_ptsink.lime
/scratch/usr/hhpmbate/chroma_2pt/32x64/b5p40kp119989kp119812/lp0001_g8g2_q000_q200_q222_q420_q440_src2/correlators/baryon_qcdsf.850.b5p40kp119989kp119812-32x64.01645_0.000_200_-200_smsnk30.lime
/scratch/usr/hhpmbate/chroma_2pt/32x64/b5p40kp119989kp119812/lp0001_g8g2_q000_q200_q222_q420_q440_src2/correlators/baryon_qcdsf.850.b5p40kp119989kp119812-32x64.01645_0.000_222_-2-2-2_ptsink.lime
/scratch/usr/hhpmbate/chroma_2pt/32x64/b5p40kp119989kp119812/lp0001_g8g2_q000_q200_q222_q420_q440_src2/correlators/baryon_qcdsf.850.b5p40kp119989kp119812-32x64.01645_0.000_222_-2-2-2_smsnk30.lime
/scratch/usr/hhpmbate/chroma_2pt/32x64/b5p40kp119989kp119812/lp0001_g8g2_q000_q200_q222_q420_q440_src2/correlators/baryon_qcdsf.850.b5p40kp119989kp119812-32x64.01645_0.000_420_-4-20_ptsink.lime
/scratch/usr/hhpmbate/chroma_2pt/32x64/b5p40kp119989kp119812/lp0001_g8g2_q000_q200_q222_q420_q440_src2/correlators/baryon_qcdsf.850.b5p40kp119989kp119812-32x64.01645_0.000_420_-4-20_smsnk30.lime
/scratch/usr/hhpmbate/chroma_2pt/32x64/b5p40kp119989kp119812/lp0001_g8g2_q000_q200_q222_q420_q440_src2/correlators/baryon_qcdsf.850.b5p40kp119989kp119812-32x64.01645_0.000_440_-4-40_ptsink.lime
/scratch/usr/hhpmbate/chroma_2pt/32x64/b5p40kp119989kp119812/lp0001_g8g2_q000_q200_q222_q420_q440_src2/correlators/baryon_qcdsf.850.b5p40kp119989kp119812-32x64.01645_0.000_440_-4-40_smsnk30.lime
/scratch/usr/hhpmbate/chroma_2pt/32x64/b5p40kp119989kp119812/lp0001_g8g2_q000_q200_q222_q420_q440_src2/correlators/baryon_qcdsf.850.b5p40kp119989kp119812-32x64.01647_0.000_000_ptsink.lime
/scratch/usr/hhpmbate/chroma_2pt/32x64/b5p40kp119989kp119812/lp0001_g8g2_q000_q200_q222_q420_q440_src2/correlators/baryon_qcdsf.850.b5p40kp119989kp119812-32x64.01647_0.000_000_smsnk30.lime
/scratch/usr/hhpmbate/chroma_2pt/32x64/b5p40kp119989kp119812/lp0001_g8g2_q000_q200_q222_q420_q440_src2/correlators/baryon_qcdsf.850.b5p40kp119989kp119812-32x64.01647_0.000_200_-200_ptsink.lime
/scratch/usr/hhpmbate/chroma_2pt/32x64/b5p40kp119989kp119812/lp0001_g8g2_q000_q200_q222_q420_q440_src2/correlators/baryon_qcdsf.850.b5p40kp119989kp119812-32x64.01647_0.000_200_-200_smsnk30.lime
/scratch/usr/hhpmbate/chroma_2pt/32x64/b5p40kp119989kp119812/lp0001_g8g2_q000_q200_q222_q420_q440_src2/correlators/baryon_qcdsf.850.b5p40kp119989kp119812-32x64.01647_0.000_222_-2-2-2_ptsink.lime
/scratch/usr/hhpmbate/chroma_2pt/32x64/b5p40kp119989kp119812/lp0001_g8g2_q000_q200_q222_q420_q440_src2/correlators/baryon_qcdsf.850.b5p40kp119989kp119812-32x64.01647_0.000_222_-2-2-2_smsnk30.lime
/scratch/usr/hhpmbate/chroma_2pt/32x64/b5p40kp119989kp119812/lp0001_g8g2_q000_q200_q222_q420_q440_src2/correlators/baryon_qcdsf.850.b5p40kp119989kp119812-32x64.01647_0.000_420_-4-20_ptsink.lime
/scratch/usr/hhpmbate/chroma_2pt/32x64/b5p40kp119989kp119812/lp0001_g8g2_q000_q200_q222_q420_q440_src2/correlators/baryon_qcdsf.850.b5p40kp119989kp119812-32x64.01647_0.000_420_-4-20_smsnk30.lime
/scratch/usr/hhpmbate/chroma_2pt/32x64/b5p40kp119989kp119812/lp0001_g8g2_q000_q200_q222_q420_q440_src2/correlators/baryon_qcdsf.850.b5p40kp119989kp119812-32x64.01647_0.000_440_-4-40_ptsink.lime
/scratch/usr/hhpmbate/chroma_2pt/32x64/b5p40kp119989kp119812/lp0001_g8g2_q000_q200_q222_q420_q440_src2/correlators/baryon_qcdsf.850.b5p40kp119989kp119812-32x64.01647_0.000_440_-4-40_smsnk30.lime
/scratch/usr/hhpmbate/chroma_2pt/32x64/b5p40kp119989kp119812/lp0001_g8g2_q000_q200_q222_q420_q440_src2/correlators/baryon_qcdsf.850.b5p40kp119989kp119812-32x64.01649_0.000_000_ptsink.lime
/scratch/usr/hhpmbate/chroma_2pt/32x64/b5p40kp119989kp119812/lp0001_g8g2_q000_q200_q222_q420_q440_src2/correlators/baryon_qcdsf.850.b5p40kp119989kp119812-32x64.01649_0.000_000_smsnk30.lime
/scratch/usr/hhpmbate/chroma_2pt/32x64/b5p40kp119989kp119812/lp0001_g8g2_q000_q200_q222_q420_q440_src2/correlators/baryon_qcdsf.850.b5p40kp119989kp119812-32x64.01649_0.000_200_-200_ptsink.lime
/scratch/usr/hhpmbate/chroma_2pt/32x64/b5p40kp119989kp119812/lp0001_g8g2_q000_q200_q222_q420_q440_src2/correlators/baryon_qcdsf.850.b5p40kp119989kp119812-32x64.01649_0.000_200_-200_smsnk30.lime
/scratch/usr/hhpmbate/chroma_2pt/32x64/b5p40kp119989kp119812/lp0001_g8g2_q000_q200_q222_q420_q440_src2/correlators/baryon_qcdsf.850.b5p40kp119989kp119812-32x64.01649_0.000_222_-2-2-2_ptsink.lime
/scratch/usr/hhpmbate/chroma_2pt/32x64/b5p40kp119989kp119812/lp0001_g8g2_q000_q200_q222_q420_q440_src2/correlators/baryon_qcdsf.850.b5p40kp119989kp119812-32x64.01649_0.000_222_-2-2-2_smsnk30.lime
/scratch/usr/hhpmbate/chroma_2pt/32x64/b5p40kp119989kp119812/lp0001_g8g2_q000_q200_q222_q420_q440_src2/correlators/baryon_qcdsf.850.b5p40kp119989kp119812-32x64.01649_0.000_420_-4-20_ptsink.lime
/scratch/usr/hhpmbate/chroma_2pt/32x64/b5p40kp119989kp119812/lp0001_g8g2_q000_q200_q222_q420_q440_src2/correlators/baryon_qcdsf.850.b5p40kp119989kp119812-32x64.01649_0.000_420_-4-20_smsnk30.lime
/scratch/usr/hhpmbate/chroma_2pt/32x64/b5p40kp119989kp119812/lp0001_g8g2_q000_q200_q222_q420_q440_src2/correlators/baryon_qcdsf.850.b5p40kp119989kp119812-32x64.01649_0.000_440_-4-40_ptsink.lime
/scratch/usr/hhpmbate/chroma_2pt/32x64/b5p40kp119989kp119812/lp0001_g8g2_q000_q200_q222_q420_q440_src2/correlators/baryon_qcdsf.850.b5p40kp119989kp119812-32x64.01649_0.000_440_-4-40_smsnk30.lime
/scratch/usr/hhpmbate/chroma_2pt/32x64/b5p40kp119989kp119812/lp0001_g8g2_q000_q200_q222_q420_q440_src2/correlators/baryon_qcdsf.850.b5p40kp119989kp119812-32x64.01650_0.000_000_ptsink.lime
/scratch/usr/hhpmbate/chroma_2pt/32x64/b5p40kp119989kp119812/lp0001_g8g2_q000_q200_q222_q420_q440_src2/correlators/baryon_qcdsf.850.b5p40kp119989kp119812-32x64.01650_0.000_000_smsnk30.lime
/scratch/usr/hhpmbate/chroma_2pt/32x64/b5p40kp119989kp119812/lp0001_g8g2_q000_q200_q222_q420_q440_src2/correlators/baryon_qcdsf.850.b5p40kp119989kp119812-32x64.01650_0.000_200_-200_ptsink.lime
/scratch/usr/hhpmbate/chroma_2pt/32x64/b5p40kp119989kp119812/lp0001_g8g2_q000_q200_q222_q420_q440_src2/correlators/baryon_qcdsf.850.b5p40kp119989kp119812-32x64.01650_0.000_200_-200_smsnk30.lime
/scratch/usr/hhpmbate/chroma_2pt/32x64/b5p40kp119989kp119812/lp0001_g8g2_q000_q200_q222_q420_q440_src2/correlators/baryon_qcdsf.850.b5p40kp119989kp119812-32x64.01650_0.000_222_-2-2-2_ptsink.lime
/scratch/usr/hhpmbate/chroma_2pt/32x64/b5p40kp119989kp119812/lp0001_g8g2_q000_q200_q222_q420_q440_src2/correlators/baryon_qcdsf.850.b5p40kp119989kp119812-32x64.01650_0.000_222_-2-2-2_smsnk30.lime
/scratch/usr/hhpmbate/chroma_2pt/32x64/b5p40kp119989kp119812/lp0001_g8g2_q000_q200_q222_q420_q440_src2/correlators/baryon_qcdsf.850.b5p40kp119989kp119812-32x64.01650_0.000_420_-4-20_ptsink.lime
/scratch/usr/hhpmbate/chroma_2pt/32x64/b5p40kp119989kp119812/lp0001_g8g2_q000_q200_q222_q420_q440_src2/correlators/baryon_qcdsf.850.b5p40kp119989kp119812-32x64.01650_0.000_420_-4-20_smsnk30.lime
/scratch/usr/hhpmbate/chroma_2pt/32x64/b5p40kp119989kp119812/lp0001_g8g2_q000_q200_q222_q420_q440_src2/correlators/baryon_qcdsf.850.b5p40kp119989kp119812-32x64.01650_0.000_440_-4-40_ptsink.lime
/scratch/usr/hhpmbate/chroma_2pt/32x64/b5p40kp119989kp119812/lp0001_g8g2_q000_q200_q222_q420_q440_src2/correlators/baryon_qcdsf.850.b5p40kp119989kp119812-32x64.01650_0.000_440_-4-40_smsnk30.lime
/scratch/usr/hhpmbate/chroma_2pt/32x64/b5p40kp119989kp119812/lp0001_g8g2_q000_q200_q222_q420_q440_src2/correlators/baryon_qcdsf.850.b5p40kp119989kp119812-32x64.01651_0.000_000_ptsink.lime
/scratch/usr/hhpmbate/chroma_2pt/32x64/b5p40kp119989kp119812/lp0001_g8g2_q000_q200_q222_q420_q440_src2/correlators/baryon_qcdsf.850.b5p40kp119989kp119812-32x64.01651_0.000_000_smsnk30.lime
/scratch/usr/hhpmbate/chroma_2pt/32x64/b5p40kp119989kp119812/lp0001_g8g2_q000_q200_q222_q420_q440_src2/correlators/baryon_qcdsf.850.b5p40kp119989kp119812-32x64.01651_0.000_200_-200_ptsink.lime
/scratch/usr/hhpmbate/chroma_2pt/32x64/b5p40kp119989kp119812/lp0001_g8g2_q000_q200_q222_q420_q440_src2/correlators/baryon_qcdsf.850.b5p40kp119989kp119812-32x64.01651_0.000_200_-200_smsnk30.lime
/scratch/usr/hhpmbate/chroma_2pt/32x64/b5p40kp119989kp119812/lp0001_g8g2_q000_q200_q222_q420_q440_src2/correlators/baryon_qcdsf.850.b5p40kp119989kp119812-32x64.01651_0.000_222_-2-2-2_ptsink.lime
/scratch/usr/hhpmbate/chroma_2pt/32x64/b5p40kp119989kp119812/lp0001_g8g2_q000_q200_q222_q420_q440_src2/correlators/baryon_qcdsf.850.b5p40kp119989kp119812-32x64.01651_0.000_222_-2-2-2_smsnk30.lime
/scratch/usr/hhpmbate/chroma_2pt/32x64/b5p40kp119989kp119812/lp0001_g8g2_q000_q200_q222_q420_q440_src2/correlators/baryon_qcdsf.850.b5p40kp119989kp119812-32x64.01651_0.000_420_-4-20_ptsink.lime
/scratch/usr/hhpmbate/chroma_2pt/32x64/b5p40kp119989kp119812/lp0001_g8g2_q000_q200_q222_q420_q440_src2/correlators/baryon_qcdsf.850.b5p40kp119989kp119812-32x64.01651_0.000_420_-4-20_smsnk30.lime
/scratch/usr/hhpmbate/chroma_2pt/32x64/b5p40kp119989kp119812/lp0001_g8g2_q000_q200_q222_q420_q440_src2/correlators/baryon_qcdsf.850.b5p40kp119989kp119812-32x64.01651_0.000_440_-4-40_ptsink.lime
/scratch/usr/hhpmbate/chroma_2pt/32x64/b5p40kp119989kp119812/lp0001_g8g2_q000_q200_q222_q420_q440_src2/correlators/baryon_qcdsf.850.b5p40kp119989kp119812-32x64.01651_0.000_440_-4-40_smsnk30.lime
/scratch/usr/hhpmbate/chroma_2pt/32x64/b5p40kp119989kp119812/lp0001_g8g2_q000_q200_q222_q420_q440_src2/correlators/baryon_qcdsf.850.b5p40kp119989kp119812-32x64.01653_0.000_000_ptsink.lime
/scratch/usr/hhpmbate/chroma_2pt/32x64/b5p40kp119989kp119812/lp0001_g8g2_q000_q200_q222_q420_q440_src2/correlators/baryon_qcdsf.850.b5p40kp119989kp119812-32x64.01653_0.000_000_smsnk30.lime
/scratch/usr/hhpmbate/chroma_2pt/32x64/b5p40kp119989kp119812/lp0001_g8g2_q000_q200_q222_q420_q440_src2/correlators/baryon_qcdsf.850.b5p40kp119989kp119812-32x64.01653_0.000_200_-200_ptsink.lime
/scratch/usr/hhpmbate/chroma_2pt/32x64/b5p40kp119989kp119812/lp0001_g8g2_q000_q200_q222_q420_q440_src2/correlators/baryon_qcdsf.850.b5p40kp119989kp119812-32x64.01653_0.000_200_-200_smsnk30.lime
/scratch/usr/hhpmbate/chroma_2pt/32x64/b5p40kp119989kp119812/lp0001_g8g2_q000_q200_q222_q420_q440_src2/correlators/baryon_qcdsf.850.b5p40kp119989kp119812-32x64.01653_0.000_222_-2-2-2_ptsink.lime
/scratch/usr/hhpmbate/chroma_2pt/32x64/b5p40kp119989kp119812/lp0001_g8g2_q000_q200_q222_q420_q440_src2/correlators/baryon_qcdsf.850.b5p40kp119989kp119812-32x64.01653_0.000_222_-2-2-2_smsnk30.lime
/scratch/usr/hhpmbate/chroma_2pt/32x64/b5p40kp119989kp119812/lp0001_g8g2_q000_q200_q222_q420_q440_src2/correlators/baryon_qcdsf.850.b5p40kp119989kp119812-32x64.01653_0.000_420_-4-20_ptsink.lime
/scratch/usr/hhpmbate/chroma_2pt/32x64/b5p40kp119989kp119812/lp0001_g8g2_q000_q200_q222_q420_q440_src2/correlators/baryon_qcdsf.850.b5p40kp119989kp119812-32x64.01653_0.000_420_-4-20_smsnk30.lime
/scratch/usr/hhpmbate/chroma_2pt/32x64/b5p40kp119989kp119812/lp0001_g8g2_q000_q200_q222_q420_q440_src2/correlators/baryon_qcdsf.850.b5p40kp119989kp119812-32x64.01653_0.000_440_-4-40_ptsink.lime
/scratch/usr/hhpmbate/chroma_2pt/32x64/b5p40kp119989kp119812/lp0001_g8g2_q000_q200_q222_q420_q440_src2/correlators/baryon_qcdsf.850.b5p40kp119989kp119812-32x64.01653_0.000_440_-4-40_smsnk30.lime
/scratch/usr/hhpmbate/chroma_2pt/32x64/b5p40kp119989kp119812/lp0001_g8g2_q000_q200_q222_q420_q440_src2/correlators/baryon_qcdsf.850.b5p40kp119989kp119812-32x64.01655_0.000_000_ptsink.lime
/scratch/usr/hhpmbate/chroma_2pt/32x64/b5p40kp119989kp119812/lp0001_g8g2_q000_q200_q222_q420_q440_src2/correlators/baryon_qcdsf.850.b5p40kp119989kp119812-32x64.01655_0.000_000_smsnk30.lime
/scratch/usr/hhpmbate/chroma_2pt/32x64/b5p40kp119989kp119812/lp0001_g8g2_q000_q200_q222_q420_q440_src2/correlators/baryon_qcdsf.850.b5p40kp119989kp119812-32x64.01655_0.000_200_-200_ptsink.lime
/scratch/usr/hhpmbate/chroma_2pt/32x64/b5p40kp119989kp119812/lp0001_g8g2_q000_q200_q222_q420_q440_src2/correlators/baryon_qcdsf.850.b5p40kp119989kp119812-32x64.01655_0.000_200_-200_smsnk30.lime
/scratch/usr/hhpmbate/chroma_2pt/32x64/b5p40kp119989kp119812/lp0001_g8g2_q000_q200_q222_q420_q440_src2/correlators/baryon_qcdsf.850.b5p40kp119989kp119812-32x64.01655_0.000_222_-2-2-2_ptsink.lime
/scratch/usr/hhpmbate/chroma_2pt/32x64/b5p40kp119989kp119812/lp0001_g8g2_q000_q200_q222_q420_q440_src2/correlators/baryon_qcdsf.850.b5p40kp119989kp119812-32x64.01655_0.000_222_-2-2-2_smsnk30.lime
/scratch/usr/hhpmbate/chroma_2pt/32x64/b5p40kp119989kp119812/lp0001_g8g2_q000_q200_q222_q420_q440_src2/correlators/baryon_qcdsf.850.b5p40kp119989kp119812-32x64.01655_0.000_420_-4-20_ptsink.lime
/scratch/usr/hhpmbate/chroma_2pt/32x64/b5p40kp119989kp119812/lp0001_g8g2_q000_q200_q222_q420_q440_src2/correlators/baryon_qcdsf.850.b5p40kp119989kp119812-32x64.01655_0.000_420_-4-20_smsnk30.lime
/scratch/usr/hhpmbate/chroma_2pt/32x64/b5p40kp119989kp119812/lp0001_g8g2_q000_q200_q222_q420_q440_src2/correlators/baryon_qcdsf.850.b5p40kp119989kp119812-32x64.01655_0.000_440_-4-40_ptsink.lime
/scratch/usr/hhpmbate/chroma_2pt/32x64/b5p40kp119989kp119812/lp0001_g8g2_q000_q200_q222_q420_q440_src2/correlators/baryon_qcdsf.850.b5p40kp119989kp119812-32x64.01655_0.000_440_-4-40_smsnk30.lime
/scratch/usr/hhpmbate/chroma_2pt/32x64/b5p40kp119989kp119812/lp0001_g8g2_q000_q200_q222_q420_q440_src2/correlators/baryon_qcdsf.850.b5p40kp119989kp119812-32x64.01656_0.000_000_ptsink.lime
/scratch/usr/hhpmbate/chroma_2pt/32x64/b5p40kp119989kp119812/lp0001_g8g2_q000_q200_q222_q420_q440_src2/correlators/baryon_qcdsf.850.b5p40kp119989kp119812-32x64.01656_0.000_000_smsnk30.lime
/scratch/usr/hhpmbate/chroma_2pt/32x64/b5p40kp119989kp119812/lp0001_g8g2_q000_q200_q222_q420_q440_src2/correlators/baryon_qcdsf.850.b5p40kp119989kp119812-32x64.01656_0.000_200_-200_ptsink.lime
/scratch/usr/hhpmbate/chroma_2pt/32x64/b5p40kp119989kp119812/lp0001_g8g2_q000_q200_q222_q420_q440_src2/correlators/baryon_qcdsf.850.b5p40kp119989kp119812-32x64.01656_0.000_200_-200_smsnk30.lime
/scratch/usr/hhpmbate/chroma_2pt/32x64/b5p40kp119989kp119812/lp0001_g8g2_q000_q200_q222_q420_q440_src2/correlators/baryon_qcdsf.850.b5p40kp119989kp119812-32x64.01656_0.000_222_-2-2-2_ptsink.lime
/scratch/usr/hhpmbate/chroma_2pt/32x64/b5p40kp119989kp119812/lp0001_g8g2_q000_q200_q222_q420_q440_src2/correlators/baryon_qcdsf.850.b5p40kp119989kp119812-32x64.01656_0.000_222_-2-2-2_smsnk30.lime
/scratch/usr/hhpmbate/chroma_2pt/32x64/b5p40kp119989kp119812/lp0001_g8g2_q000_q200_q222_q420_q440_src2/correlators/baryon_qcdsf.850.b5p40kp119989kp119812-32x64.01656_0.000_420_-4-20_ptsink.lime
/scratch/usr/hhpmbate/chroma_2pt/32x64/b5p40kp119989kp119812/lp0001_g8g2_q000_q200_q222_q420_q440_src2/correlators/baryon_qcdsf.850.b5p40kp119989kp119812-32x64.01656_0.000_420_-4-20_smsnk30.lime
/scratch/usr/hhpmbate/chroma_2pt/32x64/b5p40kp119989kp119812/lp0001_g8g2_q000_q200_q222_q420_q440_src2/correlators/baryon_qcdsf.850.b5p40kp119989kp119812-32x64.01656_0.000_440_-4-40_ptsink.lime
/scratch/usr/hhpmbate/chroma_2pt/32x64/b5p40kp119989kp119812/lp0001_g8g2_q000_q200_q222_q420_q440_src2/correlators/baryon_qcdsf.850.b5p40kp119989kp119812-32x64.01656_0.000_440_-4-40_smsnk30.lime
/scratch/usr/hhpmbate/chroma_2pt/32x64/b5p40kp119989kp119812/lp0001_g8g2_q000_q200_q222_q420_q440_src2/correlators/baryon_qcdsf.850.b5p40kp119989kp119812-32x64.01657_0.000_000_ptsink.lime
/scratch/usr/hhpmbate/chroma_2pt/32x64/b5p40kp119989kp119812/lp0001_g8g2_q000_q200_q222_q420_q440_src2/correlators/baryon_qcdsf.850.b5p40kp119989kp119812-32x64.01657_0.000_000_smsnk30.lime
/scratch/usr/hhpmbate/chroma_2pt/32x64/b5p40kp119989kp119812/lp0001_g8g2_q000_q200_q222_q420_q440_src2/correlators/baryon_qcdsf.850.b5p40kp119989kp119812-32x64.01657_0.000_200_-200_ptsink.lime
/scratch/usr/hhpmbate/chroma_2pt/32x64/b5p40kp119989kp119812/lp0001_g8g2_q000_q200_q222_q420_q440_src2/correlators/baryon_qcdsf.850.b5p40kp119989kp119812-32x64.01657_0.000_200_-200_smsnk30.lime
/scratch/usr/hhpmbate/chroma_2pt/32x64/b5p40kp119989kp119812/lp0001_g8g2_q000_q200_q222_q420_q440_src2/correlators/baryon_qcdsf.850.b5p40kp119989kp119812-32x64.01657_0.000_222_-2-2-2_ptsink.lime
/scratch/usr/hhpmbate/chroma_2pt/32x64/b5p40kp119989kp119812/lp0001_g8g2_q000_q200_q222_q420_q440_src2/correlators/baryon_qcdsf.850.b5p40kp119989kp119812-32x64.01657_0.000_222_-2-2-2_smsnk30.lime
/scratch/usr/hhpmbate/chroma_2pt/32x64/b5p40kp119989kp119812/lp0001_g8g2_q000_q200_q222_q420_q440_src2/correlators/baryon_qcdsf.850.b5p40kp119989kp119812-32x64.01657_0.000_420_-4-20_ptsink.lime
/scratch/usr/hhpmbate/chroma_2pt/32x64/b5p40kp119989kp119812/lp0001_g8g2_q000_q200_q222_q420_q440_src2/correlators/baryon_qcdsf.850.b5p40kp119989kp119812-32x64.01657_0.000_420_-4-20_smsnk30.lime
/scratch/usr/hhpmbate/chroma_2pt/32x64/b5p40kp119989kp119812/lp0001_g8g2_q000_q200_q222_q420_q440_src2/correlators/baryon_qcdsf.850.b5p40kp119989kp119812-32x64.01657_0.000_440_-4-40_ptsink.lime
/scratch/usr/hhpmbate/chroma_2pt/32x64/b5p40kp119989kp119812/lp0001_g8g2_q000_q200_q222_q420_q440_src2/correlators/baryon_qcdsf.850.b5p40kp119989kp119812-32x64.01657_0.000_440_-4-40_smsnk30.lime
/scratch/usr/hhpmbate/chroma_2pt/32x64/b5p40kp119989kp119812/lp0001_g8g2_q000_q200_q222_q420_q440_src2/correlators/baryon_qcdsf.850.b5p40kp119989kp119812-32x64.01662_0.000_000_ptsink.lime
/scratch/usr/hhpmbate/chroma_2pt/32x64/b5p40kp119989kp119812/lp0001_g8g2_q000_q200_q222_q420_q440_src2/correlators/baryon_qcdsf.850.b5p40kp119989kp119812-32x64.01662_0.000_000_smsnk30.lime
/scratch/usr/hhpmbate/chroma_2pt/32x64/b5p40kp119989kp119812/lp0001_g8g2_q000_q200_q222_q420_q440_src2/correlators/baryon_qcdsf.850.b5p40kp119989kp119812-32x64.01662_0.000_200_-200_ptsink.lime
/scratch/usr/hhpmbate/chroma_2pt/32x64/b5p40kp119989kp119812/lp0001_g8g2_q000_q200_q222_q420_q440_src2/correlators/baryon_qcdsf.850.b5p40kp119989kp119812-32x64.01662_0.000_200_-200_smsnk30.lime
/scratch/usr/hhpmbate/chroma_2pt/32x64/b5p40kp119989kp119812/lp0001_g8g2_q000_q200_q222_q420_q440_src2/correlators/baryon_qcdsf.850.b5p40kp119989kp119812-32x64.01662_0.000_222_-2-2-2_ptsink.lime
/scratch/usr/hhpmbate/chroma_2pt/32x64/b5p40kp119989kp119812/lp0001_g8g2_q000_q200_q222_q420_q440_src2/correlators/baryon_qcdsf.850.b5p40kp119989kp119812-32x64.01662_0.000_222_-2-2-2_smsnk30.lime
/scratch/usr/hhpmbate/chroma_2pt/32x64/b5p40kp119989kp119812/lp0001_g8g2_q000_q200_q222_q420_q440_src2/correlators/baryon_qcdsf.850.b5p40kp119989kp119812-32x64.01662_0.000_420_-4-20_ptsink.lime
/scratch/usr/hhpmbate/chroma_2pt/32x64/b5p40kp119989kp119812/lp0001_g8g2_q000_q200_q222_q420_q440_src2/correlators/baryon_qcdsf.850.b5p40kp119989kp119812-32x64.01662_0.000_420_-4-20_smsnk30.lime
/scratch/usr/hhpmbate/chroma_2pt/32x64/b5p40kp119989kp119812/lp0001_g8g2_q000_q200_q222_q420_q440_src2/correlators/baryon_qcdsf.850.b5p40kp119989kp119812-32x64.01662_0.000_440_-4-40_ptsink.lime
/scratch/usr/hhpmbate/chroma_2pt/32x64/b5p40kp119989kp119812/lp0001_g8g2_q000_q200_q222_q420_q440_src2/correlators/baryon_qcdsf.850.b5p40kp119989kp119812-32x64.01662_0.000_440_-4-40_smsnk30.lime
/scratch/usr/hhpmbate/chroma_2pt/32x64/b5p40kp119989kp119812/lp0001_g8g2_q000_q200_q222_q420_q440_src2/correlators/baryon_qcdsf.850.b5p40kp119989kp119812-32x64.01666_0.000_000_ptsink.lime
/scratch/usr/hhpmbate/chroma_2pt/32x64/b5p40kp119989kp119812/lp0001_g8g2_q000_q200_q222_q420_q440_src2/correlators/baryon_qcdsf.850.b5p40kp119989kp119812-32x64.01666_0.000_000_smsnk30.lime
/scratch/usr/hhpmbate/chroma_2pt/32x64/b5p40kp119989kp119812/lp0001_g8g2_q000_q200_q222_q420_q440_src2/correlators/baryon_qcdsf.850.b5p40kp119989kp119812-32x64.01666_0.000_200_-200_ptsink.lime
/scratch/usr/hhpmbate/chroma_2pt/32x64/b5p40kp119989kp119812/lp0001_g8g2_q000_q200_q222_q420_q440_src2/correlators/baryon_qcdsf.850.b5p40kp119989kp119812-32x64.01666_0.000_200_-200_smsnk30.lime
/scratch/usr/hhpmbate/chroma_2pt/32x64/b5p40kp119989kp119812/lp0001_g8g2_q000_q200_q222_q420_q440_src2/correlators/baryon_qcdsf.850.b5p40kp119989kp119812-32x64.01666_0.000_222_-2-2-2_ptsink.lime
/scratch/usr/hhpmbate/chroma_2pt/32x64/b5p40kp119989kp119812/lp0001_g8g2_q000_q200_q222_q420_q440_src2/correlators/baryon_qcdsf.850.b5p40kp119989kp119812-32x64.01666_0.000_222_-2-2-2_smsnk30.lime
/scratch/usr/hhpmbate/chroma_2pt/32x64/b5p40kp119989kp119812/lp0001_g8g2_q000_q200_q222_q420_q440_src2/correlators/baryon_qcdsf.850.b5p40kp119989kp119812-32x64.01666_0.000_420_-4-20_ptsink.lime
/scratch/usr/hhpmbate/chroma_2pt/32x64/b5p40kp119989kp119812/lp0001_g8g2_q000_q200_q222_q420_q440_src2/correlators/baryon_qcdsf.850.b5p40kp119989kp119812-32x64.01666_0.000_420_-4-20_smsnk30.lime
/scratch/usr/hhpmbate/chroma_2pt/32x64/b5p40kp119989kp119812/lp0001_g8g2_q000_q200_q222_q420_q440_src2/correlators/baryon_qcdsf.850.b5p40kp119989kp119812-32x64.01666_0.000_440_-4-40_ptsink.lime
/scratch/usr/hhpmbate/chroma_2pt/32x64/b5p40kp119989kp119812/lp0001_g8g2_q000_q200_q222_q420_q440_src2/correlators/baryon_qcdsf.850.b5p40kp119989kp119812-32x64.01666_0.000_440_-4-40_smsnk30.lime
/scratch/usr/hhpmbate/chroma_2pt/32x64/b5p40kp119989kp119812/lp0001_g8g2_q000_q200_q222_q420_q440_src2/correlators/baryon_qcdsf.850.b5p40kp119989kp119812-32x64.01667_0.000_000_ptsink.lime
/scratch/usr/hhpmbate/chroma_2pt/32x64/b5p40kp119989kp119812/lp0001_g8g2_q000_q200_q222_q420_q440_src2/correlators/baryon_qcdsf.850.b5p40kp119989kp119812-32x64.01667_0.000_000_smsnk30.lime
/scratch/usr/hhpmbate/chroma_2pt/32x64/b5p40kp119989kp119812/lp0001_g8g2_q000_q200_q222_q420_q440_src2/correlators/baryon_qcdsf.850.b5p40kp119989kp119812-32x64.01667_0.000_200_-200_ptsink.lime
/scratch/usr/hhpmbate/chroma_2pt/32x64/b5p40kp119989kp119812/lp0001_g8g2_q000_q200_q222_q420_q440_src2/correlators/baryon_qcdsf.850.b5p40kp119989kp119812-32x64.01667_0.000_200_-200_smsnk30.lime
/scratch/usr/hhpmbate/chroma_2pt/32x64/b5p40kp119989kp119812/lp0001_g8g2_q000_q200_q222_q420_q440_src2/correlators/baryon_qcdsf.850.b5p40kp119989kp119812-32x64.01667_0.000_222_-2-2-2_ptsink.lime
/scratch/usr/hhpmbate/chroma_2pt/32x64/b5p40kp119989kp119812/lp0001_g8g2_q000_q200_q222_q420_q440_src2/correlators/baryon_qcdsf.850.b5p40kp119989kp119812-32x64.01667_0.000_222_-2-2-2_smsnk30.lime
/scratch/usr/hhpmbate/chroma_2pt/32x64/b5p40kp119989kp119812/lp0001_g8g2_q000_q200_q222_q420_q440_src2/correlators/baryon_qcdsf.850.b5p40kp119989kp119812-32x64.01667_0.000_420_-4-20_ptsink.lime
/scratch/usr/hhpmbate/chroma_2pt/32x64/b5p40kp119989kp119812/lp0001_g8g2_q000_q200_q222_q420_q440_src2/correlators/baryon_qcdsf.850.b5p40kp119989kp119812-32x64.01667_0.000_420_-4-20_smsnk30.lime
/scratch/usr/hhpmbate/chroma_2pt/32x64/b5p40kp119989kp119812/lp0001_g8g2_q000_q200_q222_q420_q440_src2/correlators/baryon_qcdsf.850.b5p40kp119989kp119812-32x64.01667_0.000_440_-4-40_ptsink.lime
/scratch/usr/hhpmbate/chroma_2pt/32x64/b5p40kp119989kp119812/lp0001_g8g2_q000_q200_q222_q420_q440_src2/correlators/baryon_qcdsf.850.b5p40kp119989kp119812-32x64.01667_0.000_440_-4-40_smsnk30.lime
/scratch/usr/hhpmbate/chroma_2pt/32x64/b5p40kp119989kp119812/lp0001_g8g2_q000_q200_q222_q420_q440_src2/correlators/baryon_qcdsf.850.b5p40kp119989kp119812-32x64.01671_0.000_000_ptsink.lime
/scratch/usr/hhpmbate/chroma_2pt/32x64/b5p40kp119989kp119812/lp0001_g8g2_q000_q200_q222_q420_q440_src2/correlators/baryon_qcdsf.850.b5p40kp119989kp119812-32x64.01671_0.000_000_smsnk30.lime
/scratch/usr/hhpmbate/chroma_2pt/32x64/b5p40kp119989kp119812/lp0001_g8g2_q000_q200_q222_q420_q440_src2/correlators/baryon_qcdsf.850.b5p40kp119989kp119812-32x64.01671_0.000_200_-200_ptsink.lime
/scratch/usr/hhpmbate/chroma_2pt/32x64/b5p40kp119989kp119812/lp0001_g8g2_q000_q200_q222_q420_q440_src2/correlators/baryon_qcdsf.850.b5p40kp119989kp119812-32x64.01671_0.000_200_-200_smsnk30.lime
/scratch/usr/hhpmbate/chroma_2pt/32x64/b5p40kp119989kp119812/lp0001_g8g2_q000_q200_q222_q420_q440_src2/correlators/baryon_qcdsf.850.b5p40kp119989kp119812-32x64.01671_0.000_222_-2-2-2_ptsink.lime
/scratch/usr/hhpmbate/chroma_2pt/32x64/b5p40kp119989kp119812/lp0001_g8g2_q000_q200_q222_q420_q440_src2/correlators/baryon_qcdsf.850.b5p40kp119989kp119812-32x64.01671_0.000_222_-2-2-2_smsnk30.lime
/scratch/usr/hhpmbate/chroma_2pt/32x64/b5p40kp119989kp119812/lp0001_g8g2_q000_q200_q222_q420_q440_src2/correlators/baryon_qcdsf.850.b5p40kp119989kp119812-32x64.01671_0.000_420_-4-20_ptsink.lime
/scratch/usr/hhpmbate/chroma_2pt/32x64/b5p40kp119989kp119812/lp0001_g8g2_q000_q200_q222_q420_q440_src2/correlators/baryon_qcdsf.850.b5p40kp119989kp119812-32x64.01671_0.000_420_-4-20_smsnk30.lime
/scratch/usr/hhpmbate/chroma_2pt/32x64/b5p40kp119989kp119812/lp0001_g8g2_q000_q200_q222_q420_q440_src2/correlators/baryon_qcdsf.850.b5p40kp119989kp119812-32x64.01671_0.000_440_-4-40_ptsink.lime
/scratch/usr/hhpmbate/chroma_2pt/32x64/b5p40kp119989kp119812/lp0001_g8g2_q000_q200_q222_q420_q440_src2/correlators/baryon_qcdsf.850.b5p40kp119989kp119812-32x64.01671_0.000_440_-4-40_smsnk30.lime
/scratch/usr/hhpmbate/chroma_2pt/32x64/b5p40kp119989kp119812/lp0001_g8g2_q000_q200_q222_q420_q440_src2/correlators/baryon_qcdsf.850.b5p40kp119989kp119812-32x64.01674_0.000_000_ptsink.lime
/scratch/usr/hhpmbate/chroma_2pt/32x64/b5p40kp119989kp119812/lp0001_g8g2_q000_q200_q222_q420_q440_src2/correlators/baryon_qcdsf.850.b5p40kp119989kp119812-32x64.01674_0.000_000_smsnk30.lime
/scratch/usr/hhpmbate/chroma_2pt/32x64/b5p40kp119989kp119812/lp0001_g8g2_q000_q200_q222_q420_q440_src2/correlators/baryon_qcdsf.850.b5p40kp119989kp119812-32x64.01674_0.000_200_-200_ptsink.lime
/scratch/usr/hhpmbate/chroma_2pt/32x64/b5p40kp119989kp119812/lp0001_g8g2_q000_q200_q222_q420_q440_src2/correlators/baryon_qcdsf.850.b5p40kp119989kp119812-32x64.01674_0.000_200_-200_smsnk30.lime
/scratch/usr/hhpmbate/chroma_2pt/32x64/b5p40kp119989kp119812/lp0001_g8g2_q000_q200_q222_q420_q440_src2/correlators/baryon_qcdsf.850.b5p40kp119989kp119812-32x64.01674_0.000_222_-2-2-2_ptsink.lime
/scratch/usr/hhpmbate/chroma_2pt/32x64/b5p40kp119989kp119812/lp0001_g8g2_q000_q200_q222_q420_q440_src2/correlators/baryon_qcdsf.850.b5p40kp119989kp119812-32x64.01674_0.000_222_-2-2-2_smsnk30.lime
/scratch/usr/hhpmbate/chroma_2pt/32x64/b5p40kp119989kp119812/lp0001_g8g2_q000_q200_q222_q420_q440_src2/correlators/baryon_qcdsf.850.b5p40kp119989kp119812-32x64.01674_0.000_420_-4-20_ptsink.lime
/scratch/usr/hhpmbate/chroma_2pt/32x64/b5p40kp119989kp119812/lp0001_g8g2_q000_q200_q222_q420_q440_src2/correlators/baryon_qcdsf.850.b5p40kp119989kp119812-32x64.01674_0.000_420_-4-20_smsnk30.lime
/scratch/usr/hhpmbate/chroma_2pt/32x64/b5p40kp119989kp119812/lp0001_g8g2_q000_q200_q222_q420_q440_src2/correlators/baryon_qcdsf.850.b5p40kp119989kp119812-32x64.01674_0.000_440_-4-40_ptsink.lime
/scratch/usr/hhpmbate/chroma_2pt/32x64/b5p40kp119989kp119812/lp0001_g8g2_q000_q200_q222_q420_q440_src2/correlators/baryon_qcdsf.850.b5p40kp119989kp119812-32x64.01674_0.000_440_-4-40_smsnk30.lime
/scratch/usr/hhpmbate/chroma_2pt/32x64/b5p40kp119989kp119812/lp0001_g8g2_q000_q200_q222_q420_q440_src2/correlators/baryon_qcdsf.850.b5p40kp119989kp119812-32x64.01675_0.000_000_ptsink.lime
/scratch/usr/hhpmbate/chroma_2pt/32x64/b5p40kp119989kp119812/lp0001_g8g2_q000_q200_q222_q420_q440_src2/correlators/baryon_qcdsf.850.b5p40kp119989kp119812-32x64.01675_0.000_000_smsnk30.lime
/scratch/usr/hhpmbate/chroma_2pt/32x64/b5p40kp119989kp119812/lp0001_g8g2_q000_q200_q222_q420_q440_src2/correlators/baryon_qcdsf.850.b5p40kp119989kp119812-32x64.01675_0.000_200_-200_ptsink.lime
/scratch/usr/hhpmbate/chroma_2pt/32x64/b5p40kp119989kp119812/lp0001_g8g2_q000_q200_q222_q420_q440_src2/correlators/baryon_qcdsf.850.b5p40kp119989kp119812-32x64.01675_0.000_200_-200_smsnk30.lime
/scratch/usr/hhpmbate/chroma_2pt/32x64/b5p40kp119989kp119812/lp0001_g8g2_q000_q200_q222_q420_q440_src2/correlators/baryon_qcdsf.850.b5p40kp119989kp119812-32x64.01675_0.000_222_-2-2-2_ptsink.lime
/scratch/usr/hhpmbate/chroma_2pt/32x64/b5p40kp119989kp119812/lp0001_g8g2_q000_q200_q222_q420_q440_src2/correlators/baryon_qcdsf.850.b5p40kp119989kp119812-32x64.01675_0.000_222_-2-2-2_smsnk30.lime
/scratch/usr/hhpmbate/chroma_2pt/32x64/b5p40kp119989kp119812/lp0001_g8g2_q000_q200_q222_q420_q440_src2/correlators/baryon_qcdsf.850.b5p40kp119989kp119812-32x64.01675_0.000_420_-4-20_ptsink.lime
/scratch/usr/hhpmbate/chroma_2pt/32x64/b5p40kp119989kp119812/lp0001_g8g2_q000_q200_q222_q420_q440_src2/correlators/baryon_qcdsf.850.b5p40kp119989kp119812-32x64.01675_0.000_420_-4-20_smsnk30.lime
/scratch/usr/hhpmbate/chroma_2pt/32x64/b5p40kp119989kp119812/lp0001_g8g2_q000_q200_q222_q420_q440_src2/correlators/baryon_qcdsf.850.b5p40kp119989kp119812-32x64.01675_0.000_440_-4-40_ptsink.lime
/scratch/usr/hhpmbate/chroma_2pt/32x64/b5p40kp119989kp119812/lp0001_g8g2_q000_q200_q222_q420_q440_src2/correlators/baryon_qcdsf.850.b5p40kp119989kp119812-32x64.01675_0.000_440_-4-40_smsnk30.lime
/scratch/usr/hhpmbate/chroma_2pt/32x64/b5p40kp119989kp119812/lp0001_g8g2_q000_q200_q222_q420_q440_src2/correlators/baryon_qcdsf.850.b5p40kp119989kp119812-32x64.01683_0.000_000_ptsink.lime
/scratch/usr/hhpmbate/chroma_2pt/32x64/b5p40kp119989kp119812/lp0001_g8g2_q000_q200_q222_q420_q440_src2/correlators/baryon_qcdsf.850.b5p40kp119989kp119812-32x64.01683_0.000_000_smsnk30.lime
/scratch/usr/hhpmbate/chroma_2pt/32x64/b5p40kp119989kp119812/lp0001_g8g2_q000_q200_q222_q420_q440_src2/correlators/baryon_qcdsf.850.b5p40kp119989kp119812-32x64.01683_0.000_200_-200_ptsink.lime
/scratch/usr/hhpmbate/chroma_2pt/32x64/b5p40kp119989kp119812/lp0001_g8g2_q000_q200_q222_q420_q440_src2/correlators/baryon_qcdsf.850.b5p40kp119989kp119812-32x64.01683_0.000_200_-200_smsnk30.lime
/scratch/usr/hhpmbate/chroma_2pt/32x64/b5p40kp119989kp119812/lp0001_g8g2_q000_q200_q222_q420_q440_src2/correlators/baryon_qcdsf.850.b5p40kp119989kp119812-32x64.01683_0.000_222_-2-2-2_ptsink.lime
/scratch/usr/hhpmbate/chroma_2pt/32x64/b5p40kp119989kp119812/lp0001_g8g2_q000_q200_q222_q420_q440_src2/correlators/baryon_qcdsf.850.b5p40kp119989kp119812-32x64.01683_0.000_222_-2-2-2_smsnk30.lime
/scratch/usr/hhpmbate/chroma_2pt/32x64/b5p40kp119989kp119812/lp0001_g8g2_q000_q200_q222_q420_q440_src2/correlators/baryon_qcdsf.850.b5p40kp119989kp119812-32x64.01683_0.000_420_-4-20_ptsink.lime
/scratch/usr/hhpmbate/chroma_2pt/32x64/b5p40kp119989kp119812/lp0001_g8g2_q000_q200_q222_q420_q440_src2/correlators/baryon_qcdsf.850.b5p40kp119989kp119812-32x64.01683_0.000_420_-4-20_smsnk30.lime
/scratch/usr/hhpmbate/chroma_2pt/32x64/b5p40kp119989kp119812/lp0001_g8g2_q000_q200_q222_q420_q440_src2/correlators/baryon_qcdsf.850.b5p40kp119989kp119812-32x64.01683_0.000_440_-4-40_ptsink.lime
/scratch/usr/hhpmbate/chroma_2pt/32x64/b5p40kp119989kp119812/lp0001_g8g2_q000_q200_q222_q420_q440_src2/correlators/baryon_qcdsf.850.b5p40kp119989kp119812-32x64.01683_0.000_440_-4-40_smsnk30.lime
/scratch/usr/hhpmbate/chroma_2pt/32x64/b5p40kp119989kp119812/lp0001_g8g2_q000_q200_q222_q420_q440_src2/correlators/baryon_qcdsf.850.b5p40kp119989kp119812-32x64.01684_0.000_000_ptsink.lime
/scratch/usr/hhpmbate/chroma_2pt/32x64/b5p40kp119989kp119812/lp0001_g8g2_q000_q200_q222_q420_q440_src2/correlators/baryon_qcdsf.850.b5p40kp119989kp119812-32x64.01684_0.000_000_smsnk30.lime
/scratch/usr/hhpmbate/chroma_2pt/32x64/b5p40kp119989kp119812/lp0001_g8g2_q000_q200_q222_q420_q440_src2/correlators/baryon_qcdsf.850.b5p40kp119989kp119812-32x64.01684_0.000_200_-200_ptsink.lime
/scratch/usr/hhpmbate/chroma_2pt/32x64/b5p40kp119989kp119812/lp0001_g8g2_q000_q200_q222_q420_q440_src2/correlators/baryon_qcdsf.850.b5p40kp119989kp119812-32x64.01684_0.000_200_-200_smsnk30.lime
/scratch/usr/hhpmbate/chroma_2pt/32x64/b5p40kp119989kp119812/lp0001_g8g2_q000_q200_q222_q420_q440_src2/correlators/baryon_qcdsf.850.b5p40kp119989kp119812-32x64.01684_0.000_222_-2-2-2_ptsink.lime
/scratch/usr/hhpmbate/chroma_2pt/32x64/b5p40kp119989kp119812/lp0001_g8g2_q000_q200_q222_q420_q440_src2/correlators/baryon_qcdsf.850.b5p40kp119989kp119812-32x64.01684_0.000_222_-2-2-2_smsnk30.lime
/scratch/usr/hhpmbate/chroma_2pt/32x64/b5p40kp119989kp119812/lp0001_g8g2_q000_q200_q222_q420_q440_src2/correlators/baryon_qcdsf.850.b5p40kp119989kp119812-32x64.01684_0.000_420_-4-20_ptsink.lime
/scratch/usr/hhpmbate/chroma_2pt/32x64/b5p40kp119989kp119812/lp0001_g8g2_q000_q200_q222_q420_q440_src2/correlators/baryon_qcdsf.850.b5p40kp119989kp119812-32x64.01684_0.000_420_-4-20_smsnk30.lime
/scratch/usr/hhpmbate/chroma_2pt/32x64/b5p40kp119989kp119812/lp0001_g8g2_q000_q200_q222_q420_q440_src2/correlators/baryon_qcdsf.850.b5p40kp119989kp119812-32x64.01684_0.000_440_-4-40_ptsink.lime
/scratch/usr/hhpmbate/chroma_2pt/32x64/b5p40kp119989kp119812/lp0001_g8g2_q000_q200_q222_q420_q440_src2/correlators/baryon_qcdsf.850.b5p40kp119989kp119812-32x64.01684_0.000_440_-4-40_smsnk30.lime
/scratch/usr/hhpmbate/chroma_2pt/32x64/b5p40kp119989kp119812/lp0001_g8g2_q000_q200_q222_q420_q440_src2/correlators/baryon_qcdsf.850.b5p40kp119989kp119812-32x64.01687_0.000_000_ptsink.lime
/scratch/usr/hhpmbate/chroma_2pt/32x64/b5p40kp119989kp119812/lp0001_g8g2_q000_q200_q222_q420_q440_src2/correlators/baryon_qcdsf.850.b5p40kp119989kp119812-32x64.01687_0.000_000_smsnk30.lime
/scratch/usr/hhpmbate/chroma_2pt/32x64/b5p40kp119989kp119812/lp0001_g8g2_q000_q200_q222_q420_q440_src2/correlators/baryon_qcdsf.850.b5p40kp119989kp119812-32x64.01687_0.000_200_-200_ptsink.lime
/scratch/usr/hhpmbate/chroma_2pt/32x64/b5p40kp119989kp119812/lp0001_g8g2_q000_q200_q222_q420_q440_src2/correlators/baryon_qcdsf.850.b5p40kp119989kp119812-32x64.01687_0.000_200_-200_smsnk30.lime
/scratch/usr/hhpmbate/chroma_2pt/32x64/b5p40kp119989kp119812/lp0001_g8g2_q000_q200_q222_q420_q440_src2/correlators/baryon_qcdsf.850.b5p40kp119989kp119812-32x64.01687_0.000_222_-2-2-2_ptsink.lime
/scratch/usr/hhpmbate/chroma_2pt/32x64/b5p40kp119989kp119812/lp0001_g8g2_q000_q200_q222_q420_q440_src2/correlators/baryon_qcdsf.850.b5p40kp119989kp119812-32x64.01687_0.000_222_-2-2-2_smsnk30.lime
/scratch/usr/hhpmbate/chroma_2pt/32x64/b5p40kp119989kp119812/lp0001_g8g2_q000_q200_q222_q420_q440_src2/correlators/baryon_qcdsf.850.b5p40kp119989kp119812-32x64.01687_0.000_420_-4-20_ptsink.lime
/scratch/usr/hhpmbate/chroma_2pt/32x64/b5p40kp119989kp119812/lp0001_g8g2_q000_q200_q222_q420_q440_src2/correlators/baryon_qcdsf.850.b5p40kp119989kp119812-32x64.01687_0.000_420_-4-20_smsnk30.lime
/scratch/usr/hhpmbate/chroma_2pt/32x64/b5p40kp119989kp119812/lp0001_g8g2_q000_q200_q222_q420_q440_src2/correlators/baryon_qcdsf.850.b5p40kp119989kp119812-32x64.01687_0.000_440_-4-40_ptsink.lime
/scratch/usr/hhpmbate/chroma_2pt/32x64/b5p40kp119989kp119812/lp0001_g8g2_q000_q200_q222_q420_q440_src2/correlators/baryon_qcdsf.850.b5p40kp119989kp119812-32x64.01687_0.000_440_-4-40_smsnk30.lime
/scratch/usr/hhpmbate/chroma_2pt/32x64/b5p40kp119989kp119812/lp0001_g8g2_q000_q200_q222_q420_q440_src2/correlators/baryon_qcdsf.850.b5p40kp119989kp119812-32x64.01689_0.000_000_ptsink.lime
/scratch/usr/hhpmbate/chroma_2pt/32x64/b5p40kp119989kp119812/lp0001_g8g2_q000_q200_q222_q420_q440_src2/correlators/baryon_qcdsf.850.b5p40kp119989kp119812-32x64.01689_0.000_000_smsnk30.lime
/scratch/usr/hhpmbate/chroma_2pt/32x64/b5p40kp119989kp119812/lp0001_g8g2_q000_q200_q222_q420_q440_src2/correlators/baryon_qcdsf.850.b5p40kp119989kp119812-32x64.01689_0.000_200_-200_ptsink.lime
/scratch/usr/hhpmbate/chroma_2pt/32x64/b5p40kp119989kp119812/lp0001_g8g2_q000_q200_q222_q420_q440_src2/correlators/baryon_qcdsf.850.b5p40kp119989kp119812-32x64.01689_0.000_200_-200_smsnk30.lime
/scratch/usr/hhpmbate/chroma_2pt/32x64/b5p40kp119989kp119812/lp0001_g8g2_q000_q200_q222_q420_q440_src2/correlators/baryon_qcdsf.850.b5p40kp119989kp119812-32x64.01689_0.000_222_-2-2-2_ptsink.lime
/scratch/usr/hhpmbate/chroma_2pt/32x64/b5p40kp119989kp119812/lp0001_g8g2_q000_q200_q222_q420_q440_src2/correlators/baryon_qcdsf.850.b5p40kp119989kp119812-32x64.01689_0.000_222_-2-2-2_smsnk30.lime
/scratch/usr/hhpmbate/chroma_2pt/32x64/b5p40kp119989kp119812/lp0001_g8g2_q000_q200_q222_q420_q440_src2/correlators/baryon_qcdsf.850.b5p40kp119989kp119812-32x64.01689_0.000_420_-4-20_ptsink.lime
/scratch/usr/hhpmbate/chroma_2pt/32x64/b5p40kp119989kp119812/lp0001_g8g2_q000_q200_q222_q420_q440_src2/correlators/baryon_qcdsf.850.b5p40kp119989kp119812-32x64.01689_0.000_420_-4-20_smsnk30.lime
/scratch/usr/hhpmbate/chroma_2pt/32x64/b5p40kp119989kp119812/lp0001_g8g2_q000_q200_q222_q420_q440_src2/correlators/baryon_qcdsf.850.b5p40kp119989kp119812-32x64.01689_0.000_440_-4-40_ptsink.lime
/scratch/usr/hhpmbate/chroma_2pt/32x64/b5p40kp119989kp119812/lp0001_g8g2_q000_q200_q222_q420_q440_src2/correlators/baryon_qcdsf.850.b5p40kp119989kp119812-32x64.01689_0.000_440_-4-40_smsnk30.lime
/scratch/usr/hhpmbate/chroma_2pt/32x64/b5p40kp119989kp119812/lp0001_g8g2_q000_q200_q222_q420_q440_src2/correlators/baryon_qcdsf.850.b5p40kp119989kp119812-32x64.01690_0.000_000_ptsink.lime
/scratch/usr/hhpmbate/chroma_2pt/32x64/b5p40kp119989kp119812/lp0001_g8g2_q000_q200_q222_q420_q440_src2/correlators/baryon_qcdsf.850.b5p40kp119989kp119812-32x64.01690_0.000_000_smsnk30.lime
/scratch/usr/hhpmbate/chroma_2pt/32x64/b5p40kp119989kp119812/lp0001_g8g2_q000_q200_q222_q420_q440_src2/correlators/baryon_qcdsf.850.b5p40kp119989kp119812-32x64.01690_0.000_200_-200_ptsink.lime
/scratch/usr/hhpmbate/chroma_2pt/32x64/b5p40kp119989kp119812/lp0001_g8g2_q000_q200_q222_q420_q440_src2/correlators/baryon_qcdsf.850.b5p40kp119989kp119812-32x64.01690_0.000_200_-200_smsnk30.lime
/scratch/usr/hhpmbate/chroma_2pt/32x64/b5p40kp119989kp119812/lp0001_g8g2_q000_q200_q222_q420_q440_src2/correlators/baryon_qcdsf.850.b5p40kp119989kp119812-32x64.01690_0.000_222_-2-2-2_ptsink.lime
/scratch/usr/hhpmbate/chroma_2pt/32x64/b5p40kp119989kp119812/lp0001_g8g2_q000_q200_q222_q420_q440_src2/correlators/baryon_qcdsf.850.b5p40kp119989kp119812-32x64.01690_0.000_222_-2-2-2_smsnk30.lime
/scratch/usr/hhpmbate/chroma_2pt/32x64/b5p40kp119989kp119812/lp0001_g8g2_q000_q200_q222_q420_q440_src2/correlators/baryon_qcdsf.850.b5p40kp119989kp119812-32x64.01690_0.000_420_-4-20_ptsink.lime
/scratch/usr/hhpmbate/chroma_2pt/32x64/b5p40kp119989kp119812/lp0001_g8g2_q000_q200_q222_q420_q440_src2/correlators/baryon_qcdsf.850.b5p40kp119989kp119812-32x64.01690_0.000_420_-4-20_smsnk30.lime
/scratch/usr/hhpmbate/chroma_2pt/32x64/b5p40kp119989kp119812/lp0001_g8g2_q000_q200_q222_q420_q440_src2/correlators/baryon_qcdsf.850.b5p40kp119989kp119812-32x64.01690_0.000_440_-4-40_ptsink.lime
/scratch/usr/hhpmbate/chroma_2pt/32x64/b5p40kp119989kp119812/lp0001_g8g2_q000_q200_q222_q420_q440_src2/correlators/baryon_qcdsf.850.b5p40kp119989kp119812-32x64.01690_0.000_440_-4-40_smsnk30.lime
/scratch/usr/hhpmbate/chroma_2pt/32x64/b5p40kp119989kp119812/lp0001_g8g2_q000_q200_q222_q420_q440_src2/correlators/baryon_qcdsf.850.b5p40kp119989kp119812-32x64.01692_0.000_000_ptsink.lime
/scratch/usr/hhpmbate/chroma_2pt/32x64/b5p40kp119989kp119812/lp0001_g8g2_q000_q200_q222_q420_q440_src2/correlators/baryon_qcdsf.850.b5p40kp119989kp119812-32x64.01692_0.000_000_smsnk30.lime
/scratch/usr/hhpmbate/chroma_2pt/32x64/b5p40kp119989kp119812/lp0001_g8g2_q000_q200_q222_q420_q440_src2/correlators/baryon_qcdsf.850.b5p40kp119989kp119812-32x64.01692_0.000_200_-200_ptsink.lime
/scratch/usr/hhpmbate/chroma_2pt/32x64/b5p40kp119989kp119812/lp0001_g8g2_q000_q200_q222_q420_q440_src2/correlators/baryon_qcdsf.850.b5p40kp119989kp119812-32x64.01692_0.000_200_-200_smsnk30.lime
/scratch/usr/hhpmbate/chroma_2pt/32x64/b5p40kp119989kp119812/lp0001_g8g2_q000_q200_q222_q420_q440_src2/correlators/baryon_qcdsf.850.b5p40kp119989kp119812-32x64.01692_0.000_222_-2-2-2_ptsink.lime
/scratch/usr/hhpmbate/chroma_2pt/32x64/b5p40kp119989kp119812/lp0001_g8g2_q000_q200_q222_q420_q440_src2/correlators/baryon_qcdsf.850.b5p40kp119989kp119812-32x64.01692_0.000_222_-2-2-2_smsnk30.lime
/scratch/usr/hhpmbate/chroma_2pt/32x64/b5p40kp119989kp119812/lp0001_g8g2_q000_q200_q222_q420_q440_src2/correlators/baryon_qcdsf.850.b5p40kp119989kp119812-32x64.01692_0.000_420_-4-20_ptsink.lime
/scratch/usr/hhpmbate/chroma_2pt/32x64/b5p40kp119989kp119812/lp0001_g8g2_q000_q200_q222_q420_q440_src2/correlators/baryon_qcdsf.850.b5p40kp119989kp119812-32x64.01692_0.000_420_-4-20_smsnk30.lime
/scratch/usr/hhpmbate/chroma_2pt/32x64/b5p40kp119989kp119812/lp0001_g8g2_q000_q200_q222_q420_q440_src2/correlators/baryon_qcdsf.850.b5p40kp119989kp119812-32x64.01692_0.000_440_-4-40_ptsink.lime
/scratch/usr/hhpmbate/chroma_2pt/32x64/b5p40kp119989kp119812/lp0001_g8g2_q000_q200_q222_q420_q440_src2/correlators/baryon_qcdsf.850.b5p40kp119989kp119812-32x64.01692_0.000_440_-4-40_smsnk30.lime
/scratch/usr/hhpmbate/chroma_2pt/32x64/b5p40kp119989kp119812/lp0001_g8g2_q000_q200_q222_q420_q440_src2/correlators/baryon_qcdsf.850.b5p40kp119989kp119812-32x64.01696_0.000_000_ptsink.lime
/scratch/usr/hhpmbate/chroma_2pt/32x64/b5p40kp119989kp119812/lp0001_g8g2_q000_q200_q222_q420_q440_src2/correlators/baryon_qcdsf.850.b5p40kp119989kp119812-32x64.01696_0.000_000_smsnk30.lime
/scratch/usr/hhpmbate/chroma_2pt/32x64/b5p40kp119989kp119812/lp0001_g8g2_q000_q200_q222_q420_q440_src2/correlators/baryon_qcdsf.850.b5p40kp119989kp119812-32x64.01696_0.000_200_-200_ptsink.lime
/scratch/usr/hhpmbate/chroma_2pt/32x64/b5p40kp119989kp119812/lp0001_g8g2_q000_q200_q222_q420_q440_src2/correlators/baryon_qcdsf.850.b5p40kp119989kp119812-32x64.01696_0.000_200_-200_smsnk30.lime
/scratch/usr/hhpmbate/chroma_2pt/32x64/b5p40kp119989kp119812/lp0001_g8g2_q000_q200_q222_q420_q440_src2/correlators/baryon_qcdsf.850.b5p40kp119989kp119812-32x64.01696_0.000_222_-2-2-2_ptsink.lime
/scratch/usr/hhpmbate/chroma_2pt/32x64/b5p40kp119989kp119812/lp0001_g8g2_q000_q200_q222_q420_q440_src2/correlators/baryon_qcdsf.850.b5p40kp119989kp119812-32x64.01696_0.000_222_-2-2-2_smsnk30.lime
/scratch/usr/hhpmbate/chroma_2pt/32x64/b5p40kp119989kp119812/lp0001_g8g2_q000_q200_q222_q420_q440_src2/correlators/baryon_qcdsf.850.b5p40kp119989kp119812-32x64.01696_0.000_420_-4-20_ptsink.lime
/scratch/usr/hhpmbate/chroma_2pt/32x64/b5p40kp119989kp119812/lp0001_g8g2_q000_q200_q222_q420_q440_src2/correlators/baryon_qcdsf.850.b5p40kp119989kp119812-32x64.01696_0.000_420_-4-20_smsnk30.lime
/scratch/usr/hhpmbate/chroma_2pt/32x64/b5p40kp119989kp119812/lp0001_g8g2_q000_q200_q222_q420_q440_src2/correlators/baryon_qcdsf.850.b5p40kp119989kp119812-32x64.01696_0.000_440_-4-40_ptsink.lime
/scratch/usr/hhpmbate/chroma_2pt/32x64/b5p40kp119989kp119812/lp0001_g8g2_q000_q200_q222_q420_q440_src2/correlators/baryon_qcdsf.850.b5p40kp119989kp119812-32x64.01696_0.000_440_-4-40_smsnk30.lime
/scratch/usr/hhpmbate/chroma_2pt/32x64/b5p40kp119989kp119812/lp0001_g8g2_q000_q200_q222_q420_q440_src2/correlators/baryon_qcdsf.850.b5p40kp119989kp119812-32x64.01700_0.000_000_ptsink.lime
/scratch/usr/hhpmbate/chroma_2pt/32x64/b5p40kp119989kp119812/lp0001_g8g2_q000_q200_q222_q420_q440_src2/correlators/baryon_qcdsf.850.b5p40kp119989kp119812-32x64.01700_0.000_000_smsnk30.lime
/scratch/usr/hhpmbate/chroma_2pt/32x64/b5p40kp119989kp119812/lp0001_g8g2_q000_q200_q222_q420_q440_src2/correlators/baryon_qcdsf.850.b5p40kp119989kp119812-32x64.01700_0.000_200_-200_ptsink.lime
/scratch/usr/hhpmbate/chroma_2pt/32x64/b5p40kp119989kp119812/lp0001_g8g2_q000_q200_q222_q420_q440_src2/correlators/baryon_qcdsf.850.b5p40kp119989kp119812-32x64.01700_0.000_200_-200_smsnk30.lime
/scratch/usr/hhpmbate/chroma_2pt/32x64/b5p40kp119989kp119812/lp0001_g8g2_q000_q200_q222_q420_q440_src2/correlators/baryon_qcdsf.850.b5p40kp119989kp119812-32x64.01700_0.000_222_-2-2-2_ptsink.lime
/scratch/usr/hhpmbate/chroma_2pt/32x64/b5p40kp119989kp119812/lp0001_g8g2_q000_q200_q222_q420_q440_src2/correlators/baryon_qcdsf.850.b5p40kp119989kp119812-32x64.01700_0.000_222_-2-2-2_smsnk30.lime
/scratch/usr/hhpmbate/chroma_2pt/32x64/b5p40kp119989kp119812/lp0001_g8g2_q000_q200_q222_q420_q440_src2/correlators/baryon_qcdsf.850.b5p40kp119989kp119812-32x64.01700_0.000_420_-4-20_ptsink.lime
/scratch/usr/hhpmbate/chroma_2pt/32x64/b5p40kp119989kp119812/lp0001_g8g2_q000_q200_q222_q420_q440_src2/correlators/baryon_qcdsf.850.b5p40kp119989kp119812-32x64.01700_0.000_420_-4-20_smsnk30.lime
/scratch/usr/hhpmbate/chroma_2pt/32x64/b5p40kp119989kp119812/lp0001_g8g2_q000_q200_q222_q420_q440_src2/correlators/baryon_qcdsf.850.b5p40kp119989kp119812-32x64.01700_0.000_440_-4-40_ptsink.lime
/scratch/usr/hhpmbate/chroma_2pt/32x64/b5p40kp119989kp119812/lp0001_g8g2_q000_q200_q222_q420_q440_src2/correlators/baryon_qcdsf.850.b5p40kp119989kp119812-32x64.01700_0.000_440_-4-40_smsnk30.lime
/scratch/usr/hhpmbate/chroma_2pt/32x64/b5p40kp119989kp119812/lp0001_g8g2_q000_q200_q222_q420_q440_src2/correlators/baryon_qcdsf.850.b5p40kp119989kp119812-32x64.01701_0.000_000_ptsink.lime
/scratch/usr/hhpmbate/chroma_2pt/32x64/b5p40kp119989kp119812/lp0001_g8g2_q000_q200_q222_q420_q440_src2/correlators/baryon_qcdsf.850.b5p40kp119989kp119812-32x64.01701_0.000_000_smsnk30.lime
/scratch/usr/hhpmbate/chroma_2pt/32x64/b5p40kp119989kp119812/lp0001_g8g2_q000_q200_q222_q420_q440_src2/correlators/baryon_qcdsf.850.b5p40kp119989kp119812-32x64.01701_0.000_200_-200_ptsink.lime
/scratch/usr/hhpmbate/chroma_2pt/32x64/b5p40kp119989kp119812/lp0001_g8g2_q000_q200_q222_q420_q440_src2/correlators/baryon_qcdsf.850.b5p40kp119989kp119812-32x64.01701_0.000_200_-200_smsnk30.lime
/scratch/usr/hhpmbate/chroma_2pt/32x64/b5p40kp119989kp119812/lp0001_g8g2_q000_q200_q222_q420_q440_src2/correlators/baryon_qcdsf.850.b5p40kp119989kp119812-32x64.01701_0.000_222_-2-2-2_ptsink.lime
/scratch/usr/hhpmbate/chroma_2pt/32x64/b5p40kp119989kp119812/lp0001_g8g2_q000_q200_q222_q420_q440_src2/correlators/baryon_qcdsf.850.b5p40kp119989kp119812-32x64.01701_0.000_222_-2-2-2_smsnk30.lime
/scratch/usr/hhpmbate/chroma_2pt/32x64/b5p40kp119989kp119812/lp0001_g8g2_q000_q200_q222_q420_q440_src2/correlators/baryon_qcdsf.850.b5p40kp119989kp119812-32x64.01701_0.000_420_-4-20_ptsink.lime
/scratch/usr/hhpmbate/chroma_2pt/32x64/b5p40kp119989kp119812/lp0001_g8g2_q000_q200_q222_q420_q440_src2/correlators/baryon_qcdsf.850.b5p40kp119989kp119812-32x64.01701_0.000_420_-4-20_smsnk30.lime
/scratch/usr/hhpmbate/chroma_2pt/32x64/b5p40kp119989kp119812/lp0001_g8g2_q000_q200_q222_q420_q440_src2/correlators/baryon_qcdsf.850.b5p40kp119989kp119812-32x64.01701_0.000_440_-4-40_ptsink.lime
/scratch/usr/hhpmbate/chroma_2pt/32x64/b5p40kp119989kp119812/lp0001_g8g2_q000_q200_q222_q420_q440_src2/correlators/baryon_qcdsf.850.b5p40kp119989kp119812-32x64.01701_0.000_440_-4-40_smsnk30.lime
/scratch/usr/hhpmbate/chroma_2pt/32x64/b5p40kp119989kp119812/lp0001_g8g2_q000_q200_q222_q420_q440_src2/correlators/baryon_qcdsf.850.b5p40kp119989kp119812-32x64.01703_0.000_000_ptsink.lime
/scratch/usr/hhpmbate/chroma_2pt/32x64/b5p40kp119989kp119812/lp0001_g8g2_q000_q200_q222_q420_q440_src2/correlators/baryon_qcdsf.850.b5p40kp119989kp119812-32x64.01703_0.000_000_smsnk30.lime
/scratch/usr/hhpmbate/chroma_2pt/32x64/b5p40kp119989kp119812/lp0001_g8g2_q000_q200_q222_q420_q440_src2/correlators/baryon_qcdsf.850.b5p40kp119989kp119812-32x64.01703_0.000_200_-200_ptsink.lime
/scratch/usr/hhpmbate/chroma_2pt/32x64/b5p40kp119989kp119812/lp0001_g8g2_q000_q200_q222_q420_q440_src2/correlators/baryon_qcdsf.850.b5p40kp119989kp119812-32x64.01703_0.000_200_-200_smsnk30.lime
/scratch/usr/hhpmbate/chroma_2pt/32x64/b5p40kp119989kp119812/lp0001_g8g2_q000_q200_q222_q420_q440_src2/correlators/baryon_qcdsf.850.b5p40kp119989kp119812-32x64.01703_0.000_222_-2-2-2_ptsink.lime
/scratch/usr/hhpmbate/chroma_2pt/32x64/b5p40kp119989kp119812/lp0001_g8g2_q000_q200_q222_q420_q440_src2/correlators/baryon_qcdsf.850.b5p40kp119989kp119812-32x64.01703_0.000_222_-2-2-2_smsnk30.lime
/scratch/usr/hhpmbate/chroma_2pt/32x64/b5p40kp119989kp119812/lp0001_g8g2_q000_q200_q222_q420_q440_src2/correlators/baryon_qcdsf.850.b5p40kp119989kp119812-32x64.01703_0.000_420_-4-20_ptsink.lime
/scratch/usr/hhpmbate/chroma_2pt/32x64/b5p40kp119989kp119812/lp0001_g8g2_q000_q200_q222_q420_q440_src2/correlators/baryon_qcdsf.850.b5p40kp119989kp119812-32x64.01703_0.000_420_-4-20_smsnk30.lime
/scratch/usr/hhpmbate/chroma_2pt/32x64/b5p40kp119989kp119812/lp0001_g8g2_q000_q200_q222_q420_q440_src2/correlators/baryon_qcdsf.850.b5p40kp119989kp119812-32x64.01703_0.000_440_-4-40_ptsink.lime
/scratch/usr/hhpmbate/chroma_2pt/32x64/b5p40kp119989kp119812/lp0001_g8g2_q000_q200_q222_q420_q440_src2/correlators/baryon_qcdsf.850.b5p40kp119989kp119812-32x64.01703_0.000_440_-4-40_smsnk30.lime
/scratch/usr/hhpmbate/chroma_2pt/32x64/b5p40kp119989kp119812/lp0001_g8g2_q000_q200_q222_q420_q440_src2/correlators/baryon_qcdsf.850.b5p40kp119989kp119812-32x64.01705_0.000_000_ptsink.lime
/scratch/usr/hhpmbate/chroma_2pt/32x64/b5p40kp119989kp119812/lp0001_g8g2_q000_q200_q222_q420_q440_src2/correlators/baryon_qcdsf.850.b5p40kp119989kp119812-32x64.01705_0.000_000_smsnk30.lime
/scratch/usr/hhpmbate/chroma_2pt/32x64/b5p40kp119989kp119812/lp0001_g8g2_q000_q200_q222_q420_q440_src2/correlators/baryon_qcdsf.850.b5p40kp119989kp119812-32x64.01705_0.000_200_-200_ptsink.lime
/scratch/usr/hhpmbate/chroma_2pt/32x64/b5p40kp119989kp119812/lp0001_g8g2_q000_q200_q222_q420_q440_src2/correlators/baryon_qcdsf.850.b5p40kp119989kp119812-32x64.01705_0.000_200_-200_smsnk30.lime
/scratch/usr/hhpmbate/chroma_2pt/32x64/b5p40kp119989kp119812/lp0001_g8g2_q000_q200_q222_q420_q440_src2/correlators/baryon_qcdsf.850.b5p40kp119989kp119812-32x64.01705_0.000_222_-2-2-2_ptsink.lime
/scratch/usr/hhpmbate/chroma_2pt/32x64/b5p40kp119989kp119812/lp0001_g8g2_q000_q200_q222_q420_q440_src2/correlators/baryon_qcdsf.850.b5p40kp119989kp119812-32x64.01705_0.000_222_-2-2-2_smsnk30.lime
/scratch/usr/hhpmbate/chroma_2pt/32x64/b5p40kp119989kp119812/lp0001_g8g2_q000_q200_q222_q420_q440_src2/correlators/baryon_qcdsf.850.b5p40kp119989kp119812-32x64.01705_0.000_420_-4-20_ptsink.lime
/scratch/usr/hhpmbate/chroma_2pt/32x64/b5p40kp119989kp119812/lp0001_g8g2_q000_q200_q222_q420_q440_src2/correlators/baryon_qcdsf.850.b5p40kp119989kp119812-32x64.01705_0.000_420_-4-20_smsnk30.lime
/scratch/usr/hhpmbate/chroma_2pt/32x64/b5p40kp119989kp119812/lp0001_g8g2_q000_q200_q222_q420_q440_src2/correlators/baryon_qcdsf.850.b5p40kp119989kp119812-32x64.01705_0.000_440_-4-40_ptsink.lime
/scratch/usr/hhpmbate/chroma_2pt/32x64/b5p40kp119989kp119812/lp0001_g8g2_q000_q200_q222_q420_q440_src2/correlators/baryon_qcdsf.850.b5p40kp119989kp119812-32x64.01705_0.000_440_-4-40_smsnk30.lime
/scratch/usr/hhpmbate/chroma_2pt/32x64/b5p40kp119989kp119812/lp0001_g8g2_q000_q200_q222_q420_q440_src2/correlators/baryon_qcdsf.850.b5p40kp119989kp119812-32x64.01706_0.000_000_ptsink.lime
/scratch/usr/hhpmbate/chroma_2pt/32x64/b5p40kp119989kp119812/lp0001_g8g2_q000_q200_q222_q420_q440_src2/correlators/baryon_qcdsf.850.b5p40kp119989kp119812-32x64.01706_0.000_000_smsnk30.lime
/scratch/usr/hhpmbate/chroma_2pt/32x64/b5p40kp119989kp119812/lp0001_g8g2_q000_q200_q222_q420_q440_src2/correlators/baryon_qcdsf.850.b5p40kp119989kp119812-32x64.01706_0.000_200_-200_ptsink.lime
/scratch/usr/hhpmbate/chroma_2pt/32x64/b5p40kp119989kp119812/lp0001_g8g2_q000_q200_q222_q420_q440_src2/correlators/baryon_qcdsf.850.b5p40kp119989kp119812-32x64.01706_0.000_200_-200_smsnk30.lime
/scratch/usr/hhpmbate/chroma_2pt/32x64/b5p40kp119989kp119812/lp0001_g8g2_q000_q200_q222_q420_q440_src2/correlators/baryon_qcdsf.850.b5p40kp119989kp119812-32x64.01706_0.000_222_-2-2-2_ptsink.lime
/scratch/usr/hhpmbate/chroma_2pt/32x64/b5p40kp119989kp119812/lp0001_g8g2_q000_q200_q222_q420_q440_src2/correlators/baryon_qcdsf.850.b5p40kp119989kp119812-32x64.01706_0.000_222_-2-2-2_smsnk30.lime
/scratch/usr/hhpmbate/chroma_2pt/32x64/b5p40kp119989kp119812/lp0001_g8g2_q000_q200_q222_q420_q440_src2/correlators/baryon_qcdsf.850.b5p40kp119989kp119812-32x64.01706_0.000_420_-4-20_ptsink.lime
/scratch/usr/hhpmbate/chroma_2pt/32x64/b5p40kp119989kp119812/lp0001_g8g2_q000_q200_q222_q420_q440_src2/correlators/baryon_qcdsf.850.b5p40kp119989kp119812-32x64.01706_0.000_420_-4-20_smsnk30.lime
/scratch/usr/hhpmbate/chroma_2pt/32x64/b5p40kp119989kp119812/lp0001_g8g2_q000_q200_q222_q420_q440_src2/correlators/baryon_qcdsf.850.b5p40kp119989kp119812-32x64.01706_0.000_440_-4-40_ptsink.lime
/scratch/usr/hhpmbate/chroma_2pt/32x64/b5p40kp119989kp119812/lp0001_g8g2_q000_q200_q222_q420_q440_src2/correlators/baryon_qcdsf.850.b5p40kp119989kp119812-32x64.01706_0.000_440_-4-40_smsnk30.lime
/scratch/usr/hhpmbate/chroma_2pt/32x64/b5p40kp119989kp119812/lp0001_g8g2_q000_q200_q222_q420_q440_src2/correlators/baryon_qcdsf.850.b5p40kp119989kp119812-32x64.01707_0.000_000_ptsink.lime
/scratch/usr/hhpmbate/chroma_2pt/32x64/b5p40kp119989kp119812/lp0001_g8g2_q000_q200_q222_q420_q440_src2/correlators/baryon_qcdsf.850.b5p40kp119989kp119812-32x64.01707_0.000_000_smsnk30.lime
/scratch/usr/hhpmbate/chroma_2pt/32x64/b5p40kp119989kp119812/lp0001_g8g2_q000_q200_q222_q420_q440_src2/correlators/baryon_qcdsf.850.b5p40kp119989kp119812-32x64.01707_0.000_200_-200_ptsink.lime
/scratch/usr/hhpmbate/chroma_2pt/32x64/b5p40kp119989kp119812/lp0001_g8g2_q000_q200_q222_q420_q440_src2/correlators/baryon_qcdsf.850.b5p40kp119989kp119812-32x64.01707_0.000_200_-200_smsnk30.lime
/scratch/usr/hhpmbate/chroma_2pt/32x64/b5p40kp119989kp119812/lp0001_g8g2_q000_q200_q222_q420_q440_src2/correlators/baryon_qcdsf.850.b5p40kp119989kp119812-32x64.01707_0.000_222_-2-2-2_ptsink.lime
/scratch/usr/hhpmbate/chroma_2pt/32x64/b5p40kp119989kp119812/lp0001_g8g2_q000_q200_q222_q420_q440_src2/correlators/baryon_qcdsf.850.b5p40kp119989kp119812-32x64.01707_0.000_222_-2-2-2_smsnk30.lime
/scratch/usr/hhpmbate/chroma_2pt/32x64/b5p40kp119989kp119812/lp0001_g8g2_q000_q200_q222_q420_q440_src2/correlators/baryon_qcdsf.850.b5p40kp119989kp119812-32x64.01707_0.000_420_-4-20_ptsink.lime
/scratch/usr/hhpmbate/chroma_2pt/32x64/b5p40kp119989kp119812/lp0001_g8g2_q000_q200_q222_q420_q440_src2/correlators/baryon_qcdsf.850.b5p40kp119989kp119812-32x64.01707_0.000_420_-4-20_smsnk30.lime
/scratch/usr/hhpmbate/chroma_2pt/32x64/b5p40kp119989kp119812/lp0001_g8g2_q000_q200_q222_q420_q440_src2/correlators/baryon_qcdsf.850.b5p40kp119989kp119812-32x64.01707_0.000_440_-4-40_ptsink.lime
/scratch/usr/hhpmbate/chroma_2pt/32x64/b5p40kp119989kp119812/lp0001_g8g2_q000_q200_q222_q420_q440_src2/correlators/baryon_qcdsf.850.b5p40kp119989kp119812-32x64.01707_0.000_440_-4-40_smsnk30.lime
/scratch/usr/hhpmbate/chroma_2pt/32x64/b5p40kp119989kp119812/lp0001_g8g2_q000_q200_q222_q420_q440_src2/correlators/baryon_qcdsf.850.b5p40kp119989kp119812-32x64.01710_0.000_000_ptsink.lime
/scratch/usr/hhpmbate/chroma_2pt/32x64/b5p40kp119989kp119812/lp0001_g8g2_q000_q200_q222_q420_q440_src2/correlators/baryon_qcdsf.850.b5p40kp119989kp119812-32x64.01710_0.000_000_smsnk30.lime
/scratch/usr/hhpmbate/chroma_2pt/32x64/b5p40kp119989kp119812/lp0001_g8g2_q000_q200_q222_q420_q440_src2/correlators/baryon_qcdsf.850.b5p40kp119989kp119812-32x64.01710_0.000_200_-200_ptsink.lime
/scratch/usr/hhpmbate/chroma_2pt/32x64/b5p40kp119989kp119812/lp0001_g8g2_q000_q200_q222_q420_q440_src2/correlators/baryon_qcdsf.850.b5p40kp119989kp119812-32x64.01710_0.000_200_-200_smsnk30.lime
/scratch/usr/hhpmbate/chroma_2pt/32x64/b5p40kp119989kp119812/lp0001_g8g2_q000_q200_q222_q420_q440_src2/correlators/baryon_qcdsf.850.b5p40kp119989kp119812-32x64.01710_0.000_222_-2-2-2_ptsink.lime
/scratch/usr/hhpmbate/chroma_2pt/32x64/b5p40kp119989kp119812/lp0001_g8g2_q000_q200_q222_q420_q440_src2/correlators/baryon_qcdsf.850.b5p40kp119989kp119812-32x64.01710_0.000_222_-2-2-2_smsnk30.lime
/scratch/usr/hhpmbate/chroma_2pt/32x64/b5p40kp119989kp119812/lp0001_g8g2_q000_q200_q222_q420_q440_src2/correlators/baryon_qcdsf.850.b5p40kp119989kp119812-32x64.01710_0.000_420_-4-20_ptsink.lime
/scratch/usr/hhpmbate/chroma_2pt/32x64/b5p40kp119989kp119812/lp0001_g8g2_q000_q200_q222_q420_q440_src2/correlators/baryon_qcdsf.850.b5p40kp119989kp119812-32x64.01710_0.000_420_-4-20_smsnk30.lime
/scratch/usr/hhpmbate/chroma_2pt/32x64/b5p40kp119989kp119812/lp0001_g8g2_q000_q200_q222_q420_q440_src2/correlators/baryon_qcdsf.850.b5p40kp119989kp119812-32x64.01710_0.000_440_-4-40_ptsink.lime
/scratch/usr/hhpmbate/chroma_2pt/32x64/b5p40kp119989kp119812/lp0001_g8g2_q000_q200_q222_q420_q440_src2/correlators/baryon_qcdsf.850.b5p40kp119989kp119812-32x64.01710_0.000_440_-4-40_smsnk30.lime
/scratch/usr/hhpmbate/chroma_2pt/32x64/b5p40kp119989kp119812/lp0001_g8g2_q000_q200_q222_q420_q440_src2/correlators/baryon_qcdsf.850.b5p40kp119989kp119812-32x64.01715_0.000_000_ptsink.lime
/scratch/usr/hhpmbate/chroma_2pt/32x64/b5p40kp119989kp119812/lp0001_g8g2_q000_q200_q222_q420_q440_src2/correlators/baryon_qcdsf.850.b5p40kp119989kp119812-32x64.01715_0.000_000_smsnk30.lime
/scratch/usr/hhpmbate/chroma_2pt/32x64/b5p40kp119989kp119812/lp0001_g8g2_q000_q200_q222_q420_q440_src2/correlators/baryon_qcdsf.850.b5p40kp119989kp119812-32x64.01715_0.000_200_-200_ptsink.lime
/scratch/usr/hhpmbate/chroma_2pt/32x64/b5p40kp119989kp119812/lp0001_g8g2_q000_q200_q222_q420_q440_src2/correlators/baryon_qcdsf.850.b5p40kp119989kp119812-32x64.01715_0.000_200_-200_smsnk30.lime
/scratch/usr/hhpmbate/chroma_2pt/32x64/b5p40kp119989kp119812/lp0001_g8g2_q000_q200_q222_q420_q440_src2/correlators/baryon_qcdsf.850.b5p40kp119989kp119812-32x64.01715_0.000_222_-2-2-2_ptsink.lime
/scratch/usr/hhpmbate/chroma_2pt/32x64/b5p40kp119989kp119812/lp0001_g8g2_q000_q200_q222_q420_q440_src2/correlators/baryon_qcdsf.850.b5p40kp119989kp119812-32x64.01715_0.000_222_-2-2-2_smsnk30.lime
/scratch/usr/hhpmbate/chroma_2pt/32x64/b5p40kp119989kp119812/lp0001_g8g2_q000_q200_q222_q420_q440_src2/correlators/baryon_qcdsf.850.b5p40kp119989kp119812-32x64.01715_0.000_420_-4-20_ptsink.lime
/scratch/usr/hhpmbate/chroma_2pt/32x64/b5p40kp119989kp119812/lp0001_g8g2_q000_q200_q222_q420_q440_src2/correlators/baryon_qcdsf.850.b5p40kp119989kp119812-32x64.01715_0.000_420_-4-20_smsnk30.lime
/scratch/usr/hhpmbate/chroma_2pt/32x64/b5p40kp119989kp119812/lp0001_g8g2_q000_q200_q222_q420_q440_src2/correlators/baryon_qcdsf.850.b5p40kp119989kp119812-32x64.01715_0.000_440_-4-40_ptsink.lime
/scratch/usr/hhpmbate/chroma_2pt/32x64/b5p40kp119989kp119812/lp0001_g8g2_q000_q200_q222_q420_q440_src2/correlators/baryon_qcdsf.850.b5p40kp119989kp119812-32x64.01715_0.000_440_-4-40_smsnk30.lime
/scratch/usr/hhpmbate/chroma_2pt/32x64/b5p40kp119989kp119812/lp0001_g8g2_q000_q200_q222_q420_q440_src2/correlators/baryon_qcdsf.850.b5p40kp119989kp119812-32x64.01717_0.000_000_ptsink.lime
/scratch/usr/hhpmbate/chroma_2pt/32x64/b5p40kp119989kp119812/lp0001_g8g2_q000_q200_q222_q420_q440_src2/correlators/baryon_qcdsf.850.b5p40kp119989kp119812-32x64.01717_0.000_000_smsnk30.lime
/scratch/usr/hhpmbate/chroma_2pt/32x64/b5p40kp119989kp119812/lp0001_g8g2_q000_q200_q222_q420_q440_src2/correlators/baryon_qcdsf.850.b5p40kp119989kp119812-32x64.01717_0.000_200_-200_ptsink.lime
/scratch/usr/hhpmbate/chroma_2pt/32x64/b5p40kp119989kp119812/lp0001_g8g2_q000_q200_q222_q420_q440_src2/correlators/baryon_qcdsf.850.b5p40kp119989kp119812-32x64.01717_0.000_200_-200_smsnk30.lime
/scratch/usr/hhpmbate/chroma_2pt/32x64/b5p40kp119989kp119812/lp0001_g8g2_q000_q200_q222_q420_q440_src2/correlators/baryon_qcdsf.850.b5p40kp119989kp119812-32x64.01717_0.000_222_-2-2-2_ptsink.lime
/scratch/usr/hhpmbate/chroma_2pt/32x64/b5p40kp119989kp119812/lp0001_g8g2_q000_q200_q222_q420_q440_src2/correlators/baryon_qcdsf.850.b5p40kp119989kp119812-32x64.01717_0.000_222_-2-2-2_smsnk30.lime
/scratch/usr/hhpmbate/chroma_2pt/32x64/b5p40kp119989kp119812/lp0001_g8g2_q000_q200_q222_q420_q440_src2/correlators/baryon_qcdsf.850.b5p40kp119989kp119812-32x64.01717_0.000_420_-4-20_ptsink.lime
/scratch/usr/hhpmbate/chroma_2pt/32x64/b5p40kp119989kp119812/lp0001_g8g2_q000_q200_q222_q420_q440_src2/correlators/baryon_qcdsf.850.b5p40kp119989kp119812-32x64.01717_0.000_420_-4-20_smsnk30.lime
/scratch/usr/hhpmbate/chroma_2pt/32x64/b5p40kp119989kp119812/lp0001_g8g2_q000_q200_q222_q420_q440_src2/correlators/baryon_qcdsf.850.b5p40kp119989kp119812-32x64.01717_0.000_440_-4-40_ptsink.lime
/scratch/usr/hhpmbate/chroma_2pt/32x64/b5p40kp119989kp119812/lp0001_g8g2_q000_q200_q222_q420_q440_src2/correlators/baryon_qcdsf.850.b5p40kp119989kp119812-32x64.01717_0.000_440_-4-40_smsnk30.lime
/scratch/usr/hhpmbate/chroma_2pt/32x64/b5p40kp119989kp119812/lp0001_g8g2_q000_q200_q222_q420_q440_src2/correlators/baryon_qcdsf.850.b5p40kp119989kp119812-32x64.01721_0.000_000_ptsink.lime
/scratch/usr/hhpmbate/chroma_2pt/32x64/b5p40kp119989kp119812/lp0001_g8g2_q000_q200_q222_q420_q440_src2/correlators/baryon_qcdsf.850.b5p40kp119989kp119812-32x64.01721_0.000_000_smsnk30.lime
/scratch/usr/hhpmbate/chroma_2pt/32x64/b5p40kp119989kp119812/lp0001_g8g2_q000_q200_q222_q420_q440_src2/correlators/baryon_qcdsf.850.b5p40kp119989kp119812-32x64.01721_0.000_200_-200_ptsink.lime
/scratch/usr/hhpmbate/chroma_2pt/32x64/b5p40kp119989kp119812/lp0001_g8g2_q000_q200_q222_q420_q440_src2/correlators/baryon_qcdsf.850.b5p40kp119989kp119812-32x64.01721_0.000_200_-200_smsnk30.lime
/scratch/usr/hhpmbate/chroma_2pt/32x64/b5p40kp119989kp119812/lp0001_g8g2_q000_q200_q222_q420_q440_src2/correlators/baryon_qcdsf.850.b5p40kp119989kp119812-32x64.01721_0.000_222_-2-2-2_ptsink.lime
/scratch/usr/hhpmbate/chroma_2pt/32x64/b5p40kp119989kp119812/lp0001_g8g2_q000_q200_q222_q420_q440_src2/correlators/baryon_qcdsf.850.b5p40kp119989kp119812-32x64.01721_0.000_222_-2-2-2_smsnk30.lime
/scratch/usr/hhpmbate/chroma_2pt/32x64/b5p40kp119989kp119812/lp0001_g8g2_q000_q200_q222_q420_q440_src2/correlators/baryon_qcdsf.850.b5p40kp119989kp119812-32x64.01721_0.000_420_-4-20_ptsink.lime
/scratch/usr/hhpmbate/chroma_2pt/32x64/b5p40kp119989kp119812/lp0001_g8g2_q000_q200_q222_q420_q440_src2/correlators/baryon_qcdsf.850.b5p40kp119989kp119812-32x64.01721_0.000_420_-4-20_smsnk30.lime
/scratch/usr/hhpmbate/chroma_2pt/32x64/b5p40kp119989kp119812/lp0001_g8g2_q000_q200_q222_q420_q440_src2/correlators/baryon_qcdsf.850.b5p40kp119989kp119812-32x64.01721_0.000_440_-4-40_ptsink.lime
/scratch/usr/hhpmbate/chroma_2pt/32x64/b5p40kp119989kp119812/lp0001_g8g2_q000_q200_q222_q420_q440_src2/correlators/baryon_qcdsf.850.b5p40kp119989kp119812-32x64.01721_0.000_440_-4-40_smsnk30.lime
/scratch/usr/hhpmbate/chroma_2pt/32x64/b5p40kp119989kp119812/lp0001_g8g2_q000_q200_q222_q420_q440_src2/correlators/baryon_qcdsf.850.b5p40kp119989kp119812-32x64.01722_0.000_000_ptsink.lime
/scratch/usr/hhpmbate/chroma_2pt/32x64/b5p40kp119989kp119812/lp0001_g8g2_q000_q200_q222_q420_q440_src2/correlators/baryon_qcdsf.850.b5p40kp119989kp119812-32x64.01722_0.000_000_smsnk30.lime
/scratch/usr/hhpmbate/chroma_2pt/32x64/b5p40kp119989kp119812/lp0001_g8g2_q000_q200_q222_q420_q440_src2/correlators/baryon_qcdsf.850.b5p40kp119989kp119812-32x64.01722_0.000_200_-200_ptsink.lime
/scratch/usr/hhpmbate/chroma_2pt/32x64/b5p40kp119989kp119812/lp0001_g8g2_q000_q200_q222_q420_q440_src2/correlators/baryon_qcdsf.850.b5p40kp119989kp119812-32x64.01722_0.000_200_-200_smsnk30.lime
/scratch/usr/hhpmbate/chroma_2pt/32x64/b5p40kp119989kp119812/lp0001_g8g2_q000_q200_q222_q420_q440_src2/correlators/baryon_qcdsf.850.b5p40kp119989kp119812-32x64.01722_0.000_222_-2-2-2_ptsink.lime
/scratch/usr/hhpmbate/chroma_2pt/32x64/b5p40kp119989kp119812/lp0001_g8g2_q000_q200_q222_q420_q440_src2/correlators/baryon_qcdsf.850.b5p40kp119989kp119812-32x64.01722_0.000_222_-2-2-2_smsnk30.lime
/scratch/usr/hhpmbate/chroma_2pt/32x64/b5p40kp119989kp119812/lp0001_g8g2_q000_q200_q222_q420_q440_src2/correlators/baryon_qcdsf.850.b5p40kp119989kp119812-32x64.01722_0.000_420_-4-20_ptsink.lime
/scratch/usr/hhpmbate/chroma_2pt/32x64/b5p40kp119989kp119812/lp0001_g8g2_q000_q200_q222_q420_q440_src2/correlators/baryon_qcdsf.850.b5p40kp119989kp119812-32x64.01722_0.000_420_-4-20_smsnk30.lime
/scratch/usr/hhpmbate/chroma_2pt/32x64/b5p40kp119989kp119812/lp0001_g8g2_q000_q200_q222_q420_q440_src2/correlators/baryon_qcdsf.850.b5p40kp119989kp119812-32x64.01722_0.000_440_-4-40_ptsink.lime
/scratch/usr/hhpmbate/chroma_2pt/32x64/b5p40kp119989kp119812/lp0001_g8g2_q000_q200_q222_q420_q440_src2/correlators/baryon_qcdsf.850.b5p40kp119989kp119812-32x64.01722_0.000_440_-4-40_smsnk30.lime
/scratch/usr/hhpmbate/chroma_2pt/32x64/b5p40kp119989kp119812/lp0001_g8g2_q000_q200_q222_q420_q440_src2/correlators/baryon_qcdsf.850.b5p40kp119989kp119812-32x64.01726_0.000_000_ptsink.lime
/scratch/usr/hhpmbate/chroma_2pt/32x64/b5p40kp119989kp119812/lp0001_g8g2_q000_q200_q222_q420_q440_src2/correlators/baryon_qcdsf.850.b5p40kp119989kp119812-32x64.01726_0.000_000_smsnk30.lime
/scratch/usr/hhpmbate/chroma_2pt/32x64/b5p40kp119989kp119812/lp0001_g8g2_q000_q200_q222_q420_q440_src2/correlators/baryon_qcdsf.850.b5p40kp119989kp119812-32x64.01726_0.000_200_-200_ptsink.lime
/scratch/usr/hhpmbate/chroma_2pt/32x64/b5p40kp119989kp119812/lp0001_g8g2_q000_q200_q222_q420_q440_src2/correlators/baryon_qcdsf.850.b5p40kp119989kp119812-32x64.01726_0.000_200_-200_smsnk30.lime
/scratch/usr/hhpmbate/chroma_2pt/32x64/b5p40kp119989kp119812/lp0001_g8g2_q000_q200_q222_q420_q440_src2/correlators/baryon_qcdsf.850.b5p40kp119989kp119812-32x64.01726_0.000_222_-2-2-2_ptsink.lime
/scratch/usr/hhpmbate/chroma_2pt/32x64/b5p40kp119989kp119812/lp0001_g8g2_q000_q200_q222_q420_q440_src2/correlators/baryon_qcdsf.850.b5p40kp119989kp119812-32x64.01726_0.000_222_-2-2-2_smsnk30.lime
/scratch/usr/hhpmbate/chroma_2pt/32x64/b5p40kp119989kp119812/lp0001_g8g2_q000_q200_q222_q420_q440_src2/correlators/baryon_qcdsf.850.b5p40kp119989kp119812-32x64.01726_0.000_420_-4-20_ptsink.lime
/scratch/usr/hhpmbate/chroma_2pt/32x64/b5p40kp119989kp119812/lp0001_g8g2_q000_q200_q222_q420_q440_src2/correlators/baryon_qcdsf.850.b5p40kp119989kp119812-32x64.01726_0.000_420_-4-20_smsnk30.lime
/scratch/usr/hhpmbate/chroma_2pt/32x64/b5p40kp119989kp119812/lp0001_g8g2_q000_q200_q222_q420_q440_src2/correlators/baryon_qcdsf.850.b5p40kp119989kp119812-32x64.01726_0.000_440_-4-40_ptsink.lime
/scratch/usr/hhpmbate/chroma_2pt/32x64/b5p40kp119989kp119812/lp0001_g8g2_q000_q200_q222_q420_q440_src2/correlators/baryon_qcdsf.850.b5p40kp119989kp119812-32x64.01726_0.000_440_-4-40_smsnk30.lime
/scratch/usr/hhpmbate/chroma_2pt/32x64/b5p40kp119989kp119812/lp0001_g8g2_q000_q200_q222_q420_q440_src2/correlators/baryon_qcdsf.850.b5p40kp119989kp119812-32x64.01727_0.000_000_ptsink.lime
/scratch/usr/hhpmbate/chroma_2pt/32x64/b5p40kp119989kp119812/lp0001_g8g2_q000_q200_q222_q420_q440_src2/correlators/baryon_qcdsf.850.b5p40kp119989kp119812-32x64.01727_0.000_000_smsnk30.lime
/scratch/usr/hhpmbate/chroma_2pt/32x64/b5p40kp119989kp119812/lp0001_g8g2_q000_q200_q222_q420_q440_src2/correlators/baryon_qcdsf.850.b5p40kp119989kp119812-32x64.01727_0.000_200_-200_ptsink.lime
/scratch/usr/hhpmbate/chroma_2pt/32x64/b5p40kp119989kp119812/lp0001_g8g2_q000_q200_q222_q420_q440_src2/correlators/baryon_qcdsf.850.b5p40kp119989kp119812-32x64.01727_0.000_200_-200_smsnk30.lime
/scratch/usr/hhpmbate/chroma_2pt/32x64/b5p40kp119989kp119812/lp0001_g8g2_q000_q200_q222_q420_q440_src2/correlators/baryon_qcdsf.850.b5p40kp119989kp119812-32x64.01727_0.000_222_-2-2-2_ptsink.lime
/scratch/usr/hhpmbate/chroma_2pt/32x64/b5p40kp119989kp119812/lp0001_g8g2_q000_q200_q222_q420_q440_src2/correlators/baryon_qcdsf.850.b5p40kp119989kp119812-32x64.01727_0.000_222_-2-2-2_smsnk30.lime
/scratch/usr/hhpmbate/chroma_2pt/32x64/b5p40kp119989kp119812/lp0001_g8g2_q000_q200_q222_q420_q440_src2/correlators/baryon_qcdsf.850.b5p40kp119989kp119812-32x64.01727_0.000_420_-4-20_ptsink.lime
/scratch/usr/hhpmbate/chroma_2pt/32x64/b5p40kp119989kp119812/lp0001_g8g2_q000_q200_q222_q420_q440_src2/correlators/baryon_qcdsf.850.b5p40kp119989kp119812-32x64.01727_0.000_420_-4-20_smsnk30.lime
/scratch/usr/hhpmbate/chroma_2pt/32x64/b5p40kp119989kp119812/lp0001_g8g2_q000_q200_q222_q420_q440_src2/correlators/baryon_qcdsf.850.b5p40kp119989kp119812-32x64.01727_0.000_440_-4-40_ptsink.lime
/scratch/usr/hhpmbate/chroma_2pt/32x64/b5p40kp119989kp119812/lp0001_g8g2_q000_q200_q222_q420_q440_src2/correlators/baryon_qcdsf.850.b5p40kp119989kp119812-32x64.01727_0.000_440_-4-40_smsnk30.lime
/scratch/usr/hhpmbate/chroma_2pt/32x64/b5p40kp119989kp119812/lp0001_g8g2_q000_q200_q222_q420_q440_src2/correlators/baryon_qcdsf.850.b5p40kp119989kp119812-32x64.01729_0.000_000_ptsink.lime
/scratch/usr/hhpmbate/chroma_2pt/32x64/b5p40kp119989kp119812/lp0001_g8g2_q000_q200_q222_q420_q440_src2/correlators/baryon_qcdsf.850.b5p40kp119989kp119812-32x64.01729_0.000_000_smsnk30.lime
/scratch/usr/hhpmbate/chroma_2pt/32x64/b5p40kp119989kp119812/lp0001_g8g2_q000_q200_q222_q420_q440_src2/correlators/baryon_qcdsf.850.b5p40kp119989kp119812-32x64.01729_0.000_200_-200_ptsink.lime
/scratch/usr/hhpmbate/chroma_2pt/32x64/b5p40kp119989kp119812/lp0001_g8g2_q000_q200_q222_q420_q440_src2/correlators/baryon_qcdsf.850.b5p40kp119989kp119812-32x64.01729_0.000_200_-200_smsnk30.lime
/scratch/usr/hhpmbate/chroma_2pt/32x64/b5p40kp119989kp119812/lp0001_g8g2_q000_q200_q222_q420_q440_src2/correlators/baryon_qcdsf.850.b5p40kp119989kp119812-32x64.01729_0.000_222_-2-2-2_ptsink.lime
/scratch/usr/hhpmbate/chroma_2pt/32x64/b5p40kp119989kp119812/lp0001_g8g2_q000_q200_q222_q420_q440_src2/correlators/baryon_qcdsf.850.b5p40kp119989kp119812-32x64.01729_0.000_222_-2-2-2_smsnk30.lime
/scratch/usr/hhpmbate/chroma_2pt/32x64/b5p40kp119989kp119812/lp0001_g8g2_q000_q200_q222_q420_q440_src2/correlators/baryon_qcdsf.850.b5p40kp119989kp119812-32x64.01729_0.000_420_-4-20_ptsink.lime
/scratch/usr/hhpmbate/chroma_2pt/32x64/b5p40kp119989kp119812/lp0001_g8g2_q000_q200_q222_q420_q440_src2/correlators/baryon_qcdsf.850.b5p40kp119989kp119812-32x64.01729_0.000_420_-4-20_smsnk30.lime
/scratch/usr/hhpmbate/chroma_2pt/32x64/b5p40kp119989kp119812/lp0001_g8g2_q000_q200_q222_q420_q440_src2/correlators/baryon_qcdsf.850.b5p40kp119989kp119812-32x64.01729_0.000_440_-4-40_ptsink.lime
/scratch/usr/hhpmbate/chroma_2pt/32x64/b5p40kp119989kp119812/lp0001_g8g2_q000_q200_q222_q420_q440_src2/correlators/baryon_qcdsf.850.b5p40kp119989kp119812-32x64.01729_0.000_440_-4-40_smsnk30.lime
/scratch/usr/hhpmbate/chroma_2pt/32x64/b5p40kp119989kp119812/lp0001_g8g2_q000_q200_q222_q420_q440_src2/correlators/baryon_qcdsf.850.b5p40kp119989kp119812-32x64.01739_0.000_000_ptsink.lime
/scratch/usr/hhpmbate/chroma_2pt/32x64/b5p40kp119989kp119812/lp0001_g8g2_q000_q200_q222_q420_q440_src2/correlators/baryon_qcdsf.850.b5p40kp119989kp119812-32x64.01739_0.000_000_smsnk30.lime
/scratch/usr/hhpmbate/chroma_2pt/32x64/b5p40kp119989kp119812/lp0001_g8g2_q000_q200_q222_q420_q440_src2/correlators/baryon_qcdsf.850.b5p40kp119989kp119812-32x64.01739_0.000_200_-200_ptsink.lime
/scratch/usr/hhpmbate/chroma_2pt/32x64/b5p40kp119989kp119812/lp0001_g8g2_q000_q200_q222_q420_q440_src2/correlators/baryon_qcdsf.850.b5p40kp119989kp119812-32x64.01739_0.000_200_-200_smsnk30.lime
/scratch/usr/hhpmbate/chroma_2pt/32x64/b5p40kp119989kp119812/lp0001_g8g2_q000_q200_q222_q420_q440_src2/correlators/baryon_qcdsf.850.b5p40kp119989kp119812-32x64.01739_0.000_222_-2-2-2_ptsink.lime
/scratch/usr/hhpmbate/chroma_2pt/32x64/b5p40kp119989kp119812/lp0001_g8g2_q000_q200_q222_q420_q440_src2/correlators/baryon_qcdsf.850.b5p40kp119989kp119812-32x64.01739_0.000_222_-2-2-2_smsnk30.lime
/scratch/usr/hhpmbate/chroma_2pt/32x64/b5p40kp119989kp119812/lp0001_g8g2_q000_q200_q222_q420_q440_src2/correlators/baryon_qcdsf.850.b5p40kp119989kp119812-32x64.01739_0.000_420_-4-20_ptsink.lime
/scratch/usr/hhpmbate/chroma_2pt/32x64/b5p40kp119989kp119812/lp0001_g8g2_q000_q200_q222_q420_q440_src2/correlators/baryon_qcdsf.850.b5p40kp119989kp119812-32x64.01739_0.000_420_-4-20_smsnk30.lime
/scratch/usr/hhpmbate/chroma_2pt/32x64/b5p40kp119989kp119812/lp0001_g8g2_q000_q200_q222_q420_q440_src2/correlators/baryon_qcdsf.850.b5p40kp119989kp119812-32x64.01739_0.000_440_-4-40_ptsink.lime
/scratch/usr/hhpmbate/chroma_2pt/32x64/b5p40kp119989kp119812/lp0001_g8g2_q000_q200_q222_q420_q440_src2/correlators/baryon_qcdsf.850.b5p40kp119989kp119812-32x64.01739_0.000_440_-4-40_smsnk30.lime
/scratch/usr/hhpmbate/chroma_2pt/32x64/b5p40kp119989kp119812/lp0001_g8g2_q000_q200_q222_q420_q440_src2/correlators/baryon_qcdsf.850.b5p40kp119989kp119812-32x64.01742_0.000_000_ptsink.lime
/scratch/usr/hhpmbate/chroma_2pt/32x64/b5p40kp119989kp119812/lp0001_g8g2_q000_q200_q222_q420_q440_src2/correlators/baryon_qcdsf.850.b5p40kp119989kp119812-32x64.01742_0.000_000_smsnk30.lime
/scratch/usr/hhpmbate/chroma_2pt/32x64/b5p40kp119989kp119812/lp0001_g8g2_q000_q200_q222_q420_q440_src2/correlators/baryon_qcdsf.850.b5p40kp119989kp119812-32x64.01742_0.000_200_-200_ptsink.lime
/scratch/usr/hhpmbate/chroma_2pt/32x64/b5p40kp119989kp119812/lp0001_g8g2_q000_q200_q222_q420_q440_src2/correlators/baryon_qcdsf.850.b5p40kp119989kp119812-32x64.01742_0.000_200_-200_smsnk30.lime
/scratch/usr/hhpmbate/chroma_2pt/32x64/b5p40kp119989kp119812/lp0001_g8g2_q000_q200_q222_q420_q440_src2/correlators/baryon_qcdsf.850.b5p40kp119989kp119812-32x64.01742_0.000_222_-2-2-2_ptsink.lime
/scratch/usr/hhpmbate/chroma_2pt/32x64/b5p40kp119989kp119812/lp0001_g8g2_q000_q200_q222_q420_q440_src2/correlators/baryon_qcdsf.850.b5p40kp119989kp119812-32x64.01742_0.000_222_-2-2-2_smsnk30.lime
/scratch/usr/hhpmbate/chroma_2pt/32x64/b5p40kp119989kp119812/lp0001_g8g2_q000_q200_q222_q420_q440_src2/correlators/baryon_qcdsf.850.b5p40kp119989kp119812-32x64.01742_0.000_420_-4-20_ptsink.lime
/scratch/usr/hhpmbate/chroma_2pt/32x64/b5p40kp119989kp119812/lp0001_g8g2_q000_q200_q222_q420_q440_src2/correlators/baryon_qcdsf.850.b5p40kp119989kp119812-32x64.01742_0.000_420_-4-20_smsnk30.lime
/scratch/usr/hhpmbate/chroma_2pt/32x64/b5p40kp119989kp119812/lp0001_g8g2_q000_q200_q222_q420_q440_src2/correlators/baryon_qcdsf.850.b5p40kp119989kp119812-32x64.01742_0.000_440_-4-40_ptsink.lime
/scratch/usr/hhpmbate/chroma_2pt/32x64/b5p40kp119989kp119812/lp0001_g8g2_q000_q200_q222_q420_q440_src2/correlators/baryon_qcdsf.850.b5p40kp119989kp119812-32x64.01742_0.000_440_-4-40_smsnk30.lime
/scratch/usr/hhpmbate/chroma_2pt/32x64/b5p40kp119989kp119812/lp0001_g8g2_q000_q200_q222_q420_q440_src2/correlators/baryon_qcdsf.850.b5p40kp119989kp119812-32x64.01745_0.000_000_ptsink.lime
/scratch/usr/hhpmbate/chroma_2pt/32x64/b5p40kp119989kp119812/lp0001_g8g2_q000_q200_q222_q420_q440_src2/correlators/baryon_qcdsf.850.b5p40kp119989kp119812-32x64.01745_0.000_000_smsnk30.lime
/scratch/usr/hhpmbate/chroma_2pt/32x64/b5p40kp119989kp119812/lp0001_g8g2_q000_q200_q222_q420_q440_src2/correlators/baryon_qcdsf.850.b5p40kp119989kp119812-32x64.01745_0.000_200_-200_ptsink.lime
/scratch/usr/hhpmbate/chroma_2pt/32x64/b5p40kp119989kp119812/lp0001_g8g2_q000_q200_q222_q420_q440_src2/correlators/baryon_qcdsf.850.b5p40kp119989kp119812-32x64.01745_0.000_200_-200_smsnk30.lime
/scratch/usr/hhpmbate/chroma_2pt/32x64/b5p40kp119989kp119812/lp0001_g8g2_q000_q200_q222_q420_q440_src2/correlators/baryon_qcdsf.850.b5p40kp119989kp119812-32x64.01745_0.000_222_-2-2-2_ptsink.lime
/scratch/usr/hhpmbate/chroma_2pt/32x64/b5p40kp119989kp119812/lp0001_g8g2_q000_q200_q222_q420_q440_src2/correlators/baryon_qcdsf.850.b5p40kp119989kp119812-32x64.01745_0.000_222_-2-2-2_smsnk30.lime
/scratch/usr/hhpmbate/chroma_2pt/32x64/b5p40kp119989kp119812/lp0001_g8g2_q000_q200_q222_q420_q440_src2/correlators/baryon_qcdsf.850.b5p40kp119989kp119812-32x64.01745_0.000_420_-4-20_ptsink.lime
/scratch/usr/hhpmbate/chroma_2pt/32x64/b5p40kp119989kp119812/lp0001_g8g2_q000_q200_q222_q420_q440_src2/correlators/baryon_qcdsf.850.b5p40kp119989kp119812-32x64.01745_0.000_420_-4-20_smsnk30.lime
/scratch/usr/hhpmbate/chroma_2pt/32x64/b5p40kp119989kp119812/lp0001_g8g2_q000_q200_q222_q420_q440_src2/correlators/baryon_qcdsf.850.b5p40kp119989kp119812-32x64.01745_0.000_440_-4-40_ptsink.lime
/scratch/usr/hhpmbate/chroma_2pt/32x64/b5p40kp119989kp119812/lp0001_g8g2_q000_q200_q222_q420_q440_src2/correlators/baryon_qcdsf.850.b5p40kp119989kp119812-32x64.01745_0.000_440_-4-40_smsnk30.lime
/scratch/usr/hhpmbate/chroma_2pt/32x64/b5p40kp119989kp119812/lp0001_g8g2_q000_q200_q222_q420_q440_src2/correlators/baryon_qcdsf.850.b5p40kp119989kp119812-32x64.01748_0.000_000_ptsink.lime
/scratch/usr/hhpmbate/chroma_2pt/32x64/b5p40kp119989kp119812/lp0001_g8g2_q000_q200_q222_q420_q440_src2/correlators/baryon_qcdsf.850.b5p40kp119989kp119812-32x64.01748_0.000_000_smsnk30.lime
/scratch/usr/hhpmbate/chroma_2pt/32x64/b5p40kp119989kp119812/lp0001_g8g2_q000_q200_q222_q420_q440_src2/correlators/baryon_qcdsf.850.b5p40kp119989kp119812-32x64.01748_0.000_200_-200_ptsink.lime
/scratch/usr/hhpmbate/chroma_2pt/32x64/b5p40kp119989kp119812/lp0001_g8g2_q000_q200_q222_q420_q440_src2/correlators/baryon_qcdsf.850.b5p40kp119989kp119812-32x64.01748_0.000_200_-200_smsnk30.lime
/scratch/usr/hhpmbate/chroma_2pt/32x64/b5p40kp119989kp119812/lp0001_g8g2_q000_q200_q222_q420_q440_src2/correlators/baryon_qcdsf.850.b5p40kp119989kp119812-32x64.01748_0.000_222_-2-2-2_ptsink.lime
/scratch/usr/hhpmbate/chroma_2pt/32x64/b5p40kp119989kp119812/lp0001_g8g2_q000_q200_q222_q420_q440_src2/correlators/baryon_qcdsf.850.b5p40kp119989kp119812-32x64.01748_0.000_222_-2-2-2_smsnk30.lime
/scratch/usr/hhpmbate/chroma_2pt/32x64/b5p40kp119989kp119812/lp0001_g8g2_q000_q200_q222_q420_q440_src2/correlators/baryon_qcdsf.850.b5p40kp119989kp119812-32x64.01748_0.000_420_-4-20_ptsink.lime
/scratch/usr/hhpmbate/chroma_2pt/32x64/b5p40kp119989kp119812/lp0001_g8g2_q000_q200_q222_q420_q440_src2/correlators/baryon_qcdsf.850.b5p40kp119989kp119812-32x64.01748_0.000_420_-4-20_smsnk30.lime
/scratch/usr/hhpmbate/chroma_2pt/32x64/b5p40kp119989kp119812/lp0001_g8g2_q000_q200_q222_q420_q440_src2/correlators/baryon_qcdsf.850.b5p40kp119989kp119812-32x64.01748_0.000_440_-4-40_ptsink.lime
/scratch/usr/hhpmbate/chroma_2pt/32x64/b5p40kp119989kp119812/lp0001_g8g2_q000_q200_q222_q420_q440_src2/correlators/baryon_qcdsf.850.b5p40kp119989kp119812-32x64.01748_0.000_440_-4-40_smsnk30.lime
/scratch/usr/hhpmbate/chroma_2pt/32x64/b5p40kp119989kp119812/lp0001_g8g2_q000_q200_q222_q420_q440_src2/correlators/baryon_qcdsf.850.b5p40kp119989kp119812-32x64.01749_0.000_000_ptsink.lime
/scratch/usr/hhpmbate/chroma_2pt/32x64/b5p40kp119989kp119812/lp0001_g8g2_q000_q200_q222_q420_q440_src2/correlators/baryon_qcdsf.850.b5p40kp119989kp119812-32x64.01749_0.000_000_smsnk30.lime
/scratch/usr/hhpmbate/chroma_2pt/32x64/b5p40kp119989kp119812/lp0001_g8g2_q000_q200_q222_q420_q440_src2/correlators/baryon_qcdsf.850.b5p40kp119989kp119812-32x64.01749_0.000_200_-200_ptsink.lime
/scratch/usr/hhpmbate/chroma_2pt/32x64/b5p40kp119989kp119812/lp0001_g8g2_q000_q200_q222_q420_q440_src2/correlators/baryon_qcdsf.850.b5p40kp119989kp119812-32x64.01749_0.000_200_-200_smsnk30.lime
/scratch/usr/hhpmbate/chroma_2pt/32x64/b5p40kp119989kp119812/lp0001_g8g2_q000_q200_q222_q420_q440_src2/correlators/baryon_qcdsf.850.b5p40kp119989kp119812-32x64.01749_0.000_222_-2-2-2_ptsink.lime
/scratch/usr/hhpmbate/chroma_2pt/32x64/b5p40kp119989kp119812/lp0001_g8g2_q000_q200_q222_q420_q440_src2/correlators/baryon_qcdsf.850.b5p40kp119989kp119812-32x64.01749_0.000_222_-2-2-2_smsnk30.lime
/scratch/usr/hhpmbate/chroma_2pt/32x64/b5p40kp119989kp119812/lp0001_g8g2_q000_q200_q222_q420_q440_src2/correlators/baryon_qcdsf.850.b5p40kp119989kp119812-32x64.01749_0.000_420_-4-20_ptsink.lime
/scratch/usr/hhpmbate/chroma_2pt/32x64/b5p40kp119989kp119812/lp0001_g8g2_q000_q200_q222_q420_q440_src2/correlators/baryon_qcdsf.850.b5p40kp119989kp119812-32x64.01749_0.000_420_-4-20_smsnk30.lime
/scratch/usr/hhpmbate/chroma_2pt/32x64/b5p40kp119989kp119812/lp0001_g8g2_q000_q200_q222_q420_q440_src2/correlators/baryon_qcdsf.850.b5p40kp119989kp119812-32x64.01749_0.000_440_-4-40_ptsink.lime
/scratch/usr/hhpmbate/chroma_2pt/32x64/b5p40kp119989kp119812/lp0001_g8g2_q000_q200_q222_q420_q440_src2/correlators/baryon_qcdsf.850.b5p40kp119989kp119812-32x64.01749_0.000_440_-4-40_smsnk30.lime
/scratch/usr/hhpmbate/chroma_2pt/32x64/b5p40kp119989kp119812/lp0001_g8g2_q000_q200_q222_q420_q440_src2/correlators/baryon_qcdsf.850.b5p40kp119989kp119812-32x64.01751_0.000_000_ptsink.lime
/scratch/usr/hhpmbate/chroma_2pt/32x64/b5p40kp119989kp119812/lp0001_g8g2_q000_q200_q222_q420_q440_src2/correlators/baryon_qcdsf.850.b5p40kp119989kp119812-32x64.01751_0.000_000_smsnk30.lime
/scratch/usr/hhpmbate/chroma_2pt/32x64/b5p40kp119989kp119812/lp0001_g8g2_q000_q200_q222_q420_q440_src2/correlators/baryon_qcdsf.850.b5p40kp119989kp119812-32x64.01751_0.000_200_-200_ptsink.lime
/scratch/usr/hhpmbate/chroma_2pt/32x64/b5p40kp119989kp119812/lp0001_g8g2_q000_q200_q222_q420_q440_src2/correlators/baryon_qcdsf.850.b5p40kp119989kp119812-32x64.01751_0.000_200_-200_smsnk30.lime
/scratch/usr/hhpmbate/chroma_2pt/32x64/b5p40kp119989kp119812/lp0001_g8g2_q000_q200_q222_q420_q440_src2/correlators/baryon_qcdsf.850.b5p40kp119989kp119812-32x64.01751_0.000_222_-2-2-2_ptsink.lime
/scratch/usr/hhpmbate/chroma_2pt/32x64/b5p40kp119989kp119812/lp0001_g8g2_q000_q200_q222_q420_q440_src2/correlators/baryon_qcdsf.850.b5p40kp119989kp119812-32x64.01751_0.000_222_-2-2-2_smsnk30.lime
/scratch/usr/hhpmbate/chroma_2pt/32x64/b5p40kp119989kp119812/lp0001_g8g2_q000_q200_q222_q420_q440_src2/correlators/baryon_qcdsf.850.b5p40kp119989kp119812-32x64.01751_0.000_420_-4-20_ptsink.lime
/scratch/usr/hhpmbate/chroma_2pt/32x64/b5p40kp119989kp119812/lp0001_g8g2_q000_q200_q222_q420_q440_src2/correlators/baryon_qcdsf.850.b5p40kp119989kp119812-32x64.01751_0.000_420_-4-20_smsnk30.lime
/scratch/usr/hhpmbate/chroma_2pt/32x64/b5p40kp119989kp119812/lp0001_g8g2_q000_q200_q222_q420_q440_src2/correlators/baryon_qcdsf.850.b5p40kp119989kp119812-32x64.01751_0.000_440_-4-40_ptsink.lime
/scratch/usr/hhpmbate/chroma_2pt/32x64/b5p40kp119989kp119812/lp0001_g8g2_q000_q200_q222_q420_q440_src2/correlators/baryon_qcdsf.850.b5p40kp119989kp119812-32x64.01751_0.000_440_-4-40_smsnk30.lime
/scratch/usr/hhpmbate/chroma_2pt/32x64/b5p40kp119989kp119812/lp0001_g8g2_q000_q200_q222_q420_q440_src2/correlators/baryon_qcdsf.850.b5p40kp119989kp119812-32x64.01757_0.000_000_ptsink.lime
/scratch/usr/hhpmbate/chroma_2pt/32x64/b5p40kp119989kp119812/lp0001_g8g2_q000_q200_q222_q420_q440_src2/correlators/baryon_qcdsf.850.b5p40kp119989kp119812-32x64.01757_0.000_000_smsnk30.lime
/scratch/usr/hhpmbate/chroma_2pt/32x64/b5p40kp119989kp119812/lp0001_g8g2_q000_q200_q222_q420_q440_src2/correlators/baryon_qcdsf.850.b5p40kp119989kp119812-32x64.01757_0.000_200_-200_ptsink.lime
/scratch/usr/hhpmbate/chroma_2pt/32x64/b5p40kp119989kp119812/lp0001_g8g2_q000_q200_q222_q420_q440_src2/correlators/baryon_qcdsf.850.b5p40kp119989kp119812-32x64.01757_0.000_200_-200_smsnk30.lime
/scratch/usr/hhpmbate/chroma_2pt/32x64/b5p40kp119989kp119812/lp0001_g8g2_q000_q200_q222_q420_q440_src2/correlators/baryon_qcdsf.850.b5p40kp119989kp119812-32x64.01757_0.000_222_-2-2-2_ptsink.lime
/scratch/usr/hhpmbate/chroma_2pt/32x64/b5p40kp119989kp119812/lp0001_g8g2_q000_q200_q222_q420_q440_src2/correlators/baryon_qcdsf.850.b5p40kp119989kp119812-32x64.01757_0.000_222_-2-2-2_smsnk30.lime
/scratch/usr/hhpmbate/chroma_2pt/32x64/b5p40kp119989kp119812/lp0001_g8g2_q000_q200_q222_q420_q440_src2/correlators/baryon_qcdsf.850.b5p40kp119989kp119812-32x64.01757_0.000_420_-4-20_ptsink.lime
/scratch/usr/hhpmbate/chroma_2pt/32x64/b5p40kp119989kp119812/lp0001_g8g2_q000_q200_q222_q420_q440_src2/correlators/baryon_qcdsf.850.b5p40kp119989kp119812-32x64.01757_0.000_420_-4-20_smsnk30.lime
/scratch/usr/hhpmbate/chroma_2pt/32x64/b5p40kp119989kp119812/lp0001_g8g2_q000_q200_q222_q420_q440_src2/correlators/baryon_qcdsf.850.b5p40kp119989kp119812-32x64.01757_0.000_440_-4-40_ptsink.lime
/scratch/usr/hhpmbate/chroma_2pt/32x64/b5p40kp119989kp119812/lp0001_g8g2_q000_q200_q222_q420_q440_src2/correlators/baryon_qcdsf.850.b5p40kp119989kp119812-32x64.01757_0.000_440_-4-40_smsnk30.lime
/scratch/usr/hhpmbate/chroma_2pt/32x64/b5p40kp119989kp119812/lp0001_g8g2_q000_q200_q222_q420_q440_src2/correlators/baryon_qcdsf.850.b5p40kp119989kp119812-32x64.01758_0.000_000_ptsink.lime
/scratch/usr/hhpmbate/chroma_2pt/32x64/b5p40kp119989kp119812/lp0001_g8g2_q000_q200_q222_q420_q440_src2/correlators/baryon_qcdsf.850.b5p40kp119989kp119812-32x64.01758_0.000_000_smsnk30.lime
/scratch/usr/hhpmbate/chroma_2pt/32x64/b5p40kp119989kp119812/lp0001_g8g2_q000_q200_q222_q420_q440_src2/correlators/baryon_qcdsf.850.b5p40kp119989kp119812-32x64.01758_0.000_200_-200_ptsink.lime
/scratch/usr/hhpmbate/chroma_2pt/32x64/b5p40kp119989kp119812/lp0001_g8g2_q000_q200_q222_q420_q440_src2/correlators/baryon_qcdsf.850.b5p40kp119989kp119812-32x64.01758_0.000_200_-200_smsnk30.lime
/scratch/usr/hhpmbate/chroma_2pt/32x64/b5p40kp119989kp119812/lp0001_g8g2_q000_q200_q222_q420_q440_src2/correlators/baryon_qcdsf.850.b5p40kp119989kp119812-32x64.01758_0.000_222_-2-2-2_ptsink.lime
/scratch/usr/hhpmbate/chroma_2pt/32x64/b5p40kp119989kp119812/lp0001_g8g2_q000_q200_q222_q420_q440_src2/correlators/baryon_qcdsf.850.b5p40kp119989kp119812-32x64.01758_0.000_222_-2-2-2_smsnk30.lime
/scratch/usr/hhpmbate/chroma_2pt/32x64/b5p40kp119989kp119812/lp0001_g8g2_q000_q200_q222_q420_q440_src2/correlators/baryon_qcdsf.850.b5p40kp119989kp119812-32x64.01758_0.000_420_-4-20_ptsink.lime
/scratch/usr/hhpmbate/chroma_2pt/32x64/b5p40kp119989kp119812/lp0001_g8g2_q000_q200_q222_q420_q440_src2/correlators/baryon_qcdsf.850.b5p40kp119989kp119812-32x64.01758_0.000_420_-4-20_smsnk30.lime
/scratch/usr/hhpmbate/chroma_2pt/32x64/b5p40kp119989kp119812/lp0001_g8g2_q000_q200_q222_q420_q440_src2/correlators/baryon_qcdsf.850.b5p40kp119989kp119812-32x64.01758_0.000_440_-4-40_ptsink.lime
/scratch/usr/hhpmbate/chroma_2pt/32x64/b5p40kp119989kp119812/lp0001_g8g2_q000_q200_q222_q420_q440_src2/correlators/baryon_qcdsf.850.b5p40kp119989kp119812-32x64.01758_0.000_440_-4-40_smsnk30.lime
/scratch/usr/hhpmbate/chroma_2pt/32x64/b5p40kp119989kp119812/lp0001_g8g2_q000_q200_q222_q420_q440_src2/correlators/baryon_qcdsf.850.b5p40kp119989kp119812-32x64.01763_0.000_000_ptsink.lime
/scratch/usr/hhpmbate/chroma_2pt/32x64/b5p40kp119989kp119812/lp0001_g8g2_q000_q200_q222_q420_q440_src2/correlators/baryon_qcdsf.850.b5p40kp119989kp119812-32x64.01763_0.000_000_smsnk30.lime
/scratch/usr/hhpmbate/chroma_2pt/32x64/b5p40kp119989kp119812/lp0001_g8g2_q000_q200_q222_q420_q440_src2/correlators/baryon_qcdsf.850.b5p40kp119989kp119812-32x64.01763_0.000_200_-200_ptsink.lime
/scratch/usr/hhpmbate/chroma_2pt/32x64/b5p40kp119989kp119812/lp0001_g8g2_q000_q200_q222_q420_q440_src2/correlators/baryon_qcdsf.850.b5p40kp119989kp119812-32x64.01763_0.000_200_-200_smsnk30.lime
/scratch/usr/hhpmbate/chroma_2pt/32x64/b5p40kp119989kp119812/lp0001_g8g2_q000_q200_q222_q420_q440_src2/correlators/baryon_qcdsf.850.b5p40kp119989kp119812-32x64.01763_0.000_222_-2-2-2_ptsink.lime
/scratch/usr/hhpmbate/chroma_2pt/32x64/b5p40kp119989kp119812/lp0001_g8g2_q000_q200_q222_q420_q440_src2/correlators/baryon_qcdsf.850.b5p40kp119989kp119812-32x64.01763_0.000_222_-2-2-2_smsnk30.lime
/scratch/usr/hhpmbate/chroma_2pt/32x64/b5p40kp119989kp119812/lp0001_g8g2_q000_q200_q222_q420_q440_src2/correlators/baryon_qcdsf.850.b5p40kp119989kp119812-32x64.01763_0.000_420_-4-20_ptsink.lime
/scratch/usr/hhpmbate/chroma_2pt/32x64/b5p40kp119989kp119812/lp0001_g8g2_q000_q200_q222_q420_q440_src2/correlators/baryon_qcdsf.850.b5p40kp119989kp119812-32x64.01763_0.000_420_-4-20_smsnk30.lime
/scratch/usr/hhpmbate/chroma_2pt/32x64/b5p40kp119989kp119812/lp0001_g8g2_q000_q200_q222_q420_q440_src2/correlators/baryon_qcdsf.850.b5p40kp119989kp119812-32x64.01763_0.000_440_-4-40_ptsink.lime
/scratch/usr/hhpmbate/chroma_2pt/32x64/b5p40kp119989kp119812/lp0001_g8g2_q000_q200_q222_q420_q440_src2/correlators/baryon_qcdsf.850.b5p40kp119989kp119812-32x64.01763_0.000_440_-4-40_smsnk30.lime
/scratch/usr/hhpmbate/chroma_2pt/32x64/b5p40kp119989kp119812/lp0001_g8g2_q000_q200_q222_q420_q440_src2/correlators/baryon_qcdsf.850.b5p40kp119989kp119812-32x64.01768_0.000_000_ptsink.lime
/scratch/usr/hhpmbate/chroma_2pt/32x64/b5p40kp119989kp119812/lp0001_g8g2_q000_q200_q222_q420_q440_src2/correlators/baryon_qcdsf.850.b5p40kp119989kp119812-32x64.01768_0.000_000_smsnk30.lime
/scratch/usr/hhpmbate/chroma_2pt/32x64/b5p40kp119989kp119812/lp0001_g8g2_q000_q200_q222_q420_q440_src2/correlators/baryon_qcdsf.850.b5p40kp119989kp119812-32x64.01768_0.000_200_-200_ptsink.lime
/scratch/usr/hhpmbate/chroma_2pt/32x64/b5p40kp119989kp119812/lp0001_g8g2_q000_q200_q222_q420_q440_src2/correlators/baryon_qcdsf.850.b5p40kp119989kp119812-32x64.01768_0.000_200_-200_smsnk30.lime
/scratch/usr/hhpmbate/chroma_2pt/32x64/b5p40kp119989kp119812/lp0001_g8g2_q000_q200_q222_q420_q440_src2/correlators/baryon_qcdsf.850.b5p40kp119989kp119812-32x64.01768_0.000_222_-2-2-2_ptsink.lime
/scratch/usr/hhpmbate/chroma_2pt/32x64/b5p40kp119989kp119812/lp0001_g8g2_q000_q200_q222_q420_q440_src2/correlators/baryon_qcdsf.850.b5p40kp119989kp119812-32x64.01768_0.000_222_-2-2-2_smsnk30.lime
/scratch/usr/hhpmbate/chroma_2pt/32x64/b5p40kp119989kp119812/lp0001_g8g2_q000_q200_q222_q420_q440_src2/correlators/baryon_qcdsf.850.b5p40kp119989kp119812-32x64.01768_0.000_420_-4-20_ptsink.lime
/scratch/usr/hhpmbate/chroma_2pt/32x64/b5p40kp119989kp119812/lp0001_g8g2_q000_q200_q222_q420_q440_src2/correlators/baryon_qcdsf.850.b5p40kp119989kp119812-32x64.01768_0.000_420_-4-20_smsnk30.lime
/scratch/usr/hhpmbate/chroma_2pt/32x64/b5p40kp119989kp119812/lp0001_g8g2_q000_q200_q222_q420_q440_src2/correlators/baryon_qcdsf.850.b5p40kp119989kp119812-32x64.01768_0.000_440_-4-40_ptsink.lime
/scratch/usr/hhpmbate/chroma_2pt/32x64/b5p40kp119989kp119812/lp0001_g8g2_q000_q200_q222_q420_q440_src2/correlators/baryon_qcdsf.850.b5p40kp119989kp119812-32x64.01768_0.000_440_-4-40_smsnk30.lime
/scratch/usr/hhpmbate/chroma_2pt/32x64/b5p40kp119989kp119812/lp0001_g8g2_q000_q200_q222_q420_q440_src2/correlators/baryon_qcdsf.850.b5p40kp119989kp119812-32x64.01776_0.000_000_ptsink.lime
/scratch/usr/hhpmbate/chroma_2pt/32x64/b5p40kp119989kp119812/lp0001_g8g2_q000_q200_q222_q420_q440_src2/correlators/baryon_qcdsf.850.b5p40kp119989kp119812-32x64.01776_0.000_000_smsnk30.lime
/scratch/usr/hhpmbate/chroma_2pt/32x64/b5p40kp119989kp119812/lp0001_g8g2_q000_q200_q222_q420_q440_src2/correlators/baryon_qcdsf.850.b5p40kp119989kp119812-32x64.01776_0.000_200_-200_ptsink.lime
/scratch/usr/hhpmbate/chroma_2pt/32x64/b5p40kp119989kp119812/lp0001_g8g2_q000_q200_q222_q420_q440_src2/correlators/baryon_qcdsf.850.b5p40kp119989kp119812-32x64.01776_0.000_200_-200_smsnk30.lime
/scratch/usr/hhpmbate/chroma_2pt/32x64/b5p40kp119989kp119812/lp0001_g8g2_q000_q200_q222_q420_q440_src2/correlators/baryon_qcdsf.850.b5p40kp119989kp119812-32x64.01776_0.000_222_-2-2-2_ptsink.lime
/scratch/usr/hhpmbate/chroma_2pt/32x64/b5p40kp119989kp119812/lp0001_g8g2_q000_q200_q222_q420_q440_src2/correlators/baryon_qcdsf.850.b5p40kp119989kp119812-32x64.01776_0.000_222_-2-2-2_smsnk30.lime
/scratch/usr/hhpmbate/chroma_2pt/32x64/b5p40kp119989kp119812/lp0001_g8g2_q000_q200_q222_q420_q440_src2/correlators/baryon_qcdsf.850.b5p40kp119989kp119812-32x64.01776_0.000_420_-4-20_ptsink.lime
/scratch/usr/hhpmbate/chroma_2pt/32x64/b5p40kp119989kp119812/lp0001_g8g2_q000_q200_q222_q420_q440_src2/correlators/baryon_qcdsf.850.b5p40kp119989kp119812-32x64.01776_0.000_420_-4-20_smsnk30.lime
/scratch/usr/hhpmbate/chroma_2pt/32x64/b5p40kp119989kp119812/lp0001_g8g2_q000_q200_q222_q420_q440_src2/correlators/baryon_qcdsf.850.b5p40kp119989kp119812-32x64.01776_0.000_440_-4-40_ptsink.lime
/scratch/usr/hhpmbate/chroma_2pt/32x64/b5p40kp119989kp119812/lp0001_g8g2_q000_q200_q222_q420_q440_src2/correlators/baryon_qcdsf.850.b5p40kp119989kp119812-32x64.01776_0.000_440_-4-40_smsnk30.lime
/scratch/usr/hhpmbate/chroma_2pt/32x64/b5p40kp119989kp119812/lp0001_g8g2_q000_q200_q222_q420_q440_src2/correlators/baryon_qcdsf.850.b5p40kp119989kp119812-32x64.01783_0.000_000_ptsink.lime
/scratch/usr/hhpmbate/chroma_2pt/32x64/b5p40kp119989kp119812/lp0001_g8g2_q000_q200_q222_q420_q440_src2/correlators/baryon_qcdsf.850.b5p40kp119989kp119812-32x64.01783_0.000_000_smsnk30.lime
/scratch/usr/hhpmbate/chroma_2pt/32x64/b5p40kp119989kp119812/lp0001_g8g2_q000_q200_q222_q420_q440_src2/correlators/baryon_qcdsf.850.b5p40kp119989kp119812-32x64.01783_0.000_200_-200_ptsink.lime
/scratch/usr/hhpmbate/chroma_2pt/32x64/b5p40kp119989kp119812/lp0001_g8g2_q000_q200_q222_q420_q440_src2/correlators/baryon_qcdsf.850.b5p40kp119989kp119812-32x64.01783_0.000_200_-200_smsnk30.lime
/scratch/usr/hhpmbate/chroma_2pt/32x64/b5p40kp119989kp119812/lp0001_g8g2_q000_q200_q222_q420_q440_src2/correlators/baryon_qcdsf.850.b5p40kp119989kp119812-32x64.01783_0.000_222_-2-2-2_ptsink.lime
/scratch/usr/hhpmbate/chroma_2pt/32x64/b5p40kp119989kp119812/lp0001_g8g2_q000_q200_q222_q420_q440_src2/correlators/baryon_qcdsf.850.b5p40kp119989kp119812-32x64.01783_0.000_222_-2-2-2_smsnk30.lime
/scratch/usr/hhpmbate/chroma_2pt/32x64/b5p40kp119989kp119812/lp0001_g8g2_q000_q200_q222_q420_q440_src2/correlators/baryon_qcdsf.850.b5p40kp119989kp119812-32x64.01783_0.000_420_-4-20_ptsink.lime
/scratch/usr/hhpmbate/chroma_2pt/32x64/b5p40kp119989kp119812/lp0001_g8g2_q000_q200_q222_q420_q440_src2/correlators/baryon_qcdsf.850.b5p40kp119989kp119812-32x64.01783_0.000_420_-4-20_smsnk30.lime
/scratch/usr/hhpmbate/chroma_2pt/32x64/b5p40kp119989kp119812/lp0001_g8g2_q000_q200_q222_q420_q440_src2/correlators/baryon_qcdsf.850.b5p40kp119989kp119812-32x64.01783_0.000_440_-4-40_ptsink.lime
/scratch/usr/hhpmbate/chroma_2pt/32x64/b5p40kp119989kp119812/lp0001_g8g2_q000_q200_q222_q420_q440_src2/correlators/baryon_qcdsf.850.b5p40kp119989kp119812-32x64.01783_0.000_440_-4-40_smsnk30.lime
/scratch/usr/hhpmbate/chroma_2pt/32x64/b5p40kp119989kp119812/lp0001_g8g2_q000_q200_q222_q420_q440_src2/correlators/baryon_qcdsf.850.b5p40kp119989kp119812-32x64.01789_0.000_000_ptsink.lime
/scratch/usr/hhpmbate/chroma_2pt/32x64/b5p40kp119989kp119812/lp0001_g8g2_q000_q200_q222_q420_q440_src2/correlators/baryon_qcdsf.850.b5p40kp119989kp119812-32x64.01789_0.000_000_smsnk30.lime
/scratch/usr/hhpmbate/chroma_2pt/32x64/b5p40kp119989kp119812/lp0001_g8g2_q000_q200_q222_q420_q440_src2/correlators/baryon_qcdsf.850.b5p40kp119989kp119812-32x64.01789_0.000_200_-200_ptsink.lime
/scratch/usr/hhpmbate/chroma_2pt/32x64/b5p40kp119989kp119812/lp0001_g8g2_q000_q200_q222_q420_q440_src2/correlators/baryon_qcdsf.850.b5p40kp119989kp119812-32x64.01789_0.000_200_-200_smsnk30.lime
/scratch/usr/hhpmbate/chroma_2pt/32x64/b5p40kp119989kp119812/lp0001_g8g2_q000_q200_q222_q420_q440_src2/correlators/baryon_qcdsf.850.b5p40kp119989kp119812-32x64.01789_0.000_222_-2-2-2_ptsink.lime
/scratch/usr/hhpmbate/chroma_2pt/32x64/b5p40kp119989kp119812/lp0001_g8g2_q000_q200_q222_q420_q440_src2/correlators/baryon_qcdsf.850.b5p40kp119989kp119812-32x64.01789_0.000_222_-2-2-2_smsnk30.lime
/scratch/usr/hhpmbate/chroma_2pt/32x64/b5p40kp119989kp119812/lp0001_g8g2_q000_q200_q222_q420_q440_src2/correlators/baryon_qcdsf.850.b5p40kp119989kp119812-32x64.01789_0.000_420_-4-20_ptsink.lime
/scratch/usr/hhpmbate/chroma_2pt/32x64/b5p40kp119989kp119812/lp0001_g8g2_q000_q200_q222_q420_q440_src2/correlators/baryon_qcdsf.850.b5p40kp119989kp119812-32x64.01789_0.000_420_-4-20_smsnk30.lime
/scratch/usr/hhpmbate/chroma_2pt/32x64/b5p40kp119989kp119812/lp0001_g8g2_q000_q200_q222_q420_q440_src2/correlators/baryon_qcdsf.850.b5p40kp119989kp119812-32x64.01789_0.000_440_-4-40_ptsink.lime
/scratch/usr/hhpmbate/chroma_2pt/32x64/b5p40kp119989kp119812/lp0001_g8g2_q000_q200_q222_q420_q440_src2/correlators/baryon_qcdsf.850.b5p40kp119989kp119812-32x64.01789_0.000_440_-4-40_smsnk30.lime
/scratch/usr/hhpmbate/chroma_2pt/32x64/b5p40kp119989kp119812/lp0001_g8g2_q000_q200_q222_q420_q440_src2/correlators/baryon_qcdsf.850.b5p40kp119989kp119812-32x64.01790_0.000_000_ptsink.lime
/scratch/usr/hhpmbate/chroma_2pt/32x64/b5p40kp119989kp119812/lp0001_g8g2_q000_q200_q222_q420_q440_src2/correlators/baryon_qcdsf.850.b5p40kp119989kp119812-32x64.01790_0.000_000_smsnk30.lime
/scratch/usr/hhpmbate/chroma_2pt/32x64/b5p40kp119989kp119812/lp0001_g8g2_q000_q200_q222_q420_q440_src2/correlators/baryon_qcdsf.850.b5p40kp119989kp119812-32x64.01790_0.000_200_-200_ptsink.lime
/scratch/usr/hhpmbate/chroma_2pt/32x64/b5p40kp119989kp119812/lp0001_g8g2_q000_q200_q222_q420_q440_src2/correlators/baryon_qcdsf.850.b5p40kp119989kp119812-32x64.01790_0.000_200_-200_smsnk30.lime
/scratch/usr/hhpmbate/chroma_2pt/32x64/b5p40kp119989kp119812/lp0001_g8g2_q000_q200_q222_q420_q440_src2/correlators/baryon_qcdsf.850.b5p40kp119989kp119812-32x64.01790_0.000_222_-2-2-2_ptsink.lime
/scratch/usr/hhpmbate/chroma_2pt/32x64/b5p40kp119989kp119812/lp0001_g8g2_q000_q200_q222_q420_q440_src2/correlators/baryon_qcdsf.850.b5p40kp119989kp119812-32x64.01790_0.000_222_-2-2-2_smsnk30.lime
/scratch/usr/hhpmbate/chroma_2pt/32x64/b5p40kp119989kp119812/lp0001_g8g2_q000_q200_q222_q420_q440_src2/correlators/baryon_qcdsf.850.b5p40kp119989kp119812-32x64.01790_0.000_420_-4-20_ptsink.lime
/scratch/usr/hhpmbate/chroma_2pt/32x64/b5p40kp119989kp119812/lp0001_g8g2_q000_q200_q222_q420_q440_src2/correlators/baryon_qcdsf.850.b5p40kp119989kp119812-32x64.01790_0.000_420_-4-20_smsnk30.lime
/scratch/usr/hhpmbate/chroma_2pt/32x64/b5p40kp119989kp119812/lp0001_g8g2_q000_q200_q222_q420_q440_src2/correlators/baryon_qcdsf.850.b5p40kp119989kp119812-32x64.01790_0.000_440_-4-40_ptsink.lime
/scratch/usr/hhpmbate/chroma_2pt/32x64/b5p40kp119989kp119812/lp0001_g8g2_q000_q200_q222_q420_q440_src2/correlators/baryon_qcdsf.850.b5p40kp119989kp119812-32x64.01790_0.000_440_-4-40_smsnk30.lime
/scratch/usr/hhpmbate/chroma_2pt/32x64/b5p40kp119989kp119812/lp0001_g8g2_q000_q200_q222_q420_q440_src2/correlators/baryon_qcdsf.850.b5p40kp119989kp119812-32x64.01798_0.000_000_ptsink.lime
/scratch/usr/hhpmbate/chroma_2pt/32x64/b5p40kp119989kp119812/lp0001_g8g2_q000_q200_q222_q420_q440_src2/correlators/baryon_qcdsf.850.b5p40kp119989kp119812-32x64.01798_0.000_000_smsnk30.lime
/scratch/usr/hhpmbate/chroma_2pt/32x64/b5p40kp119989kp119812/lp0001_g8g2_q000_q200_q222_q420_q440_src2/correlators/baryon_qcdsf.850.b5p40kp119989kp119812-32x64.01798_0.000_200_-200_ptsink.lime
/scratch/usr/hhpmbate/chroma_2pt/32x64/b5p40kp119989kp119812/lp0001_g8g2_q000_q200_q222_q420_q440_src2/correlators/baryon_qcdsf.850.b5p40kp119989kp119812-32x64.01798_0.000_200_-200_smsnk30.lime
/scratch/usr/hhpmbate/chroma_2pt/32x64/b5p40kp119989kp119812/lp0001_g8g2_q000_q200_q222_q420_q440_src2/correlators/baryon_qcdsf.850.b5p40kp119989kp119812-32x64.01798_0.000_222_-2-2-2_ptsink.lime
/scratch/usr/hhpmbate/chroma_2pt/32x64/b5p40kp119989kp119812/lp0001_g8g2_q000_q200_q222_q420_q440_src2/correlators/baryon_qcdsf.850.b5p40kp119989kp119812-32x64.01798_0.000_222_-2-2-2_smsnk30.lime
/scratch/usr/hhpmbate/chroma_2pt/32x64/b5p40kp119989kp119812/lp0001_g8g2_q000_q200_q222_q420_q440_src2/correlators/baryon_qcdsf.850.b5p40kp119989kp119812-32x64.01798_0.000_420_-4-20_ptsink.lime
/scratch/usr/hhpmbate/chroma_2pt/32x64/b5p40kp119989kp119812/lp0001_g8g2_q000_q200_q222_q420_q440_src2/correlators/baryon_qcdsf.850.b5p40kp119989kp119812-32x64.01798_0.000_420_-4-20_smsnk30.lime
/scratch/usr/hhpmbate/chroma_2pt/32x64/b5p40kp119989kp119812/lp0001_g8g2_q000_q200_q222_q420_q440_src2/correlators/baryon_qcdsf.850.b5p40kp119989kp119812-32x64.01798_0.000_440_-4-40_ptsink.lime
/scratch/usr/hhpmbate/chroma_2pt/32x64/b5p40kp119989kp119812/lp0001_g8g2_q000_q200_q222_q420_q440_src2/correlators/baryon_qcdsf.850.b5p40kp119989kp119812-32x64.01798_0.000_440_-4-40_smsnk30.lime
/scratch/usr/hhpmbate/chroma_2pt/32x64/b5p40kp119989kp119812/lp0001_g8g2_q000_q200_q222_q420_q440_src2/correlators/baryon_qcdsf.850.b5p40kp119989kp119812-32x64.01803_0.000_000_ptsink.lime
/scratch/usr/hhpmbate/chroma_2pt/32x64/b5p40kp119989kp119812/lp0001_g8g2_q000_q200_q222_q420_q440_src2/correlators/baryon_qcdsf.850.b5p40kp119989kp119812-32x64.01803_0.000_000_smsnk30.lime
/scratch/usr/hhpmbate/chroma_2pt/32x64/b5p40kp119989kp119812/lp0001_g8g2_q000_q200_q222_q420_q440_src2/correlators/baryon_qcdsf.850.b5p40kp119989kp119812-32x64.01803_0.000_200_-200_ptsink.lime
/scratch/usr/hhpmbate/chroma_2pt/32x64/b5p40kp119989kp119812/lp0001_g8g2_q000_q200_q222_q420_q440_src2/correlators/baryon_qcdsf.850.b5p40kp119989kp119812-32x64.01803_0.000_200_-200_smsnk30.lime
/scratch/usr/hhpmbate/chroma_2pt/32x64/b5p40kp119989kp119812/lp0001_g8g2_q000_q200_q222_q420_q440_src2/correlators/baryon_qcdsf.850.b5p40kp119989kp119812-32x64.01803_0.000_222_-2-2-2_ptsink.lime
/scratch/usr/hhpmbate/chroma_2pt/32x64/b5p40kp119989kp119812/lp0001_g8g2_q000_q200_q222_q420_q440_src2/correlators/baryon_qcdsf.850.b5p40kp119989kp119812-32x64.01803_0.000_222_-2-2-2_smsnk30.lime
/scratch/usr/hhpmbate/chroma_2pt/32x64/b5p40kp119989kp119812/lp0001_g8g2_q000_q200_q222_q420_q440_src2/correlators/baryon_qcdsf.850.b5p40kp119989kp119812-32x64.01803_0.000_420_-4-20_ptsink.lime
/scratch/usr/hhpmbate/chroma_2pt/32x64/b5p40kp119989kp119812/lp0001_g8g2_q000_q200_q222_q420_q440_src2/correlators/baryon_qcdsf.850.b5p40kp119989kp119812-32x64.01803_0.000_420_-4-20_smsnk30.lime
/scratch/usr/hhpmbate/chroma_2pt/32x64/b5p40kp119989kp119812/lp0001_g8g2_q000_q200_q222_q420_q440_src2/correlators/baryon_qcdsf.850.b5p40kp119989kp119812-32x64.01803_0.000_440_-4-40_ptsink.lime
/scratch/usr/hhpmbate/chroma_2pt/32x64/b5p40kp119989kp119812/lp0001_g8g2_q000_q200_q222_q420_q440_src2/correlators/baryon_qcdsf.850.b5p40kp119989kp119812-32x64.01803_0.000_440_-4-40_smsnk30.lime
/scratch/usr/hhpmbate/chroma_2pt/32x64/b5p40kp119989kp119812/lp0001_g8g2_q000_q200_q222_q420_q440_src2/correlators/baryon_qcdsf.850.b5p40kp119989kp119812-32x64.01804_0.000_000_ptsink.lime
/scratch/usr/hhpmbate/chroma_2pt/32x64/b5p40kp119989kp119812/lp0001_g8g2_q000_q200_q222_q420_q440_src2/correlators/baryon_qcdsf.850.b5p40kp119989kp119812-32x64.01804_0.000_000_smsnk30.lime
/scratch/usr/hhpmbate/chroma_2pt/32x64/b5p40kp119989kp119812/lp0001_g8g2_q000_q200_q222_q420_q440_src2/correlators/baryon_qcdsf.850.b5p40kp119989kp119812-32x64.01804_0.000_200_-200_ptsink.lime
/scratch/usr/hhpmbate/chroma_2pt/32x64/b5p40kp119989kp119812/lp0001_g8g2_q000_q200_q222_q420_q440_src2/correlators/baryon_qcdsf.850.b5p40kp119989kp119812-32x64.01804_0.000_200_-200_smsnk30.lime
/scratch/usr/hhpmbate/chroma_2pt/32x64/b5p40kp119989kp119812/lp0001_g8g2_q000_q200_q222_q420_q440_src2/correlators/baryon_qcdsf.850.b5p40kp119989kp119812-32x64.01804_0.000_222_-2-2-2_ptsink.lime
/scratch/usr/hhpmbate/chroma_2pt/32x64/b5p40kp119989kp119812/lp0001_g8g2_q000_q200_q222_q420_q440_src2/correlators/baryon_qcdsf.850.b5p40kp119989kp119812-32x64.01804_0.000_222_-2-2-2_smsnk30.lime
/scratch/usr/hhpmbate/chroma_2pt/32x64/b5p40kp119989kp119812/lp0001_g8g2_q000_q200_q222_q420_q440_src2/correlators/baryon_qcdsf.850.b5p40kp119989kp119812-32x64.01804_0.000_420_-4-20_ptsink.lime
/scratch/usr/hhpmbate/chroma_2pt/32x64/b5p40kp119989kp119812/lp0001_g8g2_q000_q200_q222_q420_q440_src2/correlators/baryon_qcdsf.850.b5p40kp119989kp119812-32x64.01804_0.000_420_-4-20_smsnk30.lime
/scratch/usr/hhpmbate/chroma_2pt/32x64/b5p40kp119989kp119812/lp0001_g8g2_q000_q200_q222_q420_q440_src2/correlators/baryon_qcdsf.850.b5p40kp119989kp119812-32x64.01804_0.000_440_-4-40_ptsink.lime
/scratch/usr/hhpmbate/chroma_2pt/32x64/b5p40kp119989kp119812/lp0001_g8g2_q000_q200_q222_q420_q440_src2/correlators/baryon_qcdsf.850.b5p40kp119989kp119812-32x64.01804_0.000_440_-4-40_smsnk30.lime
/scratch/usr/hhpmbate/chroma_2pt/32x64/b5p40kp119989kp119812/lp0001_g8g2_q000_q200_q222_q420_q440_src2/correlators/baryon_qcdsf.850.b5p40kp119989kp119812-32x64.01806_0.000_000_ptsink.lime
/scratch/usr/hhpmbate/chroma_2pt/32x64/b5p40kp119989kp119812/lp0001_g8g2_q000_q200_q222_q420_q440_src2/correlators/baryon_qcdsf.850.b5p40kp119989kp119812-32x64.01806_0.000_000_smsnk30.lime
/scratch/usr/hhpmbate/chroma_2pt/32x64/b5p40kp119989kp119812/lp0001_g8g2_q000_q200_q222_q420_q440_src2/correlators/baryon_qcdsf.850.b5p40kp119989kp119812-32x64.01806_0.000_200_-200_ptsink.lime
/scratch/usr/hhpmbate/chroma_2pt/32x64/b5p40kp119989kp119812/lp0001_g8g2_q000_q200_q222_q420_q440_src2/correlators/baryon_qcdsf.850.b5p40kp119989kp119812-32x64.01806_0.000_200_-200_smsnk30.lime
/scratch/usr/hhpmbate/chroma_2pt/32x64/b5p40kp119989kp119812/lp0001_g8g2_q000_q200_q222_q420_q440_src2/correlators/baryon_qcdsf.850.b5p40kp119989kp119812-32x64.01806_0.000_222_-2-2-2_ptsink.lime
/scratch/usr/hhpmbate/chroma_2pt/32x64/b5p40kp119989kp119812/lp0001_g8g2_q000_q200_q222_q420_q440_src2/correlators/baryon_qcdsf.850.b5p40kp119989kp119812-32x64.01806_0.000_222_-2-2-2_smsnk30.lime
/scratch/usr/hhpmbate/chroma_2pt/32x64/b5p40kp119989kp119812/lp0001_g8g2_q000_q200_q222_q420_q440_src2/correlators/baryon_qcdsf.850.b5p40kp119989kp119812-32x64.01806_0.000_420_-4-20_ptsink.lime
/scratch/usr/hhpmbate/chroma_2pt/32x64/b5p40kp119989kp119812/lp0001_g8g2_q000_q200_q222_q420_q440_src2/correlators/baryon_qcdsf.850.b5p40kp119989kp119812-32x64.01806_0.000_420_-4-20_smsnk30.lime
/scratch/usr/hhpmbate/chroma_2pt/32x64/b5p40kp119989kp119812/lp0001_g8g2_q000_q200_q222_q420_q440_src2/correlators/baryon_qcdsf.850.b5p40kp119989kp119812-32x64.01806_0.000_440_-4-40_ptsink.lime
/scratch/usr/hhpmbate/chroma_2pt/32x64/b5p40kp119989kp119812/lp0001_g8g2_q000_q200_q222_q420_q440_src2/correlators/baryon_qcdsf.850.b5p40kp119989kp119812-32x64.01806_0.000_440_-4-40_smsnk30.lime
/scratch/usr/hhpmbate/chroma_2pt/32x64/b5p40kp119989kp119812/lp0001_g8g2_q000_q200_q222_q420_q440_src2/correlators/baryon_qcdsf.850.b5p40kp119989kp119812-32x64.01809_0.000_000_ptsink.lime
/scratch/usr/hhpmbate/chroma_2pt/32x64/b5p40kp119989kp119812/lp0001_g8g2_q000_q200_q222_q420_q440_src2/correlators/baryon_qcdsf.850.b5p40kp119989kp119812-32x64.01809_0.000_000_smsnk30.lime
/scratch/usr/hhpmbate/chroma_2pt/32x64/b5p40kp119989kp119812/lp0001_g8g2_q000_q200_q222_q420_q440_src2/correlators/baryon_qcdsf.850.b5p40kp119989kp119812-32x64.01809_0.000_200_-200_ptsink.lime
/scratch/usr/hhpmbate/chroma_2pt/32x64/b5p40kp119989kp119812/lp0001_g8g2_q000_q200_q222_q420_q440_src2/correlators/baryon_qcdsf.850.b5p40kp119989kp119812-32x64.01809_0.000_200_-200_smsnk30.lime
/scratch/usr/hhpmbate/chroma_2pt/32x64/b5p40kp119989kp119812/lp0001_g8g2_q000_q200_q222_q420_q440_src2/correlators/baryon_qcdsf.850.b5p40kp119989kp119812-32x64.01809_0.000_222_-2-2-2_ptsink.lime
/scratch/usr/hhpmbate/chroma_2pt/32x64/b5p40kp119989kp119812/lp0001_g8g2_q000_q200_q222_q420_q440_src2/correlators/baryon_qcdsf.850.b5p40kp119989kp119812-32x64.01809_0.000_222_-2-2-2_smsnk30.lime
/scratch/usr/hhpmbate/chroma_2pt/32x64/b5p40kp119989kp119812/lp0001_g8g2_q000_q200_q222_q420_q440_src2/correlators/baryon_qcdsf.850.b5p40kp119989kp119812-32x64.01809_0.000_420_-4-20_ptsink.lime
/scratch/usr/hhpmbate/chroma_2pt/32x64/b5p40kp119989kp119812/lp0001_g8g2_q000_q200_q222_q420_q440_src2/correlators/baryon_qcdsf.850.b5p40kp119989kp119812-32x64.01809_0.000_420_-4-20_smsnk30.lime
/scratch/usr/hhpmbate/chroma_2pt/32x64/b5p40kp119989kp119812/lp0001_g8g2_q000_q200_q222_q420_q440_src2/correlators/baryon_qcdsf.850.b5p40kp119989kp119812-32x64.01809_0.000_440_-4-40_ptsink.lime
/scratch/usr/hhpmbate/chroma_2pt/32x64/b5p40kp119989kp119812/lp0001_g8g2_q000_q200_q222_q420_q440_src2/correlators/baryon_qcdsf.850.b5p40kp119989kp119812-32x64.01809_0.000_440_-4-40_smsnk30.lime
/scratch/usr/hhpmbate/chroma_2pt/32x64/b5p40kp119989kp119812/lp0001_g8g2_q000_q200_q222_q420_q440_src2/correlators/baryon_qcdsf.850.b5p40kp119989kp119812-32x64.01814_0.000_000_ptsink.lime
/scratch/usr/hhpmbate/chroma_2pt/32x64/b5p40kp119989kp119812/lp0001_g8g2_q000_q200_q222_q420_q440_src2/correlators/baryon_qcdsf.850.b5p40kp119989kp119812-32x64.01814_0.000_000_smsnk30.lime
/scratch/usr/hhpmbate/chroma_2pt/32x64/b5p40kp119989kp119812/lp0001_g8g2_q000_q200_q222_q420_q440_src2/correlators/baryon_qcdsf.850.b5p40kp119989kp119812-32x64.01814_0.000_200_-200_ptsink.lime
/scratch/usr/hhpmbate/chroma_2pt/32x64/b5p40kp119989kp119812/lp0001_g8g2_q000_q200_q222_q420_q440_src2/correlators/baryon_qcdsf.850.b5p40kp119989kp119812-32x64.01814_0.000_200_-200_smsnk30.lime
/scratch/usr/hhpmbate/chroma_2pt/32x64/b5p40kp119989kp119812/lp0001_g8g2_q000_q200_q222_q420_q440_src2/correlators/baryon_qcdsf.850.b5p40kp119989kp119812-32x64.01814_0.000_222_-2-2-2_ptsink.lime
/scratch/usr/hhpmbate/chroma_2pt/32x64/b5p40kp119989kp119812/lp0001_g8g2_q000_q200_q222_q420_q440_src2/correlators/baryon_qcdsf.850.b5p40kp119989kp119812-32x64.01814_0.000_222_-2-2-2_smsnk30.lime
/scratch/usr/hhpmbate/chroma_2pt/32x64/b5p40kp119989kp119812/lp0001_g8g2_q000_q200_q222_q420_q440_src2/correlators/baryon_qcdsf.850.b5p40kp119989kp119812-32x64.01814_0.000_420_-4-20_ptsink.lime
/scratch/usr/hhpmbate/chroma_2pt/32x64/b5p40kp119989kp119812/lp0001_g8g2_q000_q200_q222_q420_q440_src2/correlators/baryon_qcdsf.850.b5p40kp119989kp119812-32x64.01814_0.000_420_-4-20_smsnk30.lime
/scratch/usr/hhpmbate/chroma_2pt/32x64/b5p40kp119989kp119812/lp0001_g8g2_q000_q200_q222_q420_q440_src2/correlators/baryon_qcdsf.850.b5p40kp119989kp119812-32x64.01814_0.000_440_-4-40_ptsink.lime
/scratch/usr/hhpmbate/chroma_2pt/32x64/b5p40kp119989kp119812/lp0001_g8g2_q000_q200_q222_q420_q440_src2/correlators/baryon_qcdsf.850.b5p40kp119989kp119812-32x64.01814_0.000_440_-4-40_smsnk30.lime
/scratch/usr/hhpmbate/chroma_2pt/32x64/b5p40kp119989kp119812/lp0001_g8g2_q000_q200_q222_q420_q440_src2/correlators/baryon_qcdsf.850.b5p40kp119989kp119812-32x64.01817_0.000_000_ptsink.lime
/scratch/usr/hhpmbate/chroma_2pt/32x64/b5p40kp119989kp119812/lp0001_g8g2_q000_q200_q222_q420_q440_src2/correlators/baryon_qcdsf.850.b5p40kp119989kp119812-32x64.01817_0.000_000_smsnk30.lime
/scratch/usr/hhpmbate/chroma_2pt/32x64/b5p40kp119989kp119812/lp0001_g8g2_q000_q200_q222_q420_q440_src2/correlators/baryon_qcdsf.850.b5p40kp119989kp119812-32x64.01817_0.000_200_-200_ptsink.lime
/scratch/usr/hhpmbate/chroma_2pt/32x64/b5p40kp119989kp119812/lp0001_g8g2_q000_q200_q222_q420_q440_src2/correlators/baryon_qcdsf.850.b5p40kp119989kp119812-32x64.01817_0.000_200_-200_smsnk30.lime
/scratch/usr/hhpmbate/chroma_2pt/32x64/b5p40kp119989kp119812/lp0001_g8g2_q000_q200_q222_q420_q440_src2/correlators/baryon_qcdsf.850.b5p40kp119989kp119812-32x64.01817_0.000_222_-2-2-2_ptsink.lime
/scratch/usr/hhpmbate/chroma_2pt/32x64/b5p40kp119989kp119812/lp0001_g8g2_q000_q200_q222_q420_q440_src2/correlators/baryon_qcdsf.850.b5p40kp119989kp119812-32x64.01817_0.000_222_-2-2-2_smsnk30.lime
/scratch/usr/hhpmbate/chroma_2pt/32x64/b5p40kp119989kp119812/lp0001_g8g2_q000_q200_q222_q420_q440_src2/correlators/baryon_qcdsf.850.b5p40kp119989kp119812-32x64.01817_0.000_420_-4-20_ptsink.lime
/scratch/usr/hhpmbate/chroma_2pt/32x64/b5p40kp119989kp119812/lp0001_g8g2_q000_q200_q222_q420_q440_src2/correlators/baryon_qcdsf.850.b5p40kp119989kp119812-32x64.01817_0.000_420_-4-20_smsnk30.lime
/scratch/usr/hhpmbate/chroma_2pt/32x64/b5p40kp119989kp119812/lp0001_g8g2_q000_q200_q222_q420_q440_src2/correlators/baryon_qcdsf.850.b5p40kp119989kp119812-32x64.01817_0.000_440_-4-40_ptsink.lime
/scratch/usr/hhpmbate/chroma_2pt/32x64/b5p40kp119989kp119812/lp0001_g8g2_q000_q200_q222_q420_q440_src2/correlators/baryon_qcdsf.850.b5p40kp119989kp119812-32x64.01817_0.000_440_-4-40_smsnk30.lime
/scratch/usr/hhpmbate/chroma_2pt/32x64/b5p40kp119989kp119812/lp0001_g8g2_q000_q200_q222_q420_q440_src2/correlators/baryon_qcdsf.850.b5p40kp119989kp119812-32x64.01818_0.000_000_ptsink.lime
/scratch/usr/hhpmbate/chroma_2pt/32x64/b5p40kp119989kp119812/lp0001_g8g2_q000_q200_q222_q420_q440_src2/correlators/baryon_qcdsf.850.b5p40kp119989kp119812-32x64.01818_0.000_000_smsnk30.lime
/scratch/usr/hhpmbate/chroma_2pt/32x64/b5p40kp119989kp119812/lp0001_g8g2_q000_q200_q222_q420_q440_src2/correlators/baryon_qcdsf.850.b5p40kp119989kp119812-32x64.01818_0.000_200_-200_ptsink.lime
/scratch/usr/hhpmbate/chroma_2pt/32x64/b5p40kp119989kp119812/lp0001_g8g2_q000_q200_q222_q420_q440_src2/correlators/baryon_qcdsf.850.b5p40kp119989kp119812-32x64.01818_0.000_200_-200_smsnk30.lime
/scratch/usr/hhpmbate/chroma_2pt/32x64/b5p40kp119989kp119812/lp0001_g8g2_q000_q200_q222_q420_q440_src2/correlators/baryon_qcdsf.850.b5p40kp119989kp119812-32x64.01818_0.000_222_-2-2-2_ptsink.lime
/scratch/usr/hhpmbate/chroma_2pt/32x64/b5p40kp119989kp119812/lp0001_g8g2_q000_q200_q222_q420_q440_src2/correlators/baryon_qcdsf.850.b5p40kp119989kp119812-32x64.01818_0.000_222_-2-2-2_smsnk30.lime
/scratch/usr/hhpmbate/chroma_2pt/32x64/b5p40kp119989kp119812/lp0001_g8g2_q000_q200_q222_q420_q440_src2/correlators/baryon_qcdsf.850.b5p40kp119989kp119812-32x64.01818_0.000_420_-4-20_ptsink.lime
/scratch/usr/hhpmbate/chroma_2pt/32x64/b5p40kp119989kp119812/lp0001_g8g2_q000_q200_q222_q420_q440_src2/correlators/baryon_qcdsf.850.b5p40kp119989kp119812-32x64.01818_0.000_420_-4-20_smsnk30.lime
/scratch/usr/hhpmbate/chroma_2pt/32x64/b5p40kp119989kp119812/lp0001_g8g2_q000_q200_q222_q420_q440_src2/correlators/baryon_qcdsf.850.b5p40kp119989kp119812-32x64.01818_0.000_440_-4-40_ptsink.lime
/scratch/usr/hhpmbate/chroma_2pt/32x64/b5p40kp119989kp119812/lp0001_g8g2_q000_q200_q222_q420_q440_src2/correlators/baryon_qcdsf.850.b5p40kp119989kp119812-32x64.01818_0.000_440_-4-40_smsnk30.lime
/scratch/usr/hhpmbate/chroma_2pt/32x64/b5p40kp119989kp119812/lp0001_g8g2_q000_q200_q222_q420_q440_src2/correlators/baryon_qcdsf.850.b5p40kp119989kp119812-32x64.01820_0.000_000_ptsink.lime
/scratch/usr/hhpmbate/chroma_2pt/32x64/b5p40kp119989kp119812/lp0001_g8g2_q000_q200_q222_q420_q440_src2/correlators/baryon_qcdsf.850.b5p40kp119989kp119812-32x64.01820_0.000_000_smsnk30.lime
/scratch/usr/hhpmbate/chroma_2pt/32x64/b5p40kp119989kp119812/lp0001_g8g2_q000_q200_q222_q420_q440_src2/correlators/baryon_qcdsf.850.b5p40kp119989kp119812-32x64.01820_0.000_200_-200_ptsink.lime
/scratch/usr/hhpmbate/chroma_2pt/32x64/b5p40kp119989kp119812/lp0001_g8g2_q000_q200_q222_q420_q440_src2/correlators/baryon_qcdsf.850.b5p40kp119989kp119812-32x64.01820_0.000_200_-200_smsnk30.lime
/scratch/usr/hhpmbate/chroma_2pt/32x64/b5p40kp119989kp119812/lp0001_g8g2_q000_q200_q222_q420_q440_src2/correlators/baryon_qcdsf.850.b5p40kp119989kp119812-32x64.01820_0.000_222_-2-2-2_ptsink.lime
/scratch/usr/hhpmbate/chroma_2pt/32x64/b5p40kp119989kp119812/lp0001_g8g2_q000_q200_q222_q420_q440_src2/correlators/baryon_qcdsf.850.b5p40kp119989kp119812-32x64.01820_0.000_222_-2-2-2_smsnk30.lime
/scratch/usr/hhpmbate/chroma_2pt/32x64/b5p40kp119989kp119812/lp0001_g8g2_q000_q200_q222_q420_q440_src2/correlators/baryon_qcdsf.850.b5p40kp119989kp119812-32x64.01820_0.000_420_-4-20_ptsink.lime
/scratch/usr/hhpmbate/chroma_2pt/32x64/b5p40kp119989kp119812/lp0001_g8g2_q000_q200_q222_q420_q440_src2/correlators/baryon_qcdsf.850.b5p40kp119989kp119812-32x64.01820_0.000_420_-4-20_smsnk30.lime
/scratch/usr/hhpmbate/chroma_2pt/32x64/b5p40kp119989kp119812/lp0001_g8g2_q000_q200_q222_q420_q440_src2/correlators/baryon_qcdsf.850.b5p40kp119989kp119812-32x64.01820_0.000_440_-4-40_ptsink.lime
/scratch/usr/hhpmbate/chroma_2pt/32x64/b5p40kp119989kp119812/lp0001_g8g2_q000_q200_q222_q420_q440_src2/correlators/baryon_qcdsf.850.b5p40kp119989kp119812-32x64.01820_0.000_440_-4-40_smsnk30.lime
/scratch/usr/hhpmbate/chroma_2pt/32x64/b5p40kp119989kp119812/lp0001_g8g2_q000_q200_q222_q420_q440_src2/correlators/baryon_qcdsf.850.b5p40kp119989kp119812-32x64.01827_0.000_000_ptsink.lime
/scratch/usr/hhpmbate/chroma_2pt/32x64/b5p40kp119989kp119812/lp0001_g8g2_q000_q200_q222_q420_q440_src2/correlators/baryon_qcdsf.850.b5p40kp119989kp119812-32x64.01827_0.000_000_smsnk30.lime
/scratch/usr/hhpmbate/chroma_2pt/32x64/b5p40kp119989kp119812/lp0001_g8g2_q000_q200_q222_q420_q440_src2/correlators/baryon_qcdsf.850.b5p40kp119989kp119812-32x64.01827_0.000_200_-200_ptsink.lime
/scratch/usr/hhpmbate/chroma_2pt/32x64/b5p40kp119989kp119812/lp0001_g8g2_q000_q200_q222_q420_q440_src2/correlators/baryon_qcdsf.850.b5p40kp119989kp119812-32x64.01827_0.000_200_-200_smsnk30.lime
/scratch/usr/hhpmbate/chroma_2pt/32x64/b5p40kp119989kp119812/lp0001_g8g2_q000_q200_q222_q420_q440_src2/correlators/baryon_qcdsf.850.b5p40kp119989kp119812-32x64.01827_0.000_222_-2-2-2_ptsink.lime
/scratch/usr/hhpmbate/chroma_2pt/32x64/b5p40kp119989kp119812/lp0001_g8g2_q000_q200_q222_q420_q440_src2/correlators/baryon_qcdsf.850.b5p40kp119989kp119812-32x64.01827_0.000_222_-2-2-2_smsnk30.lime
/scratch/usr/hhpmbate/chroma_2pt/32x64/b5p40kp119989kp119812/lp0001_g8g2_q000_q200_q222_q420_q440_src2/correlators/baryon_qcdsf.850.b5p40kp119989kp119812-32x64.01827_0.000_420_-4-20_ptsink.lime
/scratch/usr/hhpmbate/chroma_2pt/32x64/b5p40kp119989kp119812/lp0001_g8g2_q000_q200_q222_q420_q440_src2/correlators/baryon_qcdsf.850.b5p40kp119989kp119812-32x64.01827_0.000_420_-4-20_smsnk30.lime
/scratch/usr/hhpmbate/chroma_2pt/32x64/b5p40kp119989kp119812/lp0001_g8g2_q000_q200_q222_q420_q440_src2/correlators/baryon_qcdsf.850.b5p40kp119989kp119812-32x64.01827_0.000_440_-4-40_ptsink.lime
/scratch/usr/hhpmbate/chroma_2pt/32x64/b5p40kp119989kp119812/lp0001_g8g2_q000_q200_q222_q420_q440_src2/correlators/baryon_qcdsf.850.b5p40kp119989kp119812-32x64.01827_0.000_440_-4-40_smsnk30.lime
/scratch/usr/hhpmbate/chroma_2pt/32x64/b5p40kp119989kp119812/lp0001_g8g2_q000_q200_q222_q420_q440_src2/correlators/baryon_qcdsf.850.b5p40kp119989kp119812-32x64.01829_0.000_000_ptsink.lime
/scratch/usr/hhpmbate/chroma_2pt/32x64/b5p40kp119989kp119812/lp0001_g8g2_q000_q200_q222_q420_q440_src2/correlators/baryon_qcdsf.850.b5p40kp119989kp119812-32x64.01829_0.000_000_smsnk30.lime
/scratch/usr/hhpmbate/chroma_2pt/32x64/b5p40kp119989kp119812/lp0001_g8g2_q000_q200_q222_q420_q440_src2/correlators/baryon_qcdsf.850.b5p40kp119989kp119812-32x64.01829_0.000_200_-200_ptsink.lime
/scratch/usr/hhpmbate/chroma_2pt/32x64/b5p40kp119989kp119812/lp0001_g8g2_q000_q200_q222_q420_q440_src2/correlators/baryon_qcdsf.850.b5p40kp119989kp119812-32x64.01829_0.000_200_-200_smsnk30.lime
/scratch/usr/hhpmbate/chroma_2pt/32x64/b5p40kp119989kp119812/lp0001_g8g2_q000_q200_q222_q420_q440_src2/correlators/baryon_qcdsf.850.b5p40kp119989kp119812-32x64.01829_0.000_222_-2-2-2_ptsink.lime
/scratch/usr/hhpmbate/chroma_2pt/32x64/b5p40kp119989kp119812/lp0001_g8g2_q000_q200_q222_q420_q440_src2/correlators/baryon_qcdsf.850.b5p40kp119989kp119812-32x64.01829_0.000_222_-2-2-2_smsnk30.lime
/scratch/usr/hhpmbate/chroma_2pt/32x64/b5p40kp119989kp119812/lp0001_g8g2_q000_q200_q222_q420_q440_src2/correlators/baryon_qcdsf.850.b5p40kp119989kp119812-32x64.01829_0.000_420_-4-20_ptsink.lime
/scratch/usr/hhpmbate/chroma_2pt/32x64/b5p40kp119989kp119812/lp0001_g8g2_q000_q200_q222_q420_q440_src2/correlators/baryon_qcdsf.850.b5p40kp119989kp119812-32x64.01829_0.000_420_-4-20_smsnk30.lime
/scratch/usr/hhpmbate/chroma_2pt/32x64/b5p40kp119989kp119812/lp0001_g8g2_q000_q200_q222_q420_q440_src2/correlators/baryon_qcdsf.850.b5p40kp119989kp119812-32x64.01829_0.000_440_-4-40_ptsink.lime
/scratch/usr/hhpmbate/chroma_2pt/32x64/b5p40kp119989kp119812/lp0001_g8g2_q000_q200_q222_q420_q440_src2/correlators/baryon_qcdsf.850.b5p40kp119989kp119812-32x64.01829_0.000_440_-4-40_smsnk30.lime
/scratch/usr/hhpmbate/chroma_2pt/32x64/b5p40kp119989kp119812/lp0001_g8g2_q000_q200_q222_q420_q440_src2/correlators/baryon_qcdsf.850.b5p40kp119989kp119812-32x64.01841_0.000_000_ptsink.lime
/scratch/usr/hhpmbate/chroma_2pt/32x64/b5p40kp119989kp119812/lp0001_g8g2_q000_q200_q222_q420_q440_src2/correlators/baryon_qcdsf.850.b5p40kp119989kp119812-32x64.01841_0.000_000_smsnk30.lime
/scratch/usr/hhpmbate/chroma_2pt/32x64/b5p40kp119989kp119812/lp0001_g8g2_q000_q200_q222_q420_q440_src2/correlators/baryon_qcdsf.850.b5p40kp119989kp119812-32x64.01841_0.000_200_-200_ptsink.lime
/scratch/usr/hhpmbate/chroma_2pt/32x64/b5p40kp119989kp119812/lp0001_g8g2_q000_q200_q222_q420_q440_src2/correlators/baryon_qcdsf.850.b5p40kp119989kp119812-32x64.01841_0.000_200_-200_smsnk30.lime
/scratch/usr/hhpmbate/chroma_2pt/32x64/b5p40kp119989kp119812/lp0001_g8g2_q000_q200_q222_q420_q440_src2/correlators/baryon_qcdsf.850.b5p40kp119989kp119812-32x64.01841_0.000_222_-2-2-2_ptsink.lime
/scratch/usr/hhpmbate/chroma_2pt/32x64/b5p40kp119989kp119812/lp0001_g8g2_q000_q200_q222_q420_q440_src2/correlators/baryon_qcdsf.850.b5p40kp119989kp119812-32x64.01841_0.000_222_-2-2-2_smsnk30.lime
/scratch/usr/hhpmbate/chroma_2pt/32x64/b5p40kp119989kp119812/lp0001_g8g2_q000_q200_q222_q420_q440_src2/correlators/baryon_qcdsf.850.b5p40kp119989kp119812-32x64.01841_0.000_420_-4-20_ptsink.lime
/scratch/usr/hhpmbate/chroma_2pt/32x64/b5p40kp119989kp119812/lp0001_g8g2_q000_q200_q222_q420_q440_src2/correlators/baryon_qcdsf.850.b5p40kp119989kp119812-32x64.01841_0.000_420_-4-20_smsnk30.lime
/scratch/usr/hhpmbate/chroma_2pt/32x64/b5p40kp119989kp119812/lp0001_g8g2_q000_q200_q222_q420_q440_src2/correlators/baryon_qcdsf.850.b5p40kp119989kp119812-32x64.01841_0.000_440_-4-40_ptsink.lime
/scratch/usr/hhpmbate/chroma_2pt/32x64/b5p40kp119989kp119812/lp0001_g8g2_q000_q200_q222_q420_q440_src2/correlators/baryon_qcdsf.850.b5p40kp119989kp119812-32x64.01841_0.000_440_-4-40_smsnk30.lime
/scratch/usr/hhpmbate/chroma_2pt/32x64/b5p40kp119989kp119812/lp0001_g8g2_q000_q200_q222_q420_q440_src2/correlators/baryon_qcdsf.850.b5p40kp119989kp119812-32x64.01842_0.000_000_ptsink.lime
/scratch/usr/hhpmbate/chroma_2pt/32x64/b5p40kp119989kp119812/lp0001_g8g2_q000_q200_q222_q420_q440_src2/correlators/baryon_qcdsf.850.b5p40kp119989kp119812-32x64.01842_0.000_000_smsnk30.lime
/scratch/usr/hhpmbate/chroma_2pt/32x64/b5p40kp119989kp119812/lp0001_g8g2_q000_q200_q222_q420_q440_src2/correlators/baryon_qcdsf.850.b5p40kp119989kp119812-32x64.01842_0.000_200_-200_ptsink.lime
/scratch/usr/hhpmbate/chroma_2pt/32x64/b5p40kp119989kp119812/lp0001_g8g2_q000_q200_q222_q420_q440_src2/correlators/baryon_qcdsf.850.b5p40kp119989kp119812-32x64.01842_0.000_200_-200_smsnk30.lime
/scratch/usr/hhpmbate/chroma_2pt/32x64/b5p40kp119989kp119812/lp0001_g8g2_q000_q200_q222_q420_q440_src2/correlators/baryon_qcdsf.850.b5p40kp119989kp119812-32x64.01842_0.000_222_-2-2-2_ptsink.lime
/scratch/usr/hhpmbate/chroma_2pt/32x64/b5p40kp119989kp119812/lp0001_g8g2_q000_q200_q222_q420_q440_src2/correlators/baryon_qcdsf.850.b5p40kp119989kp119812-32x64.01842_0.000_222_-2-2-2_smsnk30.lime
/scratch/usr/hhpmbate/chroma_2pt/32x64/b5p40kp119989kp119812/lp0001_g8g2_q000_q200_q222_q420_q440_src2/correlators/baryon_qcdsf.850.b5p40kp119989kp119812-32x64.01842_0.000_420_-4-20_ptsink.lime
/scratch/usr/hhpmbate/chroma_2pt/32x64/b5p40kp119989kp119812/lp0001_g8g2_q000_q200_q222_q420_q440_src2/correlators/baryon_qcdsf.850.b5p40kp119989kp119812-32x64.01842_0.000_420_-4-20_smsnk30.lime
/scratch/usr/hhpmbate/chroma_2pt/32x64/b5p40kp119989kp119812/lp0001_g8g2_q000_q200_q222_q420_q440_src2/correlators/baryon_qcdsf.850.b5p40kp119989kp119812-32x64.01842_0.000_440_-4-40_ptsink.lime
/scratch/usr/hhpmbate/chroma_2pt/32x64/b5p40kp119989kp119812/lp0001_g8g2_q000_q200_q222_q420_q440_src2/correlators/baryon_qcdsf.850.b5p40kp119989kp119812-32x64.01842_0.000_440_-4-40_smsnk30.lime
/scratch/usr/hhpmbate/chroma_2pt/32x64/b5p40kp119989kp119812/lp0001_g8g2_q000_q200_q222_q420_q440_src2/correlators/baryon_qcdsf.850.b5p40kp119989kp119812-32x64.01846_0.000_000_ptsink.lime
/scratch/usr/hhpmbate/chroma_2pt/32x64/b5p40kp119989kp119812/lp0001_g8g2_q000_q200_q222_q420_q440_src2/correlators/baryon_qcdsf.850.b5p40kp119989kp119812-32x64.01846_0.000_000_smsnk30.lime
/scratch/usr/hhpmbate/chroma_2pt/32x64/b5p40kp119989kp119812/lp0001_g8g2_q000_q200_q222_q420_q440_src2/correlators/baryon_qcdsf.850.b5p40kp119989kp119812-32x64.01846_0.000_200_-200_ptsink.lime
/scratch/usr/hhpmbate/chroma_2pt/32x64/b5p40kp119989kp119812/lp0001_g8g2_q000_q200_q222_q420_q440_src2/correlators/baryon_qcdsf.850.b5p40kp119989kp119812-32x64.01846_0.000_200_-200_smsnk30.lime
/scratch/usr/hhpmbate/chroma_2pt/32x64/b5p40kp119989kp119812/lp0001_g8g2_q000_q200_q222_q420_q440_src2/correlators/baryon_qcdsf.850.b5p40kp119989kp119812-32x64.01846_0.000_222_-2-2-2_ptsink.lime
/scratch/usr/hhpmbate/chroma_2pt/32x64/b5p40kp119989kp119812/lp0001_g8g2_q000_q200_q222_q420_q440_src2/correlators/baryon_qcdsf.850.b5p40kp119989kp119812-32x64.01846_0.000_222_-2-2-2_smsnk30.lime
/scratch/usr/hhpmbate/chroma_2pt/32x64/b5p40kp119989kp119812/lp0001_g8g2_q000_q200_q222_q420_q440_src2/correlators/baryon_qcdsf.850.b5p40kp119989kp119812-32x64.01846_0.000_420_-4-20_ptsink.lime
/scratch/usr/hhpmbate/chroma_2pt/32x64/b5p40kp119989kp119812/lp0001_g8g2_q000_q200_q222_q420_q440_src2/correlators/baryon_qcdsf.850.b5p40kp119989kp119812-32x64.01846_0.000_420_-4-20_smsnk30.lime
/scratch/usr/hhpmbate/chroma_2pt/32x64/b5p40kp119989kp119812/lp0001_g8g2_q000_q200_q222_q420_q440_src2/correlators/baryon_qcdsf.850.b5p40kp119989kp119812-32x64.01846_0.000_440_-4-40_ptsink.lime
/scratch/usr/hhpmbate/chroma_2pt/32x64/b5p40kp119989kp119812/lp0001_g8g2_q000_q200_q222_q420_q440_src2/correlators/baryon_qcdsf.850.b5p40kp119989kp119812-32x64.01846_0.000_440_-4-40_smsnk30.lime
/scratch/usr/hhpmbate/chroma_2pt/32x64/b5p40kp119989kp119812/lp0001_g8g2_q000_q200_q222_q420_q440_src2/correlators/baryon_qcdsf.850.b5p40kp119989kp119812-32x64.01847_0.000_000_ptsink.lime
/scratch/usr/hhpmbate/chroma_2pt/32x64/b5p40kp119989kp119812/lp0001_g8g2_q000_q200_q222_q420_q440_src2/correlators/baryon_qcdsf.850.b5p40kp119989kp119812-32x64.01847_0.000_000_smsnk30.lime
/scratch/usr/hhpmbate/chroma_2pt/32x64/b5p40kp119989kp119812/lp0001_g8g2_q000_q200_q222_q420_q440_src2/correlators/baryon_qcdsf.850.b5p40kp119989kp119812-32x64.01847_0.000_200_-200_ptsink.lime
/scratch/usr/hhpmbate/chroma_2pt/32x64/b5p40kp119989kp119812/lp0001_g8g2_q000_q200_q222_q420_q440_src2/correlators/baryon_qcdsf.850.b5p40kp119989kp119812-32x64.01847_0.000_200_-200_smsnk30.lime
/scratch/usr/hhpmbate/chroma_2pt/32x64/b5p40kp119989kp119812/lp0001_g8g2_q000_q200_q222_q420_q440_src2/correlators/baryon_qcdsf.850.b5p40kp119989kp119812-32x64.01847_0.000_222_-2-2-2_ptsink.lime
/scratch/usr/hhpmbate/chroma_2pt/32x64/b5p40kp119989kp119812/lp0001_g8g2_q000_q200_q222_q420_q440_src2/correlators/baryon_qcdsf.850.b5p40kp119989kp119812-32x64.01847_0.000_222_-2-2-2_smsnk30.lime
/scratch/usr/hhpmbate/chroma_2pt/32x64/b5p40kp119989kp119812/lp0001_g8g2_q000_q200_q222_q420_q440_src2/correlators/baryon_qcdsf.850.b5p40kp119989kp119812-32x64.01847_0.000_420_-4-20_ptsink.lime
/scratch/usr/hhpmbate/chroma_2pt/32x64/b5p40kp119989kp119812/lp0001_g8g2_q000_q200_q222_q420_q440_src2/correlators/baryon_qcdsf.850.b5p40kp119989kp119812-32x64.01847_0.000_420_-4-20_smsnk30.lime
/scratch/usr/hhpmbate/chroma_2pt/32x64/b5p40kp119989kp119812/lp0001_g8g2_q000_q200_q222_q420_q440_src2/correlators/baryon_qcdsf.850.b5p40kp119989kp119812-32x64.01847_0.000_440_-4-40_ptsink.lime
/scratch/usr/hhpmbate/chroma_2pt/32x64/b5p40kp119989kp119812/lp0001_g8g2_q000_q200_q222_q420_q440_src2/correlators/baryon_qcdsf.850.b5p40kp119989kp119812-32x64.01847_0.000_440_-4-40_smsnk30.lime
/scratch/usr/hhpmbate/chroma_2pt/32x64/b5p40kp119989kp119812/lp0001_g8g2_q000_q200_q222_q420_q440_src2/correlators/baryon_qcdsf.850.b5p40kp119989kp119812-32x64.01848_0.000_000_ptsink.lime
/scratch/usr/hhpmbate/chroma_2pt/32x64/b5p40kp119989kp119812/lp0001_g8g2_q000_q200_q222_q420_q440_src2/correlators/baryon_qcdsf.850.b5p40kp119989kp119812-32x64.01848_0.000_000_smsnk30.lime
/scratch/usr/hhpmbate/chroma_2pt/32x64/b5p40kp119989kp119812/lp0001_g8g2_q000_q200_q222_q420_q440_src2/correlators/baryon_qcdsf.850.b5p40kp119989kp119812-32x64.01848_0.000_200_-200_ptsink.lime
/scratch/usr/hhpmbate/chroma_2pt/32x64/b5p40kp119989kp119812/lp0001_g8g2_q000_q200_q222_q420_q440_src2/correlators/baryon_qcdsf.850.b5p40kp119989kp119812-32x64.01848_0.000_200_-200_smsnk30.lime
/scratch/usr/hhpmbate/chroma_2pt/32x64/b5p40kp119989kp119812/lp0001_g8g2_q000_q200_q222_q420_q440_src2/correlators/baryon_qcdsf.850.b5p40kp119989kp119812-32x64.01848_0.000_222_-2-2-2_ptsink.lime
/scratch/usr/hhpmbate/chroma_2pt/32x64/b5p40kp119989kp119812/lp0001_g8g2_q000_q200_q222_q420_q440_src2/correlators/baryon_qcdsf.850.b5p40kp119989kp119812-32x64.01848_0.000_222_-2-2-2_smsnk30.lime
/scratch/usr/hhpmbate/chroma_2pt/32x64/b5p40kp119989kp119812/lp0001_g8g2_q000_q200_q222_q420_q440_src2/correlators/baryon_qcdsf.850.b5p40kp119989kp119812-32x64.01848_0.000_420_-4-20_ptsink.lime
/scratch/usr/hhpmbate/chroma_2pt/32x64/b5p40kp119989kp119812/lp0001_g8g2_q000_q200_q222_q420_q440_src2/correlators/baryon_qcdsf.850.b5p40kp119989kp119812-32x64.01848_0.000_420_-4-20_smsnk30.lime
/scratch/usr/hhpmbate/chroma_2pt/32x64/b5p40kp119989kp119812/lp0001_g8g2_q000_q200_q222_q420_q440_src2/correlators/baryon_qcdsf.850.b5p40kp119989kp119812-32x64.01848_0.000_440_-4-40_ptsink.lime
/scratch/usr/hhpmbate/chroma_2pt/32x64/b5p40kp119989kp119812/lp0001_g8g2_q000_q200_q222_q420_q440_src2/correlators/baryon_qcdsf.850.b5p40kp119989kp119812-32x64.01848_0.000_440_-4-40_smsnk30.lime
/scratch/usr/hhpmbate/chroma_2pt/32x64/b5p40kp119989kp119812/lp0001_g8g2_q000_q200_q222_q420_q440_src2/correlators/baryon_qcdsf.850.b5p40kp119989kp119812-32x64.01850_0.000_000_ptsink.lime
/scratch/usr/hhpmbate/chroma_2pt/32x64/b5p40kp119989kp119812/lp0001_g8g2_q000_q200_q222_q420_q440_src2/correlators/baryon_qcdsf.850.b5p40kp119989kp119812-32x64.01850_0.000_000_smsnk30.lime
/scratch/usr/hhpmbate/chroma_2pt/32x64/b5p40kp119989kp119812/lp0001_g8g2_q000_q200_q222_q420_q440_src2/correlators/baryon_qcdsf.850.b5p40kp119989kp119812-32x64.01850_0.000_200_-200_ptsink.lime
/scratch/usr/hhpmbate/chroma_2pt/32x64/b5p40kp119989kp119812/lp0001_g8g2_q000_q200_q222_q420_q440_src2/correlators/baryon_qcdsf.850.b5p40kp119989kp119812-32x64.01850_0.000_200_-200_smsnk30.lime
/scratch/usr/hhpmbate/chroma_2pt/32x64/b5p40kp119989kp119812/lp0001_g8g2_q000_q200_q222_q420_q440_src2/correlators/baryon_qcdsf.850.b5p40kp119989kp119812-32x64.01850_0.000_222_-2-2-2_ptsink.lime
/scratch/usr/hhpmbate/chroma_2pt/32x64/b5p40kp119989kp119812/lp0001_g8g2_q000_q200_q222_q420_q440_src2/correlators/baryon_qcdsf.850.b5p40kp119989kp119812-32x64.01850_0.000_222_-2-2-2_smsnk30.lime
/scratch/usr/hhpmbate/chroma_2pt/32x64/b5p40kp119989kp119812/lp0001_g8g2_q000_q200_q222_q420_q440_src2/correlators/baryon_qcdsf.850.b5p40kp119989kp119812-32x64.01850_0.000_420_-4-20_ptsink.lime
/scratch/usr/hhpmbate/chroma_2pt/32x64/b5p40kp119989kp119812/lp0001_g8g2_q000_q200_q222_q420_q440_src2/correlators/baryon_qcdsf.850.b5p40kp119989kp119812-32x64.01850_0.000_420_-4-20_smsnk30.lime
/scratch/usr/hhpmbate/chroma_2pt/32x64/b5p40kp119989kp119812/lp0001_g8g2_q000_q200_q222_q420_q440_src2/correlators/baryon_qcdsf.850.b5p40kp119989kp119812-32x64.01850_0.000_440_-4-40_ptsink.lime
/scratch/usr/hhpmbate/chroma_2pt/32x64/b5p40kp119989kp119812/lp0001_g8g2_q000_q200_q222_q420_q440_src2/correlators/baryon_qcdsf.850.b5p40kp119989kp119812-32x64.01850_0.000_440_-4-40_smsnk30.lime
/scratch/usr/hhpmbate/chroma_2pt/32x64/b5p40kp119989kp119812/lp0001_g8g2_q000_q200_q222_q420_q440_src2/correlators/baryon_qcdsf.850.b5p40kp119989kp119812-32x64.01852_0.000_000_ptsink.lime
/scratch/usr/hhpmbate/chroma_2pt/32x64/b5p40kp119989kp119812/lp0001_g8g2_q000_q200_q222_q420_q440_src2/correlators/baryon_qcdsf.850.b5p40kp119989kp119812-32x64.01852_0.000_000_smsnk30.lime
/scratch/usr/hhpmbate/chroma_2pt/32x64/b5p40kp119989kp119812/lp0001_g8g2_q000_q200_q222_q420_q440_src2/correlators/baryon_qcdsf.850.b5p40kp119989kp119812-32x64.01852_0.000_200_-200_ptsink.lime
/scratch/usr/hhpmbate/chroma_2pt/32x64/b5p40kp119989kp119812/lp0001_g8g2_q000_q200_q222_q420_q440_src2/correlators/baryon_qcdsf.850.b5p40kp119989kp119812-32x64.01852_0.000_200_-200_smsnk30.lime
/scratch/usr/hhpmbate/chroma_2pt/32x64/b5p40kp119989kp119812/lp0001_g8g2_q000_q200_q222_q420_q440_src2/correlators/baryon_qcdsf.850.b5p40kp119989kp119812-32x64.01852_0.000_222_-2-2-2_ptsink.lime
/scratch/usr/hhpmbate/chroma_2pt/32x64/b5p40kp119989kp119812/lp0001_g8g2_q000_q200_q222_q420_q440_src2/correlators/baryon_qcdsf.850.b5p40kp119989kp119812-32x64.01852_0.000_222_-2-2-2_smsnk30.lime
/scratch/usr/hhpmbate/chroma_2pt/32x64/b5p40kp119989kp119812/lp0001_g8g2_q000_q200_q222_q420_q440_src2/correlators/baryon_qcdsf.850.b5p40kp119989kp119812-32x64.01852_0.000_420_-4-20_ptsink.lime
/scratch/usr/hhpmbate/chroma_2pt/32x64/b5p40kp119989kp119812/lp0001_g8g2_q000_q200_q222_q420_q440_src2/correlators/baryon_qcdsf.850.b5p40kp119989kp119812-32x64.01852_0.000_420_-4-20_smsnk30.lime
/scratch/usr/hhpmbate/chroma_2pt/32x64/b5p40kp119989kp119812/lp0001_g8g2_q000_q200_q222_q420_q440_src2/correlators/baryon_qcdsf.850.b5p40kp119989kp119812-32x64.01852_0.000_440_-4-40_ptsink.lime
/scratch/usr/hhpmbate/chroma_2pt/32x64/b5p40kp119989kp119812/lp0001_g8g2_q000_q200_q222_q420_q440_src2/correlators/baryon_qcdsf.850.b5p40kp119989kp119812-32x64.01852_0.000_440_-4-40_smsnk30.lime
/scratch/usr/hhpmbate/chroma_2pt/32x64/b5p40kp119989kp119812/lp0001_g8g2_q000_q200_q222_q420_q440_src2/correlators/baryon_qcdsf.850.b5p40kp119989kp119812-32x64.01853_0.000_000_ptsink.lime
/scratch/usr/hhpmbate/chroma_2pt/32x64/b5p40kp119989kp119812/lp0001_g8g2_q000_q200_q222_q420_q440_src2/correlators/baryon_qcdsf.850.b5p40kp119989kp119812-32x64.01853_0.000_000_smsnk30.lime
/scratch/usr/hhpmbate/chroma_2pt/32x64/b5p40kp119989kp119812/lp0001_g8g2_q000_q200_q222_q420_q440_src2/correlators/baryon_qcdsf.850.b5p40kp119989kp119812-32x64.01853_0.000_200_-200_ptsink.lime
/scratch/usr/hhpmbate/chroma_2pt/32x64/b5p40kp119989kp119812/lp0001_g8g2_q000_q200_q222_q420_q440_src2/correlators/baryon_qcdsf.850.b5p40kp119989kp119812-32x64.01853_0.000_200_-200_smsnk30.lime
/scratch/usr/hhpmbate/chroma_2pt/32x64/b5p40kp119989kp119812/lp0001_g8g2_q000_q200_q222_q420_q440_src2/correlators/baryon_qcdsf.850.b5p40kp119989kp119812-32x64.01853_0.000_222_-2-2-2_ptsink.lime
/scratch/usr/hhpmbate/chroma_2pt/32x64/b5p40kp119989kp119812/lp0001_g8g2_q000_q200_q222_q420_q440_src2/correlators/baryon_qcdsf.850.b5p40kp119989kp119812-32x64.01853_0.000_222_-2-2-2_smsnk30.lime
/scratch/usr/hhpmbate/chroma_2pt/32x64/b5p40kp119989kp119812/lp0001_g8g2_q000_q200_q222_q420_q440_src2/correlators/baryon_qcdsf.850.b5p40kp119989kp119812-32x64.01853_0.000_420_-4-20_ptsink.lime
/scratch/usr/hhpmbate/chroma_2pt/32x64/b5p40kp119989kp119812/lp0001_g8g2_q000_q200_q222_q420_q440_src2/correlators/baryon_qcdsf.850.b5p40kp119989kp119812-32x64.01853_0.000_420_-4-20_smsnk30.lime
/scratch/usr/hhpmbate/chroma_2pt/32x64/b5p40kp119989kp119812/lp0001_g8g2_q000_q200_q222_q420_q440_src2/correlators/baryon_qcdsf.850.b5p40kp119989kp119812-32x64.01853_0.000_440_-4-40_ptsink.lime
/scratch/usr/hhpmbate/chroma_2pt/32x64/b5p40kp119989kp119812/lp0001_g8g2_q000_q200_q222_q420_q440_src2/correlators/baryon_qcdsf.850.b5p40kp119989kp119812-32x64.01853_0.000_440_-4-40_smsnk30.lime
/scratch/usr/hhpmbate/chroma_2pt/32x64/b5p40kp119989kp119812/lp0001_g8g2_q000_q200_q222_q420_q440_src2/correlators/baryon_qcdsf.850.b5p40kp119989kp119812-32x64.01859_0.000_000_ptsink.lime
/scratch/usr/hhpmbate/chroma_2pt/32x64/b5p40kp119989kp119812/lp0001_g8g2_q000_q200_q222_q420_q440_src2/correlators/baryon_qcdsf.850.b5p40kp119989kp119812-32x64.01859_0.000_000_smsnk30.lime
/scratch/usr/hhpmbate/chroma_2pt/32x64/b5p40kp119989kp119812/lp0001_g8g2_q000_q200_q222_q420_q440_src2/correlators/baryon_qcdsf.850.b5p40kp119989kp119812-32x64.01859_0.000_200_-200_ptsink.lime
/scratch/usr/hhpmbate/chroma_2pt/32x64/b5p40kp119989kp119812/lp0001_g8g2_q000_q200_q222_q420_q440_src2/correlators/baryon_qcdsf.850.b5p40kp119989kp119812-32x64.01859_0.000_200_-200_smsnk30.lime
/scratch/usr/hhpmbate/chroma_2pt/32x64/b5p40kp119989kp119812/lp0001_g8g2_q000_q200_q222_q420_q440_src2/correlators/baryon_qcdsf.850.b5p40kp119989kp119812-32x64.01859_0.000_222_-2-2-2_ptsink.lime
/scratch/usr/hhpmbate/chroma_2pt/32x64/b5p40kp119989kp119812/lp0001_g8g2_q000_q200_q222_q420_q440_src2/correlators/baryon_qcdsf.850.b5p40kp119989kp119812-32x64.01859_0.000_222_-2-2-2_smsnk30.lime
/scratch/usr/hhpmbate/chroma_2pt/32x64/b5p40kp119989kp119812/lp0001_g8g2_q000_q200_q222_q420_q440_src2/correlators/baryon_qcdsf.850.b5p40kp119989kp119812-32x64.01859_0.000_420_-4-20_ptsink.lime
/scratch/usr/hhpmbate/chroma_2pt/32x64/b5p40kp119989kp119812/lp0001_g8g2_q000_q200_q222_q420_q440_src2/correlators/baryon_qcdsf.850.b5p40kp119989kp119812-32x64.01859_0.000_420_-4-20_smsnk30.lime
/scratch/usr/hhpmbate/chroma_2pt/32x64/b5p40kp119989kp119812/lp0001_g8g2_q000_q200_q222_q420_q440_src2/correlators/baryon_qcdsf.850.b5p40kp119989kp119812-32x64.01859_0.000_440_-4-40_ptsink.lime
/scratch/usr/hhpmbate/chroma_2pt/32x64/b5p40kp119989kp119812/lp0001_g8g2_q000_q200_q222_q420_q440_src2/correlators/baryon_qcdsf.850.b5p40kp119989kp119812-32x64.01859_0.000_440_-4-40_smsnk30.lime
/scratch/usr/hhpmbate/chroma_2pt/32x64/b5p40kp119989kp119812/lp0001_g8g2_q000_q200_q222_q420_q440_src2/correlators/baryon_qcdsf.850.b5p40kp119989kp119812-32x64.01860_0.000_000_ptsink.lime
/scratch/usr/hhpmbate/chroma_2pt/32x64/b5p40kp119989kp119812/lp0001_g8g2_q000_q200_q222_q420_q440_src2/correlators/baryon_qcdsf.850.b5p40kp119989kp119812-32x64.01860_0.000_000_smsnk30.lime
/scratch/usr/hhpmbate/chroma_2pt/32x64/b5p40kp119989kp119812/lp0001_g8g2_q000_q200_q222_q420_q440_src2/correlators/baryon_qcdsf.850.b5p40kp119989kp119812-32x64.01860_0.000_200_-200_ptsink.lime
/scratch/usr/hhpmbate/chroma_2pt/32x64/b5p40kp119989kp119812/lp0001_g8g2_q000_q200_q222_q420_q440_src2/correlators/baryon_qcdsf.850.b5p40kp119989kp119812-32x64.01860_0.000_200_-200_smsnk30.lime
/scratch/usr/hhpmbate/chroma_2pt/32x64/b5p40kp119989kp119812/lp0001_g8g2_q000_q200_q222_q420_q440_src2/correlators/baryon_qcdsf.850.b5p40kp119989kp119812-32x64.01860_0.000_222_-2-2-2_ptsink.lime
/scratch/usr/hhpmbate/chroma_2pt/32x64/b5p40kp119989kp119812/lp0001_g8g2_q000_q200_q222_q420_q440_src2/correlators/baryon_qcdsf.850.b5p40kp119989kp119812-32x64.01860_0.000_222_-2-2-2_smsnk30.lime
/scratch/usr/hhpmbate/chroma_2pt/32x64/b5p40kp119989kp119812/lp0001_g8g2_q000_q200_q222_q420_q440_src2/correlators/baryon_qcdsf.850.b5p40kp119989kp119812-32x64.01860_0.000_420_-4-20_ptsink.lime
/scratch/usr/hhpmbate/chroma_2pt/32x64/b5p40kp119989kp119812/lp0001_g8g2_q000_q200_q222_q420_q440_src2/correlators/baryon_qcdsf.850.b5p40kp119989kp119812-32x64.01860_0.000_420_-4-20_smsnk30.lime
/scratch/usr/hhpmbate/chroma_2pt/32x64/b5p40kp119989kp119812/lp0001_g8g2_q000_q200_q222_q420_q440_src2/correlators/baryon_qcdsf.850.b5p40kp119989kp119812-32x64.01860_0.000_440_-4-40_ptsink.lime
/scratch/usr/hhpmbate/chroma_2pt/32x64/b5p40kp119989kp119812/lp0001_g8g2_q000_q200_q222_q420_q440_src2/correlators/baryon_qcdsf.850.b5p40kp119989kp119812-32x64.01860_0.000_440_-4-40_smsnk30.lime
/scratch/usr/hhpmbate/chroma_2pt/32x64/b5p40kp119989kp119812/lp0001_g8g2_q000_q200_q222_q420_q440_src2/correlators/baryon_qcdsf.850.b5p40kp119989kp119812-32x64.01862_0.000_000_ptsink.lime
/scratch/usr/hhpmbate/chroma_2pt/32x64/b5p40kp119989kp119812/lp0001_g8g2_q000_q200_q222_q420_q440_src2/correlators/baryon_qcdsf.850.b5p40kp119989kp119812-32x64.01862_0.000_000_smsnk30.lime
/scratch/usr/hhpmbate/chroma_2pt/32x64/b5p40kp119989kp119812/lp0001_g8g2_q000_q200_q222_q420_q440_src2/correlators/baryon_qcdsf.850.b5p40kp119989kp119812-32x64.01862_0.000_200_-200_ptsink.lime
/scratch/usr/hhpmbate/chroma_2pt/32x64/b5p40kp119989kp119812/lp0001_g8g2_q000_q200_q222_q420_q440_src2/correlators/baryon_qcdsf.850.b5p40kp119989kp119812-32x64.01862_0.000_200_-200_smsnk30.lime
/scratch/usr/hhpmbate/chroma_2pt/32x64/b5p40kp119989kp119812/lp0001_g8g2_q000_q200_q222_q420_q440_src2/correlators/baryon_qcdsf.850.b5p40kp119989kp119812-32x64.01862_0.000_222_-2-2-2_ptsink.lime
/scratch/usr/hhpmbate/chroma_2pt/32x64/b5p40kp119989kp119812/lp0001_g8g2_q000_q200_q222_q420_q440_src2/correlators/baryon_qcdsf.850.b5p40kp119989kp119812-32x64.01862_0.000_222_-2-2-2_smsnk30.lime
/scratch/usr/hhpmbate/chroma_2pt/32x64/b5p40kp119989kp119812/lp0001_g8g2_q000_q200_q222_q420_q440_src2/correlators/baryon_qcdsf.850.b5p40kp119989kp119812-32x64.01862_0.000_420_-4-20_ptsink.lime
/scratch/usr/hhpmbate/chroma_2pt/32x64/b5p40kp119989kp119812/lp0001_g8g2_q000_q200_q222_q420_q440_src2/correlators/baryon_qcdsf.850.b5p40kp119989kp119812-32x64.01862_0.000_420_-4-20_smsnk30.lime
/scratch/usr/hhpmbate/chroma_2pt/32x64/b5p40kp119989kp119812/lp0001_g8g2_q000_q200_q222_q420_q440_src2/correlators/baryon_qcdsf.850.b5p40kp119989kp119812-32x64.01862_0.000_440_-4-40_ptsink.lime
/scratch/usr/hhpmbate/chroma_2pt/32x64/b5p40kp119989kp119812/lp0001_g8g2_q000_q200_q222_q420_q440_src2/correlators/baryon_qcdsf.850.b5p40kp119989kp119812-32x64.01862_0.000_440_-4-40_smsnk30.lime
/scratch/usr/hhpmbate/chroma_2pt/32x64/b5p40kp119989kp119812/lp0001_g8g2_q000_q200_q222_q420_q440_src2/correlators/baryon_qcdsf.850.b5p40kp119989kp119812-32x64.01863_0.000_000_ptsink.lime
/scratch/usr/hhpmbate/chroma_2pt/32x64/b5p40kp119989kp119812/lp0001_g8g2_q000_q200_q222_q420_q440_src2/correlators/baryon_qcdsf.850.b5p40kp119989kp119812-32x64.01863_0.000_000_smsnk30.lime
/scratch/usr/hhpmbate/chroma_2pt/32x64/b5p40kp119989kp119812/lp0001_g8g2_q000_q200_q222_q420_q440_src2/correlators/baryon_qcdsf.850.b5p40kp119989kp119812-32x64.01863_0.000_200_-200_ptsink.lime
/scratch/usr/hhpmbate/chroma_2pt/32x64/b5p40kp119989kp119812/lp0001_g8g2_q000_q200_q222_q420_q440_src2/correlators/baryon_qcdsf.850.b5p40kp119989kp119812-32x64.01863_0.000_200_-200_smsnk30.lime
/scratch/usr/hhpmbate/chroma_2pt/32x64/b5p40kp119989kp119812/lp0001_g8g2_q000_q200_q222_q420_q440_src2/correlators/baryon_qcdsf.850.b5p40kp119989kp119812-32x64.01863_0.000_222_-2-2-2_ptsink.lime
/scratch/usr/hhpmbate/chroma_2pt/32x64/b5p40kp119989kp119812/lp0001_g8g2_q000_q200_q222_q420_q440_src2/correlators/baryon_qcdsf.850.b5p40kp119989kp119812-32x64.01863_0.000_222_-2-2-2_smsnk30.lime
/scratch/usr/hhpmbate/chroma_2pt/32x64/b5p40kp119989kp119812/lp0001_g8g2_q000_q200_q222_q420_q440_src2/correlators/baryon_qcdsf.850.b5p40kp119989kp119812-32x64.01863_0.000_420_-4-20_ptsink.lime
/scratch/usr/hhpmbate/chroma_2pt/32x64/b5p40kp119989kp119812/lp0001_g8g2_q000_q200_q222_q420_q440_src2/correlators/baryon_qcdsf.850.b5p40kp119989kp119812-32x64.01863_0.000_420_-4-20_smsnk30.lime
/scratch/usr/hhpmbate/chroma_2pt/32x64/b5p40kp119989kp119812/lp0001_g8g2_q000_q200_q222_q420_q440_src2/correlators/baryon_qcdsf.850.b5p40kp119989kp119812-32x64.01863_0.000_440_-4-40_ptsink.lime
/scratch/usr/hhpmbate/chroma_2pt/32x64/b5p40kp119989kp119812/lp0001_g8g2_q000_q200_q222_q420_q440_src2/correlators/baryon_qcdsf.850.b5p40kp119989kp119812-32x64.01863_0.000_440_-4-40_smsnk30.lime
