/scratch/usr/hhpmbate/chroma_2pt/48x96/b5p80kp122810kp122810/vector/lp001lp0001_g2_g4_q000_q220_q422_q442_q600_q642/correlators/meson_qcdsf.001.b5p80kp122810kp122810-48x96.00200_0.000_000_000_ptsink.lime
/scratch/usr/hhpmbate/chroma_2pt/48x96/b5p80kp122810kp122810/vector/lp001lp0001_g2_g4_q000_q220_q422_q442_q600_q642/correlators/meson_qcdsf.001.b5p80kp122810kp122810-48x96.00200_0.000_000_000_smsnk30.lime
/scratch/usr/hhpmbate/chroma_2pt/48x96/b5p80kp122810kp122810/vector/lp001lp0001_g2_g4_q000_q220_q422_q442_q600_q642/correlators/meson_qcdsf.001.b5p80kp122810kp122810-48x96.00200_0.000_220_-2-20_ptsink.lime
/scratch/usr/hhpmbate/chroma_2pt/48x96/b5p80kp122810kp122810/vector/lp001lp0001_g2_g4_q000_q220_q422_q442_q600_q642/correlators/meson_qcdsf.001.b5p80kp122810kp122810-48x96.00200_0.000_220_-2-20_smsnk30.lime
/scratch/usr/hhpmbate/chroma_2pt/48x96/b5p80kp122810kp122810/vector/lp001lp0001_g2_g4_q000_q220_q422_q442_q600_q642/correlators/meson_qcdsf.001.b5p80kp122810kp122810-48x96.00200_0.000_422_-4-2-2_ptsink.lime
/scratch/usr/hhpmbate/chroma_2pt/48x96/b5p80kp122810kp122810/vector/lp001lp0001_g2_g4_q000_q220_q422_q442_q600_q642/correlators/meson_qcdsf.001.b5p80kp122810kp122810-48x96.00200_0.000_422_-4-2-2_smsnk30.lime
/scratch/usr/hhpmbate/chroma_2pt/48x96/b5p80kp122810kp122810/vector/lp001lp0001_g2_g4_q000_q220_q422_q442_q600_q642/correlators/meson_qcdsf.001.b5p80kp122810kp122810-48x96.00200_0.000_442_-4-4-2_ptsink.lime
/scratch/usr/hhpmbate/chroma_2pt/48x96/b5p80kp122810kp122810/vector/lp001lp0001_g2_g4_q000_q220_q422_q442_q600_q642/correlators/meson_qcdsf.001.b5p80kp122810kp122810-48x96.00200_0.000_442_-4-4-2_smsnk30.lime
/scratch/usr/hhpmbate/chroma_2pt/48x96/b5p80kp122810kp122810/vector/lp001lp0001_g2_g4_q000_q220_q422_q442_q600_q642/correlators/meson_qcdsf.001.b5p80kp122810kp122810-48x96.00200_0.000_600_-600_ptsink.lime
/scratch/usr/hhpmbate/chroma_2pt/48x96/b5p80kp122810kp122810/vector/lp001lp0001_g2_g4_q000_q220_q422_q442_q600_q642/correlators/meson_qcdsf.001.b5p80kp122810kp122810-48x96.00200_0.000_600_-600_smsnk30.lime
/scratch/usr/hhpmbate/chroma_2pt/48x96/b5p80kp122810kp122810/vector/lp001lp0001_g2_g4_q000_q220_q422_q442_q600_q642/correlators/meson_qcdsf.001.b5p80kp122810kp122810-48x96.00201_0.000_000_000_ptsink.lime
/scratch/usr/hhpmbate/chroma_2pt/48x96/b5p80kp122810kp122810/vector/lp001lp0001_g2_g4_q000_q220_q422_q442_q600_q642/correlators/meson_qcdsf.001.b5p80kp122810kp122810-48x96.00201_0.000_000_000_smsnk30.lime
/scratch/usr/hhpmbate/chroma_2pt/48x96/b5p80kp122810kp122810/vector/lp001lp0001_g2_g4_q000_q220_q422_q442_q600_q642/correlators/meson_qcdsf.001.b5p80kp122810kp122810-48x96.00201_0.000_220_-2-20_ptsink.lime
/scratch/usr/hhpmbate/chroma_2pt/48x96/b5p80kp122810kp122810/vector/lp001lp0001_g2_g4_q000_q220_q422_q442_q600_q642/correlators/meson_qcdsf.001.b5p80kp122810kp122810-48x96.00201_0.000_220_-2-20_smsnk30.lime
/scratch/usr/hhpmbate/chroma_2pt/48x96/b5p80kp122810kp122810/vector/lp001lp0001_g2_g4_q000_q220_q422_q442_q600_q642/correlators/meson_qcdsf.001.b5p80kp122810kp122810-48x96.00201_0.000_422_-4-2-2_ptsink.lime
/scratch/usr/hhpmbate/chroma_2pt/48x96/b5p80kp122810kp122810/vector/lp001lp0001_g2_g4_q000_q220_q422_q442_q600_q642/correlators/meson_qcdsf.001.b5p80kp122810kp122810-48x96.00201_0.000_422_-4-2-2_smsnk30.lime
/scratch/usr/hhpmbate/chroma_2pt/48x96/b5p80kp122810kp122810/vector/lp001lp0001_g2_g4_q000_q220_q422_q442_q600_q642/correlators/meson_qcdsf.001.b5p80kp122810kp122810-48x96.00201_0.000_442_-4-4-2_ptsink.lime
/scratch/usr/hhpmbate/chroma_2pt/48x96/b5p80kp122810kp122810/vector/lp001lp0001_g2_g4_q000_q220_q422_q442_q600_q642/correlators/meson_qcdsf.001.b5p80kp122810kp122810-48x96.00201_0.000_442_-4-4-2_smsnk30.lime
/scratch/usr/hhpmbate/chroma_2pt/48x96/b5p80kp122810kp122810/vector/lp001lp0001_g2_g4_q000_q220_q422_q442_q600_q642/correlators/meson_qcdsf.001.b5p80kp122810kp122810-48x96.00201_0.000_600_-600_ptsink.lime
/scratch/usr/hhpmbate/chroma_2pt/48x96/b5p80kp122810kp122810/vector/lp001lp0001_g2_g4_q000_q220_q422_q442_q600_q642/correlators/meson_qcdsf.001.b5p80kp122810kp122810-48x96.00201_0.000_600_-600_smsnk30.lime
/scratch/usr/hhpmbate/chroma_2pt/48x96/b5p80kp122810kp122810/vector/lp001lp0001_g2_g4_q000_q220_q422_q442_q600_q642/correlators/meson_qcdsf.001.b5p80kp122810kp122810-48x96.00202_0.000_000_000_ptsink.lime
/scratch/usr/hhpmbate/chroma_2pt/48x96/b5p80kp122810kp122810/vector/lp001lp0001_g2_g4_q000_q220_q422_q442_q600_q642/correlators/meson_qcdsf.001.b5p80kp122810kp122810-48x96.00202_0.000_000_000_smsnk30.lime
/scratch/usr/hhpmbate/chroma_2pt/48x96/b5p80kp122810kp122810/vector/lp001lp0001_g2_g4_q000_q220_q422_q442_q600_q642/correlators/meson_qcdsf.001.b5p80kp122810kp122810-48x96.00202_0.000_220_-2-20_ptsink.lime
/scratch/usr/hhpmbate/chroma_2pt/48x96/b5p80kp122810kp122810/vector/lp001lp0001_g2_g4_q000_q220_q422_q442_q600_q642/correlators/meson_qcdsf.001.b5p80kp122810kp122810-48x96.00202_0.000_220_-2-20_smsnk30.lime
/scratch/usr/hhpmbate/chroma_2pt/48x96/b5p80kp122810kp122810/vector/lp001lp0001_g2_g4_q000_q220_q422_q442_q600_q642/correlators/meson_qcdsf.001.b5p80kp122810kp122810-48x96.00202_0.000_422_-4-2-2_ptsink.lime
/scratch/usr/hhpmbate/chroma_2pt/48x96/b5p80kp122810kp122810/vector/lp001lp0001_g2_g4_q000_q220_q422_q442_q600_q642/correlators/meson_qcdsf.001.b5p80kp122810kp122810-48x96.00202_0.000_422_-4-2-2_smsnk30.lime
/scratch/usr/hhpmbate/chroma_2pt/48x96/b5p80kp122810kp122810/vector/lp001lp0001_g2_g4_q000_q220_q422_q442_q600_q642/correlators/meson_qcdsf.001.b5p80kp122810kp122810-48x96.00202_0.000_442_-4-4-2_ptsink.lime
/scratch/usr/hhpmbate/chroma_2pt/48x96/b5p80kp122810kp122810/vector/lp001lp0001_g2_g4_q000_q220_q422_q442_q600_q642/correlators/meson_qcdsf.001.b5p80kp122810kp122810-48x96.00202_0.000_442_-4-4-2_smsnk30.lime
/scratch/usr/hhpmbate/chroma_2pt/48x96/b5p80kp122810kp122810/vector/lp001lp0001_g2_g4_q000_q220_q422_q442_q600_q642/correlators/meson_qcdsf.001.b5p80kp122810kp122810-48x96.00202_0.000_600_-600_ptsink.lime
/scratch/usr/hhpmbate/chroma_2pt/48x96/b5p80kp122810kp122810/vector/lp001lp0001_g2_g4_q000_q220_q422_q442_q600_q642/correlators/meson_qcdsf.001.b5p80kp122810kp122810-48x96.00202_0.000_600_-600_smsnk30.lime
/scratch/usr/hhpmbate/chroma_2pt/48x96/b5p80kp122810kp122810/vector/lp001lp0001_g2_g4_q000_q220_q422_q442_q600_q642/correlators/meson_qcdsf.001.b5p80kp122810kp122810-48x96.00203_0.000_000_000_ptsink.lime
/scratch/usr/hhpmbate/chroma_2pt/48x96/b5p80kp122810kp122810/vector/lp001lp0001_g2_g4_q000_q220_q422_q442_q600_q642/correlators/meson_qcdsf.001.b5p80kp122810kp122810-48x96.00203_0.000_000_000_smsnk30.lime
/scratch/usr/hhpmbate/chroma_2pt/48x96/b5p80kp122810kp122810/vector/lp001lp0001_g2_g4_q000_q220_q422_q442_q600_q642/correlators/meson_qcdsf.001.b5p80kp122810kp122810-48x96.00203_0.000_220_-2-20_ptsink.lime
/scratch/usr/hhpmbate/chroma_2pt/48x96/b5p80kp122810kp122810/vector/lp001lp0001_g2_g4_q000_q220_q422_q442_q600_q642/correlators/meson_qcdsf.001.b5p80kp122810kp122810-48x96.00203_0.000_220_-2-20_smsnk30.lime
/scratch/usr/hhpmbate/chroma_2pt/48x96/b5p80kp122810kp122810/vector/lp001lp0001_g2_g4_q000_q220_q422_q442_q600_q642/correlators/meson_qcdsf.001.b5p80kp122810kp122810-48x96.00203_0.000_422_-4-2-2_ptsink.lime
/scratch/usr/hhpmbate/chroma_2pt/48x96/b5p80kp122810kp122810/vector/lp001lp0001_g2_g4_q000_q220_q422_q442_q600_q642/correlators/meson_qcdsf.001.b5p80kp122810kp122810-48x96.00203_0.000_422_-4-2-2_smsnk30.lime
/scratch/usr/hhpmbate/chroma_2pt/48x96/b5p80kp122810kp122810/vector/lp001lp0001_g2_g4_q000_q220_q422_q442_q600_q642/correlators/meson_qcdsf.001.b5p80kp122810kp122810-48x96.00203_0.000_442_-4-4-2_ptsink.lime
/scratch/usr/hhpmbate/chroma_2pt/48x96/b5p80kp122810kp122810/vector/lp001lp0001_g2_g4_q000_q220_q422_q442_q600_q642/correlators/meson_qcdsf.001.b5p80kp122810kp122810-48x96.00203_0.000_442_-4-4-2_smsnk30.lime
/scratch/usr/hhpmbate/chroma_2pt/48x96/b5p80kp122810kp122810/vector/lp001lp0001_g2_g4_q000_q220_q422_q442_q600_q642/correlators/meson_qcdsf.001.b5p80kp122810kp122810-48x96.00203_0.000_600_-600_ptsink.lime
/scratch/usr/hhpmbate/chroma_2pt/48x96/b5p80kp122810kp122810/vector/lp001lp0001_g2_g4_q000_q220_q422_q442_q600_q642/correlators/meson_qcdsf.001.b5p80kp122810kp122810-48x96.00203_0.000_600_-600_smsnk30.lime
/scratch/usr/hhpmbate/chroma_2pt/48x96/b5p80kp122810kp122810/vector/lp001lp0001_g2_g4_q000_q220_q422_q442_q600_q642/correlators/meson_qcdsf.001.b5p80kp122810kp122810-48x96.00204_0.000_000_000_ptsink.lime
/scratch/usr/hhpmbate/chroma_2pt/48x96/b5p80kp122810kp122810/vector/lp001lp0001_g2_g4_q000_q220_q422_q442_q600_q642/correlators/meson_qcdsf.001.b5p80kp122810kp122810-48x96.00204_0.000_000_000_smsnk30.lime
/scratch/usr/hhpmbate/chroma_2pt/48x96/b5p80kp122810kp122810/vector/lp001lp0001_g2_g4_q000_q220_q422_q442_q600_q642/correlators/meson_qcdsf.001.b5p80kp122810kp122810-48x96.00204_0.000_220_-2-20_ptsink.lime
/scratch/usr/hhpmbate/chroma_2pt/48x96/b5p80kp122810kp122810/vector/lp001lp0001_g2_g4_q000_q220_q422_q442_q600_q642/correlators/meson_qcdsf.001.b5p80kp122810kp122810-48x96.00204_0.000_220_-2-20_smsnk30.lime
/scratch/usr/hhpmbate/chroma_2pt/48x96/b5p80kp122810kp122810/vector/lp001lp0001_g2_g4_q000_q220_q422_q442_q600_q642/correlators/meson_qcdsf.001.b5p80kp122810kp122810-48x96.00204_0.000_422_-4-2-2_ptsink.lime
/scratch/usr/hhpmbate/chroma_2pt/48x96/b5p80kp122810kp122810/vector/lp001lp0001_g2_g4_q000_q220_q422_q442_q600_q642/correlators/meson_qcdsf.001.b5p80kp122810kp122810-48x96.00204_0.000_422_-4-2-2_smsnk30.lime
/scratch/usr/hhpmbate/chroma_2pt/48x96/b5p80kp122810kp122810/vector/lp001lp0001_g2_g4_q000_q220_q422_q442_q600_q642/correlators/meson_qcdsf.001.b5p80kp122810kp122810-48x96.00204_0.000_442_-4-4-2_ptsink.lime
/scratch/usr/hhpmbate/chroma_2pt/48x96/b5p80kp122810kp122810/vector/lp001lp0001_g2_g4_q000_q220_q422_q442_q600_q642/correlators/meson_qcdsf.001.b5p80kp122810kp122810-48x96.00204_0.000_442_-4-4-2_smsnk30.lime
/scratch/usr/hhpmbate/chroma_2pt/48x96/b5p80kp122810kp122810/vector/lp001lp0001_g2_g4_q000_q220_q422_q442_q600_q642/correlators/meson_qcdsf.001.b5p80kp122810kp122810-48x96.00204_0.000_600_-600_ptsink.lime
/scratch/usr/hhpmbate/chroma_2pt/48x96/b5p80kp122810kp122810/vector/lp001lp0001_g2_g4_q000_q220_q422_q442_q600_q642/correlators/meson_qcdsf.001.b5p80kp122810kp122810-48x96.00204_0.000_600_-600_smsnk30.lime
/scratch/usr/hhpmbate/chroma_2pt/48x96/b5p80kp122810kp122810/vector/lp001lp0001_g2_g4_q000_q220_q422_q442_q600_q642/correlators/meson_qcdsf.001.b5p80kp122810kp122810-48x96.00205_0.000_000_000_ptsink.lime
/scratch/usr/hhpmbate/chroma_2pt/48x96/b5p80kp122810kp122810/vector/lp001lp0001_g2_g4_q000_q220_q422_q442_q600_q642/correlators/meson_qcdsf.001.b5p80kp122810kp122810-48x96.00205_0.000_000_000_smsnk30.lime
/scratch/usr/hhpmbate/chroma_2pt/48x96/b5p80kp122810kp122810/vector/lp001lp0001_g2_g4_q000_q220_q422_q442_q600_q642/correlators/meson_qcdsf.001.b5p80kp122810kp122810-48x96.00205_0.000_220_-2-20_ptsink.lime
/scratch/usr/hhpmbate/chroma_2pt/48x96/b5p80kp122810kp122810/vector/lp001lp0001_g2_g4_q000_q220_q422_q442_q600_q642/correlators/meson_qcdsf.001.b5p80kp122810kp122810-48x96.00205_0.000_220_-2-20_smsnk30.lime
/scratch/usr/hhpmbate/chroma_2pt/48x96/b5p80kp122810kp122810/vector/lp001lp0001_g2_g4_q000_q220_q422_q442_q600_q642/correlators/meson_qcdsf.001.b5p80kp122810kp122810-48x96.00205_0.000_422_-4-2-2_ptsink.lime
/scratch/usr/hhpmbate/chroma_2pt/48x96/b5p80kp122810kp122810/vector/lp001lp0001_g2_g4_q000_q220_q422_q442_q600_q642/correlators/meson_qcdsf.001.b5p80kp122810kp122810-48x96.00205_0.000_422_-4-2-2_smsnk30.lime
/scratch/usr/hhpmbate/chroma_2pt/48x96/b5p80kp122810kp122810/vector/lp001lp0001_g2_g4_q000_q220_q422_q442_q600_q642/correlators/meson_qcdsf.001.b5p80kp122810kp122810-48x96.00205_0.000_442_-4-4-2_ptsink.lime
/scratch/usr/hhpmbate/chroma_2pt/48x96/b5p80kp122810kp122810/vector/lp001lp0001_g2_g4_q000_q220_q422_q442_q600_q642/correlators/meson_qcdsf.001.b5p80kp122810kp122810-48x96.00205_0.000_442_-4-4-2_smsnk30.lime
/scratch/usr/hhpmbate/chroma_2pt/48x96/b5p80kp122810kp122810/vector/lp001lp0001_g2_g4_q000_q220_q422_q442_q600_q642/correlators/meson_qcdsf.001.b5p80kp122810kp122810-48x96.00205_0.000_600_-600_ptsink.lime
/scratch/usr/hhpmbate/chroma_2pt/48x96/b5p80kp122810kp122810/vector/lp001lp0001_g2_g4_q000_q220_q422_q442_q600_q642/correlators/meson_qcdsf.001.b5p80kp122810kp122810-48x96.00205_0.000_600_-600_smsnk30.lime
/scratch/usr/hhpmbate/chroma_2pt/48x96/b5p80kp122810kp122810/vector/lp001lp0001_g2_g4_q000_q220_q422_q442_q600_q642/correlators/meson_qcdsf.001.b5p80kp122810kp122810-48x96.00206_0.000_000_000_ptsink.lime
/scratch/usr/hhpmbate/chroma_2pt/48x96/b5p80kp122810kp122810/vector/lp001lp0001_g2_g4_q000_q220_q422_q442_q600_q642/correlators/meson_qcdsf.001.b5p80kp122810kp122810-48x96.00206_0.000_000_000_smsnk30.lime
/scratch/usr/hhpmbate/chroma_2pt/48x96/b5p80kp122810kp122810/vector/lp001lp0001_g2_g4_q000_q220_q422_q442_q600_q642/correlators/meson_qcdsf.001.b5p80kp122810kp122810-48x96.00206_0.000_220_-2-20_ptsink.lime
/scratch/usr/hhpmbate/chroma_2pt/48x96/b5p80kp122810kp122810/vector/lp001lp0001_g2_g4_q000_q220_q422_q442_q600_q642/correlators/meson_qcdsf.001.b5p80kp122810kp122810-48x96.00206_0.000_220_-2-20_smsnk30.lime
/scratch/usr/hhpmbate/chroma_2pt/48x96/b5p80kp122810kp122810/vector/lp001lp0001_g2_g4_q000_q220_q422_q442_q600_q642/correlators/meson_qcdsf.001.b5p80kp122810kp122810-48x96.00206_0.000_422_-4-2-2_ptsink.lime
/scratch/usr/hhpmbate/chroma_2pt/48x96/b5p80kp122810kp122810/vector/lp001lp0001_g2_g4_q000_q220_q422_q442_q600_q642/correlators/meson_qcdsf.001.b5p80kp122810kp122810-48x96.00206_0.000_422_-4-2-2_smsnk30.lime
/scratch/usr/hhpmbate/chroma_2pt/48x96/b5p80kp122810kp122810/vector/lp001lp0001_g2_g4_q000_q220_q422_q442_q600_q642/correlators/meson_qcdsf.001.b5p80kp122810kp122810-48x96.00206_0.000_442_-4-4-2_ptsink.lime
/scratch/usr/hhpmbate/chroma_2pt/48x96/b5p80kp122810kp122810/vector/lp001lp0001_g2_g4_q000_q220_q422_q442_q600_q642/correlators/meson_qcdsf.001.b5p80kp122810kp122810-48x96.00206_0.000_442_-4-4-2_smsnk30.lime
/scratch/usr/hhpmbate/chroma_2pt/48x96/b5p80kp122810kp122810/vector/lp001lp0001_g2_g4_q000_q220_q422_q442_q600_q642/correlators/meson_qcdsf.001.b5p80kp122810kp122810-48x96.00206_0.000_600_-600_ptsink.lime
/scratch/usr/hhpmbate/chroma_2pt/48x96/b5p80kp122810kp122810/vector/lp001lp0001_g2_g4_q000_q220_q422_q442_q600_q642/correlators/meson_qcdsf.001.b5p80kp122810kp122810-48x96.00206_0.000_600_-600_smsnk30.lime
/scratch/usr/hhpmbate/chroma_2pt/48x96/b5p80kp122810kp122810/vector/lp001lp0001_g2_g4_q000_q220_q422_q442_q600_q642/correlators/meson_qcdsf.001.b5p80kp122810kp122810-48x96.00207_0.000_000_000_ptsink.lime
/scratch/usr/hhpmbate/chroma_2pt/48x96/b5p80kp122810kp122810/vector/lp001lp0001_g2_g4_q000_q220_q422_q442_q600_q642/correlators/meson_qcdsf.001.b5p80kp122810kp122810-48x96.00207_0.000_000_000_smsnk30.lime
/scratch/usr/hhpmbate/chroma_2pt/48x96/b5p80kp122810kp122810/vector/lp001lp0001_g2_g4_q000_q220_q422_q442_q600_q642/correlators/meson_qcdsf.001.b5p80kp122810kp122810-48x96.00207_0.000_220_-2-20_ptsink.lime
/scratch/usr/hhpmbate/chroma_2pt/48x96/b5p80kp122810kp122810/vector/lp001lp0001_g2_g4_q000_q220_q422_q442_q600_q642/correlators/meson_qcdsf.001.b5p80kp122810kp122810-48x96.00207_0.000_220_-2-20_smsnk30.lime
/scratch/usr/hhpmbate/chroma_2pt/48x96/b5p80kp122810kp122810/vector/lp001lp0001_g2_g4_q000_q220_q422_q442_q600_q642/correlators/meson_qcdsf.001.b5p80kp122810kp122810-48x96.00207_0.000_422_-4-2-2_ptsink.lime
/scratch/usr/hhpmbate/chroma_2pt/48x96/b5p80kp122810kp122810/vector/lp001lp0001_g2_g4_q000_q220_q422_q442_q600_q642/correlators/meson_qcdsf.001.b5p80kp122810kp122810-48x96.00207_0.000_422_-4-2-2_smsnk30.lime
/scratch/usr/hhpmbate/chroma_2pt/48x96/b5p80kp122810kp122810/vector/lp001lp0001_g2_g4_q000_q220_q422_q442_q600_q642/correlators/meson_qcdsf.001.b5p80kp122810kp122810-48x96.00207_0.000_442_-4-4-2_ptsink.lime
/scratch/usr/hhpmbate/chroma_2pt/48x96/b5p80kp122810kp122810/vector/lp001lp0001_g2_g4_q000_q220_q422_q442_q600_q642/correlators/meson_qcdsf.001.b5p80kp122810kp122810-48x96.00207_0.000_442_-4-4-2_smsnk30.lime
/scratch/usr/hhpmbate/chroma_2pt/48x96/b5p80kp122810kp122810/vector/lp001lp0001_g2_g4_q000_q220_q422_q442_q600_q642/correlators/meson_qcdsf.001.b5p80kp122810kp122810-48x96.00207_0.000_600_-600_ptsink.lime
/scratch/usr/hhpmbate/chroma_2pt/48x96/b5p80kp122810kp122810/vector/lp001lp0001_g2_g4_q000_q220_q422_q442_q600_q642/correlators/meson_qcdsf.001.b5p80kp122810kp122810-48x96.00207_0.000_600_-600_smsnk30.lime
/scratch/usr/hhpmbate/chroma_2pt/48x96/b5p80kp122810kp122810/vector/lp001lp0001_g2_g4_q000_q220_q422_q442_q600_q642/correlators/meson_qcdsf.001.b5p80kp122810kp122810-48x96.00208_0.000_000_000_ptsink.lime
/scratch/usr/hhpmbate/chroma_2pt/48x96/b5p80kp122810kp122810/vector/lp001lp0001_g2_g4_q000_q220_q422_q442_q600_q642/correlators/meson_qcdsf.001.b5p80kp122810kp122810-48x96.00208_0.000_000_000_smsnk30.lime
/scratch/usr/hhpmbate/chroma_2pt/48x96/b5p80kp122810kp122810/vector/lp001lp0001_g2_g4_q000_q220_q422_q442_q600_q642/correlators/meson_qcdsf.001.b5p80kp122810kp122810-48x96.00208_0.000_220_-2-20_ptsink.lime
/scratch/usr/hhpmbate/chroma_2pt/48x96/b5p80kp122810kp122810/vector/lp001lp0001_g2_g4_q000_q220_q422_q442_q600_q642/correlators/meson_qcdsf.001.b5p80kp122810kp122810-48x96.00208_0.000_220_-2-20_smsnk30.lime
/scratch/usr/hhpmbate/chroma_2pt/48x96/b5p80kp122810kp122810/vector/lp001lp0001_g2_g4_q000_q220_q422_q442_q600_q642/correlators/meson_qcdsf.001.b5p80kp122810kp122810-48x96.00208_0.000_422_-4-2-2_ptsink.lime
/scratch/usr/hhpmbate/chroma_2pt/48x96/b5p80kp122810kp122810/vector/lp001lp0001_g2_g4_q000_q220_q422_q442_q600_q642/correlators/meson_qcdsf.001.b5p80kp122810kp122810-48x96.00208_0.000_422_-4-2-2_smsnk30.lime
/scratch/usr/hhpmbate/chroma_2pt/48x96/b5p80kp122810kp122810/vector/lp001lp0001_g2_g4_q000_q220_q422_q442_q600_q642/correlators/meson_qcdsf.001.b5p80kp122810kp122810-48x96.00208_0.000_442_-4-4-2_ptsink.lime
/scratch/usr/hhpmbate/chroma_2pt/48x96/b5p80kp122810kp122810/vector/lp001lp0001_g2_g4_q000_q220_q422_q442_q600_q642/correlators/meson_qcdsf.001.b5p80kp122810kp122810-48x96.00208_0.000_442_-4-4-2_smsnk30.lime
/scratch/usr/hhpmbate/chroma_2pt/48x96/b5p80kp122810kp122810/vector/lp001lp0001_g2_g4_q000_q220_q422_q442_q600_q642/correlators/meson_qcdsf.001.b5p80kp122810kp122810-48x96.00208_0.000_600_-600_ptsink.lime
/scratch/usr/hhpmbate/chroma_2pt/48x96/b5p80kp122810kp122810/vector/lp001lp0001_g2_g4_q000_q220_q422_q442_q600_q642/correlators/meson_qcdsf.001.b5p80kp122810kp122810-48x96.00208_0.000_600_-600_smsnk30.lime
/scratch/usr/hhpmbate/chroma_2pt/48x96/b5p80kp122810kp122810/vector/lp001lp0001_g2_g4_q000_q220_q422_q442_q600_q642/correlators/meson_qcdsf.001.b5p80kp122810kp122810-48x96.00209_0.000_000_000_ptsink.lime
/scratch/usr/hhpmbate/chroma_2pt/48x96/b5p80kp122810kp122810/vector/lp001lp0001_g2_g4_q000_q220_q422_q442_q600_q642/correlators/meson_qcdsf.001.b5p80kp122810kp122810-48x96.00209_0.000_000_000_smsnk30.lime
/scratch/usr/hhpmbate/chroma_2pt/48x96/b5p80kp122810kp122810/vector/lp001lp0001_g2_g4_q000_q220_q422_q442_q600_q642/correlators/meson_qcdsf.001.b5p80kp122810kp122810-48x96.00209_0.000_220_-2-20_ptsink.lime
/scratch/usr/hhpmbate/chroma_2pt/48x96/b5p80kp122810kp122810/vector/lp001lp0001_g2_g4_q000_q220_q422_q442_q600_q642/correlators/meson_qcdsf.001.b5p80kp122810kp122810-48x96.00209_0.000_220_-2-20_smsnk30.lime
/scratch/usr/hhpmbate/chroma_2pt/48x96/b5p80kp122810kp122810/vector/lp001lp0001_g2_g4_q000_q220_q422_q442_q600_q642/correlators/meson_qcdsf.001.b5p80kp122810kp122810-48x96.00209_0.000_422_-4-2-2_ptsink.lime
/scratch/usr/hhpmbate/chroma_2pt/48x96/b5p80kp122810kp122810/vector/lp001lp0001_g2_g4_q000_q220_q422_q442_q600_q642/correlators/meson_qcdsf.001.b5p80kp122810kp122810-48x96.00209_0.000_422_-4-2-2_smsnk30.lime
/scratch/usr/hhpmbate/chroma_2pt/48x96/b5p80kp122810kp122810/vector/lp001lp0001_g2_g4_q000_q220_q422_q442_q600_q642/correlators/meson_qcdsf.001.b5p80kp122810kp122810-48x96.00209_0.000_442_-4-4-2_ptsink.lime
/scratch/usr/hhpmbate/chroma_2pt/48x96/b5p80kp122810kp122810/vector/lp001lp0001_g2_g4_q000_q220_q422_q442_q600_q642/correlators/meson_qcdsf.001.b5p80kp122810kp122810-48x96.00209_0.000_442_-4-4-2_smsnk30.lime
/scratch/usr/hhpmbate/chroma_2pt/48x96/b5p80kp122810kp122810/vector/lp001lp0001_g2_g4_q000_q220_q422_q442_q600_q642/correlators/meson_qcdsf.001.b5p80kp122810kp122810-48x96.00209_0.000_600_-600_ptsink.lime
/scratch/usr/hhpmbate/chroma_2pt/48x96/b5p80kp122810kp122810/vector/lp001lp0001_g2_g4_q000_q220_q422_q442_q600_q642/correlators/meson_qcdsf.001.b5p80kp122810kp122810-48x96.00209_0.000_600_-600_smsnk30.lime
/scratch/usr/hhpmbate/chroma_2pt/48x96/b5p80kp122810kp122810/vector/lp001lp0001_g2_g4_q000_q220_q422_q442_q600_q642/correlators/meson_qcdsf.001.b5p80kp122810kp122810-48x96.00210_0.000_000_000_ptsink.lime
/scratch/usr/hhpmbate/chroma_2pt/48x96/b5p80kp122810kp122810/vector/lp001lp0001_g2_g4_q000_q220_q422_q442_q600_q642/correlators/meson_qcdsf.001.b5p80kp122810kp122810-48x96.00210_0.000_000_000_smsnk30.lime
/scratch/usr/hhpmbate/chroma_2pt/48x96/b5p80kp122810kp122810/vector/lp001lp0001_g2_g4_q000_q220_q422_q442_q600_q642/correlators/meson_qcdsf.001.b5p80kp122810kp122810-48x96.00210_0.000_220_-2-20_ptsink.lime
/scratch/usr/hhpmbate/chroma_2pt/48x96/b5p80kp122810kp122810/vector/lp001lp0001_g2_g4_q000_q220_q422_q442_q600_q642/correlators/meson_qcdsf.001.b5p80kp122810kp122810-48x96.00210_0.000_220_-2-20_smsnk30.lime
/scratch/usr/hhpmbate/chroma_2pt/48x96/b5p80kp122810kp122810/vector/lp001lp0001_g2_g4_q000_q220_q422_q442_q600_q642/correlators/meson_qcdsf.001.b5p80kp122810kp122810-48x96.00210_0.000_422_-4-2-2_ptsink.lime
/scratch/usr/hhpmbate/chroma_2pt/48x96/b5p80kp122810kp122810/vector/lp001lp0001_g2_g4_q000_q220_q422_q442_q600_q642/correlators/meson_qcdsf.001.b5p80kp122810kp122810-48x96.00210_0.000_422_-4-2-2_smsnk30.lime
/scratch/usr/hhpmbate/chroma_2pt/48x96/b5p80kp122810kp122810/vector/lp001lp0001_g2_g4_q000_q220_q422_q442_q600_q642/correlators/meson_qcdsf.001.b5p80kp122810kp122810-48x96.00210_0.000_442_-4-4-2_ptsink.lime
/scratch/usr/hhpmbate/chroma_2pt/48x96/b5p80kp122810kp122810/vector/lp001lp0001_g2_g4_q000_q220_q422_q442_q600_q642/correlators/meson_qcdsf.001.b5p80kp122810kp122810-48x96.00210_0.000_442_-4-4-2_smsnk30.lime
/scratch/usr/hhpmbate/chroma_2pt/48x96/b5p80kp122810kp122810/vector/lp001lp0001_g2_g4_q000_q220_q422_q442_q600_q642/correlators/meson_qcdsf.001.b5p80kp122810kp122810-48x96.00210_0.000_600_-600_ptsink.lime
/scratch/usr/hhpmbate/chroma_2pt/48x96/b5p80kp122810kp122810/vector/lp001lp0001_g2_g4_q000_q220_q422_q442_q600_q642/correlators/meson_qcdsf.001.b5p80kp122810kp122810-48x96.00210_0.000_600_-600_smsnk30.lime
/scratch/usr/hhpmbate/chroma_2pt/48x96/b5p80kp122810kp122810/vector/lp001lp0001_g2_g4_q000_q220_q422_q442_q600_q642/correlators/meson_qcdsf.001.b5p80kp122810kp122810-48x96.00211_0.000_000_000_ptsink.lime
/scratch/usr/hhpmbate/chroma_2pt/48x96/b5p80kp122810kp122810/vector/lp001lp0001_g2_g4_q000_q220_q422_q442_q600_q642/correlators/meson_qcdsf.001.b5p80kp122810kp122810-48x96.00211_0.000_000_000_smsnk30.lime
/scratch/usr/hhpmbate/chroma_2pt/48x96/b5p80kp122810kp122810/vector/lp001lp0001_g2_g4_q000_q220_q422_q442_q600_q642/correlators/meson_qcdsf.001.b5p80kp122810kp122810-48x96.00211_0.000_220_-2-20_ptsink.lime
/scratch/usr/hhpmbate/chroma_2pt/48x96/b5p80kp122810kp122810/vector/lp001lp0001_g2_g4_q000_q220_q422_q442_q600_q642/correlators/meson_qcdsf.001.b5p80kp122810kp122810-48x96.00211_0.000_220_-2-20_smsnk30.lime
/scratch/usr/hhpmbate/chroma_2pt/48x96/b5p80kp122810kp122810/vector/lp001lp0001_g2_g4_q000_q220_q422_q442_q600_q642/correlators/meson_qcdsf.001.b5p80kp122810kp122810-48x96.00211_0.000_422_-4-2-2_ptsink.lime
/scratch/usr/hhpmbate/chroma_2pt/48x96/b5p80kp122810kp122810/vector/lp001lp0001_g2_g4_q000_q220_q422_q442_q600_q642/correlators/meson_qcdsf.001.b5p80kp122810kp122810-48x96.00211_0.000_422_-4-2-2_smsnk30.lime
/scratch/usr/hhpmbate/chroma_2pt/48x96/b5p80kp122810kp122810/vector/lp001lp0001_g2_g4_q000_q220_q422_q442_q600_q642/correlators/meson_qcdsf.001.b5p80kp122810kp122810-48x96.00211_0.000_442_-4-4-2_ptsink.lime
/scratch/usr/hhpmbate/chroma_2pt/48x96/b5p80kp122810kp122810/vector/lp001lp0001_g2_g4_q000_q220_q422_q442_q600_q642/correlators/meson_qcdsf.001.b5p80kp122810kp122810-48x96.00211_0.000_442_-4-4-2_smsnk30.lime
/scratch/usr/hhpmbate/chroma_2pt/48x96/b5p80kp122810kp122810/vector/lp001lp0001_g2_g4_q000_q220_q422_q442_q600_q642/correlators/meson_qcdsf.001.b5p80kp122810kp122810-48x96.00211_0.000_600_-600_ptsink.lime
/scratch/usr/hhpmbate/chroma_2pt/48x96/b5p80kp122810kp122810/vector/lp001lp0001_g2_g4_q000_q220_q422_q442_q600_q642/correlators/meson_qcdsf.001.b5p80kp122810kp122810-48x96.00211_0.000_600_-600_smsnk30.lime
/scratch/usr/hhpmbate/chroma_2pt/48x96/b5p80kp122810kp122810/vector/lp001lp0001_g2_g4_q000_q220_q422_q442_q600_q642/correlators/meson_qcdsf.001.b5p80kp122810kp122810-48x96.00212_0.000_000_000_ptsink.lime
/scratch/usr/hhpmbate/chroma_2pt/48x96/b5p80kp122810kp122810/vector/lp001lp0001_g2_g4_q000_q220_q422_q442_q600_q642/correlators/meson_qcdsf.001.b5p80kp122810kp122810-48x96.00212_0.000_000_000_smsnk30.lime
/scratch/usr/hhpmbate/chroma_2pt/48x96/b5p80kp122810kp122810/vector/lp001lp0001_g2_g4_q000_q220_q422_q442_q600_q642/correlators/meson_qcdsf.001.b5p80kp122810kp122810-48x96.00212_0.000_220_-2-20_ptsink.lime
/scratch/usr/hhpmbate/chroma_2pt/48x96/b5p80kp122810kp122810/vector/lp001lp0001_g2_g4_q000_q220_q422_q442_q600_q642/correlators/meson_qcdsf.001.b5p80kp122810kp122810-48x96.00212_0.000_220_-2-20_smsnk30.lime
/scratch/usr/hhpmbate/chroma_2pt/48x96/b5p80kp122810kp122810/vector/lp001lp0001_g2_g4_q000_q220_q422_q442_q600_q642/correlators/meson_qcdsf.001.b5p80kp122810kp122810-48x96.00212_0.000_422_-4-2-2_ptsink.lime
/scratch/usr/hhpmbate/chroma_2pt/48x96/b5p80kp122810kp122810/vector/lp001lp0001_g2_g4_q000_q220_q422_q442_q600_q642/correlators/meson_qcdsf.001.b5p80kp122810kp122810-48x96.00212_0.000_422_-4-2-2_smsnk30.lime
/scratch/usr/hhpmbate/chroma_2pt/48x96/b5p80kp122810kp122810/vector/lp001lp0001_g2_g4_q000_q220_q422_q442_q600_q642/correlators/meson_qcdsf.001.b5p80kp122810kp122810-48x96.00212_0.000_442_-4-4-2_ptsink.lime
/scratch/usr/hhpmbate/chroma_2pt/48x96/b5p80kp122810kp122810/vector/lp001lp0001_g2_g4_q000_q220_q422_q442_q600_q642/correlators/meson_qcdsf.001.b5p80kp122810kp122810-48x96.00212_0.000_442_-4-4-2_smsnk30.lime
/scratch/usr/hhpmbate/chroma_2pt/48x96/b5p80kp122810kp122810/vector/lp001lp0001_g2_g4_q000_q220_q422_q442_q600_q642/correlators/meson_qcdsf.001.b5p80kp122810kp122810-48x96.00212_0.000_600_-600_ptsink.lime
/scratch/usr/hhpmbate/chroma_2pt/48x96/b5p80kp122810kp122810/vector/lp001lp0001_g2_g4_q000_q220_q422_q442_q600_q642/correlators/meson_qcdsf.001.b5p80kp122810kp122810-48x96.00212_0.000_600_-600_smsnk30.lime
/scratch/usr/hhpmbate/chroma_2pt/48x96/b5p80kp122810kp122810/vector/lp001lp0001_g2_g4_q000_q220_q422_q442_q600_q642/correlators/meson_qcdsf.001.b5p80kp122810kp122810-48x96.00213_0.000_000_000_ptsink.lime
/scratch/usr/hhpmbate/chroma_2pt/48x96/b5p80kp122810kp122810/vector/lp001lp0001_g2_g4_q000_q220_q422_q442_q600_q642/correlators/meson_qcdsf.001.b5p80kp122810kp122810-48x96.00213_0.000_000_000_smsnk30.lime
/scratch/usr/hhpmbate/chroma_2pt/48x96/b5p80kp122810kp122810/vector/lp001lp0001_g2_g4_q000_q220_q422_q442_q600_q642/correlators/meson_qcdsf.001.b5p80kp122810kp122810-48x96.00213_0.000_220_-2-20_ptsink.lime
/scratch/usr/hhpmbate/chroma_2pt/48x96/b5p80kp122810kp122810/vector/lp001lp0001_g2_g4_q000_q220_q422_q442_q600_q642/correlators/meson_qcdsf.001.b5p80kp122810kp122810-48x96.00213_0.000_220_-2-20_smsnk30.lime
/scratch/usr/hhpmbate/chroma_2pt/48x96/b5p80kp122810kp122810/vector/lp001lp0001_g2_g4_q000_q220_q422_q442_q600_q642/correlators/meson_qcdsf.001.b5p80kp122810kp122810-48x96.00213_0.000_422_-4-2-2_ptsink.lime
/scratch/usr/hhpmbate/chroma_2pt/48x96/b5p80kp122810kp122810/vector/lp001lp0001_g2_g4_q000_q220_q422_q442_q600_q642/correlators/meson_qcdsf.001.b5p80kp122810kp122810-48x96.00213_0.000_422_-4-2-2_smsnk30.lime
/scratch/usr/hhpmbate/chroma_2pt/48x96/b5p80kp122810kp122810/vector/lp001lp0001_g2_g4_q000_q220_q422_q442_q600_q642/correlators/meson_qcdsf.001.b5p80kp122810kp122810-48x96.00213_0.000_442_-4-4-2_ptsink.lime
/scratch/usr/hhpmbate/chroma_2pt/48x96/b5p80kp122810kp122810/vector/lp001lp0001_g2_g4_q000_q220_q422_q442_q600_q642/correlators/meson_qcdsf.001.b5p80kp122810kp122810-48x96.00213_0.000_442_-4-4-2_smsnk30.lime
/scratch/usr/hhpmbate/chroma_2pt/48x96/b5p80kp122810kp122810/vector/lp001lp0001_g2_g4_q000_q220_q422_q442_q600_q642/correlators/meson_qcdsf.001.b5p80kp122810kp122810-48x96.00213_0.000_600_-600_ptsink.lime
/scratch/usr/hhpmbate/chroma_2pt/48x96/b5p80kp122810kp122810/vector/lp001lp0001_g2_g4_q000_q220_q422_q442_q600_q642/correlators/meson_qcdsf.001.b5p80kp122810kp122810-48x96.00213_0.000_600_-600_smsnk30.lime
/scratch/usr/hhpmbate/chroma_2pt/48x96/b5p80kp122810kp122810/vector/lp001lp0001_g2_g4_q000_q220_q422_q442_q600_q642/correlators/meson_qcdsf.001.b5p80kp122810kp122810-48x96.00214_0.000_000_000_ptsink.lime
/scratch/usr/hhpmbate/chroma_2pt/48x96/b5p80kp122810kp122810/vector/lp001lp0001_g2_g4_q000_q220_q422_q442_q600_q642/correlators/meson_qcdsf.001.b5p80kp122810kp122810-48x96.00214_0.000_000_000_smsnk30.lime
/scratch/usr/hhpmbate/chroma_2pt/48x96/b5p80kp122810kp122810/vector/lp001lp0001_g2_g4_q000_q220_q422_q442_q600_q642/correlators/meson_qcdsf.001.b5p80kp122810kp122810-48x96.00214_0.000_220_-2-20_ptsink.lime
/scratch/usr/hhpmbate/chroma_2pt/48x96/b5p80kp122810kp122810/vector/lp001lp0001_g2_g4_q000_q220_q422_q442_q600_q642/correlators/meson_qcdsf.001.b5p80kp122810kp122810-48x96.00214_0.000_220_-2-20_smsnk30.lime
/scratch/usr/hhpmbate/chroma_2pt/48x96/b5p80kp122810kp122810/vector/lp001lp0001_g2_g4_q000_q220_q422_q442_q600_q642/correlators/meson_qcdsf.001.b5p80kp122810kp122810-48x96.00214_0.000_422_-4-2-2_ptsink.lime
/scratch/usr/hhpmbate/chroma_2pt/48x96/b5p80kp122810kp122810/vector/lp001lp0001_g2_g4_q000_q220_q422_q442_q600_q642/correlators/meson_qcdsf.001.b5p80kp122810kp122810-48x96.00214_0.000_422_-4-2-2_smsnk30.lime
/scratch/usr/hhpmbate/chroma_2pt/48x96/b5p80kp122810kp122810/vector/lp001lp0001_g2_g4_q000_q220_q422_q442_q600_q642/correlators/meson_qcdsf.001.b5p80kp122810kp122810-48x96.00214_0.000_442_-4-4-2_ptsink.lime
/scratch/usr/hhpmbate/chroma_2pt/48x96/b5p80kp122810kp122810/vector/lp001lp0001_g2_g4_q000_q220_q422_q442_q600_q642/correlators/meson_qcdsf.001.b5p80kp122810kp122810-48x96.00214_0.000_442_-4-4-2_smsnk30.lime
/scratch/usr/hhpmbate/chroma_2pt/48x96/b5p80kp122810kp122810/vector/lp001lp0001_g2_g4_q000_q220_q422_q442_q600_q642/correlators/meson_qcdsf.001.b5p80kp122810kp122810-48x96.00214_0.000_600_-600_ptsink.lime
/scratch/usr/hhpmbate/chroma_2pt/48x96/b5p80kp122810kp122810/vector/lp001lp0001_g2_g4_q000_q220_q422_q442_q600_q642/correlators/meson_qcdsf.001.b5p80kp122810kp122810-48x96.00214_0.000_600_-600_smsnk30.lime
/scratch/usr/hhpmbate/chroma_2pt/48x96/b5p80kp122810kp122810/vector/lp001lp0001_g2_g4_q000_q220_q422_q442_q600_q642/correlators/meson_qcdsf.001.b5p80kp122810kp122810-48x96.00215_0.000_000_000_ptsink.lime
/scratch/usr/hhpmbate/chroma_2pt/48x96/b5p80kp122810kp122810/vector/lp001lp0001_g2_g4_q000_q220_q422_q442_q600_q642/correlators/meson_qcdsf.001.b5p80kp122810kp122810-48x96.00215_0.000_000_000_smsnk30.lime
/scratch/usr/hhpmbate/chroma_2pt/48x96/b5p80kp122810kp122810/vector/lp001lp0001_g2_g4_q000_q220_q422_q442_q600_q642/correlators/meson_qcdsf.001.b5p80kp122810kp122810-48x96.00215_0.000_220_-2-20_ptsink.lime
/scratch/usr/hhpmbate/chroma_2pt/48x96/b5p80kp122810kp122810/vector/lp001lp0001_g2_g4_q000_q220_q422_q442_q600_q642/correlators/meson_qcdsf.001.b5p80kp122810kp122810-48x96.00215_0.000_220_-2-20_smsnk30.lime
/scratch/usr/hhpmbate/chroma_2pt/48x96/b5p80kp122810kp122810/vector/lp001lp0001_g2_g4_q000_q220_q422_q442_q600_q642/correlators/meson_qcdsf.001.b5p80kp122810kp122810-48x96.00215_0.000_422_-4-2-2_ptsink.lime
/scratch/usr/hhpmbate/chroma_2pt/48x96/b5p80kp122810kp122810/vector/lp001lp0001_g2_g4_q000_q220_q422_q442_q600_q642/correlators/meson_qcdsf.001.b5p80kp122810kp122810-48x96.00215_0.000_422_-4-2-2_smsnk30.lime
/scratch/usr/hhpmbate/chroma_2pt/48x96/b5p80kp122810kp122810/vector/lp001lp0001_g2_g4_q000_q220_q422_q442_q600_q642/correlators/meson_qcdsf.001.b5p80kp122810kp122810-48x96.00215_0.000_442_-4-4-2_ptsink.lime
/scratch/usr/hhpmbate/chroma_2pt/48x96/b5p80kp122810kp122810/vector/lp001lp0001_g2_g4_q000_q220_q422_q442_q600_q642/correlators/meson_qcdsf.001.b5p80kp122810kp122810-48x96.00215_0.000_442_-4-4-2_smsnk30.lime
/scratch/usr/hhpmbate/chroma_2pt/48x96/b5p80kp122810kp122810/vector/lp001lp0001_g2_g4_q000_q220_q422_q442_q600_q642/correlators/meson_qcdsf.001.b5p80kp122810kp122810-48x96.00215_0.000_600_-600_ptsink.lime
/scratch/usr/hhpmbate/chroma_2pt/48x96/b5p80kp122810kp122810/vector/lp001lp0001_g2_g4_q000_q220_q422_q442_q600_q642/correlators/meson_qcdsf.001.b5p80kp122810kp122810-48x96.00215_0.000_600_-600_smsnk30.lime
/scratch/usr/hhpmbate/chroma_2pt/48x96/b5p80kp122810kp122810/vector/lp001lp0001_g2_g4_q000_q220_q422_q442_q600_q642/correlators/meson_qcdsf.001.b5p80kp122810kp122810-48x96.00216_0.000_000_000_ptsink.lime
/scratch/usr/hhpmbate/chroma_2pt/48x96/b5p80kp122810kp122810/vector/lp001lp0001_g2_g4_q000_q220_q422_q442_q600_q642/correlators/meson_qcdsf.001.b5p80kp122810kp122810-48x96.00216_0.000_000_000_smsnk30.lime
/scratch/usr/hhpmbate/chroma_2pt/48x96/b5p80kp122810kp122810/vector/lp001lp0001_g2_g4_q000_q220_q422_q442_q600_q642/correlators/meson_qcdsf.001.b5p80kp122810kp122810-48x96.00216_0.000_220_-2-20_ptsink.lime
/scratch/usr/hhpmbate/chroma_2pt/48x96/b5p80kp122810kp122810/vector/lp001lp0001_g2_g4_q000_q220_q422_q442_q600_q642/correlators/meson_qcdsf.001.b5p80kp122810kp122810-48x96.00216_0.000_220_-2-20_smsnk30.lime
/scratch/usr/hhpmbate/chroma_2pt/48x96/b5p80kp122810kp122810/vector/lp001lp0001_g2_g4_q000_q220_q422_q442_q600_q642/correlators/meson_qcdsf.001.b5p80kp122810kp122810-48x96.00216_0.000_422_-4-2-2_ptsink.lime
/scratch/usr/hhpmbate/chroma_2pt/48x96/b5p80kp122810kp122810/vector/lp001lp0001_g2_g4_q000_q220_q422_q442_q600_q642/correlators/meson_qcdsf.001.b5p80kp122810kp122810-48x96.00216_0.000_422_-4-2-2_smsnk30.lime
/scratch/usr/hhpmbate/chroma_2pt/48x96/b5p80kp122810kp122810/vector/lp001lp0001_g2_g4_q000_q220_q422_q442_q600_q642/correlators/meson_qcdsf.001.b5p80kp122810kp122810-48x96.00216_0.000_442_-4-4-2_ptsink.lime
/scratch/usr/hhpmbate/chroma_2pt/48x96/b5p80kp122810kp122810/vector/lp001lp0001_g2_g4_q000_q220_q422_q442_q600_q642/correlators/meson_qcdsf.001.b5p80kp122810kp122810-48x96.00216_0.000_442_-4-4-2_smsnk30.lime
/scratch/usr/hhpmbate/chroma_2pt/48x96/b5p80kp122810kp122810/vector/lp001lp0001_g2_g4_q000_q220_q422_q442_q600_q642/correlators/meson_qcdsf.001.b5p80kp122810kp122810-48x96.00216_0.000_600_-600_ptsink.lime
/scratch/usr/hhpmbate/chroma_2pt/48x96/b5p80kp122810kp122810/vector/lp001lp0001_g2_g4_q000_q220_q422_q442_q600_q642/correlators/meson_qcdsf.001.b5p80kp122810kp122810-48x96.00216_0.000_600_-600_smsnk30.lime
/scratch/usr/hhpmbate/chroma_2pt/48x96/b5p80kp122810kp122810/vector/lp001lp0001_g2_g4_q000_q220_q422_q442_q600_q642/correlators/meson_qcdsf.001.b5p80kp122810kp122810-48x96.00217_0.000_000_000_ptsink.lime
/scratch/usr/hhpmbate/chroma_2pt/48x96/b5p80kp122810kp122810/vector/lp001lp0001_g2_g4_q000_q220_q422_q442_q600_q642/correlators/meson_qcdsf.001.b5p80kp122810kp122810-48x96.00217_0.000_000_000_smsnk30.lime
/scratch/usr/hhpmbate/chroma_2pt/48x96/b5p80kp122810kp122810/vector/lp001lp0001_g2_g4_q000_q220_q422_q442_q600_q642/correlators/meson_qcdsf.001.b5p80kp122810kp122810-48x96.00217_0.000_220_-2-20_ptsink.lime
/scratch/usr/hhpmbate/chroma_2pt/48x96/b5p80kp122810kp122810/vector/lp001lp0001_g2_g4_q000_q220_q422_q442_q600_q642/correlators/meson_qcdsf.001.b5p80kp122810kp122810-48x96.00217_0.000_220_-2-20_smsnk30.lime
/scratch/usr/hhpmbate/chroma_2pt/48x96/b5p80kp122810kp122810/vector/lp001lp0001_g2_g4_q000_q220_q422_q442_q600_q642/correlators/meson_qcdsf.001.b5p80kp122810kp122810-48x96.00217_0.000_422_-4-2-2_ptsink.lime
/scratch/usr/hhpmbate/chroma_2pt/48x96/b5p80kp122810kp122810/vector/lp001lp0001_g2_g4_q000_q220_q422_q442_q600_q642/correlators/meson_qcdsf.001.b5p80kp122810kp122810-48x96.00217_0.000_422_-4-2-2_smsnk30.lime
/scratch/usr/hhpmbate/chroma_2pt/48x96/b5p80kp122810kp122810/vector/lp001lp0001_g2_g4_q000_q220_q422_q442_q600_q642/correlators/meson_qcdsf.001.b5p80kp122810kp122810-48x96.00217_0.000_442_-4-4-2_ptsink.lime
/scratch/usr/hhpmbate/chroma_2pt/48x96/b5p80kp122810kp122810/vector/lp001lp0001_g2_g4_q000_q220_q422_q442_q600_q642/correlators/meson_qcdsf.001.b5p80kp122810kp122810-48x96.00217_0.000_442_-4-4-2_smsnk30.lime
/scratch/usr/hhpmbate/chroma_2pt/48x96/b5p80kp122810kp122810/vector/lp001lp0001_g2_g4_q000_q220_q422_q442_q600_q642/correlators/meson_qcdsf.001.b5p80kp122810kp122810-48x96.00217_0.000_600_-600_ptsink.lime
/scratch/usr/hhpmbate/chroma_2pt/48x96/b5p80kp122810kp122810/vector/lp001lp0001_g2_g4_q000_q220_q422_q442_q600_q642/correlators/meson_qcdsf.001.b5p80kp122810kp122810-48x96.00217_0.000_600_-600_smsnk30.lime
/scratch/usr/hhpmbate/chroma_2pt/48x96/b5p80kp122810kp122810/vector/lp001lp0001_g2_g4_q000_q220_q422_q442_q600_q642/correlators/meson_qcdsf.001.b5p80kp122810kp122810-48x96.00218_0.000_000_000_ptsink.lime
/scratch/usr/hhpmbate/chroma_2pt/48x96/b5p80kp122810kp122810/vector/lp001lp0001_g2_g4_q000_q220_q422_q442_q600_q642/correlators/meson_qcdsf.001.b5p80kp122810kp122810-48x96.00218_0.000_000_000_smsnk30.lime
/scratch/usr/hhpmbate/chroma_2pt/48x96/b5p80kp122810kp122810/vector/lp001lp0001_g2_g4_q000_q220_q422_q442_q600_q642/correlators/meson_qcdsf.001.b5p80kp122810kp122810-48x96.00218_0.000_220_-2-20_ptsink.lime
/scratch/usr/hhpmbate/chroma_2pt/48x96/b5p80kp122810kp122810/vector/lp001lp0001_g2_g4_q000_q220_q422_q442_q600_q642/correlators/meson_qcdsf.001.b5p80kp122810kp122810-48x96.00218_0.000_220_-2-20_smsnk30.lime
/scratch/usr/hhpmbate/chroma_2pt/48x96/b5p80kp122810kp122810/vector/lp001lp0001_g2_g4_q000_q220_q422_q442_q600_q642/correlators/meson_qcdsf.001.b5p80kp122810kp122810-48x96.00218_0.000_422_-4-2-2_ptsink.lime
/scratch/usr/hhpmbate/chroma_2pt/48x96/b5p80kp122810kp122810/vector/lp001lp0001_g2_g4_q000_q220_q422_q442_q600_q642/correlators/meson_qcdsf.001.b5p80kp122810kp122810-48x96.00218_0.000_422_-4-2-2_smsnk30.lime
/scratch/usr/hhpmbate/chroma_2pt/48x96/b5p80kp122810kp122810/vector/lp001lp0001_g2_g4_q000_q220_q422_q442_q600_q642/correlators/meson_qcdsf.001.b5p80kp122810kp122810-48x96.00218_0.000_442_-4-4-2_ptsink.lime
/scratch/usr/hhpmbate/chroma_2pt/48x96/b5p80kp122810kp122810/vector/lp001lp0001_g2_g4_q000_q220_q422_q442_q600_q642/correlators/meson_qcdsf.001.b5p80kp122810kp122810-48x96.00218_0.000_442_-4-4-2_smsnk30.lime
/scratch/usr/hhpmbate/chroma_2pt/48x96/b5p80kp122810kp122810/vector/lp001lp0001_g2_g4_q000_q220_q422_q442_q600_q642/correlators/meson_qcdsf.001.b5p80kp122810kp122810-48x96.00218_0.000_600_-600_ptsink.lime
/scratch/usr/hhpmbate/chroma_2pt/48x96/b5p80kp122810kp122810/vector/lp001lp0001_g2_g4_q000_q220_q422_q442_q600_q642/correlators/meson_qcdsf.001.b5p80kp122810kp122810-48x96.00218_0.000_600_-600_smsnk30.lime
/scratch/usr/hhpmbate/chroma_2pt/48x96/b5p80kp122810kp122810/vector/lp001lp0001_g2_g4_q000_q220_q422_q442_q600_q642/correlators/meson_qcdsf.001.b5p80kp122810kp122810-48x96.00219_0.000_000_000_ptsink.lime
/scratch/usr/hhpmbate/chroma_2pt/48x96/b5p80kp122810kp122810/vector/lp001lp0001_g2_g4_q000_q220_q422_q442_q600_q642/correlators/meson_qcdsf.001.b5p80kp122810kp122810-48x96.00219_0.000_000_000_smsnk30.lime
/scratch/usr/hhpmbate/chroma_2pt/48x96/b5p80kp122810kp122810/vector/lp001lp0001_g2_g4_q000_q220_q422_q442_q600_q642/correlators/meson_qcdsf.001.b5p80kp122810kp122810-48x96.00219_0.000_220_-2-20_ptsink.lime
/scratch/usr/hhpmbate/chroma_2pt/48x96/b5p80kp122810kp122810/vector/lp001lp0001_g2_g4_q000_q220_q422_q442_q600_q642/correlators/meson_qcdsf.001.b5p80kp122810kp122810-48x96.00219_0.000_220_-2-20_smsnk30.lime
/scratch/usr/hhpmbate/chroma_2pt/48x96/b5p80kp122810kp122810/vector/lp001lp0001_g2_g4_q000_q220_q422_q442_q600_q642/correlators/meson_qcdsf.001.b5p80kp122810kp122810-48x96.00219_0.000_422_-4-2-2_ptsink.lime
/scratch/usr/hhpmbate/chroma_2pt/48x96/b5p80kp122810kp122810/vector/lp001lp0001_g2_g4_q000_q220_q422_q442_q600_q642/correlators/meson_qcdsf.001.b5p80kp122810kp122810-48x96.00219_0.000_422_-4-2-2_smsnk30.lime
/scratch/usr/hhpmbate/chroma_2pt/48x96/b5p80kp122810kp122810/vector/lp001lp0001_g2_g4_q000_q220_q422_q442_q600_q642/correlators/meson_qcdsf.001.b5p80kp122810kp122810-48x96.00219_0.000_442_-4-4-2_ptsink.lime
/scratch/usr/hhpmbate/chroma_2pt/48x96/b5p80kp122810kp122810/vector/lp001lp0001_g2_g4_q000_q220_q422_q442_q600_q642/correlators/meson_qcdsf.001.b5p80kp122810kp122810-48x96.00219_0.000_442_-4-4-2_smsnk30.lime
/scratch/usr/hhpmbate/chroma_2pt/48x96/b5p80kp122810kp122810/vector/lp001lp0001_g2_g4_q000_q220_q422_q442_q600_q642/correlators/meson_qcdsf.001.b5p80kp122810kp122810-48x96.00219_0.000_600_-600_ptsink.lime
/scratch/usr/hhpmbate/chroma_2pt/48x96/b5p80kp122810kp122810/vector/lp001lp0001_g2_g4_q000_q220_q422_q442_q600_q642/correlators/meson_qcdsf.001.b5p80kp122810kp122810-48x96.00219_0.000_600_-600_smsnk30.lime
/scratch/usr/hhpmbate/chroma_2pt/48x96/b5p80kp122810kp122810/vector/lp001lp0001_g2_g4_q000_q220_q422_q442_q600_q642/correlators/meson_qcdsf.001.b5p80kp122810kp122810-48x96.00220_0.000_000_000_ptsink.lime
/scratch/usr/hhpmbate/chroma_2pt/48x96/b5p80kp122810kp122810/vector/lp001lp0001_g2_g4_q000_q220_q422_q442_q600_q642/correlators/meson_qcdsf.001.b5p80kp122810kp122810-48x96.00220_0.000_000_000_smsnk30.lime
/scratch/usr/hhpmbate/chroma_2pt/48x96/b5p80kp122810kp122810/vector/lp001lp0001_g2_g4_q000_q220_q422_q442_q600_q642/correlators/meson_qcdsf.001.b5p80kp122810kp122810-48x96.00220_0.000_220_-2-20_ptsink.lime
/scratch/usr/hhpmbate/chroma_2pt/48x96/b5p80kp122810kp122810/vector/lp001lp0001_g2_g4_q000_q220_q422_q442_q600_q642/correlators/meson_qcdsf.001.b5p80kp122810kp122810-48x96.00220_0.000_220_-2-20_smsnk30.lime
/scratch/usr/hhpmbate/chroma_2pt/48x96/b5p80kp122810kp122810/vector/lp001lp0001_g2_g4_q000_q220_q422_q442_q600_q642/correlators/meson_qcdsf.001.b5p80kp122810kp122810-48x96.00220_0.000_422_-4-2-2_ptsink.lime
/scratch/usr/hhpmbate/chroma_2pt/48x96/b5p80kp122810kp122810/vector/lp001lp0001_g2_g4_q000_q220_q422_q442_q600_q642/correlators/meson_qcdsf.001.b5p80kp122810kp122810-48x96.00220_0.000_422_-4-2-2_smsnk30.lime
/scratch/usr/hhpmbate/chroma_2pt/48x96/b5p80kp122810kp122810/vector/lp001lp0001_g2_g4_q000_q220_q422_q442_q600_q642/correlators/meson_qcdsf.001.b5p80kp122810kp122810-48x96.00220_0.000_442_-4-4-2_ptsink.lime
/scratch/usr/hhpmbate/chroma_2pt/48x96/b5p80kp122810kp122810/vector/lp001lp0001_g2_g4_q000_q220_q422_q442_q600_q642/correlators/meson_qcdsf.001.b5p80kp122810kp122810-48x96.00220_0.000_442_-4-4-2_smsnk30.lime
/scratch/usr/hhpmbate/chroma_2pt/48x96/b5p80kp122810kp122810/vector/lp001lp0001_g2_g4_q000_q220_q422_q442_q600_q642/correlators/meson_qcdsf.001.b5p80kp122810kp122810-48x96.00220_0.000_600_-600_ptsink.lime
/scratch/usr/hhpmbate/chroma_2pt/48x96/b5p80kp122810kp122810/vector/lp001lp0001_g2_g4_q000_q220_q422_q442_q600_q642/correlators/meson_qcdsf.001.b5p80kp122810kp122810-48x96.00220_0.000_600_-600_smsnk30.lime
/scratch/usr/hhpmbate/chroma_2pt/48x96/b5p80kp122810kp122810/vector/lp001lp0001_g2_g4_q000_q220_q422_q442_q600_q642/correlators/meson_qcdsf.001.b5p80kp122810kp122810-48x96.00221_0.000_000_000_ptsink.lime
/scratch/usr/hhpmbate/chroma_2pt/48x96/b5p80kp122810kp122810/vector/lp001lp0001_g2_g4_q000_q220_q422_q442_q600_q642/correlators/meson_qcdsf.001.b5p80kp122810kp122810-48x96.00221_0.000_000_000_smsnk30.lime
/scratch/usr/hhpmbate/chroma_2pt/48x96/b5p80kp122810kp122810/vector/lp001lp0001_g2_g4_q000_q220_q422_q442_q600_q642/correlators/meson_qcdsf.001.b5p80kp122810kp122810-48x96.00221_0.000_220_-2-20_ptsink.lime
/scratch/usr/hhpmbate/chroma_2pt/48x96/b5p80kp122810kp122810/vector/lp001lp0001_g2_g4_q000_q220_q422_q442_q600_q642/correlators/meson_qcdsf.001.b5p80kp122810kp122810-48x96.00221_0.000_220_-2-20_smsnk30.lime
/scratch/usr/hhpmbate/chroma_2pt/48x96/b5p80kp122810kp122810/vector/lp001lp0001_g2_g4_q000_q220_q422_q442_q600_q642/correlators/meson_qcdsf.001.b5p80kp122810kp122810-48x96.00221_0.000_422_-4-2-2_ptsink.lime
/scratch/usr/hhpmbate/chroma_2pt/48x96/b5p80kp122810kp122810/vector/lp001lp0001_g2_g4_q000_q220_q422_q442_q600_q642/correlators/meson_qcdsf.001.b5p80kp122810kp122810-48x96.00221_0.000_422_-4-2-2_smsnk30.lime
/scratch/usr/hhpmbate/chroma_2pt/48x96/b5p80kp122810kp122810/vector/lp001lp0001_g2_g4_q000_q220_q422_q442_q600_q642/correlators/meson_qcdsf.001.b5p80kp122810kp122810-48x96.00221_0.000_442_-4-4-2_ptsink.lime
/scratch/usr/hhpmbate/chroma_2pt/48x96/b5p80kp122810kp122810/vector/lp001lp0001_g2_g4_q000_q220_q422_q442_q600_q642/correlators/meson_qcdsf.001.b5p80kp122810kp122810-48x96.00221_0.000_442_-4-4-2_smsnk30.lime
/scratch/usr/hhpmbate/chroma_2pt/48x96/b5p80kp122810kp122810/vector/lp001lp0001_g2_g4_q000_q220_q422_q442_q600_q642/correlators/meson_qcdsf.001.b5p80kp122810kp122810-48x96.00221_0.000_600_-600_ptsink.lime
/scratch/usr/hhpmbate/chroma_2pt/48x96/b5p80kp122810kp122810/vector/lp001lp0001_g2_g4_q000_q220_q422_q442_q600_q642/correlators/meson_qcdsf.001.b5p80kp122810kp122810-48x96.00221_0.000_600_-600_smsnk30.lime
/scratch/usr/hhpmbate/chroma_2pt/48x96/b5p80kp122810kp122810/vector/lp001lp0001_g2_g4_q000_q220_q422_q442_q600_q642/correlators/meson_qcdsf.001.b5p80kp122810kp122810-48x96.00222_0.000_000_000_ptsink.lime
/scratch/usr/hhpmbate/chroma_2pt/48x96/b5p80kp122810kp122810/vector/lp001lp0001_g2_g4_q000_q220_q422_q442_q600_q642/correlators/meson_qcdsf.001.b5p80kp122810kp122810-48x96.00222_0.000_000_000_smsnk30.lime
/scratch/usr/hhpmbate/chroma_2pt/48x96/b5p80kp122810kp122810/vector/lp001lp0001_g2_g4_q000_q220_q422_q442_q600_q642/correlators/meson_qcdsf.001.b5p80kp122810kp122810-48x96.00222_0.000_220_-2-20_ptsink.lime
/scratch/usr/hhpmbate/chroma_2pt/48x96/b5p80kp122810kp122810/vector/lp001lp0001_g2_g4_q000_q220_q422_q442_q600_q642/correlators/meson_qcdsf.001.b5p80kp122810kp122810-48x96.00222_0.000_220_-2-20_smsnk30.lime
/scratch/usr/hhpmbate/chroma_2pt/48x96/b5p80kp122810kp122810/vector/lp001lp0001_g2_g4_q000_q220_q422_q442_q600_q642/correlators/meson_qcdsf.001.b5p80kp122810kp122810-48x96.00222_0.000_422_-4-2-2_ptsink.lime
/scratch/usr/hhpmbate/chroma_2pt/48x96/b5p80kp122810kp122810/vector/lp001lp0001_g2_g4_q000_q220_q422_q442_q600_q642/correlators/meson_qcdsf.001.b5p80kp122810kp122810-48x96.00222_0.000_422_-4-2-2_smsnk30.lime
/scratch/usr/hhpmbate/chroma_2pt/48x96/b5p80kp122810kp122810/vector/lp001lp0001_g2_g4_q000_q220_q422_q442_q600_q642/correlators/meson_qcdsf.001.b5p80kp122810kp122810-48x96.00222_0.000_442_-4-4-2_ptsink.lime
/scratch/usr/hhpmbate/chroma_2pt/48x96/b5p80kp122810kp122810/vector/lp001lp0001_g2_g4_q000_q220_q422_q442_q600_q642/correlators/meson_qcdsf.001.b5p80kp122810kp122810-48x96.00222_0.000_442_-4-4-2_smsnk30.lime
/scratch/usr/hhpmbate/chroma_2pt/48x96/b5p80kp122810kp122810/vector/lp001lp0001_g2_g4_q000_q220_q422_q442_q600_q642/correlators/meson_qcdsf.001.b5p80kp122810kp122810-48x96.00222_0.000_600_-600_ptsink.lime
/scratch/usr/hhpmbate/chroma_2pt/48x96/b5p80kp122810kp122810/vector/lp001lp0001_g2_g4_q000_q220_q422_q442_q600_q642/correlators/meson_qcdsf.001.b5p80kp122810kp122810-48x96.00222_0.000_600_-600_smsnk30.lime
/scratch/usr/hhpmbate/chroma_2pt/48x96/b5p80kp122810kp122810/vector/lp001lp0001_g2_g4_q000_q220_q422_q442_q600_q642/correlators/meson_qcdsf.001.b5p80kp122810kp122810-48x96.00223_0.000_000_000_ptsink.lime
/scratch/usr/hhpmbate/chroma_2pt/48x96/b5p80kp122810kp122810/vector/lp001lp0001_g2_g4_q000_q220_q422_q442_q600_q642/correlators/meson_qcdsf.001.b5p80kp122810kp122810-48x96.00223_0.000_000_000_smsnk30.lime
/scratch/usr/hhpmbate/chroma_2pt/48x96/b5p80kp122810kp122810/vector/lp001lp0001_g2_g4_q000_q220_q422_q442_q600_q642/correlators/meson_qcdsf.001.b5p80kp122810kp122810-48x96.00223_0.000_220_-2-20_ptsink.lime
/scratch/usr/hhpmbate/chroma_2pt/48x96/b5p80kp122810kp122810/vector/lp001lp0001_g2_g4_q000_q220_q422_q442_q600_q642/correlators/meson_qcdsf.001.b5p80kp122810kp122810-48x96.00223_0.000_220_-2-20_smsnk30.lime
/scratch/usr/hhpmbate/chroma_2pt/48x96/b5p80kp122810kp122810/vector/lp001lp0001_g2_g4_q000_q220_q422_q442_q600_q642/correlators/meson_qcdsf.001.b5p80kp122810kp122810-48x96.00223_0.000_422_-4-2-2_ptsink.lime
/scratch/usr/hhpmbate/chroma_2pt/48x96/b5p80kp122810kp122810/vector/lp001lp0001_g2_g4_q000_q220_q422_q442_q600_q642/correlators/meson_qcdsf.001.b5p80kp122810kp122810-48x96.00223_0.000_422_-4-2-2_smsnk30.lime
/scratch/usr/hhpmbate/chroma_2pt/48x96/b5p80kp122810kp122810/vector/lp001lp0001_g2_g4_q000_q220_q422_q442_q600_q642/correlators/meson_qcdsf.001.b5p80kp122810kp122810-48x96.00223_0.000_442_-4-4-2_ptsink.lime
/scratch/usr/hhpmbate/chroma_2pt/48x96/b5p80kp122810kp122810/vector/lp001lp0001_g2_g4_q000_q220_q422_q442_q600_q642/correlators/meson_qcdsf.001.b5p80kp122810kp122810-48x96.00223_0.000_442_-4-4-2_smsnk30.lime
/scratch/usr/hhpmbate/chroma_2pt/48x96/b5p80kp122810kp122810/vector/lp001lp0001_g2_g4_q000_q220_q422_q442_q600_q642/correlators/meson_qcdsf.001.b5p80kp122810kp122810-48x96.00223_0.000_600_-600_ptsink.lime
/scratch/usr/hhpmbate/chroma_2pt/48x96/b5p80kp122810kp122810/vector/lp001lp0001_g2_g4_q000_q220_q422_q442_q600_q642/correlators/meson_qcdsf.001.b5p80kp122810kp122810-48x96.00223_0.000_600_-600_smsnk30.lime
/scratch/usr/hhpmbate/chroma_2pt/48x96/b5p80kp122810kp122810/vector/lp001lp0001_g2_g4_q000_q220_q422_q442_q600_q642/correlators/meson_qcdsf.001.b5p80kp122810kp122810-48x96.00224_0.000_000_000_ptsink.lime
/scratch/usr/hhpmbate/chroma_2pt/48x96/b5p80kp122810kp122810/vector/lp001lp0001_g2_g4_q000_q220_q422_q442_q600_q642/correlators/meson_qcdsf.001.b5p80kp122810kp122810-48x96.00224_0.000_000_000_smsnk30.lime
/scratch/usr/hhpmbate/chroma_2pt/48x96/b5p80kp122810kp122810/vector/lp001lp0001_g2_g4_q000_q220_q422_q442_q600_q642/correlators/meson_qcdsf.001.b5p80kp122810kp122810-48x96.00224_0.000_220_-2-20_ptsink.lime
/scratch/usr/hhpmbate/chroma_2pt/48x96/b5p80kp122810kp122810/vector/lp001lp0001_g2_g4_q000_q220_q422_q442_q600_q642/correlators/meson_qcdsf.001.b5p80kp122810kp122810-48x96.00224_0.000_220_-2-20_smsnk30.lime
/scratch/usr/hhpmbate/chroma_2pt/48x96/b5p80kp122810kp122810/vector/lp001lp0001_g2_g4_q000_q220_q422_q442_q600_q642/correlators/meson_qcdsf.001.b5p80kp122810kp122810-48x96.00224_0.000_422_-4-2-2_ptsink.lime
/scratch/usr/hhpmbate/chroma_2pt/48x96/b5p80kp122810kp122810/vector/lp001lp0001_g2_g4_q000_q220_q422_q442_q600_q642/correlators/meson_qcdsf.001.b5p80kp122810kp122810-48x96.00224_0.000_422_-4-2-2_smsnk30.lime
/scratch/usr/hhpmbate/chroma_2pt/48x96/b5p80kp122810kp122810/vector/lp001lp0001_g2_g4_q000_q220_q422_q442_q600_q642/correlators/meson_qcdsf.001.b5p80kp122810kp122810-48x96.00224_0.000_442_-4-4-2_ptsink.lime
/scratch/usr/hhpmbate/chroma_2pt/48x96/b5p80kp122810kp122810/vector/lp001lp0001_g2_g4_q000_q220_q422_q442_q600_q642/correlators/meson_qcdsf.001.b5p80kp122810kp122810-48x96.00224_0.000_442_-4-4-2_smsnk30.lime
/scratch/usr/hhpmbate/chroma_2pt/48x96/b5p80kp122810kp122810/vector/lp001lp0001_g2_g4_q000_q220_q422_q442_q600_q642/correlators/meson_qcdsf.001.b5p80kp122810kp122810-48x96.00224_0.000_600_-600_ptsink.lime
/scratch/usr/hhpmbate/chroma_2pt/48x96/b5p80kp122810kp122810/vector/lp001lp0001_g2_g4_q000_q220_q422_q442_q600_q642/correlators/meson_qcdsf.001.b5p80kp122810kp122810-48x96.00224_0.000_600_-600_smsnk30.lime
/scratch/usr/hhpmbate/chroma_2pt/48x96/b5p80kp122810kp122810/vector/lp001lp0001_g2_g4_q000_q220_q422_q442_q600_q642/correlators/meson_qcdsf.001.b5p80kp122810kp122810-48x96.00225_0.000_000_000_ptsink.lime
/scratch/usr/hhpmbate/chroma_2pt/48x96/b5p80kp122810kp122810/vector/lp001lp0001_g2_g4_q000_q220_q422_q442_q600_q642/correlators/meson_qcdsf.001.b5p80kp122810kp122810-48x96.00225_0.000_000_000_smsnk30.lime
/scratch/usr/hhpmbate/chroma_2pt/48x96/b5p80kp122810kp122810/vector/lp001lp0001_g2_g4_q000_q220_q422_q442_q600_q642/correlators/meson_qcdsf.001.b5p80kp122810kp122810-48x96.00225_0.000_220_-2-20_ptsink.lime
/scratch/usr/hhpmbate/chroma_2pt/48x96/b5p80kp122810kp122810/vector/lp001lp0001_g2_g4_q000_q220_q422_q442_q600_q642/correlators/meson_qcdsf.001.b5p80kp122810kp122810-48x96.00225_0.000_220_-2-20_smsnk30.lime
/scratch/usr/hhpmbate/chroma_2pt/48x96/b5p80kp122810kp122810/vector/lp001lp0001_g2_g4_q000_q220_q422_q442_q600_q642/correlators/meson_qcdsf.001.b5p80kp122810kp122810-48x96.00225_0.000_422_-4-2-2_ptsink.lime
/scratch/usr/hhpmbate/chroma_2pt/48x96/b5p80kp122810kp122810/vector/lp001lp0001_g2_g4_q000_q220_q422_q442_q600_q642/correlators/meson_qcdsf.001.b5p80kp122810kp122810-48x96.00225_0.000_422_-4-2-2_smsnk30.lime
/scratch/usr/hhpmbate/chroma_2pt/48x96/b5p80kp122810kp122810/vector/lp001lp0001_g2_g4_q000_q220_q422_q442_q600_q642/correlators/meson_qcdsf.001.b5p80kp122810kp122810-48x96.00225_0.000_442_-4-4-2_ptsink.lime
/scratch/usr/hhpmbate/chroma_2pt/48x96/b5p80kp122810kp122810/vector/lp001lp0001_g2_g4_q000_q220_q422_q442_q600_q642/correlators/meson_qcdsf.001.b5p80kp122810kp122810-48x96.00225_0.000_442_-4-4-2_smsnk30.lime
/scratch/usr/hhpmbate/chroma_2pt/48x96/b5p80kp122810kp122810/vector/lp001lp0001_g2_g4_q000_q220_q422_q442_q600_q642/correlators/meson_qcdsf.001.b5p80kp122810kp122810-48x96.00225_0.000_600_-600_ptsink.lime
/scratch/usr/hhpmbate/chroma_2pt/48x96/b5p80kp122810kp122810/vector/lp001lp0001_g2_g4_q000_q220_q422_q442_q600_q642/correlators/meson_qcdsf.001.b5p80kp122810kp122810-48x96.00225_0.000_600_-600_smsnk30.lime
/scratch/usr/hhpmbate/chroma_2pt/48x96/b5p80kp122810kp122810/vector/lp001lp0001_g2_g4_q000_q220_q422_q442_q600_q642/correlators/meson_qcdsf.001.b5p80kp122810kp122810-48x96.00226_0.000_000_000_ptsink.lime
/scratch/usr/hhpmbate/chroma_2pt/48x96/b5p80kp122810kp122810/vector/lp001lp0001_g2_g4_q000_q220_q422_q442_q600_q642/correlators/meson_qcdsf.001.b5p80kp122810kp122810-48x96.00226_0.000_000_000_smsnk30.lime
/scratch/usr/hhpmbate/chroma_2pt/48x96/b5p80kp122810kp122810/vector/lp001lp0001_g2_g4_q000_q220_q422_q442_q600_q642/correlators/meson_qcdsf.001.b5p80kp122810kp122810-48x96.00226_0.000_220_-2-20_ptsink.lime
/scratch/usr/hhpmbate/chroma_2pt/48x96/b5p80kp122810kp122810/vector/lp001lp0001_g2_g4_q000_q220_q422_q442_q600_q642/correlators/meson_qcdsf.001.b5p80kp122810kp122810-48x96.00226_0.000_220_-2-20_smsnk30.lime
/scratch/usr/hhpmbate/chroma_2pt/48x96/b5p80kp122810kp122810/vector/lp001lp0001_g2_g4_q000_q220_q422_q442_q600_q642/correlators/meson_qcdsf.001.b5p80kp122810kp122810-48x96.00226_0.000_422_-4-2-2_ptsink.lime
/scratch/usr/hhpmbate/chroma_2pt/48x96/b5p80kp122810kp122810/vector/lp001lp0001_g2_g4_q000_q220_q422_q442_q600_q642/correlators/meson_qcdsf.001.b5p80kp122810kp122810-48x96.00226_0.000_422_-4-2-2_smsnk30.lime
/scratch/usr/hhpmbate/chroma_2pt/48x96/b5p80kp122810kp122810/vector/lp001lp0001_g2_g4_q000_q220_q422_q442_q600_q642/correlators/meson_qcdsf.001.b5p80kp122810kp122810-48x96.00226_0.000_442_-4-4-2_ptsink.lime
/scratch/usr/hhpmbate/chroma_2pt/48x96/b5p80kp122810kp122810/vector/lp001lp0001_g2_g4_q000_q220_q422_q442_q600_q642/correlators/meson_qcdsf.001.b5p80kp122810kp122810-48x96.00226_0.000_442_-4-4-2_smsnk30.lime
/scratch/usr/hhpmbate/chroma_2pt/48x96/b5p80kp122810kp122810/vector/lp001lp0001_g2_g4_q000_q220_q422_q442_q600_q642/correlators/meson_qcdsf.001.b5p80kp122810kp122810-48x96.00226_0.000_600_-600_ptsink.lime
/scratch/usr/hhpmbate/chroma_2pt/48x96/b5p80kp122810kp122810/vector/lp001lp0001_g2_g4_q000_q220_q422_q442_q600_q642/correlators/meson_qcdsf.001.b5p80kp122810kp122810-48x96.00226_0.000_600_-600_smsnk30.lime
/scratch/usr/hhpmbate/chroma_2pt/48x96/b5p80kp122810kp122810/vector/lp001lp0001_g2_g4_q000_q220_q422_q442_q600_q642/correlators/meson_qcdsf.001.b5p80kp122810kp122810-48x96.00227_0.000_000_000_ptsink.lime
/scratch/usr/hhpmbate/chroma_2pt/48x96/b5p80kp122810kp122810/vector/lp001lp0001_g2_g4_q000_q220_q422_q442_q600_q642/correlators/meson_qcdsf.001.b5p80kp122810kp122810-48x96.00227_0.000_000_000_smsnk30.lime
/scratch/usr/hhpmbate/chroma_2pt/48x96/b5p80kp122810kp122810/vector/lp001lp0001_g2_g4_q000_q220_q422_q442_q600_q642/correlators/meson_qcdsf.001.b5p80kp122810kp122810-48x96.00227_0.000_220_-2-20_ptsink.lime
/scratch/usr/hhpmbate/chroma_2pt/48x96/b5p80kp122810kp122810/vector/lp001lp0001_g2_g4_q000_q220_q422_q442_q600_q642/correlators/meson_qcdsf.001.b5p80kp122810kp122810-48x96.00227_0.000_220_-2-20_smsnk30.lime
/scratch/usr/hhpmbate/chroma_2pt/48x96/b5p80kp122810kp122810/vector/lp001lp0001_g2_g4_q000_q220_q422_q442_q600_q642/correlators/meson_qcdsf.001.b5p80kp122810kp122810-48x96.00227_0.000_422_-4-2-2_ptsink.lime
/scratch/usr/hhpmbate/chroma_2pt/48x96/b5p80kp122810kp122810/vector/lp001lp0001_g2_g4_q000_q220_q422_q442_q600_q642/correlators/meson_qcdsf.001.b5p80kp122810kp122810-48x96.00227_0.000_422_-4-2-2_smsnk30.lime
/scratch/usr/hhpmbate/chroma_2pt/48x96/b5p80kp122810kp122810/vector/lp001lp0001_g2_g4_q000_q220_q422_q442_q600_q642/correlators/meson_qcdsf.001.b5p80kp122810kp122810-48x96.00227_0.000_442_-4-4-2_ptsink.lime
/scratch/usr/hhpmbate/chroma_2pt/48x96/b5p80kp122810kp122810/vector/lp001lp0001_g2_g4_q000_q220_q422_q442_q600_q642/correlators/meson_qcdsf.001.b5p80kp122810kp122810-48x96.00227_0.000_442_-4-4-2_smsnk30.lime
/scratch/usr/hhpmbate/chroma_2pt/48x96/b5p80kp122810kp122810/vector/lp001lp0001_g2_g4_q000_q220_q422_q442_q600_q642/correlators/meson_qcdsf.001.b5p80kp122810kp122810-48x96.00227_0.000_600_-600_ptsink.lime
/scratch/usr/hhpmbate/chroma_2pt/48x96/b5p80kp122810kp122810/vector/lp001lp0001_g2_g4_q000_q220_q422_q442_q600_q642/correlators/meson_qcdsf.001.b5p80kp122810kp122810-48x96.00227_0.000_600_-600_smsnk30.lime
/scratch/usr/hhpmbate/chroma_2pt/48x96/b5p80kp122810kp122810/vector/lp001lp0001_g2_g4_q000_q220_q422_q442_q600_q642/correlators/meson_qcdsf.001.b5p80kp122810kp122810-48x96.00228_0.000_000_000_ptsink.lime
/scratch/usr/hhpmbate/chroma_2pt/48x96/b5p80kp122810kp122810/vector/lp001lp0001_g2_g4_q000_q220_q422_q442_q600_q642/correlators/meson_qcdsf.001.b5p80kp122810kp122810-48x96.00228_0.000_000_000_smsnk30.lime
/scratch/usr/hhpmbate/chroma_2pt/48x96/b5p80kp122810kp122810/vector/lp001lp0001_g2_g4_q000_q220_q422_q442_q600_q642/correlators/meson_qcdsf.001.b5p80kp122810kp122810-48x96.00228_0.000_220_-2-20_ptsink.lime
/scratch/usr/hhpmbate/chroma_2pt/48x96/b5p80kp122810kp122810/vector/lp001lp0001_g2_g4_q000_q220_q422_q442_q600_q642/correlators/meson_qcdsf.001.b5p80kp122810kp122810-48x96.00228_0.000_220_-2-20_smsnk30.lime
/scratch/usr/hhpmbate/chroma_2pt/48x96/b5p80kp122810kp122810/vector/lp001lp0001_g2_g4_q000_q220_q422_q442_q600_q642/correlators/meson_qcdsf.001.b5p80kp122810kp122810-48x96.00228_0.000_422_-4-2-2_ptsink.lime
/scratch/usr/hhpmbate/chroma_2pt/48x96/b5p80kp122810kp122810/vector/lp001lp0001_g2_g4_q000_q220_q422_q442_q600_q642/correlators/meson_qcdsf.001.b5p80kp122810kp122810-48x96.00228_0.000_422_-4-2-2_smsnk30.lime
/scratch/usr/hhpmbate/chroma_2pt/48x96/b5p80kp122810kp122810/vector/lp001lp0001_g2_g4_q000_q220_q422_q442_q600_q642/correlators/meson_qcdsf.001.b5p80kp122810kp122810-48x96.00228_0.000_442_-4-4-2_ptsink.lime
/scratch/usr/hhpmbate/chroma_2pt/48x96/b5p80kp122810kp122810/vector/lp001lp0001_g2_g4_q000_q220_q422_q442_q600_q642/correlators/meson_qcdsf.001.b5p80kp122810kp122810-48x96.00228_0.000_442_-4-4-2_smsnk30.lime
/scratch/usr/hhpmbate/chroma_2pt/48x96/b5p80kp122810kp122810/vector/lp001lp0001_g2_g4_q000_q220_q422_q442_q600_q642/correlators/meson_qcdsf.001.b5p80kp122810kp122810-48x96.00228_0.000_600_-600_ptsink.lime
/scratch/usr/hhpmbate/chroma_2pt/48x96/b5p80kp122810kp122810/vector/lp001lp0001_g2_g4_q000_q220_q422_q442_q600_q642/correlators/meson_qcdsf.001.b5p80kp122810kp122810-48x96.00228_0.000_600_-600_smsnk30.lime
/scratch/usr/hhpmbate/chroma_2pt/48x96/b5p80kp122810kp122810/vector/lp001lp0001_g2_g4_q000_q220_q422_q442_q600_q642/correlators/meson_qcdsf.001.b5p80kp122810kp122810-48x96.00229_0.000_000_000_ptsink.lime
/scratch/usr/hhpmbate/chroma_2pt/48x96/b5p80kp122810kp122810/vector/lp001lp0001_g2_g4_q000_q220_q422_q442_q600_q642/correlators/meson_qcdsf.001.b5p80kp122810kp122810-48x96.00229_0.000_000_000_smsnk30.lime
/scratch/usr/hhpmbate/chroma_2pt/48x96/b5p80kp122810kp122810/vector/lp001lp0001_g2_g4_q000_q220_q422_q442_q600_q642/correlators/meson_qcdsf.001.b5p80kp122810kp122810-48x96.00229_0.000_220_-2-20_ptsink.lime
/scratch/usr/hhpmbate/chroma_2pt/48x96/b5p80kp122810kp122810/vector/lp001lp0001_g2_g4_q000_q220_q422_q442_q600_q642/correlators/meson_qcdsf.001.b5p80kp122810kp122810-48x96.00229_0.000_220_-2-20_smsnk30.lime
/scratch/usr/hhpmbate/chroma_2pt/48x96/b5p80kp122810kp122810/vector/lp001lp0001_g2_g4_q000_q220_q422_q442_q600_q642/correlators/meson_qcdsf.001.b5p80kp122810kp122810-48x96.00229_0.000_422_-4-2-2_ptsink.lime
/scratch/usr/hhpmbate/chroma_2pt/48x96/b5p80kp122810kp122810/vector/lp001lp0001_g2_g4_q000_q220_q422_q442_q600_q642/correlators/meson_qcdsf.001.b5p80kp122810kp122810-48x96.00229_0.000_422_-4-2-2_smsnk30.lime
/scratch/usr/hhpmbate/chroma_2pt/48x96/b5p80kp122810kp122810/vector/lp001lp0001_g2_g4_q000_q220_q422_q442_q600_q642/correlators/meson_qcdsf.001.b5p80kp122810kp122810-48x96.00229_0.000_442_-4-4-2_ptsink.lime
/scratch/usr/hhpmbate/chroma_2pt/48x96/b5p80kp122810kp122810/vector/lp001lp0001_g2_g4_q000_q220_q422_q442_q600_q642/correlators/meson_qcdsf.001.b5p80kp122810kp122810-48x96.00229_0.000_442_-4-4-2_smsnk30.lime
/scratch/usr/hhpmbate/chroma_2pt/48x96/b5p80kp122810kp122810/vector/lp001lp0001_g2_g4_q000_q220_q422_q442_q600_q642/correlators/meson_qcdsf.001.b5p80kp122810kp122810-48x96.00229_0.000_600_-600_ptsink.lime
/scratch/usr/hhpmbate/chroma_2pt/48x96/b5p80kp122810kp122810/vector/lp001lp0001_g2_g4_q000_q220_q422_q442_q600_q642/correlators/meson_qcdsf.001.b5p80kp122810kp122810-48x96.00229_0.000_600_-600_smsnk30.lime
/scratch/usr/hhpmbate/chroma_2pt/48x96/b5p80kp122810kp122810/vector/lp001lp0001_g2_g4_q000_q220_q422_q442_q600_q642/correlators/meson_qcdsf.001.b5p80kp122810kp122810-48x96.00230_0.000_000_000_ptsink.lime
/scratch/usr/hhpmbate/chroma_2pt/48x96/b5p80kp122810kp122810/vector/lp001lp0001_g2_g4_q000_q220_q422_q442_q600_q642/correlators/meson_qcdsf.001.b5p80kp122810kp122810-48x96.00230_0.000_000_000_smsnk30.lime
/scratch/usr/hhpmbate/chroma_2pt/48x96/b5p80kp122810kp122810/vector/lp001lp0001_g2_g4_q000_q220_q422_q442_q600_q642/correlators/meson_qcdsf.001.b5p80kp122810kp122810-48x96.00230_0.000_220_-2-20_ptsink.lime
/scratch/usr/hhpmbate/chroma_2pt/48x96/b5p80kp122810kp122810/vector/lp001lp0001_g2_g4_q000_q220_q422_q442_q600_q642/correlators/meson_qcdsf.001.b5p80kp122810kp122810-48x96.00230_0.000_220_-2-20_smsnk30.lime
/scratch/usr/hhpmbate/chroma_2pt/48x96/b5p80kp122810kp122810/vector/lp001lp0001_g2_g4_q000_q220_q422_q442_q600_q642/correlators/meson_qcdsf.001.b5p80kp122810kp122810-48x96.00230_0.000_422_-4-2-2_ptsink.lime
/scratch/usr/hhpmbate/chroma_2pt/48x96/b5p80kp122810kp122810/vector/lp001lp0001_g2_g4_q000_q220_q422_q442_q600_q642/correlators/meson_qcdsf.001.b5p80kp122810kp122810-48x96.00230_0.000_422_-4-2-2_smsnk30.lime
/scratch/usr/hhpmbate/chroma_2pt/48x96/b5p80kp122810kp122810/vector/lp001lp0001_g2_g4_q000_q220_q422_q442_q600_q642/correlators/meson_qcdsf.001.b5p80kp122810kp122810-48x96.00230_0.000_442_-4-4-2_ptsink.lime
/scratch/usr/hhpmbate/chroma_2pt/48x96/b5p80kp122810kp122810/vector/lp001lp0001_g2_g4_q000_q220_q422_q442_q600_q642/correlators/meson_qcdsf.001.b5p80kp122810kp122810-48x96.00230_0.000_442_-4-4-2_smsnk30.lime
/scratch/usr/hhpmbate/chroma_2pt/48x96/b5p80kp122810kp122810/vector/lp001lp0001_g2_g4_q000_q220_q422_q442_q600_q642/correlators/meson_qcdsf.001.b5p80kp122810kp122810-48x96.00230_0.000_600_-600_ptsink.lime
/scratch/usr/hhpmbate/chroma_2pt/48x96/b5p80kp122810kp122810/vector/lp001lp0001_g2_g4_q000_q220_q422_q442_q600_q642/correlators/meson_qcdsf.001.b5p80kp122810kp122810-48x96.00230_0.000_600_-600_smsnk30.lime
/scratch/usr/hhpmbate/chroma_2pt/48x96/b5p80kp122810kp122810/vector/lp001lp0001_g2_g4_q000_q220_q422_q442_q600_q642/correlators/meson_qcdsf.001.b5p80kp122810kp122810-48x96.00231_0.000_000_000_ptsink.lime
/scratch/usr/hhpmbate/chroma_2pt/48x96/b5p80kp122810kp122810/vector/lp001lp0001_g2_g4_q000_q220_q422_q442_q600_q642/correlators/meson_qcdsf.001.b5p80kp122810kp122810-48x96.00231_0.000_000_000_smsnk30.lime
/scratch/usr/hhpmbate/chroma_2pt/48x96/b5p80kp122810kp122810/vector/lp001lp0001_g2_g4_q000_q220_q422_q442_q600_q642/correlators/meson_qcdsf.001.b5p80kp122810kp122810-48x96.00231_0.000_220_-2-20_ptsink.lime
/scratch/usr/hhpmbate/chroma_2pt/48x96/b5p80kp122810kp122810/vector/lp001lp0001_g2_g4_q000_q220_q422_q442_q600_q642/correlators/meson_qcdsf.001.b5p80kp122810kp122810-48x96.00231_0.000_220_-2-20_smsnk30.lime
/scratch/usr/hhpmbate/chroma_2pt/48x96/b5p80kp122810kp122810/vector/lp001lp0001_g2_g4_q000_q220_q422_q442_q600_q642/correlators/meson_qcdsf.001.b5p80kp122810kp122810-48x96.00231_0.000_422_-4-2-2_ptsink.lime
/scratch/usr/hhpmbate/chroma_2pt/48x96/b5p80kp122810kp122810/vector/lp001lp0001_g2_g4_q000_q220_q422_q442_q600_q642/correlators/meson_qcdsf.001.b5p80kp122810kp122810-48x96.00231_0.000_422_-4-2-2_smsnk30.lime
/scratch/usr/hhpmbate/chroma_2pt/48x96/b5p80kp122810kp122810/vector/lp001lp0001_g2_g4_q000_q220_q422_q442_q600_q642/correlators/meson_qcdsf.001.b5p80kp122810kp122810-48x96.00231_0.000_442_-4-4-2_ptsink.lime
/scratch/usr/hhpmbate/chroma_2pt/48x96/b5p80kp122810kp122810/vector/lp001lp0001_g2_g4_q000_q220_q422_q442_q600_q642/correlators/meson_qcdsf.001.b5p80kp122810kp122810-48x96.00231_0.000_442_-4-4-2_smsnk30.lime
/scratch/usr/hhpmbate/chroma_2pt/48x96/b5p80kp122810kp122810/vector/lp001lp0001_g2_g4_q000_q220_q422_q442_q600_q642/correlators/meson_qcdsf.001.b5p80kp122810kp122810-48x96.00231_0.000_600_-600_ptsink.lime
/scratch/usr/hhpmbate/chroma_2pt/48x96/b5p80kp122810kp122810/vector/lp001lp0001_g2_g4_q000_q220_q422_q442_q600_q642/correlators/meson_qcdsf.001.b5p80kp122810kp122810-48x96.00231_0.000_600_-600_smsnk30.lime
/scratch/usr/hhpmbate/chroma_2pt/48x96/b5p80kp122810kp122810/vector/lp001lp0001_g2_g4_q000_q220_q422_q442_q600_q642/correlators/meson_qcdsf.001.b5p80kp122810kp122810-48x96.00232_0.000_000_000_ptsink.lime
/scratch/usr/hhpmbate/chroma_2pt/48x96/b5p80kp122810kp122810/vector/lp001lp0001_g2_g4_q000_q220_q422_q442_q600_q642/correlators/meson_qcdsf.001.b5p80kp122810kp122810-48x96.00232_0.000_000_000_smsnk30.lime
/scratch/usr/hhpmbate/chroma_2pt/48x96/b5p80kp122810kp122810/vector/lp001lp0001_g2_g4_q000_q220_q422_q442_q600_q642/correlators/meson_qcdsf.001.b5p80kp122810kp122810-48x96.00232_0.000_220_-2-20_ptsink.lime
/scratch/usr/hhpmbate/chroma_2pt/48x96/b5p80kp122810kp122810/vector/lp001lp0001_g2_g4_q000_q220_q422_q442_q600_q642/correlators/meson_qcdsf.001.b5p80kp122810kp122810-48x96.00232_0.000_220_-2-20_smsnk30.lime
/scratch/usr/hhpmbate/chroma_2pt/48x96/b5p80kp122810kp122810/vector/lp001lp0001_g2_g4_q000_q220_q422_q442_q600_q642/correlators/meson_qcdsf.001.b5p80kp122810kp122810-48x96.00232_0.000_422_-4-2-2_ptsink.lime
/scratch/usr/hhpmbate/chroma_2pt/48x96/b5p80kp122810kp122810/vector/lp001lp0001_g2_g4_q000_q220_q422_q442_q600_q642/correlators/meson_qcdsf.001.b5p80kp122810kp122810-48x96.00232_0.000_422_-4-2-2_smsnk30.lime
/scratch/usr/hhpmbate/chroma_2pt/48x96/b5p80kp122810kp122810/vector/lp001lp0001_g2_g4_q000_q220_q422_q442_q600_q642/correlators/meson_qcdsf.001.b5p80kp122810kp122810-48x96.00232_0.000_442_-4-4-2_ptsink.lime
/scratch/usr/hhpmbate/chroma_2pt/48x96/b5p80kp122810kp122810/vector/lp001lp0001_g2_g4_q000_q220_q422_q442_q600_q642/correlators/meson_qcdsf.001.b5p80kp122810kp122810-48x96.00232_0.000_442_-4-4-2_smsnk30.lime
/scratch/usr/hhpmbate/chroma_2pt/48x96/b5p80kp122810kp122810/vector/lp001lp0001_g2_g4_q000_q220_q422_q442_q600_q642/correlators/meson_qcdsf.001.b5p80kp122810kp122810-48x96.00232_0.000_600_-600_ptsink.lime
/scratch/usr/hhpmbate/chroma_2pt/48x96/b5p80kp122810kp122810/vector/lp001lp0001_g2_g4_q000_q220_q422_q442_q600_q642/correlators/meson_qcdsf.001.b5p80kp122810kp122810-48x96.00232_0.000_600_-600_smsnk30.lime
/scratch/usr/hhpmbate/chroma_2pt/48x96/b5p80kp122810kp122810/vector/lp001lp0001_g2_g4_q000_q220_q422_q442_q600_q642/correlators/meson_qcdsf.001.b5p80kp122810kp122810-48x96.00233_0.000_000_000_ptsink.lime
/scratch/usr/hhpmbate/chroma_2pt/48x96/b5p80kp122810kp122810/vector/lp001lp0001_g2_g4_q000_q220_q422_q442_q600_q642/correlators/meson_qcdsf.001.b5p80kp122810kp122810-48x96.00233_0.000_000_000_smsnk30.lime
/scratch/usr/hhpmbate/chroma_2pt/48x96/b5p80kp122810kp122810/vector/lp001lp0001_g2_g4_q000_q220_q422_q442_q600_q642/correlators/meson_qcdsf.001.b5p80kp122810kp122810-48x96.00233_0.000_220_-2-20_ptsink.lime
/scratch/usr/hhpmbate/chroma_2pt/48x96/b5p80kp122810kp122810/vector/lp001lp0001_g2_g4_q000_q220_q422_q442_q600_q642/correlators/meson_qcdsf.001.b5p80kp122810kp122810-48x96.00233_0.000_220_-2-20_smsnk30.lime
/scratch/usr/hhpmbate/chroma_2pt/48x96/b5p80kp122810kp122810/vector/lp001lp0001_g2_g4_q000_q220_q422_q442_q600_q642/correlators/meson_qcdsf.001.b5p80kp122810kp122810-48x96.00233_0.000_422_-4-2-2_ptsink.lime
/scratch/usr/hhpmbate/chroma_2pt/48x96/b5p80kp122810kp122810/vector/lp001lp0001_g2_g4_q000_q220_q422_q442_q600_q642/correlators/meson_qcdsf.001.b5p80kp122810kp122810-48x96.00233_0.000_422_-4-2-2_smsnk30.lime
/scratch/usr/hhpmbate/chroma_2pt/48x96/b5p80kp122810kp122810/vector/lp001lp0001_g2_g4_q000_q220_q422_q442_q600_q642/correlators/meson_qcdsf.001.b5p80kp122810kp122810-48x96.00233_0.000_442_-4-4-2_ptsink.lime
/scratch/usr/hhpmbate/chroma_2pt/48x96/b5p80kp122810kp122810/vector/lp001lp0001_g2_g4_q000_q220_q422_q442_q600_q642/correlators/meson_qcdsf.001.b5p80kp122810kp122810-48x96.00233_0.000_442_-4-4-2_smsnk30.lime
/scratch/usr/hhpmbate/chroma_2pt/48x96/b5p80kp122810kp122810/vector/lp001lp0001_g2_g4_q000_q220_q422_q442_q600_q642/correlators/meson_qcdsf.001.b5p80kp122810kp122810-48x96.00233_0.000_600_-600_ptsink.lime
/scratch/usr/hhpmbate/chroma_2pt/48x96/b5p80kp122810kp122810/vector/lp001lp0001_g2_g4_q000_q220_q422_q442_q600_q642/correlators/meson_qcdsf.001.b5p80kp122810kp122810-48x96.00233_0.000_600_-600_smsnk30.lime
/scratch/usr/hhpmbate/chroma_2pt/48x96/b5p80kp122810kp122810/vector/lp001lp0001_g2_g4_q000_q220_q422_q442_q600_q642/correlators/meson_qcdsf.001.b5p80kp122810kp122810-48x96.00234_0.000_000_000_ptsink.lime
/scratch/usr/hhpmbate/chroma_2pt/48x96/b5p80kp122810kp122810/vector/lp001lp0001_g2_g4_q000_q220_q422_q442_q600_q642/correlators/meson_qcdsf.001.b5p80kp122810kp122810-48x96.00234_0.000_000_000_smsnk30.lime
/scratch/usr/hhpmbate/chroma_2pt/48x96/b5p80kp122810kp122810/vector/lp001lp0001_g2_g4_q000_q220_q422_q442_q600_q642/correlators/meson_qcdsf.001.b5p80kp122810kp122810-48x96.00234_0.000_220_-2-20_ptsink.lime
/scratch/usr/hhpmbate/chroma_2pt/48x96/b5p80kp122810kp122810/vector/lp001lp0001_g2_g4_q000_q220_q422_q442_q600_q642/correlators/meson_qcdsf.001.b5p80kp122810kp122810-48x96.00234_0.000_220_-2-20_smsnk30.lime
/scratch/usr/hhpmbate/chroma_2pt/48x96/b5p80kp122810kp122810/vector/lp001lp0001_g2_g4_q000_q220_q422_q442_q600_q642/correlators/meson_qcdsf.001.b5p80kp122810kp122810-48x96.00234_0.000_422_-4-2-2_ptsink.lime
/scratch/usr/hhpmbate/chroma_2pt/48x96/b5p80kp122810kp122810/vector/lp001lp0001_g2_g4_q000_q220_q422_q442_q600_q642/correlators/meson_qcdsf.001.b5p80kp122810kp122810-48x96.00234_0.000_422_-4-2-2_smsnk30.lime
/scratch/usr/hhpmbate/chroma_2pt/48x96/b5p80kp122810kp122810/vector/lp001lp0001_g2_g4_q000_q220_q422_q442_q600_q642/correlators/meson_qcdsf.001.b5p80kp122810kp122810-48x96.00234_0.000_442_-4-4-2_ptsink.lime
/scratch/usr/hhpmbate/chroma_2pt/48x96/b5p80kp122810kp122810/vector/lp001lp0001_g2_g4_q000_q220_q422_q442_q600_q642/correlators/meson_qcdsf.001.b5p80kp122810kp122810-48x96.00234_0.000_442_-4-4-2_smsnk30.lime
/scratch/usr/hhpmbate/chroma_2pt/48x96/b5p80kp122810kp122810/vector/lp001lp0001_g2_g4_q000_q220_q422_q442_q600_q642/correlators/meson_qcdsf.001.b5p80kp122810kp122810-48x96.00234_0.000_600_-600_ptsink.lime
/scratch/usr/hhpmbate/chroma_2pt/48x96/b5p80kp122810kp122810/vector/lp001lp0001_g2_g4_q000_q220_q422_q442_q600_q642/correlators/meson_qcdsf.001.b5p80kp122810kp122810-48x96.00234_0.000_600_-600_smsnk30.lime
/scratch/usr/hhpmbate/chroma_2pt/48x96/b5p80kp122810kp122810/vector/lp001lp0001_g2_g4_q000_q220_q422_q442_q600_q642/correlators/meson_qcdsf.001.b5p80kp122810kp122810-48x96.00235_0.000_000_000_ptsink.lime
/scratch/usr/hhpmbate/chroma_2pt/48x96/b5p80kp122810kp122810/vector/lp001lp0001_g2_g4_q000_q220_q422_q442_q600_q642/correlators/meson_qcdsf.001.b5p80kp122810kp122810-48x96.00235_0.000_000_000_smsnk30.lime
/scratch/usr/hhpmbate/chroma_2pt/48x96/b5p80kp122810kp122810/vector/lp001lp0001_g2_g4_q000_q220_q422_q442_q600_q642/correlators/meson_qcdsf.001.b5p80kp122810kp122810-48x96.00235_0.000_220_-2-20_ptsink.lime
/scratch/usr/hhpmbate/chroma_2pt/48x96/b5p80kp122810kp122810/vector/lp001lp0001_g2_g4_q000_q220_q422_q442_q600_q642/correlators/meson_qcdsf.001.b5p80kp122810kp122810-48x96.00235_0.000_220_-2-20_smsnk30.lime
/scratch/usr/hhpmbate/chroma_2pt/48x96/b5p80kp122810kp122810/vector/lp001lp0001_g2_g4_q000_q220_q422_q442_q600_q642/correlators/meson_qcdsf.001.b5p80kp122810kp122810-48x96.00235_0.000_422_-4-2-2_ptsink.lime
/scratch/usr/hhpmbate/chroma_2pt/48x96/b5p80kp122810kp122810/vector/lp001lp0001_g2_g4_q000_q220_q422_q442_q600_q642/correlators/meson_qcdsf.001.b5p80kp122810kp122810-48x96.00235_0.000_422_-4-2-2_smsnk30.lime
/scratch/usr/hhpmbate/chroma_2pt/48x96/b5p80kp122810kp122810/vector/lp001lp0001_g2_g4_q000_q220_q422_q442_q600_q642/correlators/meson_qcdsf.001.b5p80kp122810kp122810-48x96.00235_0.000_442_-4-4-2_ptsink.lime
/scratch/usr/hhpmbate/chroma_2pt/48x96/b5p80kp122810kp122810/vector/lp001lp0001_g2_g4_q000_q220_q422_q442_q600_q642/correlators/meson_qcdsf.001.b5p80kp122810kp122810-48x96.00235_0.000_442_-4-4-2_smsnk30.lime
/scratch/usr/hhpmbate/chroma_2pt/48x96/b5p80kp122810kp122810/vector/lp001lp0001_g2_g4_q000_q220_q422_q442_q600_q642/correlators/meson_qcdsf.001.b5p80kp122810kp122810-48x96.00235_0.000_600_-600_ptsink.lime
/scratch/usr/hhpmbate/chroma_2pt/48x96/b5p80kp122810kp122810/vector/lp001lp0001_g2_g4_q000_q220_q422_q442_q600_q642/correlators/meson_qcdsf.001.b5p80kp122810kp122810-48x96.00235_0.000_600_-600_smsnk30.lime
/scratch/usr/hhpmbate/chroma_2pt/48x96/b5p80kp122810kp122810/vector/lp001lp0001_g2_g4_q000_q220_q422_q442_q600_q642/correlators/meson_qcdsf.001.b5p80kp122810kp122810-48x96.00236_0.000_000_000_ptsink.lime
/scratch/usr/hhpmbate/chroma_2pt/48x96/b5p80kp122810kp122810/vector/lp001lp0001_g2_g4_q000_q220_q422_q442_q600_q642/correlators/meson_qcdsf.001.b5p80kp122810kp122810-48x96.00236_0.000_000_000_smsnk30.lime
/scratch/usr/hhpmbate/chroma_2pt/48x96/b5p80kp122810kp122810/vector/lp001lp0001_g2_g4_q000_q220_q422_q442_q600_q642/correlators/meson_qcdsf.001.b5p80kp122810kp122810-48x96.00236_0.000_220_-2-20_ptsink.lime
/scratch/usr/hhpmbate/chroma_2pt/48x96/b5p80kp122810kp122810/vector/lp001lp0001_g2_g4_q000_q220_q422_q442_q600_q642/correlators/meson_qcdsf.001.b5p80kp122810kp122810-48x96.00236_0.000_220_-2-20_smsnk30.lime
/scratch/usr/hhpmbate/chroma_2pt/48x96/b5p80kp122810kp122810/vector/lp001lp0001_g2_g4_q000_q220_q422_q442_q600_q642/correlators/meson_qcdsf.001.b5p80kp122810kp122810-48x96.00236_0.000_422_-4-2-2_ptsink.lime
/scratch/usr/hhpmbate/chroma_2pt/48x96/b5p80kp122810kp122810/vector/lp001lp0001_g2_g4_q000_q220_q422_q442_q600_q642/correlators/meson_qcdsf.001.b5p80kp122810kp122810-48x96.00236_0.000_422_-4-2-2_smsnk30.lime
/scratch/usr/hhpmbate/chroma_2pt/48x96/b5p80kp122810kp122810/vector/lp001lp0001_g2_g4_q000_q220_q422_q442_q600_q642/correlators/meson_qcdsf.001.b5p80kp122810kp122810-48x96.00236_0.000_442_-4-4-2_ptsink.lime
/scratch/usr/hhpmbate/chroma_2pt/48x96/b5p80kp122810kp122810/vector/lp001lp0001_g2_g4_q000_q220_q422_q442_q600_q642/correlators/meson_qcdsf.001.b5p80kp122810kp122810-48x96.00236_0.000_442_-4-4-2_smsnk30.lime
/scratch/usr/hhpmbate/chroma_2pt/48x96/b5p80kp122810kp122810/vector/lp001lp0001_g2_g4_q000_q220_q422_q442_q600_q642/correlators/meson_qcdsf.001.b5p80kp122810kp122810-48x96.00236_0.000_600_-600_ptsink.lime
/scratch/usr/hhpmbate/chroma_2pt/48x96/b5p80kp122810kp122810/vector/lp001lp0001_g2_g4_q000_q220_q422_q442_q600_q642/correlators/meson_qcdsf.001.b5p80kp122810kp122810-48x96.00236_0.000_600_-600_smsnk30.lime
/scratch/usr/hhpmbate/chroma_2pt/48x96/b5p80kp122810kp122810/vector/lp001lp0001_g2_g4_q000_q220_q422_q442_q600_q642/correlators/meson_qcdsf.001.b5p80kp122810kp122810-48x96.00237_0.000_000_000_ptsink.lime
/scratch/usr/hhpmbate/chroma_2pt/48x96/b5p80kp122810kp122810/vector/lp001lp0001_g2_g4_q000_q220_q422_q442_q600_q642/correlators/meson_qcdsf.001.b5p80kp122810kp122810-48x96.00237_0.000_000_000_smsnk30.lime
/scratch/usr/hhpmbate/chroma_2pt/48x96/b5p80kp122810kp122810/vector/lp001lp0001_g2_g4_q000_q220_q422_q442_q600_q642/correlators/meson_qcdsf.001.b5p80kp122810kp122810-48x96.00237_0.000_220_-2-20_ptsink.lime
/scratch/usr/hhpmbate/chroma_2pt/48x96/b5p80kp122810kp122810/vector/lp001lp0001_g2_g4_q000_q220_q422_q442_q600_q642/correlators/meson_qcdsf.001.b5p80kp122810kp122810-48x96.00237_0.000_220_-2-20_smsnk30.lime
/scratch/usr/hhpmbate/chroma_2pt/48x96/b5p80kp122810kp122810/vector/lp001lp0001_g2_g4_q000_q220_q422_q442_q600_q642/correlators/meson_qcdsf.001.b5p80kp122810kp122810-48x96.00237_0.000_422_-4-2-2_ptsink.lime
/scratch/usr/hhpmbate/chroma_2pt/48x96/b5p80kp122810kp122810/vector/lp001lp0001_g2_g4_q000_q220_q422_q442_q600_q642/correlators/meson_qcdsf.001.b5p80kp122810kp122810-48x96.00237_0.000_422_-4-2-2_smsnk30.lime
/scratch/usr/hhpmbate/chroma_2pt/48x96/b5p80kp122810kp122810/vector/lp001lp0001_g2_g4_q000_q220_q422_q442_q600_q642/correlators/meson_qcdsf.001.b5p80kp122810kp122810-48x96.00237_0.000_442_-4-4-2_ptsink.lime
/scratch/usr/hhpmbate/chroma_2pt/48x96/b5p80kp122810kp122810/vector/lp001lp0001_g2_g4_q000_q220_q422_q442_q600_q642/correlators/meson_qcdsf.001.b5p80kp122810kp122810-48x96.00237_0.000_442_-4-4-2_smsnk30.lime
/scratch/usr/hhpmbate/chroma_2pt/48x96/b5p80kp122810kp122810/vector/lp001lp0001_g2_g4_q000_q220_q422_q442_q600_q642/correlators/meson_qcdsf.001.b5p80kp122810kp122810-48x96.00237_0.000_600_-600_ptsink.lime
/scratch/usr/hhpmbate/chroma_2pt/48x96/b5p80kp122810kp122810/vector/lp001lp0001_g2_g4_q000_q220_q422_q442_q600_q642/correlators/meson_qcdsf.001.b5p80kp122810kp122810-48x96.00237_0.000_600_-600_smsnk30.lime
/scratch/usr/hhpmbate/chroma_2pt/48x96/b5p80kp122810kp122810/vector/lp001lp0001_g2_g4_q000_q220_q422_q442_q600_q642/correlators/meson_qcdsf.001.b5p80kp122810kp122810-48x96.00238_0.000_000_000_ptsink.lime
/scratch/usr/hhpmbate/chroma_2pt/48x96/b5p80kp122810kp122810/vector/lp001lp0001_g2_g4_q000_q220_q422_q442_q600_q642/correlators/meson_qcdsf.001.b5p80kp122810kp122810-48x96.00238_0.000_000_000_smsnk30.lime
/scratch/usr/hhpmbate/chroma_2pt/48x96/b5p80kp122810kp122810/vector/lp001lp0001_g2_g4_q000_q220_q422_q442_q600_q642/correlators/meson_qcdsf.001.b5p80kp122810kp122810-48x96.00238_0.000_220_-2-20_ptsink.lime
/scratch/usr/hhpmbate/chroma_2pt/48x96/b5p80kp122810kp122810/vector/lp001lp0001_g2_g4_q000_q220_q422_q442_q600_q642/correlators/meson_qcdsf.001.b5p80kp122810kp122810-48x96.00238_0.000_220_-2-20_smsnk30.lime
/scratch/usr/hhpmbate/chroma_2pt/48x96/b5p80kp122810kp122810/vector/lp001lp0001_g2_g4_q000_q220_q422_q442_q600_q642/correlators/meson_qcdsf.001.b5p80kp122810kp122810-48x96.00238_0.000_422_-4-2-2_ptsink.lime
/scratch/usr/hhpmbate/chroma_2pt/48x96/b5p80kp122810kp122810/vector/lp001lp0001_g2_g4_q000_q220_q422_q442_q600_q642/correlators/meson_qcdsf.001.b5p80kp122810kp122810-48x96.00238_0.000_422_-4-2-2_smsnk30.lime
/scratch/usr/hhpmbate/chroma_2pt/48x96/b5p80kp122810kp122810/vector/lp001lp0001_g2_g4_q000_q220_q422_q442_q600_q642/correlators/meson_qcdsf.001.b5p80kp122810kp122810-48x96.00238_0.000_442_-4-4-2_ptsink.lime
/scratch/usr/hhpmbate/chroma_2pt/48x96/b5p80kp122810kp122810/vector/lp001lp0001_g2_g4_q000_q220_q422_q442_q600_q642/correlators/meson_qcdsf.001.b5p80kp122810kp122810-48x96.00238_0.000_442_-4-4-2_smsnk30.lime
/scratch/usr/hhpmbate/chroma_2pt/48x96/b5p80kp122810kp122810/vector/lp001lp0001_g2_g4_q000_q220_q422_q442_q600_q642/correlators/meson_qcdsf.001.b5p80kp122810kp122810-48x96.00238_0.000_600_-600_ptsink.lime
/scratch/usr/hhpmbate/chroma_2pt/48x96/b5p80kp122810kp122810/vector/lp001lp0001_g2_g4_q000_q220_q422_q442_q600_q642/correlators/meson_qcdsf.001.b5p80kp122810kp122810-48x96.00238_0.000_600_-600_smsnk30.lime
/scratch/usr/hhpmbate/chroma_2pt/48x96/b5p80kp122810kp122810/vector/lp001lp0001_g2_g4_q000_q220_q422_q442_q600_q642/correlators/meson_qcdsf.001.b5p80kp122810kp122810-48x96.00239_0.000_000_000_ptsink.lime
/scratch/usr/hhpmbate/chroma_2pt/48x96/b5p80kp122810kp122810/vector/lp001lp0001_g2_g4_q000_q220_q422_q442_q600_q642/correlators/meson_qcdsf.001.b5p80kp122810kp122810-48x96.00239_0.000_000_000_smsnk30.lime
/scratch/usr/hhpmbate/chroma_2pt/48x96/b5p80kp122810kp122810/vector/lp001lp0001_g2_g4_q000_q220_q422_q442_q600_q642/correlators/meson_qcdsf.001.b5p80kp122810kp122810-48x96.00239_0.000_220_-2-20_ptsink.lime
/scratch/usr/hhpmbate/chroma_2pt/48x96/b5p80kp122810kp122810/vector/lp001lp0001_g2_g4_q000_q220_q422_q442_q600_q642/correlators/meson_qcdsf.001.b5p80kp122810kp122810-48x96.00239_0.000_220_-2-20_smsnk30.lime
/scratch/usr/hhpmbate/chroma_2pt/48x96/b5p80kp122810kp122810/vector/lp001lp0001_g2_g4_q000_q220_q422_q442_q600_q642/correlators/meson_qcdsf.001.b5p80kp122810kp122810-48x96.00239_0.000_422_-4-2-2_ptsink.lime
/scratch/usr/hhpmbate/chroma_2pt/48x96/b5p80kp122810kp122810/vector/lp001lp0001_g2_g4_q000_q220_q422_q442_q600_q642/correlators/meson_qcdsf.001.b5p80kp122810kp122810-48x96.00239_0.000_422_-4-2-2_smsnk30.lime
/scratch/usr/hhpmbate/chroma_2pt/48x96/b5p80kp122810kp122810/vector/lp001lp0001_g2_g4_q000_q220_q422_q442_q600_q642/correlators/meson_qcdsf.001.b5p80kp122810kp122810-48x96.00239_0.000_442_-4-4-2_ptsink.lime
/scratch/usr/hhpmbate/chroma_2pt/48x96/b5p80kp122810kp122810/vector/lp001lp0001_g2_g4_q000_q220_q422_q442_q600_q642/correlators/meson_qcdsf.001.b5p80kp122810kp122810-48x96.00239_0.000_442_-4-4-2_smsnk30.lime
/scratch/usr/hhpmbate/chroma_2pt/48x96/b5p80kp122810kp122810/vector/lp001lp0001_g2_g4_q000_q220_q422_q442_q600_q642/correlators/meson_qcdsf.001.b5p80kp122810kp122810-48x96.00239_0.000_600_-600_ptsink.lime
/scratch/usr/hhpmbate/chroma_2pt/48x96/b5p80kp122810kp122810/vector/lp001lp0001_g2_g4_q000_q220_q422_q442_q600_q642/correlators/meson_qcdsf.001.b5p80kp122810kp122810-48x96.00239_0.000_600_-600_smsnk30.lime
/scratch/usr/hhpmbate/chroma_2pt/48x96/b5p80kp122810kp122810/vector/lp001lp0001_g2_g4_q000_q220_q422_q442_q600_q642/correlators/meson_qcdsf.001.b5p80kp122810kp122810-48x96.00240_0.000_000_000_ptsink.lime
/scratch/usr/hhpmbate/chroma_2pt/48x96/b5p80kp122810kp122810/vector/lp001lp0001_g2_g4_q000_q220_q422_q442_q600_q642/correlators/meson_qcdsf.001.b5p80kp122810kp122810-48x96.00240_0.000_000_000_smsnk30.lime
/scratch/usr/hhpmbate/chroma_2pt/48x96/b5p80kp122810kp122810/vector/lp001lp0001_g2_g4_q000_q220_q422_q442_q600_q642/correlators/meson_qcdsf.001.b5p80kp122810kp122810-48x96.00240_0.000_220_-2-20_ptsink.lime
/scratch/usr/hhpmbate/chroma_2pt/48x96/b5p80kp122810kp122810/vector/lp001lp0001_g2_g4_q000_q220_q422_q442_q600_q642/correlators/meson_qcdsf.001.b5p80kp122810kp122810-48x96.00240_0.000_220_-2-20_smsnk30.lime
/scratch/usr/hhpmbate/chroma_2pt/48x96/b5p80kp122810kp122810/vector/lp001lp0001_g2_g4_q000_q220_q422_q442_q600_q642/correlators/meson_qcdsf.001.b5p80kp122810kp122810-48x96.00240_0.000_422_-4-2-2_ptsink.lime
/scratch/usr/hhpmbate/chroma_2pt/48x96/b5p80kp122810kp122810/vector/lp001lp0001_g2_g4_q000_q220_q422_q442_q600_q642/correlators/meson_qcdsf.001.b5p80kp122810kp122810-48x96.00240_0.000_422_-4-2-2_smsnk30.lime
/scratch/usr/hhpmbate/chroma_2pt/48x96/b5p80kp122810kp122810/vector/lp001lp0001_g2_g4_q000_q220_q422_q442_q600_q642/correlators/meson_qcdsf.001.b5p80kp122810kp122810-48x96.00240_0.000_442_-4-4-2_ptsink.lime
/scratch/usr/hhpmbate/chroma_2pt/48x96/b5p80kp122810kp122810/vector/lp001lp0001_g2_g4_q000_q220_q422_q442_q600_q642/correlators/meson_qcdsf.001.b5p80kp122810kp122810-48x96.00240_0.000_442_-4-4-2_smsnk30.lime
/scratch/usr/hhpmbate/chroma_2pt/48x96/b5p80kp122810kp122810/vector/lp001lp0001_g2_g4_q000_q220_q422_q442_q600_q642/correlators/meson_qcdsf.001.b5p80kp122810kp122810-48x96.00240_0.000_600_-600_ptsink.lime
/scratch/usr/hhpmbate/chroma_2pt/48x96/b5p80kp122810kp122810/vector/lp001lp0001_g2_g4_q000_q220_q422_q442_q600_q642/correlators/meson_qcdsf.001.b5p80kp122810kp122810-48x96.00240_0.000_600_-600_smsnk30.lime
/scratch/usr/hhpmbate/chroma_2pt/48x96/b5p80kp122810kp122810/vector/lp001lp0001_g2_g4_q000_q220_q422_q442_q600_q642/correlators/meson_qcdsf.001.b5p80kp122810kp122810-48x96.00241_0.000_000_000_ptsink.lime
/scratch/usr/hhpmbate/chroma_2pt/48x96/b5p80kp122810kp122810/vector/lp001lp0001_g2_g4_q000_q220_q422_q442_q600_q642/correlators/meson_qcdsf.001.b5p80kp122810kp122810-48x96.00241_0.000_000_000_smsnk30.lime
/scratch/usr/hhpmbate/chroma_2pt/48x96/b5p80kp122810kp122810/vector/lp001lp0001_g2_g4_q000_q220_q422_q442_q600_q642/correlators/meson_qcdsf.001.b5p80kp122810kp122810-48x96.00241_0.000_220_-2-20_ptsink.lime
/scratch/usr/hhpmbate/chroma_2pt/48x96/b5p80kp122810kp122810/vector/lp001lp0001_g2_g4_q000_q220_q422_q442_q600_q642/correlators/meson_qcdsf.001.b5p80kp122810kp122810-48x96.00241_0.000_220_-2-20_smsnk30.lime
/scratch/usr/hhpmbate/chroma_2pt/48x96/b5p80kp122810kp122810/vector/lp001lp0001_g2_g4_q000_q220_q422_q442_q600_q642/correlators/meson_qcdsf.001.b5p80kp122810kp122810-48x96.00241_0.000_422_-4-2-2_ptsink.lime
/scratch/usr/hhpmbate/chroma_2pt/48x96/b5p80kp122810kp122810/vector/lp001lp0001_g2_g4_q000_q220_q422_q442_q600_q642/correlators/meson_qcdsf.001.b5p80kp122810kp122810-48x96.00241_0.000_422_-4-2-2_smsnk30.lime
/scratch/usr/hhpmbate/chroma_2pt/48x96/b5p80kp122810kp122810/vector/lp001lp0001_g2_g4_q000_q220_q422_q442_q600_q642/correlators/meson_qcdsf.001.b5p80kp122810kp122810-48x96.00241_0.000_442_-4-4-2_ptsink.lime
/scratch/usr/hhpmbate/chroma_2pt/48x96/b5p80kp122810kp122810/vector/lp001lp0001_g2_g4_q000_q220_q422_q442_q600_q642/correlators/meson_qcdsf.001.b5p80kp122810kp122810-48x96.00241_0.000_442_-4-4-2_smsnk30.lime
/scratch/usr/hhpmbate/chroma_2pt/48x96/b5p80kp122810kp122810/vector/lp001lp0001_g2_g4_q000_q220_q422_q442_q600_q642/correlators/meson_qcdsf.001.b5p80kp122810kp122810-48x96.00241_0.000_600_-600_ptsink.lime
/scratch/usr/hhpmbate/chroma_2pt/48x96/b5p80kp122810kp122810/vector/lp001lp0001_g2_g4_q000_q220_q422_q442_q600_q642/correlators/meson_qcdsf.001.b5p80kp122810kp122810-48x96.00241_0.000_600_-600_smsnk30.lime
/scratch/usr/hhpmbate/chroma_2pt/48x96/b5p80kp122810kp122810/vector/lp001lp0001_g2_g4_q000_q220_q422_q442_q600_q642/correlators/meson_qcdsf.001.b5p80kp122810kp122810-48x96.00242_0.000_000_000_ptsink.lime
/scratch/usr/hhpmbate/chroma_2pt/48x96/b5p80kp122810kp122810/vector/lp001lp0001_g2_g4_q000_q220_q422_q442_q600_q642/correlators/meson_qcdsf.001.b5p80kp122810kp122810-48x96.00242_0.000_000_000_smsnk30.lime
/scratch/usr/hhpmbate/chroma_2pt/48x96/b5p80kp122810kp122810/vector/lp001lp0001_g2_g4_q000_q220_q422_q442_q600_q642/correlators/meson_qcdsf.001.b5p80kp122810kp122810-48x96.00242_0.000_220_-2-20_ptsink.lime
/scratch/usr/hhpmbate/chroma_2pt/48x96/b5p80kp122810kp122810/vector/lp001lp0001_g2_g4_q000_q220_q422_q442_q600_q642/correlators/meson_qcdsf.001.b5p80kp122810kp122810-48x96.00242_0.000_220_-2-20_smsnk30.lime
/scratch/usr/hhpmbate/chroma_2pt/48x96/b5p80kp122810kp122810/vector/lp001lp0001_g2_g4_q000_q220_q422_q442_q600_q642/correlators/meson_qcdsf.001.b5p80kp122810kp122810-48x96.00242_0.000_422_-4-2-2_ptsink.lime
/scratch/usr/hhpmbate/chroma_2pt/48x96/b5p80kp122810kp122810/vector/lp001lp0001_g2_g4_q000_q220_q422_q442_q600_q642/correlators/meson_qcdsf.001.b5p80kp122810kp122810-48x96.00242_0.000_422_-4-2-2_smsnk30.lime
/scratch/usr/hhpmbate/chroma_2pt/48x96/b5p80kp122810kp122810/vector/lp001lp0001_g2_g4_q000_q220_q422_q442_q600_q642/correlators/meson_qcdsf.001.b5p80kp122810kp122810-48x96.00242_0.000_442_-4-4-2_ptsink.lime
/scratch/usr/hhpmbate/chroma_2pt/48x96/b5p80kp122810kp122810/vector/lp001lp0001_g2_g4_q000_q220_q422_q442_q600_q642/correlators/meson_qcdsf.001.b5p80kp122810kp122810-48x96.00242_0.000_442_-4-4-2_smsnk30.lime
/scratch/usr/hhpmbate/chroma_2pt/48x96/b5p80kp122810kp122810/vector/lp001lp0001_g2_g4_q000_q220_q422_q442_q600_q642/correlators/meson_qcdsf.001.b5p80kp122810kp122810-48x96.00242_0.000_600_-600_ptsink.lime
/scratch/usr/hhpmbate/chroma_2pt/48x96/b5p80kp122810kp122810/vector/lp001lp0001_g2_g4_q000_q220_q422_q442_q600_q642/correlators/meson_qcdsf.001.b5p80kp122810kp122810-48x96.00242_0.000_600_-600_smsnk30.lime
/scratch/usr/hhpmbate/chroma_2pt/48x96/b5p80kp122810kp122810/vector/lp001lp0001_g2_g4_q000_q220_q422_q442_q600_q642/correlators/meson_qcdsf.001.b5p80kp122810kp122810-48x96.00243_0.000_000_000_ptsink.lime
/scratch/usr/hhpmbate/chroma_2pt/48x96/b5p80kp122810kp122810/vector/lp001lp0001_g2_g4_q000_q220_q422_q442_q600_q642/correlators/meson_qcdsf.001.b5p80kp122810kp122810-48x96.00243_0.000_000_000_smsnk30.lime
/scratch/usr/hhpmbate/chroma_2pt/48x96/b5p80kp122810kp122810/vector/lp001lp0001_g2_g4_q000_q220_q422_q442_q600_q642/correlators/meson_qcdsf.001.b5p80kp122810kp122810-48x96.00243_0.000_220_-2-20_ptsink.lime
/scratch/usr/hhpmbate/chroma_2pt/48x96/b5p80kp122810kp122810/vector/lp001lp0001_g2_g4_q000_q220_q422_q442_q600_q642/correlators/meson_qcdsf.001.b5p80kp122810kp122810-48x96.00243_0.000_220_-2-20_smsnk30.lime
/scratch/usr/hhpmbate/chroma_2pt/48x96/b5p80kp122810kp122810/vector/lp001lp0001_g2_g4_q000_q220_q422_q442_q600_q642/correlators/meson_qcdsf.001.b5p80kp122810kp122810-48x96.00243_0.000_422_-4-2-2_ptsink.lime
/scratch/usr/hhpmbate/chroma_2pt/48x96/b5p80kp122810kp122810/vector/lp001lp0001_g2_g4_q000_q220_q422_q442_q600_q642/correlators/meson_qcdsf.001.b5p80kp122810kp122810-48x96.00243_0.000_422_-4-2-2_smsnk30.lime
/scratch/usr/hhpmbate/chroma_2pt/48x96/b5p80kp122810kp122810/vector/lp001lp0001_g2_g4_q000_q220_q422_q442_q600_q642/correlators/meson_qcdsf.001.b5p80kp122810kp122810-48x96.00243_0.000_442_-4-4-2_ptsink.lime
/scratch/usr/hhpmbate/chroma_2pt/48x96/b5p80kp122810kp122810/vector/lp001lp0001_g2_g4_q000_q220_q422_q442_q600_q642/correlators/meson_qcdsf.001.b5p80kp122810kp122810-48x96.00243_0.000_442_-4-4-2_smsnk30.lime
/scratch/usr/hhpmbate/chroma_2pt/48x96/b5p80kp122810kp122810/vector/lp001lp0001_g2_g4_q000_q220_q422_q442_q600_q642/correlators/meson_qcdsf.001.b5p80kp122810kp122810-48x96.00243_0.000_600_-600_ptsink.lime
/scratch/usr/hhpmbate/chroma_2pt/48x96/b5p80kp122810kp122810/vector/lp001lp0001_g2_g4_q000_q220_q422_q442_q600_q642/correlators/meson_qcdsf.001.b5p80kp122810kp122810-48x96.00243_0.000_600_-600_smsnk30.lime
/scratch/usr/hhpmbate/chroma_2pt/48x96/b5p80kp122810kp122810/vector/lp001lp0001_g2_g4_q000_q220_q422_q442_q600_q642/correlators/meson_qcdsf.001.b5p80kp122810kp122810-48x96.00244_0.000_000_000_ptsink.lime
/scratch/usr/hhpmbate/chroma_2pt/48x96/b5p80kp122810kp122810/vector/lp001lp0001_g2_g4_q000_q220_q422_q442_q600_q642/correlators/meson_qcdsf.001.b5p80kp122810kp122810-48x96.00244_0.000_000_000_smsnk30.lime
/scratch/usr/hhpmbate/chroma_2pt/48x96/b5p80kp122810kp122810/vector/lp001lp0001_g2_g4_q000_q220_q422_q442_q600_q642/correlators/meson_qcdsf.001.b5p80kp122810kp122810-48x96.00244_0.000_220_-2-20_ptsink.lime
/scratch/usr/hhpmbate/chroma_2pt/48x96/b5p80kp122810kp122810/vector/lp001lp0001_g2_g4_q000_q220_q422_q442_q600_q642/correlators/meson_qcdsf.001.b5p80kp122810kp122810-48x96.00244_0.000_220_-2-20_smsnk30.lime
/scratch/usr/hhpmbate/chroma_2pt/48x96/b5p80kp122810kp122810/vector/lp001lp0001_g2_g4_q000_q220_q422_q442_q600_q642/correlators/meson_qcdsf.001.b5p80kp122810kp122810-48x96.00244_0.000_422_-4-2-2_ptsink.lime
/scratch/usr/hhpmbate/chroma_2pt/48x96/b5p80kp122810kp122810/vector/lp001lp0001_g2_g4_q000_q220_q422_q442_q600_q642/correlators/meson_qcdsf.001.b5p80kp122810kp122810-48x96.00244_0.000_422_-4-2-2_smsnk30.lime
/scratch/usr/hhpmbate/chroma_2pt/48x96/b5p80kp122810kp122810/vector/lp001lp0001_g2_g4_q000_q220_q422_q442_q600_q642/correlators/meson_qcdsf.001.b5p80kp122810kp122810-48x96.00244_0.000_442_-4-4-2_ptsink.lime
/scratch/usr/hhpmbate/chroma_2pt/48x96/b5p80kp122810kp122810/vector/lp001lp0001_g2_g4_q000_q220_q422_q442_q600_q642/correlators/meson_qcdsf.001.b5p80kp122810kp122810-48x96.00244_0.000_442_-4-4-2_smsnk30.lime
/scratch/usr/hhpmbate/chroma_2pt/48x96/b5p80kp122810kp122810/vector/lp001lp0001_g2_g4_q000_q220_q422_q442_q600_q642/correlators/meson_qcdsf.001.b5p80kp122810kp122810-48x96.00244_0.000_600_-600_ptsink.lime
/scratch/usr/hhpmbate/chroma_2pt/48x96/b5p80kp122810kp122810/vector/lp001lp0001_g2_g4_q000_q220_q422_q442_q600_q642/correlators/meson_qcdsf.001.b5p80kp122810kp122810-48x96.00244_0.000_600_-600_smsnk30.lime
/scratch/usr/hhpmbate/chroma_2pt/48x96/b5p80kp122810kp122810/vector/lp001lp0001_g2_g4_q000_q220_q422_q442_q600_q642/correlators/meson_qcdsf.001.b5p80kp122810kp122810-48x96.00245_0.000_000_000_ptsink.lime
/scratch/usr/hhpmbate/chroma_2pt/48x96/b5p80kp122810kp122810/vector/lp001lp0001_g2_g4_q000_q220_q422_q442_q600_q642/correlators/meson_qcdsf.001.b5p80kp122810kp122810-48x96.00245_0.000_000_000_smsnk30.lime
/scratch/usr/hhpmbate/chroma_2pt/48x96/b5p80kp122810kp122810/vector/lp001lp0001_g2_g4_q000_q220_q422_q442_q600_q642/correlators/meson_qcdsf.001.b5p80kp122810kp122810-48x96.00245_0.000_220_-2-20_ptsink.lime
/scratch/usr/hhpmbate/chroma_2pt/48x96/b5p80kp122810kp122810/vector/lp001lp0001_g2_g4_q000_q220_q422_q442_q600_q642/correlators/meson_qcdsf.001.b5p80kp122810kp122810-48x96.00245_0.000_220_-2-20_smsnk30.lime
/scratch/usr/hhpmbate/chroma_2pt/48x96/b5p80kp122810kp122810/vector/lp001lp0001_g2_g4_q000_q220_q422_q442_q600_q642/correlators/meson_qcdsf.001.b5p80kp122810kp122810-48x96.00245_0.000_422_-4-2-2_ptsink.lime
/scratch/usr/hhpmbate/chroma_2pt/48x96/b5p80kp122810kp122810/vector/lp001lp0001_g2_g4_q000_q220_q422_q442_q600_q642/correlators/meson_qcdsf.001.b5p80kp122810kp122810-48x96.00245_0.000_422_-4-2-2_smsnk30.lime
/scratch/usr/hhpmbate/chroma_2pt/48x96/b5p80kp122810kp122810/vector/lp001lp0001_g2_g4_q000_q220_q422_q442_q600_q642/correlators/meson_qcdsf.001.b5p80kp122810kp122810-48x96.00245_0.000_442_-4-4-2_ptsink.lime
/scratch/usr/hhpmbate/chroma_2pt/48x96/b5p80kp122810kp122810/vector/lp001lp0001_g2_g4_q000_q220_q422_q442_q600_q642/correlators/meson_qcdsf.001.b5p80kp122810kp122810-48x96.00245_0.000_442_-4-4-2_smsnk30.lime
/scratch/usr/hhpmbate/chroma_2pt/48x96/b5p80kp122810kp122810/vector/lp001lp0001_g2_g4_q000_q220_q422_q442_q600_q642/correlators/meson_qcdsf.001.b5p80kp122810kp122810-48x96.00245_0.000_600_-600_ptsink.lime
/scratch/usr/hhpmbate/chroma_2pt/48x96/b5p80kp122810kp122810/vector/lp001lp0001_g2_g4_q000_q220_q422_q442_q600_q642/correlators/meson_qcdsf.001.b5p80kp122810kp122810-48x96.00245_0.000_600_-600_smsnk30.lime
/scratch/usr/hhpmbate/chroma_2pt/48x96/b5p80kp122810kp122810/vector/lp001lp0001_g2_g4_q000_q220_q422_q442_q600_q642/correlators/meson_qcdsf.001.b5p80kp122810kp122810-48x96.00246_0.000_000_000_ptsink.lime
/scratch/usr/hhpmbate/chroma_2pt/48x96/b5p80kp122810kp122810/vector/lp001lp0001_g2_g4_q000_q220_q422_q442_q600_q642/correlators/meson_qcdsf.001.b5p80kp122810kp122810-48x96.00246_0.000_000_000_smsnk30.lime
/scratch/usr/hhpmbate/chroma_2pt/48x96/b5p80kp122810kp122810/vector/lp001lp0001_g2_g4_q000_q220_q422_q442_q600_q642/correlators/meson_qcdsf.001.b5p80kp122810kp122810-48x96.00246_0.000_220_-2-20_ptsink.lime
/scratch/usr/hhpmbate/chroma_2pt/48x96/b5p80kp122810kp122810/vector/lp001lp0001_g2_g4_q000_q220_q422_q442_q600_q642/correlators/meson_qcdsf.001.b5p80kp122810kp122810-48x96.00246_0.000_220_-2-20_smsnk30.lime
/scratch/usr/hhpmbate/chroma_2pt/48x96/b5p80kp122810kp122810/vector/lp001lp0001_g2_g4_q000_q220_q422_q442_q600_q642/correlators/meson_qcdsf.001.b5p80kp122810kp122810-48x96.00246_0.000_422_-4-2-2_ptsink.lime
/scratch/usr/hhpmbate/chroma_2pt/48x96/b5p80kp122810kp122810/vector/lp001lp0001_g2_g4_q000_q220_q422_q442_q600_q642/correlators/meson_qcdsf.001.b5p80kp122810kp122810-48x96.00246_0.000_422_-4-2-2_smsnk30.lime
/scratch/usr/hhpmbate/chroma_2pt/48x96/b5p80kp122810kp122810/vector/lp001lp0001_g2_g4_q000_q220_q422_q442_q600_q642/correlators/meson_qcdsf.001.b5p80kp122810kp122810-48x96.00246_0.000_442_-4-4-2_ptsink.lime
/scratch/usr/hhpmbate/chroma_2pt/48x96/b5p80kp122810kp122810/vector/lp001lp0001_g2_g4_q000_q220_q422_q442_q600_q642/correlators/meson_qcdsf.001.b5p80kp122810kp122810-48x96.00246_0.000_442_-4-4-2_smsnk30.lime
/scratch/usr/hhpmbate/chroma_2pt/48x96/b5p80kp122810kp122810/vector/lp001lp0001_g2_g4_q000_q220_q422_q442_q600_q642/correlators/meson_qcdsf.001.b5p80kp122810kp122810-48x96.00246_0.000_600_-600_ptsink.lime
/scratch/usr/hhpmbate/chroma_2pt/48x96/b5p80kp122810kp122810/vector/lp001lp0001_g2_g4_q000_q220_q422_q442_q600_q642/correlators/meson_qcdsf.001.b5p80kp122810kp122810-48x96.00246_0.000_600_-600_smsnk30.lime
/scratch/usr/hhpmbate/chroma_2pt/48x96/b5p80kp122810kp122810/vector/lp001lp0001_g2_g4_q000_q220_q422_q442_q600_q642/correlators/meson_qcdsf.001.b5p80kp122810kp122810-48x96.00247_0.000_000_000_ptsink.lime
/scratch/usr/hhpmbate/chroma_2pt/48x96/b5p80kp122810kp122810/vector/lp001lp0001_g2_g4_q000_q220_q422_q442_q600_q642/correlators/meson_qcdsf.001.b5p80kp122810kp122810-48x96.00247_0.000_000_000_smsnk30.lime
/scratch/usr/hhpmbate/chroma_2pt/48x96/b5p80kp122810kp122810/vector/lp001lp0001_g2_g4_q000_q220_q422_q442_q600_q642/correlators/meson_qcdsf.001.b5p80kp122810kp122810-48x96.00247_0.000_220_-2-20_ptsink.lime
/scratch/usr/hhpmbate/chroma_2pt/48x96/b5p80kp122810kp122810/vector/lp001lp0001_g2_g4_q000_q220_q422_q442_q600_q642/correlators/meson_qcdsf.001.b5p80kp122810kp122810-48x96.00247_0.000_220_-2-20_smsnk30.lime
/scratch/usr/hhpmbate/chroma_2pt/48x96/b5p80kp122810kp122810/vector/lp001lp0001_g2_g4_q000_q220_q422_q442_q600_q642/correlators/meson_qcdsf.001.b5p80kp122810kp122810-48x96.00247_0.000_422_-4-2-2_ptsink.lime
/scratch/usr/hhpmbate/chroma_2pt/48x96/b5p80kp122810kp122810/vector/lp001lp0001_g2_g4_q000_q220_q422_q442_q600_q642/correlators/meson_qcdsf.001.b5p80kp122810kp122810-48x96.00247_0.000_422_-4-2-2_smsnk30.lime
/scratch/usr/hhpmbate/chroma_2pt/48x96/b5p80kp122810kp122810/vector/lp001lp0001_g2_g4_q000_q220_q422_q442_q600_q642/correlators/meson_qcdsf.001.b5p80kp122810kp122810-48x96.00247_0.000_442_-4-4-2_ptsink.lime
/scratch/usr/hhpmbate/chroma_2pt/48x96/b5p80kp122810kp122810/vector/lp001lp0001_g2_g4_q000_q220_q422_q442_q600_q642/correlators/meson_qcdsf.001.b5p80kp122810kp122810-48x96.00247_0.000_442_-4-4-2_smsnk30.lime
/scratch/usr/hhpmbate/chroma_2pt/48x96/b5p80kp122810kp122810/vector/lp001lp0001_g2_g4_q000_q220_q422_q442_q600_q642/correlators/meson_qcdsf.001.b5p80kp122810kp122810-48x96.00247_0.000_600_-600_ptsink.lime
/scratch/usr/hhpmbate/chroma_2pt/48x96/b5p80kp122810kp122810/vector/lp001lp0001_g2_g4_q000_q220_q422_q442_q600_q642/correlators/meson_qcdsf.001.b5p80kp122810kp122810-48x96.00247_0.000_600_-600_smsnk30.lime
/scratch/usr/hhpmbate/chroma_2pt/48x96/b5p80kp122810kp122810/vector/lp001lp0001_g2_g4_q000_q220_q422_q442_q600_q642/correlators/meson_qcdsf.001.b5p80kp122810kp122810-48x96.00248_0.000_000_000_ptsink.lime
/scratch/usr/hhpmbate/chroma_2pt/48x96/b5p80kp122810kp122810/vector/lp001lp0001_g2_g4_q000_q220_q422_q442_q600_q642/correlators/meson_qcdsf.001.b5p80kp122810kp122810-48x96.00248_0.000_000_000_smsnk30.lime
/scratch/usr/hhpmbate/chroma_2pt/48x96/b5p80kp122810kp122810/vector/lp001lp0001_g2_g4_q000_q220_q422_q442_q600_q642/correlators/meson_qcdsf.001.b5p80kp122810kp122810-48x96.00248_0.000_220_-2-20_ptsink.lime
/scratch/usr/hhpmbate/chroma_2pt/48x96/b5p80kp122810kp122810/vector/lp001lp0001_g2_g4_q000_q220_q422_q442_q600_q642/correlators/meson_qcdsf.001.b5p80kp122810kp122810-48x96.00248_0.000_220_-2-20_smsnk30.lime
/scratch/usr/hhpmbate/chroma_2pt/48x96/b5p80kp122810kp122810/vector/lp001lp0001_g2_g4_q000_q220_q422_q442_q600_q642/correlators/meson_qcdsf.001.b5p80kp122810kp122810-48x96.00248_0.000_422_-4-2-2_ptsink.lime
/scratch/usr/hhpmbate/chroma_2pt/48x96/b5p80kp122810kp122810/vector/lp001lp0001_g2_g4_q000_q220_q422_q442_q600_q642/correlators/meson_qcdsf.001.b5p80kp122810kp122810-48x96.00248_0.000_422_-4-2-2_smsnk30.lime
/scratch/usr/hhpmbate/chroma_2pt/48x96/b5p80kp122810kp122810/vector/lp001lp0001_g2_g4_q000_q220_q422_q442_q600_q642/correlators/meson_qcdsf.001.b5p80kp122810kp122810-48x96.00248_0.000_442_-4-4-2_ptsink.lime
/scratch/usr/hhpmbate/chroma_2pt/48x96/b5p80kp122810kp122810/vector/lp001lp0001_g2_g4_q000_q220_q422_q442_q600_q642/correlators/meson_qcdsf.001.b5p80kp122810kp122810-48x96.00248_0.000_442_-4-4-2_smsnk30.lime
/scratch/usr/hhpmbate/chroma_2pt/48x96/b5p80kp122810kp122810/vector/lp001lp0001_g2_g4_q000_q220_q422_q442_q600_q642/correlators/meson_qcdsf.001.b5p80kp122810kp122810-48x96.00248_0.000_600_-600_ptsink.lime
/scratch/usr/hhpmbate/chroma_2pt/48x96/b5p80kp122810kp122810/vector/lp001lp0001_g2_g4_q000_q220_q422_q442_q600_q642/correlators/meson_qcdsf.001.b5p80kp122810kp122810-48x96.00248_0.000_600_-600_smsnk30.lime
/scratch/usr/hhpmbate/chroma_2pt/48x96/b5p80kp122810kp122810/vector/lp001lp0001_g2_g4_q000_q220_q422_q442_q600_q642/correlators/meson_qcdsf.001.b5p80kp122810kp122810-48x96.00249_0.000_000_000_ptsink.lime
/scratch/usr/hhpmbate/chroma_2pt/48x96/b5p80kp122810kp122810/vector/lp001lp0001_g2_g4_q000_q220_q422_q442_q600_q642/correlators/meson_qcdsf.001.b5p80kp122810kp122810-48x96.00249_0.000_000_000_smsnk30.lime
/scratch/usr/hhpmbate/chroma_2pt/48x96/b5p80kp122810kp122810/vector/lp001lp0001_g2_g4_q000_q220_q422_q442_q600_q642/correlators/meson_qcdsf.001.b5p80kp122810kp122810-48x96.00249_0.000_220_-2-20_ptsink.lime
/scratch/usr/hhpmbate/chroma_2pt/48x96/b5p80kp122810kp122810/vector/lp001lp0001_g2_g4_q000_q220_q422_q442_q600_q642/correlators/meson_qcdsf.001.b5p80kp122810kp122810-48x96.00249_0.000_220_-2-20_smsnk30.lime
/scratch/usr/hhpmbate/chroma_2pt/48x96/b5p80kp122810kp122810/vector/lp001lp0001_g2_g4_q000_q220_q422_q442_q600_q642/correlators/meson_qcdsf.001.b5p80kp122810kp122810-48x96.00249_0.000_422_-4-2-2_ptsink.lime
/scratch/usr/hhpmbate/chroma_2pt/48x96/b5p80kp122810kp122810/vector/lp001lp0001_g2_g4_q000_q220_q422_q442_q600_q642/correlators/meson_qcdsf.001.b5p80kp122810kp122810-48x96.00249_0.000_422_-4-2-2_smsnk30.lime
/scratch/usr/hhpmbate/chroma_2pt/48x96/b5p80kp122810kp122810/vector/lp001lp0001_g2_g4_q000_q220_q422_q442_q600_q642/correlators/meson_qcdsf.001.b5p80kp122810kp122810-48x96.00249_0.000_442_-4-4-2_ptsink.lime
/scratch/usr/hhpmbate/chroma_2pt/48x96/b5p80kp122810kp122810/vector/lp001lp0001_g2_g4_q000_q220_q422_q442_q600_q642/correlators/meson_qcdsf.001.b5p80kp122810kp122810-48x96.00249_0.000_442_-4-4-2_smsnk30.lime
/scratch/usr/hhpmbate/chroma_2pt/48x96/b5p80kp122810kp122810/vector/lp001lp0001_g2_g4_q000_q220_q422_q442_q600_q642/correlators/meson_qcdsf.001.b5p80kp122810kp122810-48x96.00249_0.000_600_-600_ptsink.lime
/scratch/usr/hhpmbate/chroma_2pt/48x96/b5p80kp122810kp122810/vector/lp001lp0001_g2_g4_q000_q220_q422_q442_q600_q642/correlators/meson_qcdsf.001.b5p80kp122810kp122810-48x96.00249_0.000_600_-600_smsnk30.lime
/scratch/usr/hhpmbate/chroma_2pt/48x96/b5p80kp122810kp122810/vector/lp001lp0001_g2_g4_q000_q220_q422_q442_q600_q642/correlators/meson_qcdsf.001.b5p80kp122810kp122810-48x96.00250_0.000_000_000_ptsink.lime
/scratch/usr/hhpmbate/chroma_2pt/48x96/b5p80kp122810kp122810/vector/lp001lp0001_g2_g4_q000_q220_q422_q442_q600_q642/correlators/meson_qcdsf.001.b5p80kp122810kp122810-48x96.00250_0.000_000_000_smsnk30.lime
/scratch/usr/hhpmbate/chroma_2pt/48x96/b5p80kp122810kp122810/vector/lp001lp0001_g2_g4_q000_q220_q422_q442_q600_q642/correlators/meson_qcdsf.001.b5p80kp122810kp122810-48x96.00250_0.000_220_-2-20_ptsink.lime
/scratch/usr/hhpmbate/chroma_2pt/48x96/b5p80kp122810kp122810/vector/lp001lp0001_g2_g4_q000_q220_q422_q442_q600_q642/correlators/meson_qcdsf.001.b5p80kp122810kp122810-48x96.00250_0.000_220_-2-20_smsnk30.lime
/scratch/usr/hhpmbate/chroma_2pt/48x96/b5p80kp122810kp122810/vector/lp001lp0001_g2_g4_q000_q220_q422_q442_q600_q642/correlators/meson_qcdsf.001.b5p80kp122810kp122810-48x96.00250_0.000_422_-4-2-2_ptsink.lime
/scratch/usr/hhpmbate/chroma_2pt/48x96/b5p80kp122810kp122810/vector/lp001lp0001_g2_g4_q000_q220_q422_q442_q600_q642/correlators/meson_qcdsf.001.b5p80kp122810kp122810-48x96.00250_0.000_422_-4-2-2_smsnk30.lime
/scratch/usr/hhpmbate/chroma_2pt/48x96/b5p80kp122810kp122810/vector/lp001lp0001_g2_g4_q000_q220_q422_q442_q600_q642/correlators/meson_qcdsf.001.b5p80kp122810kp122810-48x96.00250_0.000_442_-4-4-2_ptsink.lime
/scratch/usr/hhpmbate/chroma_2pt/48x96/b5p80kp122810kp122810/vector/lp001lp0001_g2_g4_q000_q220_q422_q442_q600_q642/correlators/meson_qcdsf.001.b5p80kp122810kp122810-48x96.00250_0.000_442_-4-4-2_smsnk30.lime
/scratch/usr/hhpmbate/chroma_2pt/48x96/b5p80kp122810kp122810/vector/lp001lp0001_g2_g4_q000_q220_q422_q442_q600_q642/correlators/meson_qcdsf.001.b5p80kp122810kp122810-48x96.00250_0.000_600_-600_ptsink.lime
/scratch/usr/hhpmbate/chroma_2pt/48x96/b5p80kp122810kp122810/vector/lp001lp0001_g2_g4_q000_q220_q422_q442_q600_q642/correlators/meson_qcdsf.001.b5p80kp122810kp122810-48x96.00250_0.000_600_-600_smsnk30.lime
/scratch/usr/hhpmbate/chroma_2pt/48x96/b5p80kp122810kp122810/vector/lp001lp0001_g2_g4_q000_q220_q422_q442_q600_q642/correlators/meson_qcdsf.001.b5p80kp122810kp122810-48x96.00251_0.000_000_000_ptsink.lime
/scratch/usr/hhpmbate/chroma_2pt/48x96/b5p80kp122810kp122810/vector/lp001lp0001_g2_g4_q000_q220_q422_q442_q600_q642/correlators/meson_qcdsf.001.b5p80kp122810kp122810-48x96.00251_0.000_000_000_smsnk30.lime
/scratch/usr/hhpmbate/chroma_2pt/48x96/b5p80kp122810kp122810/vector/lp001lp0001_g2_g4_q000_q220_q422_q442_q600_q642/correlators/meson_qcdsf.001.b5p80kp122810kp122810-48x96.00251_0.000_220_-2-20_ptsink.lime
/scratch/usr/hhpmbate/chroma_2pt/48x96/b5p80kp122810kp122810/vector/lp001lp0001_g2_g4_q000_q220_q422_q442_q600_q642/correlators/meson_qcdsf.001.b5p80kp122810kp122810-48x96.00251_0.000_220_-2-20_smsnk30.lime
/scratch/usr/hhpmbate/chroma_2pt/48x96/b5p80kp122810kp122810/vector/lp001lp0001_g2_g4_q000_q220_q422_q442_q600_q642/correlators/meson_qcdsf.001.b5p80kp122810kp122810-48x96.00251_0.000_422_-4-2-2_ptsink.lime
/scratch/usr/hhpmbate/chroma_2pt/48x96/b5p80kp122810kp122810/vector/lp001lp0001_g2_g4_q000_q220_q422_q442_q600_q642/correlators/meson_qcdsf.001.b5p80kp122810kp122810-48x96.00251_0.000_422_-4-2-2_smsnk30.lime
/scratch/usr/hhpmbate/chroma_2pt/48x96/b5p80kp122810kp122810/vector/lp001lp0001_g2_g4_q000_q220_q422_q442_q600_q642/correlators/meson_qcdsf.001.b5p80kp122810kp122810-48x96.00251_0.000_442_-4-4-2_ptsink.lime
/scratch/usr/hhpmbate/chroma_2pt/48x96/b5p80kp122810kp122810/vector/lp001lp0001_g2_g4_q000_q220_q422_q442_q600_q642/correlators/meson_qcdsf.001.b5p80kp122810kp122810-48x96.00251_0.000_442_-4-4-2_smsnk30.lime
/scratch/usr/hhpmbate/chroma_2pt/48x96/b5p80kp122810kp122810/vector/lp001lp0001_g2_g4_q000_q220_q422_q442_q600_q642/correlators/meson_qcdsf.001.b5p80kp122810kp122810-48x96.00251_0.000_600_-600_ptsink.lime
/scratch/usr/hhpmbate/chroma_2pt/48x96/b5p80kp122810kp122810/vector/lp001lp0001_g2_g4_q000_q220_q422_q442_q600_q642/correlators/meson_qcdsf.001.b5p80kp122810kp122810-48x96.00251_0.000_600_-600_smsnk30.lime
/scratch/usr/hhpmbate/chroma_2pt/48x96/b5p80kp122810kp122810/vector/lp001lp0001_g2_g4_q000_q220_q422_q442_q600_q642/correlators/meson_qcdsf.001.b5p80kp122810kp122810-48x96.00252_0.000_000_000_ptsink.lime
/scratch/usr/hhpmbate/chroma_2pt/48x96/b5p80kp122810kp122810/vector/lp001lp0001_g2_g4_q000_q220_q422_q442_q600_q642/correlators/meson_qcdsf.001.b5p80kp122810kp122810-48x96.00252_0.000_000_000_smsnk30.lime
/scratch/usr/hhpmbate/chroma_2pt/48x96/b5p80kp122810kp122810/vector/lp001lp0001_g2_g4_q000_q220_q422_q442_q600_q642/correlators/meson_qcdsf.001.b5p80kp122810kp122810-48x96.00252_0.000_220_-2-20_ptsink.lime
/scratch/usr/hhpmbate/chroma_2pt/48x96/b5p80kp122810kp122810/vector/lp001lp0001_g2_g4_q000_q220_q422_q442_q600_q642/correlators/meson_qcdsf.001.b5p80kp122810kp122810-48x96.00252_0.000_220_-2-20_smsnk30.lime
/scratch/usr/hhpmbate/chroma_2pt/48x96/b5p80kp122810kp122810/vector/lp001lp0001_g2_g4_q000_q220_q422_q442_q600_q642/correlators/meson_qcdsf.001.b5p80kp122810kp122810-48x96.00252_0.000_422_-4-2-2_ptsink.lime
/scratch/usr/hhpmbate/chroma_2pt/48x96/b5p80kp122810kp122810/vector/lp001lp0001_g2_g4_q000_q220_q422_q442_q600_q642/correlators/meson_qcdsf.001.b5p80kp122810kp122810-48x96.00252_0.000_422_-4-2-2_smsnk30.lime
/scratch/usr/hhpmbate/chroma_2pt/48x96/b5p80kp122810kp122810/vector/lp001lp0001_g2_g4_q000_q220_q422_q442_q600_q642/correlators/meson_qcdsf.001.b5p80kp122810kp122810-48x96.00252_0.000_442_-4-4-2_ptsink.lime
/scratch/usr/hhpmbate/chroma_2pt/48x96/b5p80kp122810kp122810/vector/lp001lp0001_g2_g4_q000_q220_q422_q442_q600_q642/correlators/meson_qcdsf.001.b5p80kp122810kp122810-48x96.00252_0.000_442_-4-4-2_smsnk30.lime
/scratch/usr/hhpmbate/chroma_2pt/48x96/b5p80kp122810kp122810/vector/lp001lp0001_g2_g4_q000_q220_q422_q442_q600_q642/correlators/meson_qcdsf.001.b5p80kp122810kp122810-48x96.00252_0.000_600_-600_ptsink.lime
/scratch/usr/hhpmbate/chroma_2pt/48x96/b5p80kp122810kp122810/vector/lp001lp0001_g2_g4_q000_q220_q422_q442_q600_q642/correlators/meson_qcdsf.001.b5p80kp122810kp122810-48x96.00252_0.000_600_-600_smsnk30.lime
/scratch/usr/hhpmbate/chroma_2pt/48x96/b5p80kp122810kp122810/vector/lp001lp0001_g2_g4_q000_q220_q422_q442_q600_q642/correlators/meson_qcdsf.001.b5p80kp122810kp122810-48x96.00253_0.000_000_000_ptsink.lime
/scratch/usr/hhpmbate/chroma_2pt/48x96/b5p80kp122810kp122810/vector/lp001lp0001_g2_g4_q000_q220_q422_q442_q600_q642/correlators/meson_qcdsf.001.b5p80kp122810kp122810-48x96.00253_0.000_000_000_smsnk30.lime
/scratch/usr/hhpmbate/chroma_2pt/48x96/b5p80kp122810kp122810/vector/lp001lp0001_g2_g4_q000_q220_q422_q442_q600_q642/correlators/meson_qcdsf.001.b5p80kp122810kp122810-48x96.00253_0.000_220_-2-20_ptsink.lime
/scratch/usr/hhpmbate/chroma_2pt/48x96/b5p80kp122810kp122810/vector/lp001lp0001_g2_g4_q000_q220_q422_q442_q600_q642/correlators/meson_qcdsf.001.b5p80kp122810kp122810-48x96.00253_0.000_220_-2-20_smsnk30.lime
/scratch/usr/hhpmbate/chroma_2pt/48x96/b5p80kp122810kp122810/vector/lp001lp0001_g2_g4_q000_q220_q422_q442_q600_q642/correlators/meson_qcdsf.001.b5p80kp122810kp122810-48x96.00253_0.000_422_-4-2-2_ptsink.lime
/scratch/usr/hhpmbate/chroma_2pt/48x96/b5p80kp122810kp122810/vector/lp001lp0001_g2_g4_q000_q220_q422_q442_q600_q642/correlators/meson_qcdsf.001.b5p80kp122810kp122810-48x96.00253_0.000_422_-4-2-2_smsnk30.lime
/scratch/usr/hhpmbate/chroma_2pt/48x96/b5p80kp122810kp122810/vector/lp001lp0001_g2_g4_q000_q220_q422_q442_q600_q642/correlators/meson_qcdsf.001.b5p80kp122810kp122810-48x96.00253_0.000_442_-4-4-2_ptsink.lime
/scratch/usr/hhpmbate/chroma_2pt/48x96/b5p80kp122810kp122810/vector/lp001lp0001_g2_g4_q000_q220_q422_q442_q600_q642/correlators/meson_qcdsf.001.b5p80kp122810kp122810-48x96.00253_0.000_442_-4-4-2_smsnk30.lime
/scratch/usr/hhpmbate/chroma_2pt/48x96/b5p80kp122810kp122810/vector/lp001lp0001_g2_g4_q000_q220_q422_q442_q600_q642/correlators/meson_qcdsf.001.b5p80kp122810kp122810-48x96.00253_0.000_600_-600_ptsink.lime
/scratch/usr/hhpmbate/chroma_2pt/48x96/b5p80kp122810kp122810/vector/lp001lp0001_g2_g4_q000_q220_q422_q442_q600_q642/correlators/meson_qcdsf.001.b5p80kp122810kp122810-48x96.00253_0.000_600_-600_smsnk30.lime
/scratch/usr/hhpmbate/chroma_2pt/48x96/b5p80kp122810kp122810/vector/lp001lp0001_g2_g4_q000_q220_q422_q442_q600_q642/correlators/meson_qcdsf.001.b5p80kp122810kp122810-48x96.00254_0.000_000_000_ptsink.lime
/scratch/usr/hhpmbate/chroma_2pt/48x96/b5p80kp122810kp122810/vector/lp001lp0001_g2_g4_q000_q220_q422_q442_q600_q642/correlators/meson_qcdsf.001.b5p80kp122810kp122810-48x96.00254_0.000_000_000_smsnk30.lime
/scratch/usr/hhpmbate/chroma_2pt/48x96/b5p80kp122810kp122810/vector/lp001lp0001_g2_g4_q000_q220_q422_q442_q600_q642/correlators/meson_qcdsf.001.b5p80kp122810kp122810-48x96.00254_0.000_220_-2-20_ptsink.lime
/scratch/usr/hhpmbate/chroma_2pt/48x96/b5p80kp122810kp122810/vector/lp001lp0001_g2_g4_q000_q220_q422_q442_q600_q642/correlators/meson_qcdsf.001.b5p80kp122810kp122810-48x96.00254_0.000_220_-2-20_smsnk30.lime
/scratch/usr/hhpmbate/chroma_2pt/48x96/b5p80kp122810kp122810/vector/lp001lp0001_g2_g4_q000_q220_q422_q442_q600_q642/correlators/meson_qcdsf.001.b5p80kp122810kp122810-48x96.00254_0.000_422_-4-2-2_ptsink.lime
/scratch/usr/hhpmbate/chroma_2pt/48x96/b5p80kp122810kp122810/vector/lp001lp0001_g2_g4_q000_q220_q422_q442_q600_q642/correlators/meson_qcdsf.001.b5p80kp122810kp122810-48x96.00254_0.000_422_-4-2-2_smsnk30.lime
/scratch/usr/hhpmbate/chroma_2pt/48x96/b5p80kp122810kp122810/vector/lp001lp0001_g2_g4_q000_q220_q422_q442_q600_q642/correlators/meson_qcdsf.001.b5p80kp122810kp122810-48x96.00254_0.000_442_-4-4-2_ptsink.lime
/scratch/usr/hhpmbate/chroma_2pt/48x96/b5p80kp122810kp122810/vector/lp001lp0001_g2_g4_q000_q220_q422_q442_q600_q642/correlators/meson_qcdsf.001.b5p80kp122810kp122810-48x96.00254_0.000_442_-4-4-2_smsnk30.lime
/scratch/usr/hhpmbate/chroma_2pt/48x96/b5p80kp122810kp122810/vector/lp001lp0001_g2_g4_q000_q220_q422_q442_q600_q642/correlators/meson_qcdsf.001.b5p80kp122810kp122810-48x96.00254_0.000_600_-600_ptsink.lime
/scratch/usr/hhpmbate/chroma_2pt/48x96/b5p80kp122810kp122810/vector/lp001lp0001_g2_g4_q000_q220_q422_q442_q600_q642/correlators/meson_qcdsf.001.b5p80kp122810kp122810-48x96.00254_0.000_600_-600_smsnk30.lime
/scratch/usr/hhpmbate/chroma_2pt/48x96/b5p80kp122810kp122810/vector/lp001lp0001_g2_g4_q000_q220_q422_q442_q600_q642/correlators/meson_qcdsf.001.b5p80kp122810kp122810-48x96.00255_0.000_000_000_ptsink.lime
/scratch/usr/hhpmbate/chroma_2pt/48x96/b5p80kp122810kp122810/vector/lp001lp0001_g2_g4_q000_q220_q422_q442_q600_q642/correlators/meson_qcdsf.001.b5p80kp122810kp122810-48x96.00255_0.000_000_000_smsnk30.lime
/scratch/usr/hhpmbate/chroma_2pt/48x96/b5p80kp122810kp122810/vector/lp001lp0001_g2_g4_q000_q220_q422_q442_q600_q642/correlators/meson_qcdsf.001.b5p80kp122810kp122810-48x96.00255_0.000_220_-2-20_ptsink.lime
/scratch/usr/hhpmbate/chroma_2pt/48x96/b5p80kp122810kp122810/vector/lp001lp0001_g2_g4_q000_q220_q422_q442_q600_q642/correlators/meson_qcdsf.001.b5p80kp122810kp122810-48x96.00255_0.000_220_-2-20_smsnk30.lime
/scratch/usr/hhpmbate/chroma_2pt/48x96/b5p80kp122810kp122810/vector/lp001lp0001_g2_g4_q000_q220_q422_q442_q600_q642/correlators/meson_qcdsf.001.b5p80kp122810kp122810-48x96.00255_0.000_422_-4-2-2_ptsink.lime
/scratch/usr/hhpmbate/chroma_2pt/48x96/b5p80kp122810kp122810/vector/lp001lp0001_g2_g4_q000_q220_q422_q442_q600_q642/correlators/meson_qcdsf.001.b5p80kp122810kp122810-48x96.00255_0.000_422_-4-2-2_smsnk30.lime
/scratch/usr/hhpmbate/chroma_2pt/48x96/b5p80kp122810kp122810/vector/lp001lp0001_g2_g4_q000_q220_q422_q442_q600_q642/correlators/meson_qcdsf.001.b5p80kp122810kp122810-48x96.00255_0.000_442_-4-4-2_ptsink.lime
/scratch/usr/hhpmbate/chroma_2pt/48x96/b5p80kp122810kp122810/vector/lp001lp0001_g2_g4_q000_q220_q422_q442_q600_q642/correlators/meson_qcdsf.001.b5p80kp122810kp122810-48x96.00255_0.000_442_-4-4-2_smsnk30.lime
/scratch/usr/hhpmbate/chroma_2pt/48x96/b5p80kp122810kp122810/vector/lp001lp0001_g2_g4_q000_q220_q422_q442_q600_q642/correlators/meson_qcdsf.001.b5p80kp122810kp122810-48x96.00255_0.000_600_-600_ptsink.lime
/scratch/usr/hhpmbate/chroma_2pt/48x96/b5p80kp122810kp122810/vector/lp001lp0001_g2_g4_q000_q220_q422_q442_q600_q642/correlators/meson_qcdsf.001.b5p80kp122810kp122810-48x96.00255_0.000_600_-600_smsnk30.lime
/scratch/usr/hhpmbate/chroma_2pt/48x96/b5p80kp122810kp122810/vector/lp001lp0001_g2_g4_q000_q220_q422_q442_q600_q642/correlators/meson_qcdsf.001.b5p80kp122810kp122810-48x96.00256_0.000_000_000_ptsink.lime
/scratch/usr/hhpmbate/chroma_2pt/48x96/b5p80kp122810kp122810/vector/lp001lp0001_g2_g4_q000_q220_q422_q442_q600_q642/correlators/meson_qcdsf.001.b5p80kp122810kp122810-48x96.00256_0.000_000_000_smsnk30.lime
/scratch/usr/hhpmbate/chroma_2pt/48x96/b5p80kp122810kp122810/vector/lp001lp0001_g2_g4_q000_q220_q422_q442_q600_q642/correlators/meson_qcdsf.001.b5p80kp122810kp122810-48x96.00256_0.000_220_-2-20_ptsink.lime
/scratch/usr/hhpmbate/chroma_2pt/48x96/b5p80kp122810kp122810/vector/lp001lp0001_g2_g4_q000_q220_q422_q442_q600_q642/correlators/meson_qcdsf.001.b5p80kp122810kp122810-48x96.00256_0.000_220_-2-20_smsnk30.lime
/scratch/usr/hhpmbate/chroma_2pt/48x96/b5p80kp122810kp122810/vector/lp001lp0001_g2_g4_q000_q220_q422_q442_q600_q642/correlators/meson_qcdsf.001.b5p80kp122810kp122810-48x96.00256_0.000_422_-4-2-2_ptsink.lime
/scratch/usr/hhpmbate/chroma_2pt/48x96/b5p80kp122810kp122810/vector/lp001lp0001_g2_g4_q000_q220_q422_q442_q600_q642/correlators/meson_qcdsf.001.b5p80kp122810kp122810-48x96.00256_0.000_422_-4-2-2_smsnk30.lime
/scratch/usr/hhpmbate/chroma_2pt/48x96/b5p80kp122810kp122810/vector/lp001lp0001_g2_g4_q000_q220_q422_q442_q600_q642/correlators/meson_qcdsf.001.b5p80kp122810kp122810-48x96.00256_0.000_442_-4-4-2_ptsink.lime
/scratch/usr/hhpmbate/chroma_2pt/48x96/b5p80kp122810kp122810/vector/lp001lp0001_g2_g4_q000_q220_q422_q442_q600_q642/correlators/meson_qcdsf.001.b5p80kp122810kp122810-48x96.00256_0.000_442_-4-4-2_smsnk30.lime
/scratch/usr/hhpmbate/chroma_2pt/48x96/b5p80kp122810kp122810/vector/lp001lp0001_g2_g4_q000_q220_q422_q442_q600_q642/correlators/meson_qcdsf.001.b5p80kp122810kp122810-48x96.00256_0.000_600_-600_ptsink.lime
/scratch/usr/hhpmbate/chroma_2pt/48x96/b5p80kp122810kp122810/vector/lp001lp0001_g2_g4_q000_q220_q422_q442_q600_q642/correlators/meson_qcdsf.001.b5p80kp122810kp122810-48x96.00256_0.000_600_-600_smsnk30.lime
/scratch/usr/hhpmbate/chroma_2pt/48x96/b5p80kp122810kp122810/vector/lp001lp0001_g2_g4_q000_q220_q422_q442_q600_q642/correlators/meson_qcdsf.001.b5p80kp122810kp122810-48x96.00257_0.000_000_000_ptsink.lime
/scratch/usr/hhpmbate/chroma_2pt/48x96/b5p80kp122810kp122810/vector/lp001lp0001_g2_g4_q000_q220_q422_q442_q600_q642/correlators/meson_qcdsf.001.b5p80kp122810kp122810-48x96.00257_0.000_000_000_smsnk30.lime
/scratch/usr/hhpmbate/chroma_2pt/48x96/b5p80kp122810kp122810/vector/lp001lp0001_g2_g4_q000_q220_q422_q442_q600_q642/correlators/meson_qcdsf.001.b5p80kp122810kp122810-48x96.00257_0.000_220_-2-20_ptsink.lime
/scratch/usr/hhpmbate/chroma_2pt/48x96/b5p80kp122810kp122810/vector/lp001lp0001_g2_g4_q000_q220_q422_q442_q600_q642/correlators/meson_qcdsf.001.b5p80kp122810kp122810-48x96.00257_0.000_220_-2-20_smsnk30.lime
/scratch/usr/hhpmbate/chroma_2pt/48x96/b5p80kp122810kp122810/vector/lp001lp0001_g2_g4_q000_q220_q422_q442_q600_q642/correlators/meson_qcdsf.001.b5p80kp122810kp122810-48x96.00257_0.000_422_-4-2-2_ptsink.lime
/scratch/usr/hhpmbate/chroma_2pt/48x96/b5p80kp122810kp122810/vector/lp001lp0001_g2_g4_q000_q220_q422_q442_q600_q642/correlators/meson_qcdsf.001.b5p80kp122810kp122810-48x96.00257_0.000_422_-4-2-2_smsnk30.lime
/scratch/usr/hhpmbate/chroma_2pt/48x96/b5p80kp122810kp122810/vector/lp001lp0001_g2_g4_q000_q220_q422_q442_q600_q642/correlators/meson_qcdsf.001.b5p80kp122810kp122810-48x96.00257_0.000_442_-4-4-2_ptsink.lime
/scratch/usr/hhpmbate/chroma_2pt/48x96/b5p80kp122810kp122810/vector/lp001lp0001_g2_g4_q000_q220_q422_q442_q600_q642/correlators/meson_qcdsf.001.b5p80kp122810kp122810-48x96.00257_0.000_442_-4-4-2_smsnk30.lime
/scratch/usr/hhpmbate/chroma_2pt/48x96/b5p80kp122810kp122810/vector/lp001lp0001_g2_g4_q000_q220_q422_q442_q600_q642/correlators/meson_qcdsf.001.b5p80kp122810kp122810-48x96.00257_0.000_600_-600_ptsink.lime
/scratch/usr/hhpmbate/chroma_2pt/48x96/b5p80kp122810kp122810/vector/lp001lp0001_g2_g4_q000_q220_q422_q442_q600_q642/correlators/meson_qcdsf.001.b5p80kp122810kp122810-48x96.00257_0.000_600_-600_smsnk30.lime
/scratch/usr/hhpmbate/chroma_2pt/48x96/b5p80kp122810kp122810/vector/lp001lp0001_g2_g4_q000_q220_q422_q442_q600_q642/correlators/meson_qcdsf.001.b5p80kp122810kp122810-48x96.00258_0.000_000_000_ptsink.lime
/scratch/usr/hhpmbate/chroma_2pt/48x96/b5p80kp122810kp122810/vector/lp001lp0001_g2_g4_q000_q220_q422_q442_q600_q642/correlators/meson_qcdsf.001.b5p80kp122810kp122810-48x96.00258_0.000_000_000_smsnk30.lime
/scratch/usr/hhpmbate/chroma_2pt/48x96/b5p80kp122810kp122810/vector/lp001lp0001_g2_g4_q000_q220_q422_q442_q600_q642/correlators/meson_qcdsf.001.b5p80kp122810kp122810-48x96.00258_0.000_220_-2-20_ptsink.lime
/scratch/usr/hhpmbate/chroma_2pt/48x96/b5p80kp122810kp122810/vector/lp001lp0001_g2_g4_q000_q220_q422_q442_q600_q642/correlators/meson_qcdsf.001.b5p80kp122810kp122810-48x96.00258_0.000_220_-2-20_smsnk30.lime
/scratch/usr/hhpmbate/chroma_2pt/48x96/b5p80kp122810kp122810/vector/lp001lp0001_g2_g4_q000_q220_q422_q442_q600_q642/correlators/meson_qcdsf.001.b5p80kp122810kp122810-48x96.00258_0.000_422_-4-2-2_ptsink.lime
/scratch/usr/hhpmbate/chroma_2pt/48x96/b5p80kp122810kp122810/vector/lp001lp0001_g2_g4_q000_q220_q422_q442_q600_q642/correlators/meson_qcdsf.001.b5p80kp122810kp122810-48x96.00258_0.000_422_-4-2-2_smsnk30.lime
/scratch/usr/hhpmbate/chroma_2pt/48x96/b5p80kp122810kp122810/vector/lp001lp0001_g2_g4_q000_q220_q422_q442_q600_q642/correlators/meson_qcdsf.001.b5p80kp122810kp122810-48x96.00258_0.000_442_-4-4-2_ptsink.lime
/scratch/usr/hhpmbate/chroma_2pt/48x96/b5p80kp122810kp122810/vector/lp001lp0001_g2_g4_q000_q220_q422_q442_q600_q642/correlators/meson_qcdsf.001.b5p80kp122810kp122810-48x96.00258_0.000_442_-4-4-2_smsnk30.lime
/scratch/usr/hhpmbate/chroma_2pt/48x96/b5p80kp122810kp122810/vector/lp001lp0001_g2_g4_q000_q220_q422_q442_q600_q642/correlators/meson_qcdsf.001.b5p80kp122810kp122810-48x96.00258_0.000_600_-600_ptsink.lime
/scratch/usr/hhpmbate/chroma_2pt/48x96/b5p80kp122810kp122810/vector/lp001lp0001_g2_g4_q000_q220_q422_q442_q600_q642/correlators/meson_qcdsf.001.b5p80kp122810kp122810-48x96.00258_0.000_600_-600_smsnk30.lime
/scratch/usr/hhpmbate/chroma_2pt/48x96/b5p80kp122810kp122810/vector/lp001lp0001_g2_g4_q000_q220_q422_q442_q600_q642/correlators/meson_qcdsf.001.b5p80kp122810kp122810-48x96.00259_0.000_000_000_ptsink.lime
/scratch/usr/hhpmbate/chroma_2pt/48x96/b5p80kp122810kp122810/vector/lp001lp0001_g2_g4_q000_q220_q422_q442_q600_q642/correlators/meson_qcdsf.001.b5p80kp122810kp122810-48x96.00259_0.000_000_000_smsnk30.lime
/scratch/usr/hhpmbate/chroma_2pt/48x96/b5p80kp122810kp122810/vector/lp001lp0001_g2_g4_q000_q220_q422_q442_q600_q642/correlators/meson_qcdsf.001.b5p80kp122810kp122810-48x96.00259_0.000_220_-2-20_ptsink.lime
/scratch/usr/hhpmbate/chroma_2pt/48x96/b5p80kp122810kp122810/vector/lp001lp0001_g2_g4_q000_q220_q422_q442_q600_q642/correlators/meson_qcdsf.001.b5p80kp122810kp122810-48x96.00259_0.000_220_-2-20_smsnk30.lime
/scratch/usr/hhpmbate/chroma_2pt/48x96/b5p80kp122810kp122810/vector/lp001lp0001_g2_g4_q000_q220_q422_q442_q600_q642/correlators/meson_qcdsf.001.b5p80kp122810kp122810-48x96.00259_0.000_422_-4-2-2_ptsink.lime
/scratch/usr/hhpmbate/chroma_2pt/48x96/b5p80kp122810kp122810/vector/lp001lp0001_g2_g4_q000_q220_q422_q442_q600_q642/correlators/meson_qcdsf.001.b5p80kp122810kp122810-48x96.00259_0.000_422_-4-2-2_smsnk30.lime
/scratch/usr/hhpmbate/chroma_2pt/48x96/b5p80kp122810kp122810/vector/lp001lp0001_g2_g4_q000_q220_q422_q442_q600_q642/correlators/meson_qcdsf.001.b5p80kp122810kp122810-48x96.00259_0.000_442_-4-4-2_ptsink.lime
/scratch/usr/hhpmbate/chroma_2pt/48x96/b5p80kp122810kp122810/vector/lp001lp0001_g2_g4_q000_q220_q422_q442_q600_q642/correlators/meson_qcdsf.001.b5p80kp122810kp122810-48x96.00259_0.000_442_-4-4-2_smsnk30.lime
/scratch/usr/hhpmbate/chroma_2pt/48x96/b5p80kp122810kp122810/vector/lp001lp0001_g2_g4_q000_q220_q422_q442_q600_q642/correlators/meson_qcdsf.001.b5p80kp122810kp122810-48x96.00259_0.000_600_-600_ptsink.lime
/scratch/usr/hhpmbate/chroma_2pt/48x96/b5p80kp122810kp122810/vector/lp001lp0001_g2_g4_q000_q220_q422_q442_q600_q642/correlators/meson_qcdsf.001.b5p80kp122810kp122810-48x96.00259_0.000_600_-600_smsnk30.lime
/scratch/usr/hhpmbate/chroma_2pt/48x96/b5p80kp122810kp122810/vector/lp001lp0001_g2_g4_q000_q220_q422_q442_q600_q642/correlators/meson_qcdsf.001.b5p80kp122810kp122810-48x96.00260_0.000_000_000_ptsink.lime
/scratch/usr/hhpmbate/chroma_2pt/48x96/b5p80kp122810kp122810/vector/lp001lp0001_g2_g4_q000_q220_q422_q442_q600_q642/correlators/meson_qcdsf.001.b5p80kp122810kp122810-48x96.00260_0.000_000_000_smsnk30.lime
/scratch/usr/hhpmbate/chroma_2pt/48x96/b5p80kp122810kp122810/vector/lp001lp0001_g2_g4_q000_q220_q422_q442_q600_q642/correlators/meson_qcdsf.001.b5p80kp122810kp122810-48x96.00260_0.000_220_-2-20_ptsink.lime
/scratch/usr/hhpmbate/chroma_2pt/48x96/b5p80kp122810kp122810/vector/lp001lp0001_g2_g4_q000_q220_q422_q442_q600_q642/correlators/meson_qcdsf.001.b5p80kp122810kp122810-48x96.00260_0.000_220_-2-20_smsnk30.lime
/scratch/usr/hhpmbate/chroma_2pt/48x96/b5p80kp122810kp122810/vector/lp001lp0001_g2_g4_q000_q220_q422_q442_q600_q642/correlators/meson_qcdsf.001.b5p80kp122810kp122810-48x96.00260_0.000_422_-4-2-2_ptsink.lime
/scratch/usr/hhpmbate/chroma_2pt/48x96/b5p80kp122810kp122810/vector/lp001lp0001_g2_g4_q000_q220_q422_q442_q600_q642/correlators/meson_qcdsf.001.b5p80kp122810kp122810-48x96.00260_0.000_422_-4-2-2_smsnk30.lime
/scratch/usr/hhpmbate/chroma_2pt/48x96/b5p80kp122810kp122810/vector/lp001lp0001_g2_g4_q000_q220_q422_q442_q600_q642/correlators/meson_qcdsf.001.b5p80kp122810kp122810-48x96.00260_0.000_442_-4-4-2_ptsink.lime
/scratch/usr/hhpmbate/chroma_2pt/48x96/b5p80kp122810kp122810/vector/lp001lp0001_g2_g4_q000_q220_q422_q442_q600_q642/correlators/meson_qcdsf.001.b5p80kp122810kp122810-48x96.00260_0.000_442_-4-4-2_smsnk30.lime
/scratch/usr/hhpmbate/chroma_2pt/48x96/b5p80kp122810kp122810/vector/lp001lp0001_g2_g4_q000_q220_q422_q442_q600_q642/correlators/meson_qcdsf.001.b5p80kp122810kp122810-48x96.00260_0.000_600_-600_ptsink.lime
/scratch/usr/hhpmbate/chroma_2pt/48x96/b5p80kp122810kp122810/vector/lp001lp0001_g2_g4_q000_q220_q422_q442_q600_q642/correlators/meson_qcdsf.001.b5p80kp122810kp122810-48x96.00260_0.000_600_-600_smsnk30.lime
/scratch/usr/hhpmbate/chroma_2pt/48x96/b5p80kp122810kp122810/vector/lp001lp0001_g2_g4_q000_q220_q422_q442_q600_q642/correlators/meson_qcdsf.001.b5p80kp122810kp122810-48x96.00261_0.000_000_000_ptsink.lime
/scratch/usr/hhpmbate/chroma_2pt/48x96/b5p80kp122810kp122810/vector/lp001lp0001_g2_g4_q000_q220_q422_q442_q600_q642/correlators/meson_qcdsf.001.b5p80kp122810kp122810-48x96.00261_0.000_000_000_smsnk30.lime
/scratch/usr/hhpmbate/chroma_2pt/48x96/b5p80kp122810kp122810/vector/lp001lp0001_g2_g4_q000_q220_q422_q442_q600_q642/correlators/meson_qcdsf.001.b5p80kp122810kp122810-48x96.00261_0.000_220_-2-20_ptsink.lime
/scratch/usr/hhpmbate/chroma_2pt/48x96/b5p80kp122810kp122810/vector/lp001lp0001_g2_g4_q000_q220_q422_q442_q600_q642/correlators/meson_qcdsf.001.b5p80kp122810kp122810-48x96.00261_0.000_220_-2-20_smsnk30.lime
/scratch/usr/hhpmbate/chroma_2pt/48x96/b5p80kp122810kp122810/vector/lp001lp0001_g2_g4_q000_q220_q422_q442_q600_q642/correlators/meson_qcdsf.001.b5p80kp122810kp122810-48x96.00261_0.000_422_-4-2-2_ptsink.lime
/scratch/usr/hhpmbate/chroma_2pt/48x96/b5p80kp122810kp122810/vector/lp001lp0001_g2_g4_q000_q220_q422_q442_q600_q642/correlators/meson_qcdsf.001.b5p80kp122810kp122810-48x96.00261_0.000_422_-4-2-2_smsnk30.lime
/scratch/usr/hhpmbate/chroma_2pt/48x96/b5p80kp122810kp122810/vector/lp001lp0001_g2_g4_q000_q220_q422_q442_q600_q642/correlators/meson_qcdsf.001.b5p80kp122810kp122810-48x96.00261_0.000_442_-4-4-2_ptsink.lime
/scratch/usr/hhpmbate/chroma_2pt/48x96/b5p80kp122810kp122810/vector/lp001lp0001_g2_g4_q000_q220_q422_q442_q600_q642/correlators/meson_qcdsf.001.b5p80kp122810kp122810-48x96.00261_0.000_442_-4-4-2_smsnk30.lime
/scratch/usr/hhpmbate/chroma_2pt/48x96/b5p80kp122810kp122810/vector/lp001lp0001_g2_g4_q000_q220_q422_q442_q600_q642/correlators/meson_qcdsf.001.b5p80kp122810kp122810-48x96.00261_0.000_600_-600_ptsink.lime
/scratch/usr/hhpmbate/chroma_2pt/48x96/b5p80kp122810kp122810/vector/lp001lp0001_g2_g4_q000_q220_q422_q442_q600_q642/correlators/meson_qcdsf.001.b5p80kp122810kp122810-48x96.00261_0.000_600_-600_smsnk30.lime
/scratch/usr/hhpmbate/chroma_2pt/48x96/b5p80kp122810kp122810/vector/lp001lp0001_g2_g4_q000_q220_q422_q442_q600_q642/correlators/meson_qcdsf.001.b5p80kp122810kp122810-48x96.00262_0.000_000_000_ptsink.lime
/scratch/usr/hhpmbate/chroma_2pt/48x96/b5p80kp122810kp122810/vector/lp001lp0001_g2_g4_q000_q220_q422_q442_q600_q642/correlators/meson_qcdsf.001.b5p80kp122810kp122810-48x96.00262_0.000_000_000_smsnk30.lime
/scratch/usr/hhpmbate/chroma_2pt/48x96/b5p80kp122810kp122810/vector/lp001lp0001_g2_g4_q000_q220_q422_q442_q600_q642/correlators/meson_qcdsf.001.b5p80kp122810kp122810-48x96.00262_0.000_220_-2-20_ptsink.lime
/scratch/usr/hhpmbate/chroma_2pt/48x96/b5p80kp122810kp122810/vector/lp001lp0001_g2_g4_q000_q220_q422_q442_q600_q642/correlators/meson_qcdsf.001.b5p80kp122810kp122810-48x96.00262_0.000_220_-2-20_smsnk30.lime
/scratch/usr/hhpmbate/chroma_2pt/48x96/b5p80kp122810kp122810/vector/lp001lp0001_g2_g4_q000_q220_q422_q442_q600_q642/correlators/meson_qcdsf.001.b5p80kp122810kp122810-48x96.00262_0.000_422_-4-2-2_ptsink.lime
/scratch/usr/hhpmbate/chroma_2pt/48x96/b5p80kp122810kp122810/vector/lp001lp0001_g2_g4_q000_q220_q422_q442_q600_q642/correlators/meson_qcdsf.001.b5p80kp122810kp122810-48x96.00262_0.000_422_-4-2-2_smsnk30.lime
/scratch/usr/hhpmbate/chroma_2pt/48x96/b5p80kp122810kp122810/vector/lp001lp0001_g2_g4_q000_q220_q422_q442_q600_q642/correlators/meson_qcdsf.001.b5p80kp122810kp122810-48x96.00262_0.000_442_-4-4-2_ptsink.lime
/scratch/usr/hhpmbate/chroma_2pt/48x96/b5p80kp122810kp122810/vector/lp001lp0001_g2_g4_q000_q220_q422_q442_q600_q642/correlators/meson_qcdsf.001.b5p80kp122810kp122810-48x96.00262_0.000_442_-4-4-2_smsnk30.lime
/scratch/usr/hhpmbate/chroma_2pt/48x96/b5p80kp122810kp122810/vector/lp001lp0001_g2_g4_q000_q220_q422_q442_q600_q642/correlators/meson_qcdsf.001.b5p80kp122810kp122810-48x96.00262_0.000_600_-600_ptsink.lime
/scratch/usr/hhpmbate/chroma_2pt/48x96/b5p80kp122810kp122810/vector/lp001lp0001_g2_g4_q000_q220_q422_q442_q600_q642/correlators/meson_qcdsf.001.b5p80kp122810kp122810-48x96.00262_0.000_600_-600_smsnk30.lime
/scratch/usr/hhpmbate/chroma_2pt/48x96/b5p80kp122810kp122810/vector/lp001lp0001_g2_g4_q000_q220_q422_q442_q600_q642/correlators/meson_qcdsf.001.b5p80kp122810kp122810-48x96.00263_0.000_000_000_ptsink.lime
/scratch/usr/hhpmbate/chroma_2pt/48x96/b5p80kp122810kp122810/vector/lp001lp0001_g2_g4_q000_q220_q422_q442_q600_q642/correlators/meson_qcdsf.001.b5p80kp122810kp122810-48x96.00263_0.000_000_000_smsnk30.lime
/scratch/usr/hhpmbate/chroma_2pt/48x96/b5p80kp122810kp122810/vector/lp001lp0001_g2_g4_q000_q220_q422_q442_q600_q642/correlators/meson_qcdsf.001.b5p80kp122810kp122810-48x96.00263_0.000_220_-2-20_ptsink.lime
/scratch/usr/hhpmbate/chroma_2pt/48x96/b5p80kp122810kp122810/vector/lp001lp0001_g2_g4_q000_q220_q422_q442_q600_q642/correlators/meson_qcdsf.001.b5p80kp122810kp122810-48x96.00263_0.000_220_-2-20_smsnk30.lime
/scratch/usr/hhpmbate/chroma_2pt/48x96/b5p80kp122810kp122810/vector/lp001lp0001_g2_g4_q000_q220_q422_q442_q600_q642/correlators/meson_qcdsf.001.b5p80kp122810kp122810-48x96.00263_0.000_422_-4-2-2_ptsink.lime
/scratch/usr/hhpmbate/chroma_2pt/48x96/b5p80kp122810kp122810/vector/lp001lp0001_g2_g4_q000_q220_q422_q442_q600_q642/correlators/meson_qcdsf.001.b5p80kp122810kp122810-48x96.00263_0.000_422_-4-2-2_smsnk30.lime
/scratch/usr/hhpmbate/chroma_2pt/48x96/b5p80kp122810kp122810/vector/lp001lp0001_g2_g4_q000_q220_q422_q442_q600_q642/correlators/meson_qcdsf.001.b5p80kp122810kp122810-48x96.00263_0.000_442_-4-4-2_ptsink.lime
/scratch/usr/hhpmbate/chroma_2pt/48x96/b5p80kp122810kp122810/vector/lp001lp0001_g2_g4_q000_q220_q422_q442_q600_q642/correlators/meson_qcdsf.001.b5p80kp122810kp122810-48x96.00263_0.000_442_-4-4-2_smsnk30.lime
/scratch/usr/hhpmbate/chroma_2pt/48x96/b5p80kp122810kp122810/vector/lp001lp0001_g2_g4_q000_q220_q422_q442_q600_q642/correlators/meson_qcdsf.001.b5p80kp122810kp122810-48x96.00263_0.000_600_-600_ptsink.lime
/scratch/usr/hhpmbate/chroma_2pt/48x96/b5p80kp122810kp122810/vector/lp001lp0001_g2_g4_q000_q220_q422_q442_q600_q642/correlators/meson_qcdsf.001.b5p80kp122810kp122810-48x96.00263_0.000_600_-600_smsnk30.lime
/scratch/usr/hhpmbate/chroma_2pt/48x96/b5p80kp122810kp122810/vector/lp001lp0001_g2_g4_q000_q220_q422_q442_q600_q642/correlators/meson_qcdsf.001.b5p80kp122810kp122810-48x96.00264_0.000_000_000_ptsink.lime
/scratch/usr/hhpmbate/chroma_2pt/48x96/b5p80kp122810kp122810/vector/lp001lp0001_g2_g4_q000_q220_q422_q442_q600_q642/correlators/meson_qcdsf.001.b5p80kp122810kp122810-48x96.00264_0.000_000_000_smsnk30.lime
/scratch/usr/hhpmbate/chroma_2pt/48x96/b5p80kp122810kp122810/vector/lp001lp0001_g2_g4_q000_q220_q422_q442_q600_q642/correlators/meson_qcdsf.001.b5p80kp122810kp122810-48x96.00264_0.000_220_-2-20_ptsink.lime
/scratch/usr/hhpmbate/chroma_2pt/48x96/b5p80kp122810kp122810/vector/lp001lp0001_g2_g4_q000_q220_q422_q442_q600_q642/correlators/meson_qcdsf.001.b5p80kp122810kp122810-48x96.00264_0.000_220_-2-20_smsnk30.lime
/scratch/usr/hhpmbate/chroma_2pt/48x96/b5p80kp122810kp122810/vector/lp001lp0001_g2_g4_q000_q220_q422_q442_q600_q642/correlators/meson_qcdsf.001.b5p80kp122810kp122810-48x96.00264_0.000_422_-4-2-2_ptsink.lime
/scratch/usr/hhpmbate/chroma_2pt/48x96/b5p80kp122810kp122810/vector/lp001lp0001_g2_g4_q000_q220_q422_q442_q600_q642/correlators/meson_qcdsf.001.b5p80kp122810kp122810-48x96.00264_0.000_422_-4-2-2_smsnk30.lime
/scratch/usr/hhpmbate/chroma_2pt/48x96/b5p80kp122810kp122810/vector/lp001lp0001_g2_g4_q000_q220_q422_q442_q600_q642/correlators/meson_qcdsf.001.b5p80kp122810kp122810-48x96.00264_0.000_442_-4-4-2_ptsink.lime
/scratch/usr/hhpmbate/chroma_2pt/48x96/b5p80kp122810kp122810/vector/lp001lp0001_g2_g4_q000_q220_q422_q442_q600_q642/correlators/meson_qcdsf.001.b5p80kp122810kp122810-48x96.00264_0.000_442_-4-4-2_smsnk30.lime
/scratch/usr/hhpmbate/chroma_2pt/48x96/b5p80kp122810kp122810/vector/lp001lp0001_g2_g4_q000_q220_q422_q442_q600_q642/correlators/meson_qcdsf.001.b5p80kp122810kp122810-48x96.00264_0.000_600_-600_ptsink.lime
/scratch/usr/hhpmbate/chroma_2pt/48x96/b5p80kp122810kp122810/vector/lp001lp0001_g2_g4_q000_q220_q422_q442_q600_q642/correlators/meson_qcdsf.001.b5p80kp122810kp122810-48x96.00264_0.000_600_-600_smsnk30.lime
/scratch/usr/hhpmbate/chroma_2pt/48x96/b5p80kp122810kp122810/vector/lp001lp0001_g2_g4_q000_q220_q422_q442_q600_q642/correlators/meson_qcdsf.001.b5p80kp122810kp122810-48x96.00265_0.000_000_000_ptsink.lime
/scratch/usr/hhpmbate/chroma_2pt/48x96/b5p80kp122810kp122810/vector/lp001lp0001_g2_g4_q000_q220_q422_q442_q600_q642/correlators/meson_qcdsf.001.b5p80kp122810kp122810-48x96.00265_0.000_000_000_smsnk30.lime
/scratch/usr/hhpmbate/chroma_2pt/48x96/b5p80kp122810kp122810/vector/lp001lp0001_g2_g4_q000_q220_q422_q442_q600_q642/correlators/meson_qcdsf.001.b5p80kp122810kp122810-48x96.00265_0.000_220_-2-20_ptsink.lime
/scratch/usr/hhpmbate/chroma_2pt/48x96/b5p80kp122810kp122810/vector/lp001lp0001_g2_g4_q000_q220_q422_q442_q600_q642/correlators/meson_qcdsf.001.b5p80kp122810kp122810-48x96.00265_0.000_220_-2-20_smsnk30.lime
/scratch/usr/hhpmbate/chroma_2pt/48x96/b5p80kp122810kp122810/vector/lp001lp0001_g2_g4_q000_q220_q422_q442_q600_q642/correlators/meson_qcdsf.001.b5p80kp122810kp122810-48x96.00265_0.000_422_-4-2-2_ptsink.lime
/scratch/usr/hhpmbate/chroma_2pt/48x96/b5p80kp122810kp122810/vector/lp001lp0001_g2_g4_q000_q220_q422_q442_q600_q642/correlators/meson_qcdsf.001.b5p80kp122810kp122810-48x96.00265_0.000_422_-4-2-2_smsnk30.lime
/scratch/usr/hhpmbate/chroma_2pt/48x96/b5p80kp122810kp122810/vector/lp001lp0001_g2_g4_q000_q220_q422_q442_q600_q642/correlators/meson_qcdsf.001.b5p80kp122810kp122810-48x96.00265_0.000_442_-4-4-2_ptsink.lime
/scratch/usr/hhpmbate/chroma_2pt/48x96/b5p80kp122810kp122810/vector/lp001lp0001_g2_g4_q000_q220_q422_q442_q600_q642/correlators/meson_qcdsf.001.b5p80kp122810kp122810-48x96.00265_0.000_442_-4-4-2_smsnk30.lime
/scratch/usr/hhpmbate/chroma_2pt/48x96/b5p80kp122810kp122810/vector/lp001lp0001_g2_g4_q000_q220_q422_q442_q600_q642/correlators/meson_qcdsf.001.b5p80kp122810kp122810-48x96.00265_0.000_600_-600_ptsink.lime
/scratch/usr/hhpmbate/chroma_2pt/48x96/b5p80kp122810kp122810/vector/lp001lp0001_g2_g4_q000_q220_q422_q442_q600_q642/correlators/meson_qcdsf.001.b5p80kp122810kp122810-48x96.00265_0.000_600_-600_smsnk30.lime
/scratch/usr/hhpmbate/chroma_2pt/48x96/b5p80kp122810kp122810/vector/lp001lp0001_g2_g4_q000_q220_q422_q442_q600_q642/correlators/meson_qcdsf.001.b5p80kp122810kp122810-48x96.00266_0.000_000_000_ptsink.lime
/scratch/usr/hhpmbate/chroma_2pt/48x96/b5p80kp122810kp122810/vector/lp001lp0001_g2_g4_q000_q220_q422_q442_q600_q642/correlators/meson_qcdsf.001.b5p80kp122810kp122810-48x96.00266_0.000_000_000_smsnk30.lime
/scratch/usr/hhpmbate/chroma_2pt/48x96/b5p80kp122810kp122810/vector/lp001lp0001_g2_g4_q000_q220_q422_q442_q600_q642/correlators/meson_qcdsf.001.b5p80kp122810kp122810-48x96.00266_0.000_220_-2-20_ptsink.lime
/scratch/usr/hhpmbate/chroma_2pt/48x96/b5p80kp122810kp122810/vector/lp001lp0001_g2_g4_q000_q220_q422_q442_q600_q642/correlators/meson_qcdsf.001.b5p80kp122810kp122810-48x96.00266_0.000_220_-2-20_smsnk30.lime
/scratch/usr/hhpmbate/chroma_2pt/48x96/b5p80kp122810kp122810/vector/lp001lp0001_g2_g4_q000_q220_q422_q442_q600_q642/correlators/meson_qcdsf.001.b5p80kp122810kp122810-48x96.00266_0.000_422_-4-2-2_ptsink.lime
/scratch/usr/hhpmbate/chroma_2pt/48x96/b5p80kp122810kp122810/vector/lp001lp0001_g2_g4_q000_q220_q422_q442_q600_q642/correlators/meson_qcdsf.001.b5p80kp122810kp122810-48x96.00266_0.000_422_-4-2-2_smsnk30.lime
/scratch/usr/hhpmbate/chroma_2pt/48x96/b5p80kp122810kp122810/vector/lp001lp0001_g2_g4_q000_q220_q422_q442_q600_q642/correlators/meson_qcdsf.001.b5p80kp122810kp122810-48x96.00266_0.000_442_-4-4-2_ptsink.lime
/scratch/usr/hhpmbate/chroma_2pt/48x96/b5p80kp122810kp122810/vector/lp001lp0001_g2_g4_q000_q220_q422_q442_q600_q642/correlators/meson_qcdsf.001.b5p80kp122810kp122810-48x96.00266_0.000_442_-4-4-2_smsnk30.lime
/scratch/usr/hhpmbate/chroma_2pt/48x96/b5p80kp122810kp122810/vector/lp001lp0001_g2_g4_q000_q220_q422_q442_q600_q642/correlators/meson_qcdsf.001.b5p80kp122810kp122810-48x96.00266_0.000_600_-600_ptsink.lime
/scratch/usr/hhpmbate/chroma_2pt/48x96/b5p80kp122810kp122810/vector/lp001lp0001_g2_g4_q000_q220_q422_q442_q600_q642/correlators/meson_qcdsf.001.b5p80kp122810kp122810-48x96.00266_0.000_600_-600_smsnk30.lime
/scratch/usr/hhpmbate/chroma_2pt/48x96/b5p80kp122810kp122810/vector/lp001lp0001_g2_g4_q000_q220_q422_q442_q600_q642/correlators/meson_qcdsf.001.b5p80kp122810kp122810-48x96.00267_0.000_000_000_ptsink.lime
/scratch/usr/hhpmbate/chroma_2pt/48x96/b5p80kp122810kp122810/vector/lp001lp0001_g2_g4_q000_q220_q422_q442_q600_q642/correlators/meson_qcdsf.001.b5p80kp122810kp122810-48x96.00267_0.000_000_000_smsnk30.lime
/scratch/usr/hhpmbate/chroma_2pt/48x96/b5p80kp122810kp122810/vector/lp001lp0001_g2_g4_q000_q220_q422_q442_q600_q642/correlators/meson_qcdsf.001.b5p80kp122810kp122810-48x96.00267_0.000_220_-2-20_ptsink.lime
/scratch/usr/hhpmbate/chroma_2pt/48x96/b5p80kp122810kp122810/vector/lp001lp0001_g2_g4_q000_q220_q422_q442_q600_q642/correlators/meson_qcdsf.001.b5p80kp122810kp122810-48x96.00267_0.000_220_-2-20_smsnk30.lime
/scratch/usr/hhpmbate/chroma_2pt/48x96/b5p80kp122810kp122810/vector/lp001lp0001_g2_g4_q000_q220_q422_q442_q600_q642/correlators/meson_qcdsf.001.b5p80kp122810kp122810-48x96.00267_0.000_422_-4-2-2_ptsink.lime
/scratch/usr/hhpmbate/chroma_2pt/48x96/b5p80kp122810kp122810/vector/lp001lp0001_g2_g4_q000_q220_q422_q442_q600_q642/correlators/meson_qcdsf.001.b5p80kp122810kp122810-48x96.00267_0.000_422_-4-2-2_smsnk30.lime
/scratch/usr/hhpmbate/chroma_2pt/48x96/b5p80kp122810kp122810/vector/lp001lp0001_g2_g4_q000_q220_q422_q442_q600_q642/correlators/meson_qcdsf.001.b5p80kp122810kp122810-48x96.00267_0.000_442_-4-4-2_ptsink.lime
/scratch/usr/hhpmbate/chroma_2pt/48x96/b5p80kp122810kp122810/vector/lp001lp0001_g2_g4_q000_q220_q422_q442_q600_q642/correlators/meson_qcdsf.001.b5p80kp122810kp122810-48x96.00267_0.000_442_-4-4-2_smsnk30.lime
/scratch/usr/hhpmbate/chroma_2pt/48x96/b5p80kp122810kp122810/vector/lp001lp0001_g2_g4_q000_q220_q422_q442_q600_q642/correlators/meson_qcdsf.001.b5p80kp122810kp122810-48x96.00267_0.000_600_-600_ptsink.lime
/scratch/usr/hhpmbate/chroma_2pt/48x96/b5p80kp122810kp122810/vector/lp001lp0001_g2_g4_q000_q220_q422_q442_q600_q642/correlators/meson_qcdsf.001.b5p80kp122810kp122810-48x96.00267_0.000_600_-600_smsnk30.lime
/scratch/usr/hhpmbate/chroma_2pt/48x96/b5p80kp122810kp122810/vector/lp001lp0001_g2_g4_q000_q220_q422_q442_q600_q642/correlators/meson_qcdsf.001.b5p80kp122810kp122810-48x96.00268_0.000_000_000_ptsink.lime
/scratch/usr/hhpmbate/chroma_2pt/48x96/b5p80kp122810kp122810/vector/lp001lp0001_g2_g4_q000_q220_q422_q442_q600_q642/correlators/meson_qcdsf.001.b5p80kp122810kp122810-48x96.00268_0.000_000_000_smsnk30.lime
/scratch/usr/hhpmbate/chroma_2pt/48x96/b5p80kp122810kp122810/vector/lp001lp0001_g2_g4_q000_q220_q422_q442_q600_q642/correlators/meson_qcdsf.001.b5p80kp122810kp122810-48x96.00268_0.000_220_-2-20_ptsink.lime
/scratch/usr/hhpmbate/chroma_2pt/48x96/b5p80kp122810kp122810/vector/lp001lp0001_g2_g4_q000_q220_q422_q442_q600_q642/correlators/meson_qcdsf.001.b5p80kp122810kp122810-48x96.00268_0.000_220_-2-20_smsnk30.lime
/scratch/usr/hhpmbate/chroma_2pt/48x96/b5p80kp122810kp122810/vector/lp001lp0001_g2_g4_q000_q220_q422_q442_q600_q642/correlators/meson_qcdsf.001.b5p80kp122810kp122810-48x96.00268_0.000_422_-4-2-2_ptsink.lime
/scratch/usr/hhpmbate/chroma_2pt/48x96/b5p80kp122810kp122810/vector/lp001lp0001_g2_g4_q000_q220_q422_q442_q600_q642/correlators/meson_qcdsf.001.b5p80kp122810kp122810-48x96.00268_0.000_422_-4-2-2_smsnk30.lime
/scratch/usr/hhpmbate/chroma_2pt/48x96/b5p80kp122810kp122810/vector/lp001lp0001_g2_g4_q000_q220_q422_q442_q600_q642/correlators/meson_qcdsf.001.b5p80kp122810kp122810-48x96.00268_0.000_442_-4-4-2_ptsink.lime
/scratch/usr/hhpmbate/chroma_2pt/48x96/b5p80kp122810kp122810/vector/lp001lp0001_g2_g4_q000_q220_q422_q442_q600_q642/correlators/meson_qcdsf.001.b5p80kp122810kp122810-48x96.00268_0.000_442_-4-4-2_smsnk30.lime
/scratch/usr/hhpmbate/chroma_2pt/48x96/b5p80kp122810kp122810/vector/lp001lp0001_g2_g4_q000_q220_q422_q442_q600_q642/correlators/meson_qcdsf.001.b5p80kp122810kp122810-48x96.00268_0.000_600_-600_ptsink.lime
/scratch/usr/hhpmbate/chroma_2pt/48x96/b5p80kp122810kp122810/vector/lp001lp0001_g2_g4_q000_q220_q422_q442_q600_q642/correlators/meson_qcdsf.001.b5p80kp122810kp122810-48x96.00268_0.000_600_-600_smsnk30.lime
/scratch/usr/hhpmbate/chroma_2pt/48x96/b5p80kp122810kp122810/vector/lp001lp0001_g2_g4_q000_q220_q422_q442_q600_q642/correlators/meson_qcdsf.001.b5p80kp122810kp122810-48x96.00269_0.000_000_000_ptsink.lime
/scratch/usr/hhpmbate/chroma_2pt/48x96/b5p80kp122810kp122810/vector/lp001lp0001_g2_g4_q000_q220_q422_q442_q600_q642/correlators/meson_qcdsf.001.b5p80kp122810kp122810-48x96.00269_0.000_000_000_smsnk30.lime
/scratch/usr/hhpmbate/chroma_2pt/48x96/b5p80kp122810kp122810/vector/lp001lp0001_g2_g4_q000_q220_q422_q442_q600_q642/correlators/meson_qcdsf.001.b5p80kp122810kp122810-48x96.00269_0.000_220_-2-20_ptsink.lime
/scratch/usr/hhpmbate/chroma_2pt/48x96/b5p80kp122810kp122810/vector/lp001lp0001_g2_g4_q000_q220_q422_q442_q600_q642/correlators/meson_qcdsf.001.b5p80kp122810kp122810-48x96.00269_0.000_220_-2-20_smsnk30.lime
/scratch/usr/hhpmbate/chroma_2pt/48x96/b5p80kp122810kp122810/vector/lp001lp0001_g2_g4_q000_q220_q422_q442_q600_q642/correlators/meson_qcdsf.001.b5p80kp122810kp122810-48x96.00269_0.000_422_-4-2-2_ptsink.lime
/scratch/usr/hhpmbate/chroma_2pt/48x96/b5p80kp122810kp122810/vector/lp001lp0001_g2_g4_q000_q220_q422_q442_q600_q642/correlators/meson_qcdsf.001.b5p80kp122810kp122810-48x96.00269_0.000_422_-4-2-2_smsnk30.lime
/scratch/usr/hhpmbate/chroma_2pt/48x96/b5p80kp122810kp122810/vector/lp001lp0001_g2_g4_q000_q220_q422_q442_q600_q642/correlators/meson_qcdsf.001.b5p80kp122810kp122810-48x96.00269_0.000_442_-4-4-2_ptsink.lime
/scratch/usr/hhpmbate/chroma_2pt/48x96/b5p80kp122810kp122810/vector/lp001lp0001_g2_g4_q000_q220_q422_q442_q600_q642/correlators/meson_qcdsf.001.b5p80kp122810kp122810-48x96.00269_0.000_442_-4-4-2_smsnk30.lime
/scratch/usr/hhpmbate/chroma_2pt/48x96/b5p80kp122810kp122810/vector/lp001lp0001_g2_g4_q000_q220_q422_q442_q600_q642/correlators/meson_qcdsf.001.b5p80kp122810kp122810-48x96.00269_0.000_600_-600_ptsink.lime
/scratch/usr/hhpmbate/chroma_2pt/48x96/b5p80kp122810kp122810/vector/lp001lp0001_g2_g4_q000_q220_q422_q442_q600_q642/correlators/meson_qcdsf.001.b5p80kp122810kp122810-48x96.00269_0.000_600_-600_smsnk30.lime
/scratch/usr/hhpmbate/chroma_2pt/48x96/b5p80kp122810kp122810/vector/lp001lp0001_g2_g4_q000_q220_q422_q442_q600_q642/correlators/meson_qcdsf.001.b5p80kp122810kp122810-48x96.00270_0.000_000_000_ptsink.lime
/scratch/usr/hhpmbate/chroma_2pt/48x96/b5p80kp122810kp122810/vector/lp001lp0001_g2_g4_q000_q220_q422_q442_q600_q642/correlators/meson_qcdsf.001.b5p80kp122810kp122810-48x96.00270_0.000_000_000_smsnk30.lime
/scratch/usr/hhpmbate/chroma_2pt/48x96/b5p80kp122810kp122810/vector/lp001lp0001_g2_g4_q000_q220_q422_q442_q600_q642/correlators/meson_qcdsf.001.b5p80kp122810kp122810-48x96.00270_0.000_220_-2-20_ptsink.lime
/scratch/usr/hhpmbate/chroma_2pt/48x96/b5p80kp122810kp122810/vector/lp001lp0001_g2_g4_q000_q220_q422_q442_q600_q642/correlators/meson_qcdsf.001.b5p80kp122810kp122810-48x96.00270_0.000_220_-2-20_smsnk30.lime
/scratch/usr/hhpmbate/chroma_2pt/48x96/b5p80kp122810kp122810/vector/lp001lp0001_g2_g4_q000_q220_q422_q442_q600_q642/correlators/meson_qcdsf.001.b5p80kp122810kp122810-48x96.00270_0.000_422_-4-2-2_ptsink.lime
/scratch/usr/hhpmbate/chroma_2pt/48x96/b5p80kp122810kp122810/vector/lp001lp0001_g2_g4_q000_q220_q422_q442_q600_q642/correlators/meson_qcdsf.001.b5p80kp122810kp122810-48x96.00270_0.000_422_-4-2-2_smsnk30.lime
/scratch/usr/hhpmbate/chroma_2pt/48x96/b5p80kp122810kp122810/vector/lp001lp0001_g2_g4_q000_q220_q422_q442_q600_q642/correlators/meson_qcdsf.001.b5p80kp122810kp122810-48x96.00270_0.000_442_-4-4-2_ptsink.lime
/scratch/usr/hhpmbate/chroma_2pt/48x96/b5p80kp122810kp122810/vector/lp001lp0001_g2_g4_q000_q220_q422_q442_q600_q642/correlators/meson_qcdsf.001.b5p80kp122810kp122810-48x96.00270_0.000_442_-4-4-2_smsnk30.lime
/scratch/usr/hhpmbate/chroma_2pt/48x96/b5p80kp122810kp122810/vector/lp001lp0001_g2_g4_q000_q220_q422_q442_q600_q642/correlators/meson_qcdsf.001.b5p80kp122810kp122810-48x96.00270_0.000_600_-600_ptsink.lime
/scratch/usr/hhpmbate/chroma_2pt/48x96/b5p80kp122810kp122810/vector/lp001lp0001_g2_g4_q000_q220_q422_q442_q600_q642/correlators/meson_qcdsf.001.b5p80kp122810kp122810-48x96.00270_0.000_600_-600_smsnk30.lime
/scratch/usr/hhpmbate/chroma_2pt/48x96/b5p80kp122810kp122810/vector/lp001lp0001_g2_g4_q000_q220_q422_q442_q600_q642/correlators/meson_qcdsf.001.b5p80kp122810kp122810-48x96.00271_0.000_000_000_ptsink.lime
/scratch/usr/hhpmbate/chroma_2pt/48x96/b5p80kp122810kp122810/vector/lp001lp0001_g2_g4_q000_q220_q422_q442_q600_q642/correlators/meson_qcdsf.001.b5p80kp122810kp122810-48x96.00271_0.000_000_000_smsnk30.lime
/scratch/usr/hhpmbate/chroma_2pt/48x96/b5p80kp122810kp122810/vector/lp001lp0001_g2_g4_q000_q220_q422_q442_q600_q642/correlators/meson_qcdsf.001.b5p80kp122810kp122810-48x96.00271_0.000_220_-2-20_ptsink.lime
/scratch/usr/hhpmbate/chroma_2pt/48x96/b5p80kp122810kp122810/vector/lp001lp0001_g2_g4_q000_q220_q422_q442_q600_q642/correlators/meson_qcdsf.001.b5p80kp122810kp122810-48x96.00271_0.000_220_-2-20_smsnk30.lime
/scratch/usr/hhpmbate/chroma_2pt/48x96/b5p80kp122810kp122810/vector/lp001lp0001_g2_g4_q000_q220_q422_q442_q600_q642/correlators/meson_qcdsf.001.b5p80kp122810kp122810-48x96.00271_0.000_422_-4-2-2_ptsink.lime
/scratch/usr/hhpmbate/chroma_2pt/48x96/b5p80kp122810kp122810/vector/lp001lp0001_g2_g4_q000_q220_q422_q442_q600_q642/correlators/meson_qcdsf.001.b5p80kp122810kp122810-48x96.00271_0.000_422_-4-2-2_smsnk30.lime
/scratch/usr/hhpmbate/chroma_2pt/48x96/b5p80kp122810kp122810/vector/lp001lp0001_g2_g4_q000_q220_q422_q442_q600_q642/correlators/meson_qcdsf.001.b5p80kp122810kp122810-48x96.00271_0.000_442_-4-4-2_ptsink.lime
/scratch/usr/hhpmbate/chroma_2pt/48x96/b5p80kp122810kp122810/vector/lp001lp0001_g2_g4_q000_q220_q422_q442_q600_q642/correlators/meson_qcdsf.001.b5p80kp122810kp122810-48x96.00271_0.000_442_-4-4-2_smsnk30.lime
/scratch/usr/hhpmbate/chroma_2pt/48x96/b5p80kp122810kp122810/vector/lp001lp0001_g2_g4_q000_q220_q422_q442_q600_q642/correlators/meson_qcdsf.001.b5p80kp122810kp122810-48x96.00271_0.000_600_-600_ptsink.lime
/scratch/usr/hhpmbate/chroma_2pt/48x96/b5p80kp122810kp122810/vector/lp001lp0001_g2_g4_q000_q220_q422_q442_q600_q642/correlators/meson_qcdsf.001.b5p80kp122810kp122810-48x96.00271_0.000_600_-600_smsnk30.lime
/scratch/usr/hhpmbate/chroma_2pt/48x96/b5p80kp122810kp122810/vector/lp001lp0001_g2_g4_q000_q220_q422_q442_q600_q642/correlators/meson_qcdsf.001.b5p80kp122810kp122810-48x96.00272_0.000_000_000_ptsink.lime
/scratch/usr/hhpmbate/chroma_2pt/48x96/b5p80kp122810kp122810/vector/lp001lp0001_g2_g4_q000_q220_q422_q442_q600_q642/correlators/meson_qcdsf.001.b5p80kp122810kp122810-48x96.00272_0.000_000_000_smsnk30.lime
/scratch/usr/hhpmbate/chroma_2pt/48x96/b5p80kp122810kp122810/vector/lp001lp0001_g2_g4_q000_q220_q422_q442_q600_q642/correlators/meson_qcdsf.001.b5p80kp122810kp122810-48x96.00272_0.000_220_-2-20_ptsink.lime
/scratch/usr/hhpmbate/chroma_2pt/48x96/b5p80kp122810kp122810/vector/lp001lp0001_g2_g4_q000_q220_q422_q442_q600_q642/correlators/meson_qcdsf.001.b5p80kp122810kp122810-48x96.00272_0.000_220_-2-20_smsnk30.lime
/scratch/usr/hhpmbate/chroma_2pt/48x96/b5p80kp122810kp122810/vector/lp001lp0001_g2_g4_q000_q220_q422_q442_q600_q642/correlators/meson_qcdsf.001.b5p80kp122810kp122810-48x96.00272_0.000_422_-4-2-2_ptsink.lime
/scratch/usr/hhpmbate/chroma_2pt/48x96/b5p80kp122810kp122810/vector/lp001lp0001_g2_g4_q000_q220_q422_q442_q600_q642/correlators/meson_qcdsf.001.b5p80kp122810kp122810-48x96.00272_0.000_422_-4-2-2_smsnk30.lime
/scratch/usr/hhpmbate/chroma_2pt/48x96/b5p80kp122810kp122810/vector/lp001lp0001_g2_g4_q000_q220_q422_q442_q600_q642/correlators/meson_qcdsf.001.b5p80kp122810kp122810-48x96.00272_0.000_442_-4-4-2_ptsink.lime
/scratch/usr/hhpmbate/chroma_2pt/48x96/b5p80kp122810kp122810/vector/lp001lp0001_g2_g4_q000_q220_q422_q442_q600_q642/correlators/meson_qcdsf.001.b5p80kp122810kp122810-48x96.00272_0.000_442_-4-4-2_smsnk30.lime
/scratch/usr/hhpmbate/chroma_2pt/48x96/b5p80kp122810kp122810/vector/lp001lp0001_g2_g4_q000_q220_q422_q442_q600_q642/correlators/meson_qcdsf.001.b5p80kp122810kp122810-48x96.00272_0.000_600_-600_ptsink.lime
/scratch/usr/hhpmbate/chroma_2pt/48x96/b5p80kp122810kp122810/vector/lp001lp0001_g2_g4_q000_q220_q422_q442_q600_q642/correlators/meson_qcdsf.001.b5p80kp122810kp122810-48x96.00272_0.000_600_-600_smsnk30.lime
/scratch/usr/hhpmbate/chroma_2pt/48x96/b5p80kp122810kp122810/vector/lp001lp0001_g2_g4_q000_q220_q422_q442_q600_q642/correlators/meson_qcdsf.001.b5p80kp122810kp122810-48x96.00273_0.000_000_000_ptsink.lime
/scratch/usr/hhpmbate/chroma_2pt/48x96/b5p80kp122810kp122810/vector/lp001lp0001_g2_g4_q000_q220_q422_q442_q600_q642/correlators/meson_qcdsf.001.b5p80kp122810kp122810-48x96.00273_0.000_000_000_smsnk30.lime
/scratch/usr/hhpmbate/chroma_2pt/48x96/b5p80kp122810kp122810/vector/lp001lp0001_g2_g4_q000_q220_q422_q442_q600_q642/correlators/meson_qcdsf.001.b5p80kp122810kp122810-48x96.00273_0.000_220_-2-20_ptsink.lime
/scratch/usr/hhpmbate/chroma_2pt/48x96/b5p80kp122810kp122810/vector/lp001lp0001_g2_g4_q000_q220_q422_q442_q600_q642/correlators/meson_qcdsf.001.b5p80kp122810kp122810-48x96.00273_0.000_220_-2-20_smsnk30.lime
/scratch/usr/hhpmbate/chroma_2pt/48x96/b5p80kp122810kp122810/vector/lp001lp0001_g2_g4_q000_q220_q422_q442_q600_q642/correlators/meson_qcdsf.001.b5p80kp122810kp122810-48x96.00273_0.000_422_-4-2-2_ptsink.lime
/scratch/usr/hhpmbate/chroma_2pt/48x96/b5p80kp122810kp122810/vector/lp001lp0001_g2_g4_q000_q220_q422_q442_q600_q642/correlators/meson_qcdsf.001.b5p80kp122810kp122810-48x96.00273_0.000_422_-4-2-2_smsnk30.lime
/scratch/usr/hhpmbate/chroma_2pt/48x96/b5p80kp122810kp122810/vector/lp001lp0001_g2_g4_q000_q220_q422_q442_q600_q642/correlators/meson_qcdsf.001.b5p80kp122810kp122810-48x96.00273_0.000_442_-4-4-2_ptsink.lime
/scratch/usr/hhpmbate/chroma_2pt/48x96/b5p80kp122810kp122810/vector/lp001lp0001_g2_g4_q000_q220_q422_q442_q600_q642/correlators/meson_qcdsf.001.b5p80kp122810kp122810-48x96.00273_0.000_442_-4-4-2_smsnk30.lime
/scratch/usr/hhpmbate/chroma_2pt/48x96/b5p80kp122810kp122810/vector/lp001lp0001_g2_g4_q000_q220_q422_q442_q600_q642/correlators/meson_qcdsf.001.b5p80kp122810kp122810-48x96.00273_0.000_600_-600_ptsink.lime
/scratch/usr/hhpmbate/chroma_2pt/48x96/b5p80kp122810kp122810/vector/lp001lp0001_g2_g4_q000_q220_q422_q442_q600_q642/correlators/meson_qcdsf.001.b5p80kp122810kp122810-48x96.00273_0.000_600_-600_smsnk30.lime
/scratch/usr/hhpmbate/chroma_2pt/48x96/b5p80kp122810kp122810/vector/lp001lp0001_g2_g4_q000_q220_q422_q442_q600_q642/correlators/meson_qcdsf.001.b5p80kp122810kp122810-48x96.00274_0.000_000_000_ptsink.lime
/scratch/usr/hhpmbate/chroma_2pt/48x96/b5p80kp122810kp122810/vector/lp001lp0001_g2_g4_q000_q220_q422_q442_q600_q642/correlators/meson_qcdsf.001.b5p80kp122810kp122810-48x96.00274_0.000_000_000_smsnk30.lime
/scratch/usr/hhpmbate/chroma_2pt/48x96/b5p80kp122810kp122810/vector/lp001lp0001_g2_g4_q000_q220_q422_q442_q600_q642/correlators/meson_qcdsf.001.b5p80kp122810kp122810-48x96.00274_0.000_220_-2-20_ptsink.lime
/scratch/usr/hhpmbate/chroma_2pt/48x96/b5p80kp122810kp122810/vector/lp001lp0001_g2_g4_q000_q220_q422_q442_q600_q642/correlators/meson_qcdsf.001.b5p80kp122810kp122810-48x96.00274_0.000_220_-2-20_smsnk30.lime
/scratch/usr/hhpmbate/chroma_2pt/48x96/b5p80kp122810kp122810/vector/lp001lp0001_g2_g4_q000_q220_q422_q442_q600_q642/correlators/meson_qcdsf.001.b5p80kp122810kp122810-48x96.00274_0.000_422_-4-2-2_ptsink.lime
/scratch/usr/hhpmbate/chroma_2pt/48x96/b5p80kp122810kp122810/vector/lp001lp0001_g2_g4_q000_q220_q422_q442_q600_q642/correlators/meson_qcdsf.001.b5p80kp122810kp122810-48x96.00274_0.000_422_-4-2-2_smsnk30.lime
/scratch/usr/hhpmbate/chroma_2pt/48x96/b5p80kp122810kp122810/vector/lp001lp0001_g2_g4_q000_q220_q422_q442_q600_q642/correlators/meson_qcdsf.001.b5p80kp122810kp122810-48x96.00274_0.000_442_-4-4-2_ptsink.lime
/scratch/usr/hhpmbate/chroma_2pt/48x96/b5p80kp122810kp122810/vector/lp001lp0001_g2_g4_q000_q220_q422_q442_q600_q642/correlators/meson_qcdsf.001.b5p80kp122810kp122810-48x96.00274_0.000_442_-4-4-2_smsnk30.lime
/scratch/usr/hhpmbate/chroma_2pt/48x96/b5p80kp122810kp122810/vector/lp001lp0001_g2_g4_q000_q220_q422_q442_q600_q642/correlators/meson_qcdsf.001.b5p80kp122810kp122810-48x96.00274_0.000_600_-600_ptsink.lime
/scratch/usr/hhpmbate/chroma_2pt/48x96/b5p80kp122810kp122810/vector/lp001lp0001_g2_g4_q000_q220_q422_q442_q600_q642/correlators/meson_qcdsf.001.b5p80kp122810kp122810-48x96.00274_0.000_600_-600_smsnk30.lime
/scratch/usr/hhpmbate/chroma_2pt/48x96/b5p80kp122810kp122810/vector/lp001lp0001_g2_g4_q000_q220_q422_q442_q600_q642/correlators/meson_qcdsf.001.b5p80kp122810kp122810-48x96.00275_0.000_000_000_ptsink.lime
/scratch/usr/hhpmbate/chroma_2pt/48x96/b5p80kp122810kp122810/vector/lp001lp0001_g2_g4_q000_q220_q422_q442_q600_q642/correlators/meson_qcdsf.001.b5p80kp122810kp122810-48x96.00275_0.000_000_000_smsnk30.lime
/scratch/usr/hhpmbate/chroma_2pt/48x96/b5p80kp122810kp122810/vector/lp001lp0001_g2_g4_q000_q220_q422_q442_q600_q642/correlators/meson_qcdsf.001.b5p80kp122810kp122810-48x96.00275_0.000_220_-2-20_ptsink.lime
/scratch/usr/hhpmbate/chroma_2pt/48x96/b5p80kp122810kp122810/vector/lp001lp0001_g2_g4_q000_q220_q422_q442_q600_q642/correlators/meson_qcdsf.001.b5p80kp122810kp122810-48x96.00275_0.000_220_-2-20_smsnk30.lime
/scratch/usr/hhpmbate/chroma_2pt/48x96/b5p80kp122810kp122810/vector/lp001lp0001_g2_g4_q000_q220_q422_q442_q600_q642/correlators/meson_qcdsf.001.b5p80kp122810kp122810-48x96.00275_0.000_422_-4-2-2_ptsink.lime
/scratch/usr/hhpmbate/chroma_2pt/48x96/b5p80kp122810kp122810/vector/lp001lp0001_g2_g4_q000_q220_q422_q442_q600_q642/correlators/meson_qcdsf.001.b5p80kp122810kp122810-48x96.00275_0.000_422_-4-2-2_smsnk30.lime
/scratch/usr/hhpmbate/chroma_2pt/48x96/b5p80kp122810kp122810/vector/lp001lp0001_g2_g4_q000_q220_q422_q442_q600_q642/correlators/meson_qcdsf.001.b5p80kp122810kp122810-48x96.00275_0.000_442_-4-4-2_ptsink.lime
/scratch/usr/hhpmbate/chroma_2pt/48x96/b5p80kp122810kp122810/vector/lp001lp0001_g2_g4_q000_q220_q422_q442_q600_q642/correlators/meson_qcdsf.001.b5p80kp122810kp122810-48x96.00275_0.000_442_-4-4-2_smsnk30.lime
/scratch/usr/hhpmbate/chroma_2pt/48x96/b5p80kp122810kp122810/vector/lp001lp0001_g2_g4_q000_q220_q422_q442_q600_q642/correlators/meson_qcdsf.001.b5p80kp122810kp122810-48x96.00275_0.000_600_-600_ptsink.lime
/scratch/usr/hhpmbate/chroma_2pt/48x96/b5p80kp122810kp122810/vector/lp001lp0001_g2_g4_q000_q220_q422_q442_q600_q642/correlators/meson_qcdsf.001.b5p80kp122810kp122810-48x96.00275_0.000_600_-600_smsnk30.lime
/scratch/usr/hhpmbate/chroma_2pt/48x96/b5p80kp122810kp122810/vector/lp001lp0001_g2_g4_q000_q220_q422_q442_q600_q642/correlators/meson_qcdsf.001.b5p80kp122810kp122810-48x96.00276_0.000_000_000_ptsink.lime
/scratch/usr/hhpmbate/chroma_2pt/48x96/b5p80kp122810kp122810/vector/lp001lp0001_g2_g4_q000_q220_q422_q442_q600_q642/correlators/meson_qcdsf.001.b5p80kp122810kp122810-48x96.00276_0.000_000_000_smsnk30.lime
/scratch/usr/hhpmbate/chroma_2pt/48x96/b5p80kp122810kp122810/vector/lp001lp0001_g2_g4_q000_q220_q422_q442_q600_q642/correlators/meson_qcdsf.001.b5p80kp122810kp122810-48x96.00276_0.000_220_-2-20_ptsink.lime
/scratch/usr/hhpmbate/chroma_2pt/48x96/b5p80kp122810kp122810/vector/lp001lp0001_g2_g4_q000_q220_q422_q442_q600_q642/correlators/meson_qcdsf.001.b5p80kp122810kp122810-48x96.00276_0.000_220_-2-20_smsnk30.lime
/scratch/usr/hhpmbate/chroma_2pt/48x96/b5p80kp122810kp122810/vector/lp001lp0001_g2_g4_q000_q220_q422_q442_q600_q642/correlators/meson_qcdsf.001.b5p80kp122810kp122810-48x96.00276_0.000_422_-4-2-2_ptsink.lime
/scratch/usr/hhpmbate/chroma_2pt/48x96/b5p80kp122810kp122810/vector/lp001lp0001_g2_g4_q000_q220_q422_q442_q600_q642/correlators/meson_qcdsf.001.b5p80kp122810kp122810-48x96.00276_0.000_422_-4-2-2_smsnk30.lime
/scratch/usr/hhpmbate/chroma_2pt/48x96/b5p80kp122810kp122810/vector/lp001lp0001_g2_g4_q000_q220_q422_q442_q600_q642/correlators/meson_qcdsf.001.b5p80kp122810kp122810-48x96.00276_0.000_442_-4-4-2_ptsink.lime
/scratch/usr/hhpmbate/chroma_2pt/48x96/b5p80kp122810kp122810/vector/lp001lp0001_g2_g4_q000_q220_q422_q442_q600_q642/correlators/meson_qcdsf.001.b5p80kp122810kp122810-48x96.00276_0.000_442_-4-4-2_smsnk30.lime
/scratch/usr/hhpmbate/chroma_2pt/48x96/b5p80kp122810kp122810/vector/lp001lp0001_g2_g4_q000_q220_q422_q442_q600_q642/correlators/meson_qcdsf.001.b5p80kp122810kp122810-48x96.00276_0.000_600_-600_ptsink.lime
/scratch/usr/hhpmbate/chroma_2pt/48x96/b5p80kp122810kp122810/vector/lp001lp0001_g2_g4_q000_q220_q422_q442_q600_q642/correlators/meson_qcdsf.001.b5p80kp122810kp122810-48x96.00276_0.000_600_-600_smsnk30.lime
/scratch/usr/hhpmbate/chroma_2pt/48x96/b5p80kp122810kp122810/vector/lp001lp0001_g2_g4_q000_q220_q422_q442_q600_q642/correlators/meson_qcdsf.001.b5p80kp122810kp122810-48x96.00277_0.000_000_000_ptsink.lime
/scratch/usr/hhpmbate/chroma_2pt/48x96/b5p80kp122810kp122810/vector/lp001lp0001_g2_g4_q000_q220_q422_q442_q600_q642/correlators/meson_qcdsf.001.b5p80kp122810kp122810-48x96.00277_0.000_000_000_smsnk30.lime
/scratch/usr/hhpmbate/chroma_2pt/48x96/b5p80kp122810kp122810/vector/lp001lp0001_g2_g4_q000_q220_q422_q442_q600_q642/correlators/meson_qcdsf.001.b5p80kp122810kp122810-48x96.00277_0.000_220_-2-20_ptsink.lime
/scratch/usr/hhpmbate/chroma_2pt/48x96/b5p80kp122810kp122810/vector/lp001lp0001_g2_g4_q000_q220_q422_q442_q600_q642/correlators/meson_qcdsf.001.b5p80kp122810kp122810-48x96.00277_0.000_220_-2-20_smsnk30.lime
/scratch/usr/hhpmbate/chroma_2pt/48x96/b5p80kp122810kp122810/vector/lp001lp0001_g2_g4_q000_q220_q422_q442_q600_q642/correlators/meson_qcdsf.001.b5p80kp122810kp122810-48x96.00277_0.000_422_-4-2-2_ptsink.lime
/scratch/usr/hhpmbate/chroma_2pt/48x96/b5p80kp122810kp122810/vector/lp001lp0001_g2_g4_q000_q220_q422_q442_q600_q642/correlators/meson_qcdsf.001.b5p80kp122810kp122810-48x96.00277_0.000_422_-4-2-2_smsnk30.lime
/scratch/usr/hhpmbate/chroma_2pt/48x96/b5p80kp122810kp122810/vector/lp001lp0001_g2_g4_q000_q220_q422_q442_q600_q642/correlators/meson_qcdsf.001.b5p80kp122810kp122810-48x96.00277_0.000_442_-4-4-2_ptsink.lime
/scratch/usr/hhpmbate/chroma_2pt/48x96/b5p80kp122810kp122810/vector/lp001lp0001_g2_g4_q000_q220_q422_q442_q600_q642/correlators/meson_qcdsf.001.b5p80kp122810kp122810-48x96.00277_0.000_442_-4-4-2_smsnk30.lime
/scratch/usr/hhpmbate/chroma_2pt/48x96/b5p80kp122810kp122810/vector/lp001lp0001_g2_g4_q000_q220_q422_q442_q600_q642/correlators/meson_qcdsf.001.b5p80kp122810kp122810-48x96.00277_0.000_600_-600_ptsink.lime
/scratch/usr/hhpmbate/chroma_2pt/48x96/b5p80kp122810kp122810/vector/lp001lp0001_g2_g4_q000_q220_q422_q442_q600_q642/correlators/meson_qcdsf.001.b5p80kp122810kp122810-48x96.00277_0.000_600_-600_smsnk30.lime
/scratch/usr/hhpmbate/chroma_2pt/48x96/b5p80kp122810kp122810/vector/lp001lp0001_g2_g4_q000_q220_q422_q442_q600_q642/correlators/meson_qcdsf.001.b5p80kp122810kp122810-48x96.00278_0.000_000_000_ptsink.lime
/scratch/usr/hhpmbate/chroma_2pt/48x96/b5p80kp122810kp122810/vector/lp001lp0001_g2_g4_q000_q220_q422_q442_q600_q642/correlators/meson_qcdsf.001.b5p80kp122810kp122810-48x96.00278_0.000_000_000_smsnk30.lime
/scratch/usr/hhpmbate/chroma_2pt/48x96/b5p80kp122810kp122810/vector/lp001lp0001_g2_g4_q000_q220_q422_q442_q600_q642/correlators/meson_qcdsf.001.b5p80kp122810kp122810-48x96.00278_0.000_220_-2-20_ptsink.lime
/scratch/usr/hhpmbate/chroma_2pt/48x96/b5p80kp122810kp122810/vector/lp001lp0001_g2_g4_q000_q220_q422_q442_q600_q642/correlators/meson_qcdsf.001.b5p80kp122810kp122810-48x96.00278_0.000_220_-2-20_smsnk30.lime
/scratch/usr/hhpmbate/chroma_2pt/48x96/b5p80kp122810kp122810/vector/lp001lp0001_g2_g4_q000_q220_q422_q442_q600_q642/correlators/meson_qcdsf.001.b5p80kp122810kp122810-48x96.00278_0.000_422_-4-2-2_ptsink.lime
/scratch/usr/hhpmbate/chroma_2pt/48x96/b5p80kp122810kp122810/vector/lp001lp0001_g2_g4_q000_q220_q422_q442_q600_q642/correlators/meson_qcdsf.001.b5p80kp122810kp122810-48x96.00278_0.000_422_-4-2-2_smsnk30.lime
/scratch/usr/hhpmbate/chroma_2pt/48x96/b5p80kp122810kp122810/vector/lp001lp0001_g2_g4_q000_q220_q422_q442_q600_q642/correlators/meson_qcdsf.001.b5p80kp122810kp122810-48x96.00278_0.000_442_-4-4-2_ptsink.lime
/scratch/usr/hhpmbate/chroma_2pt/48x96/b5p80kp122810kp122810/vector/lp001lp0001_g2_g4_q000_q220_q422_q442_q600_q642/correlators/meson_qcdsf.001.b5p80kp122810kp122810-48x96.00278_0.000_442_-4-4-2_smsnk30.lime
/scratch/usr/hhpmbate/chroma_2pt/48x96/b5p80kp122810kp122810/vector/lp001lp0001_g2_g4_q000_q220_q422_q442_q600_q642/correlators/meson_qcdsf.001.b5p80kp122810kp122810-48x96.00278_0.000_600_-600_ptsink.lime
/scratch/usr/hhpmbate/chroma_2pt/48x96/b5p80kp122810kp122810/vector/lp001lp0001_g2_g4_q000_q220_q422_q442_q600_q642/correlators/meson_qcdsf.001.b5p80kp122810kp122810-48x96.00278_0.000_600_-600_smsnk30.lime
/scratch/usr/hhpmbate/chroma_2pt/48x96/b5p80kp122810kp122810/vector/lp001lp0001_g2_g4_q000_q220_q422_q442_q600_q642/correlators/meson_qcdsf.001.b5p80kp122810kp122810-48x96.00279_0.000_000_000_ptsink.lime
/scratch/usr/hhpmbate/chroma_2pt/48x96/b5p80kp122810kp122810/vector/lp001lp0001_g2_g4_q000_q220_q422_q442_q600_q642/correlators/meson_qcdsf.001.b5p80kp122810kp122810-48x96.00279_0.000_000_000_smsnk30.lime
/scratch/usr/hhpmbate/chroma_2pt/48x96/b5p80kp122810kp122810/vector/lp001lp0001_g2_g4_q000_q220_q422_q442_q600_q642/correlators/meson_qcdsf.001.b5p80kp122810kp122810-48x96.00279_0.000_220_-2-20_ptsink.lime
/scratch/usr/hhpmbate/chroma_2pt/48x96/b5p80kp122810kp122810/vector/lp001lp0001_g2_g4_q000_q220_q422_q442_q600_q642/correlators/meson_qcdsf.001.b5p80kp122810kp122810-48x96.00279_0.000_220_-2-20_smsnk30.lime
/scratch/usr/hhpmbate/chroma_2pt/48x96/b5p80kp122810kp122810/vector/lp001lp0001_g2_g4_q000_q220_q422_q442_q600_q642/correlators/meson_qcdsf.001.b5p80kp122810kp122810-48x96.00279_0.000_422_-4-2-2_ptsink.lime
/scratch/usr/hhpmbate/chroma_2pt/48x96/b5p80kp122810kp122810/vector/lp001lp0001_g2_g4_q000_q220_q422_q442_q600_q642/correlators/meson_qcdsf.001.b5p80kp122810kp122810-48x96.00279_0.000_422_-4-2-2_smsnk30.lime
/scratch/usr/hhpmbate/chroma_2pt/48x96/b5p80kp122810kp122810/vector/lp001lp0001_g2_g4_q000_q220_q422_q442_q600_q642/correlators/meson_qcdsf.001.b5p80kp122810kp122810-48x96.00279_0.000_442_-4-4-2_ptsink.lime
/scratch/usr/hhpmbate/chroma_2pt/48x96/b5p80kp122810kp122810/vector/lp001lp0001_g2_g4_q000_q220_q422_q442_q600_q642/correlators/meson_qcdsf.001.b5p80kp122810kp122810-48x96.00279_0.000_442_-4-4-2_smsnk30.lime
/scratch/usr/hhpmbate/chroma_2pt/48x96/b5p80kp122810kp122810/vector/lp001lp0001_g2_g4_q000_q220_q422_q442_q600_q642/correlators/meson_qcdsf.001.b5p80kp122810kp122810-48x96.00279_0.000_600_-600_ptsink.lime
/scratch/usr/hhpmbate/chroma_2pt/48x96/b5p80kp122810kp122810/vector/lp001lp0001_g2_g4_q000_q220_q422_q442_q600_q642/correlators/meson_qcdsf.001.b5p80kp122810kp122810-48x96.00279_0.000_600_-600_smsnk30.lime
/scratch/usr/hhpmbate/chroma_2pt/48x96/b5p80kp122810kp122810/vector/lp001lp0001_g2_g4_q000_q220_q422_q442_q600_q642/correlators/meson_qcdsf.001.b5p80kp122810kp122810-48x96.00280_0.000_000_000_ptsink.lime
/scratch/usr/hhpmbate/chroma_2pt/48x96/b5p80kp122810kp122810/vector/lp001lp0001_g2_g4_q000_q220_q422_q442_q600_q642/correlators/meson_qcdsf.001.b5p80kp122810kp122810-48x96.00280_0.000_000_000_smsnk30.lime
/scratch/usr/hhpmbate/chroma_2pt/48x96/b5p80kp122810kp122810/vector/lp001lp0001_g2_g4_q000_q220_q422_q442_q600_q642/correlators/meson_qcdsf.001.b5p80kp122810kp122810-48x96.00280_0.000_220_-2-20_ptsink.lime
/scratch/usr/hhpmbate/chroma_2pt/48x96/b5p80kp122810kp122810/vector/lp001lp0001_g2_g4_q000_q220_q422_q442_q600_q642/correlators/meson_qcdsf.001.b5p80kp122810kp122810-48x96.00280_0.000_220_-2-20_smsnk30.lime
/scratch/usr/hhpmbate/chroma_2pt/48x96/b5p80kp122810kp122810/vector/lp001lp0001_g2_g4_q000_q220_q422_q442_q600_q642/correlators/meson_qcdsf.001.b5p80kp122810kp122810-48x96.00280_0.000_422_-4-2-2_ptsink.lime
/scratch/usr/hhpmbate/chroma_2pt/48x96/b5p80kp122810kp122810/vector/lp001lp0001_g2_g4_q000_q220_q422_q442_q600_q642/correlators/meson_qcdsf.001.b5p80kp122810kp122810-48x96.00280_0.000_422_-4-2-2_smsnk30.lime
/scratch/usr/hhpmbate/chroma_2pt/48x96/b5p80kp122810kp122810/vector/lp001lp0001_g2_g4_q000_q220_q422_q442_q600_q642/correlators/meson_qcdsf.001.b5p80kp122810kp122810-48x96.00280_0.000_442_-4-4-2_ptsink.lime
/scratch/usr/hhpmbate/chroma_2pt/48x96/b5p80kp122810kp122810/vector/lp001lp0001_g2_g4_q000_q220_q422_q442_q600_q642/correlators/meson_qcdsf.001.b5p80kp122810kp122810-48x96.00280_0.000_442_-4-4-2_smsnk30.lime
/scratch/usr/hhpmbate/chroma_2pt/48x96/b5p80kp122810kp122810/vector/lp001lp0001_g2_g4_q000_q220_q422_q442_q600_q642/correlators/meson_qcdsf.001.b5p80kp122810kp122810-48x96.00280_0.000_600_-600_ptsink.lime
/scratch/usr/hhpmbate/chroma_2pt/48x96/b5p80kp122810kp122810/vector/lp001lp0001_g2_g4_q000_q220_q422_q442_q600_q642/correlators/meson_qcdsf.001.b5p80kp122810kp122810-48x96.00280_0.000_600_-600_smsnk30.lime
/scratch/usr/hhpmbate/chroma_2pt/48x96/b5p80kp122810kp122810/vector/lp001lp0001_g2_g4_q000_q220_q422_q442_q600_q642/correlators/meson_qcdsf.001.b5p80kp122810kp122810-48x96.00281_0.000_000_000_ptsink.lime
/scratch/usr/hhpmbate/chroma_2pt/48x96/b5p80kp122810kp122810/vector/lp001lp0001_g2_g4_q000_q220_q422_q442_q600_q642/correlators/meson_qcdsf.001.b5p80kp122810kp122810-48x96.00281_0.000_000_000_smsnk30.lime
/scratch/usr/hhpmbate/chroma_2pt/48x96/b5p80kp122810kp122810/vector/lp001lp0001_g2_g4_q000_q220_q422_q442_q600_q642/correlators/meson_qcdsf.001.b5p80kp122810kp122810-48x96.00281_0.000_220_-2-20_ptsink.lime
/scratch/usr/hhpmbate/chroma_2pt/48x96/b5p80kp122810kp122810/vector/lp001lp0001_g2_g4_q000_q220_q422_q442_q600_q642/correlators/meson_qcdsf.001.b5p80kp122810kp122810-48x96.00281_0.000_220_-2-20_smsnk30.lime
/scratch/usr/hhpmbate/chroma_2pt/48x96/b5p80kp122810kp122810/vector/lp001lp0001_g2_g4_q000_q220_q422_q442_q600_q642/correlators/meson_qcdsf.001.b5p80kp122810kp122810-48x96.00281_0.000_422_-4-2-2_ptsink.lime
/scratch/usr/hhpmbate/chroma_2pt/48x96/b5p80kp122810kp122810/vector/lp001lp0001_g2_g4_q000_q220_q422_q442_q600_q642/correlators/meson_qcdsf.001.b5p80kp122810kp122810-48x96.00281_0.000_422_-4-2-2_smsnk30.lime
/scratch/usr/hhpmbate/chroma_2pt/48x96/b5p80kp122810kp122810/vector/lp001lp0001_g2_g4_q000_q220_q422_q442_q600_q642/correlators/meson_qcdsf.001.b5p80kp122810kp122810-48x96.00281_0.000_442_-4-4-2_ptsink.lime
/scratch/usr/hhpmbate/chroma_2pt/48x96/b5p80kp122810kp122810/vector/lp001lp0001_g2_g4_q000_q220_q422_q442_q600_q642/correlators/meson_qcdsf.001.b5p80kp122810kp122810-48x96.00281_0.000_442_-4-4-2_smsnk30.lime
/scratch/usr/hhpmbate/chroma_2pt/48x96/b5p80kp122810kp122810/vector/lp001lp0001_g2_g4_q000_q220_q422_q442_q600_q642/correlators/meson_qcdsf.001.b5p80kp122810kp122810-48x96.00281_0.000_600_-600_ptsink.lime
/scratch/usr/hhpmbate/chroma_2pt/48x96/b5p80kp122810kp122810/vector/lp001lp0001_g2_g4_q000_q220_q422_q442_q600_q642/correlators/meson_qcdsf.001.b5p80kp122810kp122810-48x96.00281_0.000_600_-600_smsnk30.lime
/scratch/usr/hhpmbate/chroma_2pt/48x96/b5p80kp122810kp122810/vector/lp001lp0001_g2_g4_q000_q220_q422_q442_q600_q642/correlators/meson_qcdsf.001.b5p80kp122810kp122810-48x96.00282_0.000_000_000_ptsink.lime
/scratch/usr/hhpmbate/chroma_2pt/48x96/b5p80kp122810kp122810/vector/lp001lp0001_g2_g4_q000_q220_q422_q442_q600_q642/correlators/meson_qcdsf.001.b5p80kp122810kp122810-48x96.00282_0.000_000_000_smsnk30.lime
/scratch/usr/hhpmbate/chroma_2pt/48x96/b5p80kp122810kp122810/vector/lp001lp0001_g2_g4_q000_q220_q422_q442_q600_q642/correlators/meson_qcdsf.001.b5p80kp122810kp122810-48x96.00282_0.000_220_-2-20_ptsink.lime
/scratch/usr/hhpmbate/chroma_2pt/48x96/b5p80kp122810kp122810/vector/lp001lp0001_g2_g4_q000_q220_q422_q442_q600_q642/correlators/meson_qcdsf.001.b5p80kp122810kp122810-48x96.00282_0.000_220_-2-20_smsnk30.lime
/scratch/usr/hhpmbate/chroma_2pt/48x96/b5p80kp122810kp122810/vector/lp001lp0001_g2_g4_q000_q220_q422_q442_q600_q642/correlators/meson_qcdsf.001.b5p80kp122810kp122810-48x96.00282_0.000_422_-4-2-2_ptsink.lime
/scratch/usr/hhpmbate/chroma_2pt/48x96/b5p80kp122810kp122810/vector/lp001lp0001_g2_g4_q000_q220_q422_q442_q600_q642/correlators/meson_qcdsf.001.b5p80kp122810kp122810-48x96.00282_0.000_422_-4-2-2_smsnk30.lime
/scratch/usr/hhpmbate/chroma_2pt/48x96/b5p80kp122810kp122810/vector/lp001lp0001_g2_g4_q000_q220_q422_q442_q600_q642/correlators/meson_qcdsf.001.b5p80kp122810kp122810-48x96.00282_0.000_442_-4-4-2_ptsink.lime
/scratch/usr/hhpmbate/chroma_2pt/48x96/b5p80kp122810kp122810/vector/lp001lp0001_g2_g4_q000_q220_q422_q442_q600_q642/correlators/meson_qcdsf.001.b5p80kp122810kp122810-48x96.00282_0.000_442_-4-4-2_smsnk30.lime
/scratch/usr/hhpmbate/chroma_2pt/48x96/b5p80kp122810kp122810/vector/lp001lp0001_g2_g4_q000_q220_q422_q442_q600_q642/correlators/meson_qcdsf.001.b5p80kp122810kp122810-48x96.00282_0.000_600_-600_ptsink.lime
/scratch/usr/hhpmbate/chroma_2pt/48x96/b5p80kp122810kp122810/vector/lp001lp0001_g2_g4_q000_q220_q422_q442_q600_q642/correlators/meson_qcdsf.001.b5p80kp122810kp122810-48x96.00282_0.000_600_-600_smsnk30.lime
/scratch/usr/hhpmbate/chroma_2pt/48x96/b5p80kp122810kp122810/vector/lp001lp0001_g2_g4_q000_q220_q422_q442_q600_q642/correlators/meson_qcdsf.001.b5p80kp122810kp122810-48x96.00283_0.000_000_000_ptsink.lime
/scratch/usr/hhpmbate/chroma_2pt/48x96/b5p80kp122810kp122810/vector/lp001lp0001_g2_g4_q000_q220_q422_q442_q600_q642/correlators/meson_qcdsf.001.b5p80kp122810kp122810-48x96.00283_0.000_000_000_smsnk30.lime
/scratch/usr/hhpmbate/chroma_2pt/48x96/b5p80kp122810kp122810/vector/lp001lp0001_g2_g4_q000_q220_q422_q442_q600_q642/correlators/meson_qcdsf.001.b5p80kp122810kp122810-48x96.00283_0.000_220_-2-20_ptsink.lime
/scratch/usr/hhpmbate/chroma_2pt/48x96/b5p80kp122810kp122810/vector/lp001lp0001_g2_g4_q000_q220_q422_q442_q600_q642/correlators/meson_qcdsf.001.b5p80kp122810kp122810-48x96.00283_0.000_220_-2-20_smsnk30.lime
/scratch/usr/hhpmbate/chroma_2pt/48x96/b5p80kp122810kp122810/vector/lp001lp0001_g2_g4_q000_q220_q422_q442_q600_q642/correlators/meson_qcdsf.001.b5p80kp122810kp122810-48x96.00283_0.000_422_-4-2-2_ptsink.lime
/scratch/usr/hhpmbate/chroma_2pt/48x96/b5p80kp122810kp122810/vector/lp001lp0001_g2_g4_q000_q220_q422_q442_q600_q642/correlators/meson_qcdsf.001.b5p80kp122810kp122810-48x96.00283_0.000_422_-4-2-2_smsnk30.lime
/scratch/usr/hhpmbate/chroma_2pt/48x96/b5p80kp122810kp122810/vector/lp001lp0001_g2_g4_q000_q220_q422_q442_q600_q642/correlators/meson_qcdsf.001.b5p80kp122810kp122810-48x96.00283_0.000_442_-4-4-2_ptsink.lime
/scratch/usr/hhpmbate/chroma_2pt/48x96/b5p80kp122810kp122810/vector/lp001lp0001_g2_g4_q000_q220_q422_q442_q600_q642/correlators/meson_qcdsf.001.b5p80kp122810kp122810-48x96.00283_0.000_442_-4-4-2_smsnk30.lime
/scratch/usr/hhpmbate/chroma_2pt/48x96/b5p80kp122810kp122810/vector/lp001lp0001_g2_g4_q000_q220_q422_q442_q600_q642/correlators/meson_qcdsf.001.b5p80kp122810kp122810-48x96.00283_0.000_600_-600_ptsink.lime
/scratch/usr/hhpmbate/chroma_2pt/48x96/b5p80kp122810kp122810/vector/lp001lp0001_g2_g4_q000_q220_q422_q442_q600_q642/correlators/meson_qcdsf.001.b5p80kp122810kp122810-48x96.00283_0.000_600_-600_smsnk30.lime
/scratch/usr/hhpmbate/chroma_2pt/48x96/b5p80kp122810kp122810/vector/lp001lp0001_g2_g4_q000_q220_q422_q442_q600_q642/correlators/meson_qcdsf.001.b5p80kp122810kp122810-48x96.00284_0.000_000_000_ptsink.lime
/scratch/usr/hhpmbate/chroma_2pt/48x96/b5p80kp122810kp122810/vector/lp001lp0001_g2_g4_q000_q220_q422_q442_q600_q642/correlators/meson_qcdsf.001.b5p80kp122810kp122810-48x96.00284_0.000_000_000_smsnk30.lime
/scratch/usr/hhpmbate/chroma_2pt/48x96/b5p80kp122810kp122810/vector/lp001lp0001_g2_g4_q000_q220_q422_q442_q600_q642/correlators/meson_qcdsf.001.b5p80kp122810kp122810-48x96.00284_0.000_220_-2-20_ptsink.lime
/scratch/usr/hhpmbate/chroma_2pt/48x96/b5p80kp122810kp122810/vector/lp001lp0001_g2_g4_q000_q220_q422_q442_q600_q642/correlators/meson_qcdsf.001.b5p80kp122810kp122810-48x96.00284_0.000_220_-2-20_smsnk30.lime
/scratch/usr/hhpmbate/chroma_2pt/48x96/b5p80kp122810kp122810/vector/lp001lp0001_g2_g4_q000_q220_q422_q442_q600_q642/correlators/meson_qcdsf.001.b5p80kp122810kp122810-48x96.00284_0.000_422_-4-2-2_ptsink.lime
/scratch/usr/hhpmbate/chroma_2pt/48x96/b5p80kp122810kp122810/vector/lp001lp0001_g2_g4_q000_q220_q422_q442_q600_q642/correlators/meson_qcdsf.001.b5p80kp122810kp122810-48x96.00284_0.000_422_-4-2-2_smsnk30.lime
/scratch/usr/hhpmbate/chroma_2pt/48x96/b5p80kp122810kp122810/vector/lp001lp0001_g2_g4_q000_q220_q422_q442_q600_q642/correlators/meson_qcdsf.001.b5p80kp122810kp122810-48x96.00284_0.000_442_-4-4-2_ptsink.lime
/scratch/usr/hhpmbate/chroma_2pt/48x96/b5p80kp122810kp122810/vector/lp001lp0001_g2_g4_q000_q220_q422_q442_q600_q642/correlators/meson_qcdsf.001.b5p80kp122810kp122810-48x96.00284_0.000_442_-4-4-2_smsnk30.lime
/scratch/usr/hhpmbate/chroma_2pt/48x96/b5p80kp122810kp122810/vector/lp001lp0001_g2_g4_q000_q220_q422_q442_q600_q642/correlators/meson_qcdsf.001.b5p80kp122810kp122810-48x96.00284_0.000_600_-600_ptsink.lime
/scratch/usr/hhpmbate/chroma_2pt/48x96/b5p80kp122810kp122810/vector/lp001lp0001_g2_g4_q000_q220_q422_q442_q600_q642/correlators/meson_qcdsf.001.b5p80kp122810kp122810-48x96.00284_0.000_600_-600_smsnk30.lime
/scratch/usr/hhpmbate/chroma_2pt/48x96/b5p80kp122810kp122810/vector/lp001lp0001_g2_g4_q000_q220_q422_q442_q600_q642/correlators/meson_qcdsf.001.b5p80kp122810kp122810-48x96.00285_0.000_000_000_ptsink.lime
/scratch/usr/hhpmbate/chroma_2pt/48x96/b5p80kp122810kp122810/vector/lp001lp0001_g2_g4_q000_q220_q422_q442_q600_q642/correlators/meson_qcdsf.001.b5p80kp122810kp122810-48x96.00285_0.000_000_000_smsnk30.lime
/scratch/usr/hhpmbate/chroma_2pt/48x96/b5p80kp122810kp122810/vector/lp001lp0001_g2_g4_q000_q220_q422_q442_q600_q642/correlators/meson_qcdsf.001.b5p80kp122810kp122810-48x96.00285_0.000_220_-2-20_ptsink.lime
/scratch/usr/hhpmbate/chroma_2pt/48x96/b5p80kp122810kp122810/vector/lp001lp0001_g2_g4_q000_q220_q422_q442_q600_q642/correlators/meson_qcdsf.001.b5p80kp122810kp122810-48x96.00285_0.000_220_-2-20_smsnk30.lime
/scratch/usr/hhpmbate/chroma_2pt/48x96/b5p80kp122810kp122810/vector/lp001lp0001_g2_g4_q000_q220_q422_q442_q600_q642/correlators/meson_qcdsf.001.b5p80kp122810kp122810-48x96.00285_0.000_422_-4-2-2_ptsink.lime
/scratch/usr/hhpmbate/chroma_2pt/48x96/b5p80kp122810kp122810/vector/lp001lp0001_g2_g4_q000_q220_q422_q442_q600_q642/correlators/meson_qcdsf.001.b5p80kp122810kp122810-48x96.00285_0.000_422_-4-2-2_smsnk30.lime
/scratch/usr/hhpmbate/chroma_2pt/48x96/b5p80kp122810kp122810/vector/lp001lp0001_g2_g4_q000_q220_q422_q442_q600_q642/correlators/meson_qcdsf.001.b5p80kp122810kp122810-48x96.00285_0.000_442_-4-4-2_ptsink.lime
/scratch/usr/hhpmbate/chroma_2pt/48x96/b5p80kp122810kp122810/vector/lp001lp0001_g2_g4_q000_q220_q422_q442_q600_q642/correlators/meson_qcdsf.001.b5p80kp122810kp122810-48x96.00285_0.000_442_-4-4-2_smsnk30.lime
/scratch/usr/hhpmbate/chroma_2pt/48x96/b5p80kp122810kp122810/vector/lp001lp0001_g2_g4_q000_q220_q422_q442_q600_q642/correlators/meson_qcdsf.001.b5p80kp122810kp122810-48x96.00285_0.000_600_-600_ptsink.lime
/scratch/usr/hhpmbate/chroma_2pt/48x96/b5p80kp122810kp122810/vector/lp001lp0001_g2_g4_q000_q220_q422_q442_q600_q642/correlators/meson_qcdsf.001.b5p80kp122810kp122810-48x96.00285_0.000_600_-600_smsnk30.lime
/scratch/usr/hhpmbate/chroma_2pt/48x96/b5p80kp122810kp122810/vector/lp001lp0001_g2_g4_q000_q220_q422_q442_q600_q642/correlators/meson_qcdsf.001.b5p80kp122810kp122810-48x96.00286_0.000_000_000_ptsink.lime
/scratch/usr/hhpmbate/chroma_2pt/48x96/b5p80kp122810kp122810/vector/lp001lp0001_g2_g4_q000_q220_q422_q442_q600_q642/correlators/meson_qcdsf.001.b5p80kp122810kp122810-48x96.00286_0.000_000_000_smsnk30.lime
/scratch/usr/hhpmbate/chroma_2pt/48x96/b5p80kp122810kp122810/vector/lp001lp0001_g2_g4_q000_q220_q422_q442_q600_q642/correlators/meson_qcdsf.001.b5p80kp122810kp122810-48x96.00286_0.000_220_-2-20_ptsink.lime
/scratch/usr/hhpmbate/chroma_2pt/48x96/b5p80kp122810kp122810/vector/lp001lp0001_g2_g4_q000_q220_q422_q442_q600_q642/correlators/meson_qcdsf.001.b5p80kp122810kp122810-48x96.00286_0.000_220_-2-20_smsnk30.lime
/scratch/usr/hhpmbate/chroma_2pt/48x96/b5p80kp122810kp122810/vector/lp001lp0001_g2_g4_q000_q220_q422_q442_q600_q642/correlators/meson_qcdsf.001.b5p80kp122810kp122810-48x96.00286_0.000_422_-4-2-2_ptsink.lime
/scratch/usr/hhpmbate/chroma_2pt/48x96/b5p80kp122810kp122810/vector/lp001lp0001_g2_g4_q000_q220_q422_q442_q600_q642/correlators/meson_qcdsf.001.b5p80kp122810kp122810-48x96.00286_0.000_422_-4-2-2_smsnk30.lime
/scratch/usr/hhpmbate/chroma_2pt/48x96/b5p80kp122810kp122810/vector/lp001lp0001_g2_g4_q000_q220_q422_q442_q600_q642/correlators/meson_qcdsf.001.b5p80kp122810kp122810-48x96.00286_0.000_442_-4-4-2_ptsink.lime
/scratch/usr/hhpmbate/chroma_2pt/48x96/b5p80kp122810kp122810/vector/lp001lp0001_g2_g4_q000_q220_q422_q442_q600_q642/correlators/meson_qcdsf.001.b5p80kp122810kp122810-48x96.00286_0.000_442_-4-4-2_smsnk30.lime
/scratch/usr/hhpmbate/chroma_2pt/48x96/b5p80kp122810kp122810/vector/lp001lp0001_g2_g4_q000_q220_q422_q442_q600_q642/correlators/meson_qcdsf.001.b5p80kp122810kp122810-48x96.00286_0.000_600_-600_ptsink.lime
/scratch/usr/hhpmbate/chroma_2pt/48x96/b5p80kp122810kp122810/vector/lp001lp0001_g2_g4_q000_q220_q422_q442_q600_q642/correlators/meson_qcdsf.001.b5p80kp122810kp122810-48x96.00286_0.000_600_-600_smsnk30.lime
/scratch/usr/hhpmbate/chroma_2pt/48x96/b5p80kp122810kp122810/vector/lp001lp0001_g2_g4_q000_q220_q422_q442_q600_q642/correlators/meson_qcdsf.001.b5p80kp122810kp122810-48x96.00287_0.000_000_000_ptsink.lime
/scratch/usr/hhpmbate/chroma_2pt/48x96/b5p80kp122810kp122810/vector/lp001lp0001_g2_g4_q000_q220_q422_q442_q600_q642/correlators/meson_qcdsf.001.b5p80kp122810kp122810-48x96.00287_0.000_000_000_smsnk30.lime
/scratch/usr/hhpmbate/chroma_2pt/48x96/b5p80kp122810kp122810/vector/lp001lp0001_g2_g4_q000_q220_q422_q442_q600_q642/correlators/meson_qcdsf.001.b5p80kp122810kp122810-48x96.00287_0.000_220_-2-20_ptsink.lime
/scratch/usr/hhpmbate/chroma_2pt/48x96/b5p80kp122810kp122810/vector/lp001lp0001_g2_g4_q000_q220_q422_q442_q600_q642/correlators/meson_qcdsf.001.b5p80kp122810kp122810-48x96.00287_0.000_220_-2-20_smsnk30.lime
/scratch/usr/hhpmbate/chroma_2pt/48x96/b5p80kp122810kp122810/vector/lp001lp0001_g2_g4_q000_q220_q422_q442_q600_q642/correlators/meson_qcdsf.001.b5p80kp122810kp122810-48x96.00287_0.000_422_-4-2-2_ptsink.lime
/scratch/usr/hhpmbate/chroma_2pt/48x96/b5p80kp122810kp122810/vector/lp001lp0001_g2_g4_q000_q220_q422_q442_q600_q642/correlators/meson_qcdsf.001.b5p80kp122810kp122810-48x96.00287_0.000_422_-4-2-2_smsnk30.lime
/scratch/usr/hhpmbate/chroma_2pt/48x96/b5p80kp122810kp122810/vector/lp001lp0001_g2_g4_q000_q220_q422_q442_q600_q642/correlators/meson_qcdsf.001.b5p80kp122810kp122810-48x96.00287_0.000_442_-4-4-2_ptsink.lime
/scratch/usr/hhpmbate/chroma_2pt/48x96/b5p80kp122810kp122810/vector/lp001lp0001_g2_g4_q000_q220_q422_q442_q600_q642/correlators/meson_qcdsf.001.b5p80kp122810kp122810-48x96.00287_0.000_442_-4-4-2_smsnk30.lime
/scratch/usr/hhpmbate/chroma_2pt/48x96/b5p80kp122810kp122810/vector/lp001lp0001_g2_g4_q000_q220_q422_q442_q600_q642/correlators/meson_qcdsf.001.b5p80kp122810kp122810-48x96.00287_0.000_600_-600_ptsink.lime
/scratch/usr/hhpmbate/chroma_2pt/48x96/b5p80kp122810kp122810/vector/lp001lp0001_g2_g4_q000_q220_q422_q442_q600_q642/correlators/meson_qcdsf.001.b5p80kp122810kp122810-48x96.00287_0.000_600_-600_smsnk30.lime
/scratch/usr/hhpmbate/chroma_2pt/48x96/b5p80kp122810kp122810/vector/lp001lp0001_g2_g4_q000_q220_q422_q442_q600_q642/correlators/meson_qcdsf.001.b5p80kp122810kp122810-48x96.00288_0.000_000_000_ptsink.lime
/scratch/usr/hhpmbate/chroma_2pt/48x96/b5p80kp122810kp122810/vector/lp001lp0001_g2_g4_q000_q220_q422_q442_q600_q642/correlators/meson_qcdsf.001.b5p80kp122810kp122810-48x96.00288_0.000_000_000_smsnk30.lime
/scratch/usr/hhpmbate/chroma_2pt/48x96/b5p80kp122810kp122810/vector/lp001lp0001_g2_g4_q000_q220_q422_q442_q600_q642/correlators/meson_qcdsf.001.b5p80kp122810kp122810-48x96.00288_0.000_220_-2-20_ptsink.lime
/scratch/usr/hhpmbate/chroma_2pt/48x96/b5p80kp122810kp122810/vector/lp001lp0001_g2_g4_q000_q220_q422_q442_q600_q642/correlators/meson_qcdsf.001.b5p80kp122810kp122810-48x96.00288_0.000_220_-2-20_smsnk30.lime
/scratch/usr/hhpmbate/chroma_2pt/48x96/b5p80kp122810kp122810/vector/lp001lp0001_g2_g4_q000_q220_q422_q442_q600_q642/correlators/meson_qcdsf.001.b5p80kp122810kp122810-48x96.00288_0.000_422_-4-2-2_ptsink.lime
/scratch/usr/hhpmbate/chroma_2pt/48x96/b5p80kp122810kp122810/vector/lp001lp0001_g2_g4_q000_q220_q422_q442_q600_q642/correlators/meson_qcdsf.001.b5p80kp122810kp122810-48x96.00288_0.000_422_-4-2-2_smsnk30.lime
/scratch/usr/hhpmbate/chroma_2pt/48x96/b5p80kp122810kp122810/vector/lp001lp0001_g2_g4_q000_q220_q422_q442_q600_q642/correlators/meson_qcdsf.001.b5p80kp122810kp122810-48x96.00288_0.000_442_-4-4-2_ptsink.lime
/scratch/usr/hhpmbate/chroma_2pt/48x96/b5p80kp122810kp122810/vector/lp001lp0001_g2_g4_q000_q220_q422_q442_q600_q642/correlators/meson_qcdsf.001.b5p80kp122810kp122810-48x96.00288_0.000_442_-4-4-2_smsnk30.lime
/scratch/usr/hhpmbate/chroma_2pt/48x96/b5p80kp122810kp122810/vector/lp001lp0001_g2_g4_q000_q220_q422_q442_q600_q642/correlators/meson_qcdsf.001.b5p80kp122810kp122810-48x96.00288_0.000_600_-600_ptsink.lime
/scratch/usr/hhpmbate/chroma_2pt/48x96/b5p80kp122810kp122810/vector/lp001lp0001_g2_g4_q000_q220_q422_q442_q600_q642/correlators/meson_qcdsf.001.b5p80kp122810kp122810-48x96.00288_0.000_600_-600_smsnk30.lime
/scratch/usr/hhpmbate/chroma_2pt/48x96/b5p80kp122810kp122810/vector/lp001lp0001_g2_g4_q000_q220_q422_q442_q600_q642/correlators/meson_qcdsf.001.b5p80kp122810kp122810-48x96.00289_0.000_000_000_ptsink.lime
/scratch/usr/hhpmbate/chroma_2pt/48x96/b5p80kp122810kp122810/vector/lp001lp0001_g2_g4_q000_q220_q422_q442_q600_q642/correlators/meson_qcdsf.001.b5p80kp122810kp122810-48x96.00289_0.000_000_000_smsnk30.lime
/scratch/usr/hhpmbate/chroma_2pt/48x96/b5p80kp122810kp122810/vector/lp001lp0001_g2_g4_q000_q220_q422_q442_q600_q642/correlators/meson_qcdsf.001.b5p80kp122810kp122810-48x96.00289_0.000_220_-2-20_ptsink.lime
/scratch/usr/hhpmbate/chroma_2pt/48x96/b5p80kp122810kp122810/vector/lp001lp0001_g2_g4_q000_q220_q422_q442_q600_q642/correlators/meson_qcdsf.001.b5p80kp122810kp122810-48x96.00289_0.000_220_-2-20_smsnk30.lime
/scratch/usr/hhpmbate/chroma_2pt/48x96/b5p80kp122810kp122810/vector/lp001lp0001_g2_g4_q000_q220_q422_q442_q600_q642/correlators/meson_qcdsf.001.b5p80kp122810kp122810-48x96.00289_0.000_422_-4-2-2_ptsink.lime
/scratch/usr/hhpmbate/chroma_2pt/48x96/b5p80kp122810kp122810/vector/lp001lp0001_g2_g4_q000_q220_q422_q442_q600_q642/correlators/meson_qcdsf.001.b5p80kp122810kp122810-48x96.00289_0.000_422_-4-2-2_smsnk30.lime
/scratch/usr/hhpmbate/chroma_2pt/48x96/b5p80kp122810kp122810/vector/lp001lp0001_g2_g4_q000_q220_q422_q442_q600_q642/correlators/meson_qcdsf.001.b5p80kp122810kp122810-48x96.00289_0.000_442_-4-4-2_ptsink.lime
/scratch/usr/hhpmbate/chroma_2pt/48x96/b5p80kp122810kp122810/vector/lp001lp0001_g2_g4_q000_q220_q422_q442_q600_q642/correlators/meson_qcdsf.001.b5p80kp122810kp122810-48x96.00289_0.000_442_-4-4-2_smsnk30.lime
/scratch/usr/hhpmbate/chroma_2pt/48x96/b5p80kp122810kp122810/vector/lp001lp0001_g2_g4_q000_q220_q422_q442_q600_q642/correlators/meson_qcdsf.001.b5p80kp122810kp122810-48x96.00289_0.000_600_-600_ptsink.lime
/scratch/usr/hhpmbate/chroma_2pt/48x96/b5p80kp122810kp122810/vector/lp001lp0001_g2_g4_q000_q220_q422_q442_q600_q642/correlators/meson_qcdsf.001.b5p80kp122810kp122810-48x96.00289_0.000_600_-600_smsnk30.lime
/scratch/usr/hhpmbate/chroma_2pt/48x96/b5p80kp122810kp122810/vector/lp001lp0001_g2_g4_q000_q220_q422_q442_q600_q642/correlators/meson_qcdsf.001.b5p80kp122810kp122810-48x96.00290_0.000_000_000_ptsink.lime
/scratch/usr/hhpmbate/chroma_2pt/48x96/b5p80kp122810kp122810/vector/lp001lp0001_g2_g4_q000_q220_q422_q442_q600_q642/correlators/meson_qcdsf.001.b5p80kp122810kp122810-48x96.00290_0.000_000_000_smsnk30.lime
/scratch/usr/hhpmbate/chroma_2pt/48x96/b5p80kp122810kp122810/vector/lp001lp0001_g2_g4_q000_q220_q422_q442_q600_q642/correlators/meson_qcdsf.001.b5p80kp122810kp122810-48x96.00290_0.000_220_-2-20_ptsink.lime
/scratch/usr/hhpmbate/chroma_2pt/48x96/b5p80kp122810kp122810/vector/lp001lp0001_g2_g4_q000_q220_q422_q442_q600_q642/correlators/meson_qcdsf.001.b5p80kp122810kp122810-48x96.00290_0.000_220_-2-20_smsnk30.lime
/scratch/usr/hhpmbate/chroma_2pt/48x96/b5p80kp122810kp122810/vector/lp001lp0001_g2_g4_q000_q220_q422_q442_q600_q642/correlators/meson_qcdsf.001.b5p80kp122810kp122810-48x96.00290_0.000_422_-4-2-2_ptsink.lime
/scratch/usr/hhpmbate/chroma_2pt/48x96/b5p80kp122810kp122810/vector/lp001lp0001_g2_g4_q000_q220_q422_q442_q600_q642/correlators/meson_qcdsf.001.b5p80kp122810kp122810-48x96.00290_0.000_422_-4-2-2_smsnk30.lime
/scratch/usr/hhpmbate/chroma_2pt/48x96/b5p80kp122810kp122810/vector/lp001lp0001_g2_g4_q000_q220_q422_q442_q600_q642/correlators/meson_qcdsf.001.b5p80kp122810kp122810-48x96.00290_0.000_442_-4-4-2_ptsink.lime
/scratch/usr/hhpmbate/chroma_2pt/48x96/b5p80kp122810kp122810/vector/lp001lp0001_g2_g4_q000_q220_q422_q442_q600_q642/correlators/meson_qcdsf.001.b5p80kp122810kp122810-48x96.00290_0.000_442_-4-4-2_smsnk30.lime
/scratch/usr/hhpmbate/chroma_2pt/48x96/b5p80kp122810kp122810/vector/lp001lp0001_g2_g4_q000_q220_q422_q442_q600_q642/correlators/meson_qcdsf.001.b5p80kp122810kp122810-48x96.00290_0.000_600_-600_ptsink.lime
/scratch/usr/hhpmbate/chroma_2pt/48x96/b5p80kp122810kp122810/vector/lp001lp0001_g2_g4_q000_q220_q422_q442_q600_q642/correlators/meson_qcdsf.001.b5p80kp122810kp122810-48x96.00290_0.000_600_-600_smsnk30.lime
/scratch/usr/hhpmbate/chroma_2pt/48x96/b5p80kp122810kp122810/vector/lp001lp0001_g2_g4_q000_q220_q422_q442_q600_q642/correlators/meson_qcdsf.001.b5p80kp122810kp122810-48x96.00291_0.000_000_000_ptsink.lime
/scratch/usr/hhpmbate/chroma_2pt/48x96/b5p80kp122810kp122810/vector/lp001lp0001_g2_g4_q000_q220_q422_q442_q600_q642/correlators/meson_qcdsf.001.b5p80kp122810kp122810-48x96.00291_0.000_000_000_smsnk30.lime
/scratch/usr/hhpmbate/chroma_2pt/48x96/b5p80kp122810kp122810/vector/lp001lp0001_g2_g4_q000_q220_q422_q442_q600_q642/correlators/meson_qcdsf.001.b5p80kp122810kp122810-48x96.00291_0.000_220_-2-20_ptsink.lime
/scratch/usr/hhpmbate/chroma_2pt/48x96/b5p80kp122810kp122810/vector/lp001lp0001_g2_g4_q000_q220_q422_q442_q600_q642/correlators/meson_qcdsf.001.b5p80kp122810kp122810-48x96.00291_0.000_220_-2-20_smsnk30.lime
/scratch/usr/hhpmbate/chroma_2pt/48x96/b5p80kp122810kp122810/vector/lp001lp0001_g2_g4_q000_q220_q422_q442_q600_q642/correlators/meson_qcdsf.001.b5p80kp122810kp122810-48x96.00291_0.000_422_-4-2-2_ptsink.lime
/scratch/usr/hhpmbate/chroma_2pt/48x96/b5p80kp122810kp122810/vector/lp001lp0001_g2_g4_q000_q220_q422_q442_q600_q642/correlators/meson_qcdsf.001.b5p80kp122810kp122810-48x96.00291_0.000_422_-4-2-2_smsnk30.lime
/scratch/usr/hhpmbate/chroma_2pt/48x96/b5p80kp122810kp122810/vector/lp001lp0001_g2_g4_q000_q220_q422_q442_q600_q642/correlators/meson_qcdsf.001.b5p80kp122810kp122810-48x96.00291_0.000_442_-4-4-2_ptsink.lime
/scratch/usr/hhpmbate/chroma_2pt/48x96/b5p80kp122810kp122810/vector/lp001lp0001_g2_g4_q000_q220_q422_q442_q600_q642/correlators/meson_qcdsf.001.b5p80kp122810kp122810-48x96.00291_0.000_442_-4-4-2_smsnk30.lime
/scratch/usr/hhpmbate/chroma_2pt/48x96/b5p80kp122810kp122810/vector/lp001lp0001_g2_g4_q000_q220_q422_q442_q600_q642/correlators/meson_qcdsf.001.b5p80kp122810kp122810-48x96.00291_0.000_600_-600_ptsink.lime
/scratch/usr/hhpmbate/chroma_2pt/48x96/b5p80kp122810kp122810/vector/lp001lp0001_g2_g4_q000_q220_q422_q442_q600_q642/correlators/meson_qcdsf.001.b5p80kp122810kp122810-48x96.00291_0.000_600_-600_smsnk30.lime
/scratch/usr/hhpmbate/chroma_2pt/48x96/b5p80kp122810kp122810/vector/lp001lp0001_g2_g4_q000_q220_q422_q442_q600_q642/correlators/meson_qcdsf.001.b5p80kp122810kp122810-48x96.00292_0.000_000_000_ptsink.lime
/scratch/usr/hhpmbate/chroma_2pt/48x96/b5p80kp122810kp122810/vector/lp001lp0001_g2_g4_q000_q220_q422_q442_q600_q642/correlators/meson_qcdsf.001.b5p80kp122810kp122810-48x96.00292_0.000_000_000_smsnk30.lime
/scratch/usr/hhpmbate/chroma_2pt/48x96/b5p80kp122810kp122810/vector/lp001lp0001_g2_g4_q000_q220_q422_q442_q600_q642/correlators/meson_qcdsf.001.b5p80kp122810kp122810-48x96.00292_0.000_220_-2-20_ptsink.lime
/scratch/usr/hhpmbate/chroma_2pt/48x96/b5p80kp122810kp122810/vector/lp001lp0001_g2_g4_q000_q220_q422_q442_q600_q642/correlators/meson_qcdsf.001.b5p80kp122810kp122810-48x96.00292_0.000_220_-2-20_smsnk30.lime
/scratch/usr/hhpmbate/chroma_2pt/48x96/b5p80kp122810kp122810/vector/lp001lp0001_g2_g4_q000_q220_q422_q442_q600_q642/correlators/meson_qcdsf.001.b5p80kp122810kp122810-48x96.00292_0.000_422_-4-2-2_ptsink.lime
/scratch/usr/hhpmbate/chroma_2pt/48x96/b5p80kp122810kp122810/vector/lp001lp0001_g2_g4_q000_q220_q422_q442_q600_q642/correlators/meson_qcdsf.001.b5p80kp122810kp122810-48x96.00292_0.000_422_-4-2-2_smsnk30.lime
/scratch/usr/hhpmbate/chroma_2pt/48x96/b5p80kp122810kp122810/vector/lp001lp0001_g2_g4_q000_q220_q422_q442_q600_q642/correlators/meson_qcdsf.001.b5p80kp122810kp122810-48x96.00292_0.000_442_-4-4-2_ptsink.lime
/scratch/usr/hhpmbate/chroma_2pt/48x96/b5p80kp122810kp122810/vector/lp001lp0001_g2_g4_q000_q220_q422_q442_q600_q642/correlators/meson_qcdsf.001.b5p80kp122810kp122810-48x96.00292_0.000_442_-4-4-2_smsnk30.lime
/scratch/usr/hhpmbate/chroma_2pt/48x96/b5p80kp122810kp122810/vector/lp001lp0001_g2_g4_q000_q220_q422_q442_q600_q642/correlators/meson_qcdsf.001.b5p80kp122810kp122810-48x96.00292_0.000_600_-600_ptsink.lime
/scratch/usr/hhpmbate/chroma_2pt/48x96/b5p80kp122810kp122810/vector/lp001lp0001_g2_g4_q000_q220_q422_q442_q600_q642/correlators/meson_qcdsf.001.b5p80kp122810kp122810-48x96.00292_0.000_600_-600_smsnk30.lime
/scratch/usr/hhpmbate/chroma_2pt/48x96/b5p80kp122810kp122810/vector/lp001lp0001_g2_g4_q000_q220_q422_q442_q600_q642/correlators/meson_qcdsf.001.b5p80kp122810kp122810-48x96.00293_0.000_000_000_ptsink.lime
/scratch/usr/hhpmbate/chroma_2pt/48x96/b5p80kp122810kp122810/vector/lp001lp0001_g2_g4_q000_q220_q422_q442_q600_q642/correlators/meson_qcdsf.001.b5p80kp122810kp122810-48x96.00293_0.000_000_000_smsnk30.lime
/scratch/usr/hhpmbate/chroma_2pt/48x96/b5p80kp122810kp122810/vector/lp001lp0001_g2_g4_q000_q220_q422_q442_q600_q642/correlators/meson_qcdsf.001.b5p80kp122810kp122810-48x96.00293_0.000_220_-2-20_ptsink.lime
/scratch/usr/hhpmbate/chroma_2pt/48x96/b5p80kp122810kp122810/vector/lp001lp0001_g2_g4_q000_q220_q422_q442_q600_q642/correlators/meson_qcdsf.001.b5p80kp122810kp122810-48x96.00293_0.000_220_-2-20_smsnk30.lime
/scratch/usr/hhpmbate/chroma_2pt/48x96/b5p80kp122810kp122810/vector/lp001lp0001_g2_g4_q000_q220_q422_q442_q600_q642/correlators/meson_qcdsf.001.b5p80kp122810kp122810-48x96.00293_0.000_422_-4-2-2_ptsink.lime
/scratch/usr/hhpmbate/chroma_2pt/48x96/b5p80kp122810kp122810/vector/lp001lp0001_g2_g4_q000_q220_q422_q442_q600_q642/correlators/meson_qcdsf.001.b5p80kp122810kp122810-48x96.00293_0.000_422_-4-2-2_smsnk30.lime
/scratch/usr/hhpmbate/chroma_2pt/48x96/b5p80kp122810kp122810/vector/lp001lp0001_g2_g4_q000_q220_q422_q442_q600_q642/correlators/meson_qcdsf.001.b5p80kp122810kp122810-48x96.00293_0.000_442_-4-4-2_ptsink.lime
/scratch/usr/hhpmbate/chroma_2pt/48x96/b5p80kp122810kp122810/vector/lp001lp0001_g2_g4_q000_q220_q422_q442_q600_q642/correlators/meson_qcdsf.001.b5p80kp122810kp122810-48x96.00293_0.000_442_-4-4-2_smsnk30.lime
/scratch/usr/hhpmbate/chroma_2pt/48x96/b5p80kp122810kp122810/vector/lp001lp0001_g2_g4_q000_q220_q422_q442_q600_q642/correlators/meson_qcdsf.001.b5p80kp122810kp122810-48x96.00293_0.000_600_-600_ptsink.lime
/scratch/usr/hhpmbate/chroma_2pt/48x96/b5p80kp122810kp122810/vector/lp001lp0001_g2_g4_q000_q220_q422_q442_q600_q642/correlators/meson_qcdsf.001.b5p80kp122810kp122810-48x96.00293_0.000_600_-600_smsnk30.lime
/scratch/usr/hhpmbate/chroma_2pt/48x96/b5p80kp122810kp122810/vector/lp001lp0001_g2_g4_q000_q220_q422_q442_q600_q642/correlators/meson_qcdsf.001.b5p80kp122810kp122810-48x96.00294_0.000_000_000_ptsink.lime
/scratch/usr/hhpmbate/chroma_2pt/48x96/b5p80kp122810kp122810/vector/lp001lp0001_g2_g4_q000_q220_q422_q442_q600_q642/correlators/meson_qcdsf.001.b5p80kp122810kp122810-48x96.00294_0.000_000_000_smsnk30.lime
/scratch/usr/hhpmbate/chroma_2pt/48x96/b5p80kp122810kp122810/vector/lp001lp0001_g2_g4_q000_q220_q422_q442_q600_q642/correlators/meson_qcdsf.001.b5p80kp122810kp122810-48x96.00294_0.000_220_-2-20_ptsink.lime
/scratch/usr/hhpmbate/chroma_2pt/48x96/b5p80kp122810kp122810/vector/lp001lp0001_g2_g4_q000_q220_q422_q442_q600_q642/correlators/meson_qcdsf.001.b5p80kp122810kp122810-48x96.00294_0.000_220_-2-20_smsnk30.lime
/scratch/usr/hhpmbate/chroma_2pt/48x96/b5p80kp122810kp122810/vector/lp001lp0001_g2_g4_q000_q220_q422_q442_q600_q642/correlators/meson_qcdsf.001.b5p80kp122810kp122810-48x96.00294_0.000_422_-4-2-2_ptsink.lime
/scratch/usr/hhpmbate/chroma_2pt/48x96/b5p80kp122810kp122810/vector/lp001lp0001_g2_g4_q000_q220_q422_q442_q600_q642/correlators/meson_qcdsf.001.b5p80kp122810kp122810-48x96.00294_0.000_422_-4-2-2_smsnk30.lime
/scratch/usr/hhpmbate/chroma_2pt/48x96/b5p80kp122810kp122810/vector/lp001lp0001_g2_g4_q000_q220_q422_q442_q600_q642/correlators/meson_qcdsf.001.b5p80kp122810kp122810-48x96.00294_0.000_442_-4-4-2_ptsink.lime
/scratch/usr/hhpmbate/chroma_2pt/48x96/b5p80kp122810kp122810/vector/lp001lp0001_g2_g4_q000_q220_q422_q442_q600_q642/correlators/meson_qcdsf.001.b5p80kp122810kp122810-48x96.00294_0.000_442_-4-4-2_smsnk30.lime
/scratch/usr/hhpmbate/chroma_2pt/48x96/b5p80kp122810kp122810/vector/lp001lp0001_g2_g4_q000_q220_q422_q442_q600_q642/correlators/meson_qcdsf.001.b5p80kp122810kp122810-48x96.00294_0.000_600_-600_ptsink.lime
/scratch/usr/hhpmbate/chroma_2pt/48x96/b5p80kp122810kp122810/vector/lp001lp0001_g2_g4_q000_q220_q422_q442_q600_q642/correlators/meson_qcdsf.001.b5p80kp122810kp122810-48x96.00294_0.000_600_-600_smsnk30.lime
/scratch/usr/hhpmbate/chroma_2pt/48x96/b5p80kp122810kp122810/vector/lp001lp0001_g2_g4_q000_q220_q422_q442_q600_q642/correlators/meson_qcdsf.001.b5p80kp122810kp122810-48x96.00295_0.000_000_000_ptsink.lime
/scratch/usr/hhpmbate/chroma_2pt/48x96/b5p80kp122810kp122810/vector/lp001lp0001_g2_g4_q000_q220_q422_q442_q600_q642/correlators/meson_qcdsf.001.b5p80kp122810kp122810-48x96.00295_0.000_000_000_smsnk30.lime
/scratch/usr/hhpmbate/chroma_2pt/48x96/b5p80kp122810kp122810/vector/lp001lp0001_g2_g4_q000_q220_q422_q442_q600_q642/correlators/meson_qcdsf.001.b5p80kp122810kp122810-48x96.00295_0.000_220_-2-20_ptsink.lime
/scratch/usr/hhpmbate/chroma_2pt/48x96/b5p80kp122810kp122810/vector/lp001lp0001_g2_g4_q000_q220_q422_q442_q600_q642/correlators/meson_qcdsf.001.b5p80kp122810kp122810-48x96.00295_0.000_220_-2-20_smsnk30.lime
/scratch/usr/hhpmbate/chroma_2pt/48x96/b5p80kp122810kp122810/vector/lp001lp0001_g2_g4_q000_q220_q422_q442_q600_q642/correlators/meson_qcdsf.001.b5p80kp122810kp122810-48x96.00295_0.000_422_-4-2-2_ptsink.lime
/scratch/usr/hhpmbate/chroma_2pt/48x96/b5p80kp122810kp122810/vector/lp001lp0001_g2_g4_q000_q220_q422_q442_q600_q642/correlators/meson_qcdsf.001.b5p80kp122810kp122810-48x96.00295_0.000_422_-4-2-2_smsnk30.lime
/scratch/usr/hhpmbate/chroma_2pt/48x96/b5p80kp122810kp122810/vector/lp001lp0001_g2_g4_q000_q220_q422_q442_q600_q642/correlators/meson_qcdsf.001.b5p80kp122810kp122810-48x96.00295_0.000_442_-4-4-2_ptsink.lime
/scratch/usr/hhpmbate/chroma_2pt/48x96/b5p80kp122810kp122810/vector/lp001lp0001_g2_g4_q000_q220_q422_q442_q600_q642/correlators/meson_qcdsf.001.b5p80kp122810kp122810-48x96.00295_0.000_442_-4-4-2_smsnk30.lime
/scratch/usr/hhpmbate/chroma_2pt/48x96/b5p80kp122810kp122810/vector/lp001lp0001_g2_g4_q000_q220_q422_q442_q600_q642/correlators/meson_qcdsf.001.b5p80kp122810kp122810-48x96.00295_0.000_600_-600_ptsink.lime
/scratch/usr/hhpmbate/chroma_2pt/48x96/b5p80kp122810kp122810/vector/lp001lp0001_g2_g4_q000_q220_q422_q442_q600_q642/correlators/meson_qcdsf.001.b5p80kp122810kp122810-48x96.00295_0.000_600_-600_smsnk30.lime
/scratch/usr/hhpmbate/chroma_2pt/48x96/b5p80kp122810kp122810/vector/lp001lp0001_g2_g4_q000_q220_q422_q442_q600_q642/correlators/meson_qcdsf.001.b5p80kp122810kp122810-48x96.00296_0.000_000_000_ptsink.lime
/scratch/usr/hhpmbate/chroma_2pt/48x96/b5p80kp122810kp122810/vector/lp001lp0001_g2_g4_q000_q220_q422_q442_q600_q642/correlators/meson_qcdsf.001.b5p80kp122810kp122810-48x96.00296_0.000_000_000_smsnk30.lime
/scratch/usr/hhpmbate/chroma_2pt/48x96/b5p80kp122810kp122810/vector/lp001lp0001_g2_g4_q000_q220_q422_q442_q600_q642/correlators/meson_qcdsf.001.b5p80kp122810kp122810-48x96.00296_0.000_220_-2-20_ptsink.lime
/scratch/usr/hhpmbate/chroma_2pt/48x96/b5p80kp122810kp122810/vector/lp001lp0001_g2_g4_q000_q220_q422_q442_q600_q642/correlators/meson_qcdsf.001.b5p80kp122810kp122810-48x96.00296_0.000_220_-2-20_smsnk30.lime
/scratch/usr/hhpmbate/chroma_2pt/48x96/b5p80kp122810kp122810/vector/lp001lp0001_g2_g4_q000_q220_q422_q442_q600_q642/correlators/meson_qcdsf.001.b5p80kp122810kp122810-48x96.00296_0.000_422_-4-2-2_ptsink.lime
/scratch/usr/hhpmbate/chroma_2pt/48x96/b5p80kp122810kp122810/vector/lp001lp0001_g2_g4_q000_q220_q422_q442_q600_q642/correlators/meson_qcdsf.001.b5p80kp122810kp122810-48x96.00296_0.000_422_-4-2-2_smsnk30.lime
/scratch/usr/hhpmbate/chroma_2pt/48x96/b5p80kp122810kp122810/vector/lp001lp0001_g2_g4_q000_q220_q422_q442_q600_q642/correlators/meson_qcdsf.001.b5p80kp122810kp122810-48x96.00296_0.000_442_-4-4-2_ptsink.lime
/scratch/usr/hhpmbate/chroma_2pt/48x96/b5p80kp122810kp122810/vector/lp001lp0001_g2_g4_q000_q220_q422_q442_q600_q642/correlators/meson_qcdsf.001.b5p80kp122810kp122810-48x96.00296_0.000_442_-4-4-2_smsnk30.lime
/scratch/usr/hhpmbate/chroma_2pt/48x96/b5p80kp122810kp122810/vector/lp001lp0001_g2_g4_q000_q220_q422_q442_q600_q642/correlators/meson_qcdsf.001.b5p80kp122810kp122810-48x96.00296_0.000_600_-600_ptsink.lime
/scratch/usr/hhpmbate/chroma_2pt/48x96/b5p80kp122810kp122810/vector/lp001lp0001_g2_g4_q000_q220_q422_q442_q600_q642/correlators/meson_qcdsf.001.b5p80kp122810kp122810-48x96.00296_0.000_600_-600_smsnk30.lime
/scratch/usr/hhpmbate/chroma_2pt/48x96/b5p80kp122810kp122810/vector/lp001lp0001_g2_g4_q000_q220_q422_q442_q600_q642/correlators/meson_qcdsf.001.b5p80kp122810kp122810-48x96.00297_0.000_000_000_ptsink.lime
/scratch/usr/hhpmbate/chroma_2pt/48x96/b5p80kp122810kp122810/vector/lp001lp0001_g2_g4_q000_q220_q422_q442_q600_q642/correlators/meson_qcdsf.001.b5p80kp122810kp122810-48x96.00297_0.000_000_000_smsnk30.lime
/scratch/usr/hhpmbate/chroma_2pt/48x96/b5p80kp122810kp122810/vector/lp001lp0001_g2_g4_q000_q220_q422_q442_q600_q642/correlators/meson_qcdsf.001.b5p80kp122810kp122810-48x96.00297_0.000_220_-2-20_ptsink.lime
/scratch/usr/hhpmbate/chroma_2pt/48x96/b5p80kp122810kp122810/vector/lp001lp0001_g2_g4_q000_q220_q422_q442_q600_q642/correlators/meson_qcdsf.001.b5p80kp122810kp122810-48x96.00297_0.000_220_-2-20_smsnk30.lime
/scratch/usr/hhpmbate/chroma_2pt/48x96/b5p80kp122810kp122810/vector/lp001lp0001_g2_g4_q000_q220_q422_q442_q600_q642/correlators/meson_qcdsf.001.b5p80kp122810kp122810-48x96.00297_0.000_422_-4-2-2_ptsink.lime
/scratch/usr/hhpmbate/chroma_2pt/48x96/b5p80kp122810kp122810/vector/lp001lp0001_g2_g4_q000_q220_q422_q442_q600_q642/correlators/meson_qcdsf.001.b5p80kp122810kp122810-48x96.00297_0.000_422_-4-2-2_smsnk30.lime
/scratch/usr/hhpmbate/chroma_2pt/48x96/b5p80kp122810kp122810/vector/lp001lp0001_g2_g4_q000_q220_q422_q442_q600_q642/correlators/meson_qcdsf.001.b5p80kp122810kp122810-48x96.00297_0.000_442_-4-4-2_ptsink.lime
/scratch/usr/hhpmbate/chroma_2pt/48x96/b5p80kp122810kp122810/vector/lp001lp0001_g2_g4_q000_q220_q422_q442_q600_q642/correlators/meson_qcdsf.001.b5p80kp122810kp122810-48x96.00297_0.000_442_-4-4-2_smsnk30.lime
/scratch/usr/hhpmbate/chroma_2pt/48x96/b5p80kp122810kp122810/vector/lp001lp0001_g2_g4_q000_q220_q422_q442_q600_q642/correlators/meson_qcdsf.001.b5p80kp122810kp122810-48x96.00297_0.000_600_-600_ptsink.lime
/scratch/usr/hhpmbate/chroma_2pt/48x96/b5p80kp122810kp122810/vector/lp001lp0001_g2_g4_q000_q220_q422_q442_q600_q642/correlators/meson_qcdsf.001.b5p80kp122810kp122810-48x96.00297_0.000_600_-600_smsnk30.lime
/scratch/usr/hhpmbate/chroma_2pt/48x96/b5p80kp122810kp122810/vector/lp001lp0001_g2_g4_q000_q220_q422_q442_q600_q642/correlators/meson_qcdsf.001.b5p80kp122810kp122810-48x96.00298_0.000_000_000_ptsink.lime
/scratch/usr/hhpmbate/chroma_2pt/48x96/b5p80kp122810kp122810/vector/lp001lp0001_g2_g4_q000_q220_q422_q442_q600_q642/correlators/meson_qcdsf.001.b5p80kp122810kp122810-48x96.00298_0.000_000_000_smsnk30.lime
/scratch/usr/hhpmbate/chroma_2pt/48x96/b5p80kp122810kp122810/vector/lp001lp0001_g2_g4_q000_q220_q422_q442_q600_q642/correlators/meson_qcdsf.001.b5p80kp122810kp122810-48x96.00298_0.000_220_-2-20_ptsink.lime
/scratch/usr/hhpmbate/chroma_2pt/48x96/b5p80kp122810kp122810/vector/lp001lp0001_g2_g4_q000_q220_q422_q442_q600_q642/correlators/meson_qcdsf.001.b5p80kp122810kp122810-48x96.00298_0.000_220_-2-20_smsnk30.lime
/scratch/usr/hhpmbate/chroma_2pt/48x96/b5p80kp122810kp122810/vector/lp001lp0001_g2_g4_q000_q220_q422_q442_q600_q642/correlators/meson_qcdsf.001.b5p80kp122810kp122810-48x96.00298_0.000_422_-4-2-2_ptsink.lime
/scratch/usr/hhpmbate/chroma_2pt/48x96/b5p80kp122810kp122810/vector/lp001lp0001_g2_g4_q000_q220_q422_q442_q600_q642/correlators/meson_qcdsf.001.b5p80kp122810kp122810-48x96.00298_0.000_422_-4-2-2_smsnk30.lime
/scratch/usr/hhpmbate/chroma_2pt/48x96/b5p80kp122810kp122810/vector/lp001lp0001_g2_g4_q000_q220_q422_q442_q600_q642/correlators/meson_qcdsf.001.b5p80kp122810kp122810-48x96.00298_0.000_442_-4-4-2_ptsink.lime
/scratch/usr/hhpmbate/chroma_2pt/48x96/b5p80kp122810kp122810/vector/lp001lp0001_g2_g4_q000_q220_q422_q442_q600_q642/correlators/meson_qcdsf.001.b5p80kp122810kp122810-48x96.00298_0.000_442_-4-4-2_smsnk30.lime
/scratch/usr/hhpmbate/chroma_2pt/48x96/b5p80kp122810kp122810/vector/lp001lp0001_g2_g4_q000_q220_q422_q442_q600_q642/correlators/meson_qcdsf.001.b5p80kp122810kp122810-48x96.00298_0.000_600_-600_ptsink.lime
/scratch/usr/hhpmbate/chroma_2pt/48x96/b5p80kp122810kp122810/vector/lp001lp0001_g2_g4_q000_q220_q422_q442_q600_q642/correlators/meson_qcdsf.001.b5p80kp122810kp122810-48x96.00298_0.000_600_-600_smsnk30.lime
/scratch/usr/hhpmbate/chroma_2pt/48x96/b5p80kp122810kp122810/vector/lp001lp0001_g2_g4_q000_q220_q422_q442_q600_q642/correlators/meson_qcdsf.001.b5p80kp122810kp122810-48x96.00299_0.000_000_000_ptsink.lime
/scratch/usr/hhpmbate/chroma_2pt/48x96/b5p80kp122810kp122810/vector/lp001lp0001_g2_g4_q000_q220_q422_q442_q600_q642/correlators/meson_qcdsf.001.b5p80kp122810kp122810-48x96.00299_0.000_000_000_smsnk30.lime
/scratch/usr/hhpmbate/chroma_2pt/48x96/b5p80kp122810kp122810/vector/lp001lp0001_g2_g4_q000_q220_q422_q442_q600_q642/correlators/meson_qcdsf.001.b5p80kp122810kp122810-48x96.00299_0.000_220_-2-20_ptsink.lime
/scratch/usr/hhpmbate/chroma_2pt/48x96/b5p80kp122810kp122810/vector/lp001lp0001_g2_g4_q000_q220_q422_q442_q600_q642/correlators/meson_qcdsf.001.b5p80kp122810kp122810-48x96.00299_0.000_220_-2-20_smsnk30.lime
/scratch/usr/hhpmbate/chroma_2pt/48x96/b5p80kp122810kp122810/vector/lp001lp0001_g2_g4_q000_q220_q422_q442_q600_q642/correlators/meson_qcdsf.001.b5p80kp122810kp122810-48x96.00299_0.000_422_-4-2-2_ptsink.lime
/scratch/usr/hhpmbate/chroma_2pt/48x96/b5p80kp122810kp122810/vector/lp001lp0001_g2_g4_q000_q220_q422_q442_q600_q642/correlators/meson_qcdsf.001.b5p80kp122810kp122810-48x96.00299_0.000_422_-4-2-2_smsnk30.lime
/scratch/usr/hhpmbate/chroma_2pt/48x96/b5p80kp122810kp122810/vector/lp001lp0001_g2_g4_q000_q220_q422_q442_q600_q642/correlators/meson_qcdsf.001.b5p80kp122810kp122810-48x96.00299_0.000_442_-4-4-2_ptsink.lime
/scratch/usr/hhpmbate/chroma_2pt/48x96/b5p80kp122810kp122810/vector/lp001lp0001_g2_g4_q000_q220_q422_q442_q600_q642/correlators/meson_qcdsf.001.b5p80kp122810kp122810-48x96.00299_0.000_442_-4-4-2_smsnk30.lime
/scratch/usr/hhpmbate/chroma_2pt/48x96/b5p80kp122810kp122810/vector/lp001lp0001_g2_g4_q000_q220_q422_q442_q600_q642/correlators/meson_qcdsf.001.b5p80kp122810kp122810-48x96.00299_0.000_600_-600_ptsink.lime
/scratch/usr/hhpmbate/chroma_2pt/48x96/b5p80kp122810kp122810/vector/lp001lp0001_g2_g4_q000_q220_q422_q442_q600_q642/correlators/meson_qcdsf.001.b5p80kp122810kp122810-48x96.00299_0.000_600_-600_smsnk30.lime
/scratch/usr/hhpmbate/chroma_2pt/48x96/b5p80kp122810kp122810/vector/lp001lp0001_g2_g4_q000_q220_q422_q442_q600_q642/correlators/meson_qcdsf.001.b5p80kp122810kp122810-48x96.00300_0.000_000_000_ptsink.lime
/scratch/usr/hhpmbate/chroma_2pt/48x96/b5p80kp122810kp122810/vector/lp001lp0001_g2_g4_q000_q220_q422_q442_q600_q642/correlators/meson_qcdsf.001.b5p80kp122810kp122810-48x96.00300_0.000_000_000_smsnk30.lime
/scratch/usr/hhpmbate/chroma_2pt/48x96/b5p80kp122810kp122810/vector/lp001lp0001_g2_g4_q000_q220_q422_q442_q600_q642/correlators/meson_qcdsf.001.b5p80kp122810kp122810-48x96.00300_0.000_220_-2-20_ptsink.lime
/scratch/usr/hhpmbate/chroma_2pt/48x96/b5p80kp122810kp122810/vector/lp001lp0001_g2_g4_q000_q220_q422_q442_q600_q642/correlators/meson_qcdsf.001.b5p80kp122810kp122810-48x96.00300_0.000_220_-2-20_smsnk30.lime
/scratch/usr/hhpmbate/chroma_2pt/48x96/b5p80kp122810kp122810/vector/lp001lp0001_g2_g4_q000_q220_q422_q442_q600_q642/correlators/meson_qcdsf.001.b5p80kp122810kp122810-48x96.00300_0.000_422_-4-2-2_ptsink.lime
/scratch/usr/hhpmbate/chroma_2pt/48x96/b5p80kp122810kp122810/vector/lp001lp0001_g2_g4_q000_q220_q422_q442_q600_q642/correlators/meson_qcdsf.001.b5p80kp122810kp122810-48x96.00300_0.000_422_-4-2-2_smsnk30.lime
/scratch/usr/hhpmbate/chroma_2pt/48x96/b5p80kp122810kp122810/vector/lp001lp0001_g2_g4_q000_q220_q422_q442_q600_q642/correlators/meson_qcdsf.001.b5p80kp122810kp122810-48x96.00300_0.000_442_-4-4-2_ptsink.lime
/scratch/usr/hhpmbate/chroma_2pt/48x96/b5p80kp122810kp122810/vector/lp001lp0001_g2_g4_q000_q220_q422_q442_q600_q642/correlators/meson_qcdsf.001.b5p80kp122810kp122810-48x96.00300_0.000_442_-4-4-2_smsnk30.lime
/scratch/usr/hhpmbate/chroma_2pt/48x96/b5p80kp122810kp122810/vector/lp001lp0001_g2_g4_q000_q220_q422_q442_q600_q642/correlators/meson_qcdsf.001.b5p80kp122810kp122810-48x96.00300_0.000_600_-600_ptsink.lime
/scratch/usr/hhpmbate/chroma_2pt/48x96/b5p80kp122810kp122810/vector/lp001lp0001_g2_g4_q000_q220_q422_q442_q600_q642/correlators/meson_qcdsf.001.b5p80kp122810kp122810-48x96.00300_0.000_600_-600_smsnk30.lime
/scratch/usr/hhpmbate/chroma_2pt/48x96/b5p80kp122810kp122810/vector/lp001lp0001_g2_g4_q000_q220_q422_q442_q600_q642/correlators/meson_qcdsf.001.b5p80kp122810kp122810-48x96.00301_0.000_000_000_ptsink.lime
/scratch/usr/hhpmbate/chroma_2pt/48x96/b5p80kp122810kp122810/vector/lp001lp0001_g2_g4_q000_q220_q422_q442_q600_q642/correlators/meson_qcdsf.001.b5p80kp122810kp122810-48x96.00301_0.000_000_000_smsnk30.lime
/scratch/usr/hhpmbate/chroma_2pt/48x96/b5p80kp122810kp122810/vector/lp001lp0001_g2_g4_q000_q220_q422_q442_q600_q642/correlators/meson_qcdsf.001.b5p80kp122810kp122810-48x96.00301_0.000_220_-2-20_ptsink.lime
/scratch/usr/hhpmbate/chroma_2pt/48x96/b5p80kp122810kp122810/vector/lp001lp0001_g2_g4_q000_q220_q422_q442_q600_q642/correlators/meson_qcdsf.001.b5p80kp122810kp122810-48x96.00301_0.000_220_-2-20_smsnk30.lime
/scratch/usr/hhpmbate/chroma_2pt/48x96/b5p80kp122810kp122810/vector/lp001lp0001_g2_g4_q000_q220_q422_q442_q600_q642/correlators/meson_qcdsf.001.b5p80kp122810kp122810-48x96.00301_0.000_422_-4-2-2_ptsink.lime
/scratch/usr/hhpmbate/chroma_2pt/48x96/b5p80kp122810kp122810/vector/lp001lp0001_g2_g4_q000_q220_q422_q442_q600_q642/correlators/meson_qcdsf.001.b5p80kp122810kp122810-48x96.00301_0.000_422_-4-2-2_smsnk30.lime
/scratch/usr/hhpmbate/chroma_2pt/48x96/b5p80kp122810kp122810/vector/lp001lp0001_g2_g4_q000_q220_q422_q442_q600_q642/correlators/meson_qcdsf.001.b5p80kp122810kp122810-48x96.00301_0.000_442_-4-4-2_ptsink.lime
/scratch/usr/hhpmbate/chroma_2pt/48x96/b5p80kp122810kp122810/vector/lp001lp0001_g2_g4_q000_q220_q422_q442_q600_q642/correlators/meson_qcdsf.001.b5p80kp122810kp122810-48x96.00301_0.000_442_-4-4-2_smsnk30.lime
/scratch/usr/hhpmbate/chroma_2pt/48x96/b5p80kp122810kp122810/vector/lp001lp0001_g2_g4_q000_q220_q422_q442_q600_q642/correlators/meson_qcdsf.001.b5p80kp122810kp122810-48x96.00301_0.000_600_-600_ptsink.lime
/scratch/usr/hhpmbate/chroma_2pt/48x96/b5p80kp122810kp122810/vector/lp001lp0001_g2_g4_q000_q220_q422_q442_q600_q642/correlators/meson_qcdsf.001.b5p80kp122810kp122810-48x96.00301_0.000_600_-600_smsnk30.lime
/scratch/usr/hhpmbate/chroma_2pt/48x96/b5p80kp122810kp122810/vector/lp001lp0001_g2_g4_q000_q220_q422_q442_q600_q642/correlators/meson_qcdsf.001.b5p80kp122810kp122810-48x96.00302_0.000_000_000_ptsink.lime
/scratch/usr/hhpmbate/chroma_2pt/48x96/b5p80kp122810kp122810/vector/lp001lp0001_g2_g4_q000_q220_q422_q442_q600_q642/correlators/meson_qcdsf.001.b5p80kp122810kp122810-48x96.00302_0.000_000_000_smsnk30.lime
/scratch/usr/hhpmbate/chroma_2pt/48x96/b5p80kp122810kp122810/vector/lp001lp0001_g2_g4_q000_q220_q422_q442_q600_q642/correlators/meson_qcdsf.001.b5p80kp122810kp122810-48x96.00302_0.000_220_-2-20_ptsink.lime
/scratch/usr/hhpmbate/chroma_2pt/48x96/b5p80kp122810kp122810/vector/lp001lp0001_g2_g4_q000_q220_q422_q442_q600_q642/correlators/meson_qcdsf.001.b5p80kp122810kp122810-48x96.00302_0.000_220_-2-20_smsnk30.lime
/scratch/usr/hhpmbate/chroma_2pt/48x96/b5p80kp122810kp122810/vector/lp001lp0001_g2_g4_q000_q220_q422_q442_q600_q642/correlators/meson_qcdsf.001.b5p80kp122810kp122810-48x96.00302_0.000_422_-4-2-2_ptsink.lime
/scratch/usr/hhpmbate/chroma_2pt/48x96/b5p80kp122810kp122810/vector/lp001lp0001_g2_g4_q000_q220_q422_q442_q600_q642/correlators/meson_qcdsf.001.b5p80kp122810kp122810-48x96.00302_0.000_422_-4-2-2_smsnk30.lime
/scratch/usr/hhpmbate/chroma_2pt/48x96/b5p80kp122810kp122810/vector/lp001lp0001_g2_g4_q000_q220_q422_q442_q600_q642/correlators/meson_qcdsf.001.b5p80kp122810kp122810-48x96.00302_0.000_442_-4-4-2_ptsink.lime
/scratch/usr/hhpmbate/chroma_2pt/48x96/b5p80kp122810kp122810/vector/lp001lp0001_g2_g4_q000_q220_q422_q442_q600_q642/correlators/meson_qcdsf.001.b5p80kp122810kp122810-48x96.00302_0.000_442_-4-4-2_smsnk30.lime
/scratch/usr/hhpmbate/chroma_2pt/48x96/b5p80kp122810kp122810/vector/lp001lp0001_g2_g4_q000_q220_q422_q442_q600_q642/correlators/meson_qcdsf.001.b5p80kp122810kp122810-48x96.00302_0.000_600_-600_ptsink.lime
/scratch/usr/hhpmbate/chroma_2pt/48x96/b5p80kp122810kp122810/vector/lp001lp0001_g2_g4_q000_q220_q422_q442_q600_q642/correlators/meson_qcdsf.001.b5p80kp122810kp122810-48x96.00302_0.000_600_-600_smsnk30.lime
/scratch/usr/hhpmbate/chroma_2pt/48x96/b5p80kp122810kp122810/vector/lp001lp0001_g2_g4_q000_q220_q422_q442_q600_q642/correlators/meson_qcdsf.001.b5p80kp122810kp122810-48x96.00303_0.000_000_000_ptsink.lime
/scratch/usr/hhpmbate/chroma_2pt/48x96/b5p80kp122810kp122810/vector/lp001lp0001_g2_g4_q000_q220_q422_q442_q600_q642/correlators/meson_qcdsf.001.b5p80kp122810kp122810-48x96.00303_0.000_000_000_smsnk30.lime
/scratch/usr/hhpmbate/chroma_2pt/48x96/b5p80kp122810kp122810/vector/lp001lp0001_g2_g4_q000_q220_q422_q442_q600_q642/correlators/meson_qcdsf.001.b5p80kp122810kp122810-48x96.00303_0.000_220_-2-20_ptsink.lime
/scratch/usr/hhpmbate/chroma_2pt/48x96/b5p80kp122810kp122810/vector/lp001lp0001_g2_g4_q000_q220_q422_q442_q600_q642/correlators/meson_qcdsf.001.b5p80kp122810kp122810-48x96.00303_0.000_220_-2-20_smsnk30.lime
/scratch/usr/hhpmbate/chroma_2pt/48x96/b5p80kp122810kp122810/vector/lp001lp0001_g2_g4_q000_q220_q422_q442_q600_q642/correlators/meson_qcdsf.001.b5p80kp122810kp122810-48x96.00303_0.000_422_-4-2-2_ptsink.lime
/scratch/usr/hhpmbate/chroma_2pt/48x96/b5p80kp122810kp122810/vector/lp001lp0001_g2_g4_q000_q220_q422_q442_q600_q642/correlators/meson_qcdsf.001.b5p80kp122810kp122810-48x96.00303_0.000_422_-4-2-2_smsnk30.lime
/scratch/usr/hhpmbate/chroma_2pt/48x96/b5p80kp122810kp122810/vector/lp001lp0001_g2_g4_q000_q220_q422_q442_q600_q642/correlators/meson_qcdsf.001.b5p80kp122810kp122810-48x96.00303_0.000_442_-4-4-2_ptsink.lime
/scratch/usr/hhpmbate/chroma_2pt/48x96/b5p80kp122810kp122810/vector/lp001lp0001_g2_g4_q000_q220_q422_q442_q600_q642/correlators/meson_qcdsf.001.b5p80kp122810kp122810-48x96.00303_0.000_442_-4-4-2_smsnk30.lime
/scratch/usr/hhpmbate/chroma_2pt/48x96/b5p80kp122810kp122810/vector/lp001lp0001_g2_g4_q000_q220_q422_q442_q600_q642/correlators/meson_qcdsf.001.b5p80kp122810kp122810-48x96.00303_0.000_600_-600_ptsink.lime
/scratch/usr/hhpmbate/chroma_2pt/48x96/b5p80kp122810kp122810/vector/lp001lp0001_g2_g4_q000_q220_q422_q442_q600_q642/correlators/meson_qcdsf.001.b5p80kp122810kp122810-48x96.00303_0.000_600_-600_smsnk30.lime
/scratch/usr/hhpmbate/chroma_2pt/48x96/b5p80kp122810kp122810/vector/lp001lp0001_g2_g4_q000_q220_q422_q442_q600_q642/correlators/meson_qcdsf.001.b5p80kp122810kp122810-48x96.00304_0.000_000_000_ptsink.lime
/scratch/usr/hhpmbate/chroma_2pt/48x96/b5p80kp122810kp122810/vector/lp001lp0001_g2_g4_q000_q220_q422_q442_q600_q642/correlators/meson_qcdsf.001.b5p80kp122810kp122810-48x96.00304_0.000_000_000_smsnk30.lime
/scratch/usr/hhpmbate/chroma_2pt/48x96/b5p80kp122810kp122810/vector/lp001lp0001_g2_g4_q000_q220_q422_q442_q600_q642/correlators/meson_qcdsf.001.b5p80kp122810kp122810-48x96.00304_0.000_220_-2-20_ptsink.lime
/scratch/usr/hhpmbate/chroma_2pt/48x96/b5p80kp122810kp122810/vector/lp001lp0001_g2_g4_q000_q220_q422_q442_q600_q642/correlators/meson_qcdsf.001.b5p80kp122810kp122810-48x96.00304_0.000_220_-2-20_smsnk30.lime
/scratch/usr/hhpmbate/chroma_2pt/48x96/b5p80kp122810kp122810/vector/lp001lp0001_g2_g4_q000_q220_q422_q442_q600_q642/correlators/meson_qcdsf.001.b5p80kp122810kp122810-48x96.00304_0.000_422_-4-2-2_ptsink.lime
/scratch/usr/hhpmbate/chroma_2pt/48x96/b5p80kp122810kp122810/vector/lp001lp0001_g2_g4_q000_q220_q422_q442_q600_q642/correlators/meson_qcdsf.001.b5p80kp122810kp122810-48x96.00304_0.000_422_-4-2-2_smsnk30.lime
/scratch/usr/hhpmbate/chroma_2pt/48x96/b5p80kp122810kp122810/vector/lp001lp0001_g2_g4_q000_q220_q422_q442_q600_q642/correlators/meson_qcdsf.001.b5p80kp122810kp122810-48x96.00304_0.000_442_-4-4-2_ptsink.lime
/scratch/usr/hhpmbate/chroma_2pt/48x96/b5p80kp122810kp122810/vector/lp001lp0001_g2_g4_q000_q220_q422_q442_q600_q642/correlators/meson_qcdsf.001.b5p80kp122810kp122810-48x96.00304_0.000_442_-4-4-2_smsnk30.lime
/scratch/usr/hhpmbate/chroma_2pt/48x96/b5p80kp122810kp122810/vector/lp001lp0001_g2_g4_q000_q220_q422_q442_q600_q642/correlators/meson_qcdsf.001.b5p80kp122810kp122810-48x96.00304_0.000_600_-600_ptsink.lime
/scratch/usr/hhpmbate/chroma_2pt/48x96/b5p80kp122810kp122810/vector/lp001lp0001_g2_g4_q000_q220_q422_q442_q600_q642/correlators/meson_qcdsf.001.b5p80kp122810kp122810-48x96.00304_0.000_600_-600_smsnk30.lime
/scratch/usr/hhpmbate/chroma_2pt/48x96/b5p80kp122810kp122810/vector/lp001lp0001_g2_g4_q000_q220_q422_q442_q600_q642/correlators/meson_qcdsf.001.b5p80kp122810kp122810-48x96.00305_0.000_000_000_ptsink.lime
/scratch/usr/hhpmbate/chroma_2pt/48x96/b5p80kp122810kp122810/vector/lp001lp0001_g2_g4_q000_q220_q422_q442_q600_q642/correlators/meson_qcdsf.001.b5p80kp122810kp122810-48x96.00305_0.000_000_000_smsnk30.lime
/scratch/usr/hhpmbate/chroma_2pt/48x96/b5p80kp122810kp122810/vector/lp001lp0001_g2_g4_q000_q220_q422_q442_q600_q642/correlators/meson_qcdsf.001.b5p80kp122810kp122810-48x96.00305_0.000_220_-2-20_ptsink.lime
/scratch/usr/hhpmbate/chroma_2pt/48x96/b5p80kp122810kp122810/vector/lp001lp0001_g2_g4_q000_q220_q422_q442_q600_q642/correlators/meson_qcdsf.001.b5p80kp122810kp122810-48x96.00305_0.000_220_-2-20_smsnk30.lime
/scratch/usr/hhpmbate/chroma_2pt/48x96/b5p80kp122810kp122810/vector/lp001lp0001_g2_g4_q000_q220_q422_q442_q600_q642/correlators/meson_qcdsf.001.b5p80kp122810kp122810-48x96.00305_0.000_422_-4-2-2_ptsink.lime
/scratch/usr/hhpmbate/chroma_2pt/48x96/b5p80kp122810kp122810/vector/lp001lp0001_g2_g4_q000_q220_q422_q442_q600_q642/correlators/meson_qcdsf.001.b5p80kp122810kp122810-48x96.00305_0.000_422_-4-2-2_smsnk30.lime
/scratch/usr/hhpmbate/chroma_2pt/48x96/b5p80kp122810kp122810/vector/lp001lp0001_g2_g4_q000_q220_q422_q442_q600_q642/correlators/meson_qcdsf.001.b5p80kp122810kp122810-48x96.00305_0.000_442_-4-4-2_ptsink.lime
/scratch/usr/hhpmbate/chroma_2pt/48x96/b5p80kp122810kp122810/vector/lp001lp0001_g2_g4_q000_q220_q422_q442_q600_q642/correlators/meson_qcdsf.001.b5p80kp122810kp122810-48x96.00305_0.000_442_-4-4-2_smsnk30.lime
/scratch/usr/hhpmbate/chroma_2pt/48x96/b5p80kp122810kp122810/vector/lp001lp0001_g2_g4_q000_q220_q422_q442_q600_q642/correlators/meson_qcdsf.001.b5p80kp122810kp122810-48x96.00305_0.000_600_-600_ptsink.lime
/scratch/usr/hhpmbate/chroma_2pt/48x96/b5p80kp122810kp122810/vector/lp001lp0001_g2_g4_q000_q220_q422_q442_q600_q642/correlators/meson_qcdsf.001.b5p80kp122810kp122810-48x96.00305_0.000_600_-600_smsnk30.lime
/scratch/usr/hhpmbate/chroma_2pt/48x96/b5p80kp122810kp122810/vector/lp001lp0001_g2_g4_q000_q220_q422_q442_q600_q642/correlators/meson_qcdsf.001.b5p80kp122810kp122810-48x96.00306_0.000_000_000_ptsink.lime
/scratch/usr/hhpmbate/chroma_2pt/48x96/b5p80kp122810kp122810/vector/lp001lp0001_g2_g4_q000_q220_q422_q442_q600_q642/correlators/meson_qcdsf.001.b5p80kp122810kp122810-48x96.00306_0.000_000_000_smsnk30.lime
/scratch/usr/hhpmbate/chroma_2pt/48x96/b5p80kp122810kp122810/vector/lp001lp0001_g2_g4_q000_q220_q422_q442_q600_q642/correlators/meson_qcdsf.001.b5p80kp122810kp122810-48x96.00306_0.000_220_-2-20_ptsink.lime
/scratch/usr/hhpmbate/chroma_2pt/48x96/b5p80kp122810kp122810/vector/lp001lp0001_g2_g4_q000_q220_q422_q442_q600_q642/correlators/meson_qcdsf.001.b5p80kp122810kp122810-48x96.00306_0.000_220_-2-20_smsnk30.lime
/scratch/usr/hhpmbate/chroma_2pt/48x96/b5p80kp122810kp122810/vector/lp001lp0001_g2_g4_q000_q220_q422_q442_q600_q642/correlators/meson_qcdsf.001.b5p80kp122810kp122810-48x96.00306_0.000_422_-4-2-2_ptsink.lime
/scratch/usr/hhpmbate/chroma_2pt/48x96/b5p80kp122810kp122810/vector/lp001lp0001_g2_g4_q000_q220_q422_q442_q600_q642/correlators/meson_qcdsf.001.b5p80kp122810kp122810-48x96.00306_0.000_422_-4-2-2_smsnk30.lime
/scratch/usr/hhpmbate/chroma_2pt/48x96/b5p80kp122810kp122810/vector/lp001lp0001_g2_g4_q000_q220_q422_q442_q600_q642/correlators/meson_qcdsf.001.b5p80kp122810kp122810-48x96.00306_0.000_442_-4-4-2_ptsink.lime
/scratch/usr/hhpmbate/chroma_2pt/48x96/b5p80kp122810kp122810/vector/lp001lp0001_g2_g4_q000_q220_q422_q442_q600_q642/correlators/meson_qcdsf.001.b5p80kp122810kp122810-48x96.00306_0.000_442_-4-4-2_smsnk30.lime
/scratch/usr/hhpmbate/chroma_2pt/48x96/b5p80kp122810kp122810/vector/lp001lp0001_g2_g4_q000_q220_q422_q442_q600_q642/correlators/meson_qcdsf.001.b5p80kp122810kp122810-48x96.00306_0.000_600_-600_ptsink.lime
/scratch/usr/hhpmbate/chroma_2pt/48x96/b5p80kp122810kp122810/vector/lp001lp0001_g2_g4_q000_q220_q422_q442_q600_q642/correlators/meson_qcdsf.001.b5p80kp122810kp122810-48x96.00306_0.000_600_-600_smsnk30.lime
/scratch/usr/hhpmbate/chroma_2pt/48x96/b5p80kp122810kp122810/vector/lp001lp0001_g2_g4_q000_q220_q422_q442_q600_q642/correlators/meson_qcdsf.001.b5p80kp122810kp122810-48x96.00307_0.000_000_000_ptsink.lime
/scratch/usr/hhpmbate/chroma_2pt/48x96/b5p80kp122810kp122810/vector/lp001lp0001_g2_g4_q000_q220_q422_q442_q600_q642/correlators/meson_qcdsf.001.b5p80kp122810kp122810-48x96.00307_0.000_000_000_smsnk30.lime
/scratch/usr/hhpmbate/chroma_2pt/48x96/b5p80kp122810kp122810/vector/lp001lp0001_g2_g4_q000_q220_q422_q442_q600_q642/correlators/meson_qcdsf.001.b5p80kp122810kp122810-48x96.00307_0.000_220_-2-20_ptsink.lime
/scratch/usr/hhpmbate/chroma_2pt/48x96/b5p80kp122810kp122810/vector/lp001lp0001_g2_g4_q000_q220_q422_q442_q600_q642/correlators/meson_qcdsf.001.b5p80kp122810kp122810-48x96.00307_0.000_220_-2-20_smsnk30.lime
/scratch/usr/hhpmbate/chroma_2pt/48x96/b5p80kp122810kp122810/vector/lp001lp0001_g2_g4_q000_q220_q422_q442_q600_q642/correlators/meson_qcdsf.001.b5p80kp122810kp122810-48x96.00307_0.000_422_-4-2-2_ptsink.lime
/scratch/usr/hhpmbate/chroma_2pt/48x96/b5p80kp122810kp122810/vector/lp001lp0001_g2_g4_q000_q220_q422_q442_q600_q642/correlators/meson_qcdsf.001.b5p80kp122810kp122810-48x96.00307_0.000_422_-4-2-2_smsnk30.lime
/scratch/usr/hhpmbate/chroma_2pt/48x96/b5p80kp122810kp122810/vector/lp001lp0001_g2_g4_q000_q220_q422_q442_q600_q642/correlators/meson_qcdsf.001.b5p80kp122810kp122810-48x96.00307_0.000_442_-4-4-2_ptsink.lime
/scratch/usr/hhpmbate/chroma_2pt/48x96/b5p80kp122810kp122810/vector/lp001lp0001_g2_g4_q000_q220_q422_q442_q600_q642/correlators/meson_qcdsf.001.b5p80kp122810kp122810-48x96.00307_0.000_442_-4-4-2_smsnk30.lime
/scratch/usr/hhpmbate/chroma_2pt/48x96/b5p80kp122810kp122810/vector/lp001lp0001_g2_g4_q000_q220_q422_q442_q600_q642/correlators/meson_qcdsf.001.b5p80kp122810kp122810-48x96.00307_0.000_600_-600_ptsink.lime
/scratch/usr/hhpmbate/chroma_2pt/48x96/b5p80kp122810kp122810/vector/lp001lp0001_g2_g4_q000_q220_q422_q442_q600_q642/correlators/meson_qcdsf.001.b5p80kp122810kp122810-48x96.00307_0.000_600_-600_smsnk30.lime
/scratch/usr/hhpmbate/chroma_2pt/48x96/b5p80kp122810kp122810/vector/lp001lp0001_g2_g4_q000_q220_q422_q442_q600_q642/correlators/meson_qcdsf.001.b5p80kp122810kp122810-48x96.00308_0.000_000_000_ptsink.lime
/scratch/usr/hhpmbate/chroma_2pt/48x96/b5p80kp122810kp122810/vector/lp001lp0001_g2_g4_q000_q220_q422_q442_q600_q642/correlators/meson_qcdsf.001.b5p80kp122810kp122810-48x96.00308_0.000_000_000_smsnk30.lime
/scratch/usr/hhpmbate/chroma_2pt/48x96/b5p80kp122810kp122810/vector/lp001lp0001_g2_g4_q000_q220_q422_q442_q600_q642/correlators/meson_qcdsf.001.b5p80kp122810kp122810-48x96.00308_0.000_220_-2-20_ptsink.lime
/scratch/usr/hhpmbate/chroma_2pt/48x96/b5p80kp122810kp122810/vector/lp001lp0001_g2_g4_q000_q220_q422_q442_q600_q642/correlators/meson_qcdsf.001.b5p80kp122810kp122810-48x96.00308_0.000_220_-2-20_smsnk30.lime
/scratch/usr/hhpmbate/chroma_2pt/48x96/b5p80kp122810kp122810/vector/lp001lp0001_g2_g4_q000_q220_q422_q442_q600_q642/correlators/meson_qcdsf.001.b5p80kp122810kp122810-48x96.00308_0.000_422_-4-2-2_ptsink.lime
/scratch/usr/hhpmbate/chroma_2pt/48x96/b5p80kp122810kp122810/vector/lp001lp0001_g2_g4_q000_q220_q422_q442_q600_q642/correlators/meson_qcdsf.001.b5p80kp122810kp122810-48x96.00308_0.000_422_-4-2-2_smsnk30.lime
/scratch/usr/hhpmbate/chroma_2pt/48x96/b5p80kp122810kp122810/vector/lp001lp0001_g2_g4_q000_q220_q422_q442_q600_q642/correlators/meson_qcdsf.001.b5p80kp122810kp122810-48x96.00308_0.000_442_-4-4-2_ptsink.lime
/scratch/usr/hhpmbate/chroma_2pt/48x96/b5p80kp122810kp122810/vector/lp001lp0001_g2_g4_q000_q220_q422_q442_q600_q642/correlators/meson_qcdsf.001.b5p80kp122810kp122810-48x96.00308_0.000_442_-4-4-2_smsnk30.lime
/scratch/usr/hhpmbate/chroma_2pt/48x96/b5p80kp122810kp122810/vector/lp001lp0001_g2_g4_q000_q220_q422_q442_q600_q642/correlators/meson_qcdsf.001.b5p80kp122810kp122810-48x96.00308_0.000_600_-600_ptsink.lime
/scratch/usr/hhpmbate/chroma_2pt/48x96/b5p80kp122810kp122810/vector/lp001lp0001_g2_g4_q000_q220_q422_q442_q600_q642/correlators/meson_qcdsf.001.b5p80kp122810kp122810-48x96.00308_0.000_600_-600_smsnk30.lime
/scratch/usr/hhpmbate/chroma_2pt/48x96/b5p80kp122810kp122810/vector/lp001lp0001_g2_g4_q000_q220_q422_q442_q600_q642/correlators/meson_qcdsf.001.b5p80kp122810kp122810-48x96.00309_0.000_000_000_ptsink.lime
/scratch/usr/hhpmbate/chroma_2pt/48x96/b5p80kp122810kp122810/vector/lp001lp0001_g2_g4_q000_q220_q422_q442_q600_q642/correlators/meson_qcdsf.001.b5p80kp122810kp122810-48x96.00309_0.000_000_000_smsnk30.lime
/scratch/usr/hhpmbate/chroma_2pt/48x96/b5p80kp122810kp122810/vector/lp001lp0001_g2_g4_q000_q220_q422_q442_q600_q642/correlators/meson_qcdsf.001.b5p80kp122810kp122810-48x96.00309_0.000_220_-2-20_ptsink.lime
/scratch/usr/hhpmbate/chroma_2pt/48x96/b5p80kp122810kp122810/vector/lp001lp0001_g2_g4_q000_q220_q422_q442_q600_q642/correlators/meson_qcdsf.001.b5p80kp122810kp122810-48x96.00309_0.000_220_-2-20_smsnk30.lime
/scratch/usr/hhpmbate/chroma_2pt/48x96/b5p80kp122810kp122810/vector/lp001lp0001_g2_g4_q000_q220_q422_q442_q600_q642/correlators/meson_qcdsf.001.b5p80kp122810kp122810-48x96.00309_0.000_422_-4-2-2_ptsink.lime
/scratch/usr/hhpmbate/chroma_2pt/48x96/b5p80kp122810kp122810/vector/lp001lp0001_g2_g4_q000_q220_q422_q442_q600_q642/correlators/meson_qcdsf.001.b5p80kp122810kp122810-48x96.00309_0.000_422_-4-2-2_smsnk30.lime
/scratch/usr/hhpmbate/chroma_2pt/48x96/b5p80kp122810kp122810/vector/lp001lp0001_g2_g4_q000_q220_q422_q442_q600_q642/correlators/meson_qcdsf.001.b5p80kp122810kp122810-48x96.00309_0.000_442_-4-4-2_ptsink.lime
/scratch/usr/hhpmbate/chroma_2pt/48x96/b5p80kp122810kp122810/vector/lp001lp0001_g2_g4_q000_q220_q422_q442_q600_q642/correlators/meson_qcdsf.001.b5p80kp122810kp122810-48x96.00309_0.000_442_-4-4-2_smsnk30.lime
/scratch/usr/hhpmbate/chroma_2pt/48x96/b5p80kp122810kp122810/vector/lp001lp0001_g2_g4_q000_q220_q422_q442_q600_q642/correlators/meson_qcdsf.001.b5p80kp122810kp122810-48x96.00309_0.000_600_-600_ptsink.lime
/scratch/usr/hhpmbate/chroma_2pt/48x96/b5p80kp122810kp122810/vector/lp001lp0001_g2_g4_q000_q220_q422_q442_q600_q642/correlators/meson_qcdsf.001.b5p80kp122810kp122810-48x96.00309_0.000_600_-600_smsnk30.lime
/scratch/usr/hhpmbate/chroma_2pt/48x96/b5p80kp122810kp122810/vector/lp001lp0001_g2_g4_q000_q220_q422_q442_q600_q642/correlators/meson_qcdsf.001.b5p80kp122810kp122810-48x96.00310_0.000_000_000_ptsink.lime
/scratch/usr/hhpmbate/chroma_2pt/48x96/b5p80kp122810kp122810/vector/lp001lp0001_g2_g4_q000_q220_q422_q442_q600_q642/correlators/meson_qcdsf.001.b5p80kp122810kp122810-48x96.00310_0.000_000_000_smsnk30.lime
/scratch/usr/hhpmbate/chroma_2pt/48x96/b5p80kp122810kp122810/vector/lp001lp0001_g2_g4_q000_q220_q422_q442_q600_q642/correlators/meson_qcdsf.001.b5p80kp122810kp122810-48x96.00310_0.000_220_-2-20_ptsink.lime
/scratch/usr/hhpmbate/chroma_2pt/48x96/b5p80kp122810kp122810/vector/lp001lp0001_g2_g4_q000_q220_q422_q442_q600_q642/correlators/meson_qcdsf.001.b5p80kp122810kp122810-48x96.00310_0.000_220_-2-20_smsnk30.lime
/scratch/usr/hhpmbate/chroma_2pt/48x96/b5p80kp122810kp122810/vector/lp001lp0001_g2_g4_q000_q220_q422_q442_q600_q642/correlators/meson_qcdsf.001.b5p80kp122810kp122810-48x96.00310_0.000_422_-4-2-2_ptsink.lime
/scratch/usr/hhpmbate/chroma_2pt/48x96/b5p80kp122810kp122810/vector/lp001lp0001_g2_g4_q000_q220_q422_q442_q600_q642/correlators/meson_qcdsf.001.b5p80kp122810kp122810-48x96.00310_0.000_422_-4-2-2_smsnk30.lime
/scratch/usr/hhpmbate/chroma_2pt/48x96/b5p80kp122810kp122810/vector/lp001lp0001_g2_g4_q000_q220_q422_q442_q600_q642/correlators/meson_qcdsf.001.b5p80kp122810kp122810-48x96.00310_0.000_442_-4-4-2_ptsink.lime
/scratch/usr/hhpmbate/chroma_2pt/48x96/b5p80kp122810kp122810/vector/lp001lp0001_g2_g4_q000_q220_q422_q442_q600_q642/correlators/meson_qcdsf.001.b5p80kp122810kp122810-48x96.00310_0.000_442_-4-4-2_smsnk30.lime
/scratch/usr/hhpmbate/chroma_2pt/48x96/b5p80kp122810kp122810/vector/lp001lp0001_g2_g4_q000_q220_q422_q442_q600_q642/correlators/meson_qcdsf.001.b5p80kp122810kp122810-48x96.00310_0.000_600_-600_ptsink.lime
/scratch/usr/hhpmbate/chroma_2pt/48x96/b5p80kp122810kp122810/vector/lp001lp0001_g2_g4_q000_q220_q422_q442_q600_q642/correlators/meson_qcdsf.001.b5p80kp122810kp122810-48x96.00310_0.000_600_-600_smsnk30.lime
/scratch/usr/hhpmbate/chroma_2pt/48x96/b5p80kp122810kp122810/vector/lp001lp0001_g2_g4_q000_q220_q422_q442_q600_q642/correlators/meson_qcdsf.001.b5p80kp122810kp122810-48x96.00311_0.000_000_000_ptsink.lime
/scratch/usr/hhpmbate/chroma_2pt/48x96/b5p80kp122810kp122810/vector/lp001lp0001_g2_g4_q000_q220_q422_q442_q600_q642/correlators/meson_qcdsf.001.b5p80kp122810kp122810-48x96.00311_0.000_000_000_smsnk30.lime
/scratch/usr/hhpmbate/chroma_2pt/48x96/b5p80kp122810kp122810/vector/lp001lp0001_g2_g4_q000_q220_q422_q442_q600_q642/correlators/meson_qcdsf.001.b5p80kp122810kp122810-48x96.00311_0.000_220_-2-20_ptsink.lime
/scratch/usr/hhpmbate/chroma_2pt/48x96/b5p80kp122810kp122810/vector/lp001lp0001_g2_g4_q000_q220_q422_q442_q600_q642/correlators/meson_qcdsf.001.b5p80kp122810kp122810-48x96.00311_0.000_220_-2-20_smsnk30.lime
/scratch/usr/hhpmbate/chroma_2pt/48x96/b5p80kp122810kp122810/vector/lp001lp0001_g2_g4_q000_q220_q422_q442_q600_q642/correlators/meson_qcdsf.001.b5p80kp122810kp122810-48x96.00311_0.000_422_-4-2-2_ptsink.lime
/scratch/usr/hhpmbate/chroma_2pt/48x96/b5p80kp122810kp122810/vector/lp001lp0001_g2_g4_q000_q220_q422_q442_q600_q642/correlators/meson_qcdsf.001.b5p80kp122810kp122810-48x96.00311_0.000_422_-4-2-2_smsnk30.lime
/scratch/usr/hhpmbate/chroma_2pt/48x96/b5p80kp122810kp122810/vector/lp001lp0001_g2_g4_q000_q220_q422_q442_q600_q642/correlators/meson_qcdsf.001.b5p80kp122810kp122810-48x96.00311_0.000_442_-4-4-2_ptsink.lime
/scratch/usr/hhpmbate/chroma_2pt/48x96/b5p80kp122810kp122810/vector/lp001lp0001_g2_g4_q000_q220_q422_q442_q600_q642/correlators/meson_qcdsf.001.b5p80kp122810kp122810-48x96.00311_0.000_442_-4-4-2_smsnk30.lime
/scratch/usr/hhpmbate/chroma_2pt/48x96/b5p80kp122810kp122810/vector/lp001lp0001_g2_g4_q000_q220_q422_q442_q600_q642/correlators/meson_qcdsf.001.b5p80kp122810kp122810-48x96.00311_0.000_600_-600_ptsink.lime
/scratch/usr/hhpmbate/chroma_2pt/48x96/b5p80kp122810kp122810/vector/lp001lp0001_g2_g4_q000_q220_q422_q442_q600_q642/correlators/meson_qcdsf.001.b5p80kp122810kp122810-48x96.00311_0.000_600_-600_smsnk30.lime
/scratch/usr/hhpmbate/chroma_2pt/48x96/b5p80kp122810kp122810/vector/lp001lp0001_g2_g4_q000_q220_q422_q442_q600_q642/correlators/meson_qcdsf.001.b5p80kp122810kp122810-48x96.00312_0.000_000_000_ptsink.lime
/scratch/usr/hhpmbate/chroma_2pt/48x96/b5p80kp122810kp122810/vector/lp001lp0001_g2_g4_q000_q220_q422_q442_q600_q642/correlators/meson_qcdsf.001.b5p80kp122810kp122810-48x96.00312_0.000_000_000_smsnk30.lime
/scratch/usr/hhpmbate/chroma_2pt/48x96/b5p80kp122810kp122810/vector/lp001lp0001_g2_g4_q000_q220_q422_q442_q600_q642/correlators/meson_qcdsf.001.b5p80kp122810kp122810-48x96.00312_0.000_220_-2-20_ptsink.lime
/scratch/usr/hhpmbate/chroma_2pt/48x96/b5p80kp122810kp122810/vector/lp001lp0001_g2_g4_q000_q220_q422_q442_q600_q642/correlators/meson_qcdsf.001.b5p80kp122810kp122810-48x96.00312_0.000_220_-2-20_smsnk30.lime
/scratch/usr/hhpmbate/chroma_2pt/48x96/b5p80kp122810kp122810/vector/lp001lp0001_g2_g4_q000_q220_q422_q442_q600_q642/correlators/meson_qcdsf.001.b5p80kp122810kp122810-48x96.00312_0.000_422_-4-2-2_ptsink.lime
/scratch/usr/hhpmbate/chroma_2pt/48x96/b5p80kp122810kp122810/vector/lp001lp0001_g2_g4_q000_q220_q422_q442_q600_q642/correlators/meson_qcdsf.001.b5p80kp122810kp122810-48x96.00312_0.000_422_-4-2-2_smsnk30.lime
/scratch/usr/hhpmbate/chroma_2pt/48x96/b5p80kp122810kp122810/vector/lp001lp0001_g2_g4_q000_q220_q422_q442_q600_q642/correlators/meson_qcdsf.001.b5p80kp122810kp122810-48x96.00312_0.000_442_-4-4-2_ptsink.lime
/scratch/usr/hhpmbate/chroma_2pt/48x96/b5p80kp122810kp122810/vector/lp001lp0001_g2_g4_q000_q220_q422_q442_q600_q642/correlators/meson_qcdsf.001.b5p80kp122810kp122810-48x96.00312_0.000_442_-4-4-2_smsnk30.lime
/scratch/usr/hhpmbate/chroma_2pt/48x96/b5p80kp122810kp122810/vector/lp001lp0001_g2_g4_q000_q220_q422_q442_q600_q642/correlators/meson_qcdsf.001.b5p80kp122810kp122810-48x96.00312_0.000_600_-600_ptsink.lime
/scratch/usr/hhpmbate/chroma_2pt/48x96/b5p80kp122810kp122810/vector/lp001lp0001_g2_g4_q000_q220_q422_q442_q600_q642/correlators/meson_qcdsf.001.b5p80kp122810kp122810-48x96.00312_0.000_600_-600_smsnk30.lime
/scratch/usr/hhpmbate/chroma_2pt/48x96/b5p80kp122810kp122810/vector/lp001lp0001_g2_g4_q000_q220_q422_q442_q600_q642/correlators/meson_qcdsf.001.b5p80kp122810kp122810-48x96.00313_0.000_000_000_ptsink.lime
/scratch/usr/hhpmbate/chroma_2pt/48x96/b5p80kp122810kp122810/vector/lp001lp0001_g2_g4_q000_q220_q422_q442_q600_q642/correlators/meson_qcdsf.001.b5p80kp122810kp122810-48x96.00313_0.000_000_000_smsnk30.lime
/scratch/usr/hhpmbate/chroma_2pt/48x96/b5p80kp122810kp122810/vector/lp001lp0001_g2_g4_q000_q220_q422_q442_q600_q642/correlators/meson_qcdsf.001.b5p80kp122810kp122810-48x96.00313_0.000_220_-2-20_ptsink.lime
/scratch/usr/hhpmbate/chroma_2pt/48x96/b5p80kp122810kp122810/vector/lp001lp0001_g2_g4_q000_q220_q422_q442_q600_q642/correlators/meson_qcdsf.001.b5p80kp122810kp122810-48x96.00313_0.000_220_-2-20_smsnk30.lime
/scratch/usr/hhpmbate/chroma_2pt/48x96/b5p80kp122810kp122810/vector/lp001lp0001_g2_g4_q000_q220_q422_q442_q600_q642/correlators/meson_qcdsf.001.b5p80kp122810kp122810-48x96.00313_0.000_422_-4-2-2_ptsink.lime
/scratch/usr/hhpmbate/chroma_2pt/48x96/b5p80kp122810kp122810/vector/lp001lp0001_g2_g4_q000_q220_q422_q442_q600_q642/correlators/meson_qcdsf.001.b5p80kp122810kp122810-48x96.00313_0.000_422_-4-2-2_smsnk30.lime
/scratch/usr/hhpmbate/chroma_2pt/48x96/b5p80kp122810kp122810/vector/lp001lp0001_g2_g4_q000_q220_q422_q442_q600_q642/correlators/meson_qcdsf.001.b5p80kp122810kp122810-48x96.00313_0.000_442_-4-4-2_ptsink.lime
/scratch/usr/hhpmbate/chroma_2pt/48x96/b5p80kp122810kp122810/vector/lp001lp0001_g2_g4_q000_q220_q422_q442_q600_q642/correlators/meson_qcdsf.001.b5p80kp122810kp122810-48x96.00313_0.000_442_-4-4-2_smsnk30.lime
/scratch/usr/hhpmbate/chroma_2pt/48x96/b5p80kp122810kp122810/vector/lp001lp0001_g2_g4_q000_q220_q422_q442_q600_q642/correlators/meson_qcdsf.001.b5p80kp122810kp122810-48x96.00313_0.000_600_-600_ptsink.lime
/scratch/usr/hhpmbate/chroma_2pt/48x96/b5p80kp122810kp122810/vector/lp001lp0001_g2_g4_q000_q220_q422_q442_q600_q642/correlators/meson_qcdsf.001.b5p80kp122810kp122810-48x96.00313_0.000_600_-600_smsnk30.lime
/scratch/usr/hhpmbate/chroma_2pt/48x96/b5p80kp122810kp122810/vector/lp001lp0001_g2_g4_q000_q220_q422_q442_q600_q642/correlators/meson_qcdsf.001.b5p80kp122810kp122810-48x96.00314_0.000_000_000_ptsink.lime
/scratch/usr/hhpmbate/chroma_2pt/48x96/b5p80kp122810kp122810/vector/lp001lp0001_g2_g4_q000_q220_q422_q442_q600_q642/correlators/meson_qcdsf.001.b5p80kp122810kp122810-48x96.00314_0.000_000_000_smsnk30.lime
/scratch/usr/hhpmbate/chroma_2pt/48x96/b5p80kp122810kp122810/vector/lp001lp0001_g2_g4_q000_q220_q422_q442_q600_q642/correlators/meson_qcdsf.001.b5p80kp122810kp122810-48x96.00314_0.000_220_-2-20_ptsink.lime
/scratch/usr/hhpmbate/chroma_2pt/48x96/b5p80kp122810kp122810/vector/lp001lp0001_g2_g4_q000_q220_q422_q442_q600_q642/correlators/meson_qcdsf.001.b5p80kp122810kp122810-48x96.00314_0.000_220_-2-20_smsnk30.lime
/scratch/usr/hhpmbate/chroma_2pt/48x96/b5p80kp122810kp122810/vector/lp001lp0001_g2_g4_q000_q220_q422_q442_q600_q642/correlators/meson_qcdsf.001.b5p80kp122810kp122810-48x96.00314_0.000_422_-4-2-2_ptsink.lime
/scratch/usr/hhpmbate/chroma_2pt/48x96/b5p80kp122810kp122810/vector/lp001lp0001_g2_g4_q000_q220_q422_q442_q600_q642/correlators/meson_qcdsf.001.b5p80kp122810kp122810-48x96.00314_0.000_422_-4-2-2_smsnk30.lime
/scratch/usr/hhpmbate/chroma_2pt/48x96/b5p80kp122810kp122810/vector/lp001lp0001_g2_g4_q000_q220_q422_q442_q600_q642/correlators/meson_qcdsf.001.b5p80kp122810kp122810-48x96.00314_0.000_442_-4-4-2_ptsink.lime
/scratch/usr/hhpmbate/chroma_2pt/48x96/b5p80kp122810kp122810/vector/lp001lp0001_g2_g4_q000_q220_q422_q442_q600_q642/correlators/meson_qcdsf.001.b5p80kp122810kp122810-48x96.00314_0.000_442_-4-4-2_smsnk30.lime
/scratch/usr/hhpmbate/chroma_2pt/48x96/b5p80kp122810kp122810/vector/lp001lp0001_g2_g4_q000_q220_q422_q442_q600_q642/correlators/meson_qcdsf.001.b5p80kp122810kp122810-48x96.00314_0.000_600_-600_ptsink.lime
/scratch/usr/hhpmbate/chroma_2pt/48x96/b5p80kp122810kp122810/vector/lp001lp0001_g2_g4_q000_q220_q422_q442_q600_q642/correlators/meson_qcdsf.001.b5p80kp122810kp122810-48x96.00314_0.000_600_-600_smsnk30.lime
/scratch/usr/hhpmbate/chroma_2pt/48x96/b5p80kp122810kp122810/vector/lp001lp0001_g2_g4_q000_q220_q422_q442_q600_q642/correlators/meson_qcdsf.001.b5p80kp122810kp122810-48x96.00315_0.000_000_000_ptsink.lime
/scratch/usr/hhpmbate/chroma_2pt/48x96/b5p80kp122810kp122810/vector/lp001lp0001_g2_g4_q000_q220_q422_q442_q600_q642/correlators/meson_qcdsf.001.b5p80kp122810kp122810-48x96.00315_0.000_000_000_smsnk30.lime
/scratch/usr/hhpmbate/chroma_2pt/48x96/b5p80kp122810kp122810/vector/lp001lp0001_g2_g4_q000_q220_q422_q442_q600_q642/correlators/meson_qcdsf.001.b5p80kp122810kp122810-48x96.00315_0.000_220_-2-20_ptsink.lime
/scratch/usr/hhpmbate/chroma_2pt/48x96/b5p80kp122810kp122810/vector/lp001lp0001_g2_g4_q000_q220_q422_q442_q600_q642/correlators/meson_qcdsf.001.b5p80kp122810kp122810-48x96.00315_0.000_220_-2-20_smsnk30.lime
/scratch/usr/hhpmbate/chroma_2pt/48x96/b5p80kp122810kp122810/vector/lp001lp0001_g2_g4_q000_q220_q422_q442_q600_q642/correlators/meson_qcdsf.001.b5p80kp122810kp122810-48x96.00315_0.000_422_-4-2-2_ptsink.lime
/scratch/usr/hhpmbate/chroma_2pt/48x96/b5p80kp122810kp122810/vector/lp001lp0001_g2_g4_q000_q220_q422_q442_q600_q642/correlators/meson_qcdsf.001.b5p80kp122810kp122810-48x96.00315_0.000_422_-4-2-2_smsnk30.lime
/scratch/usr/hhpmbate/chroma_2pt/48x96/b5p80kp122810kp122810/vector/lp001lp0001_g2_g4_q000_q220_q422_q442_q600_q642/correlators/meson_qcdsf.001.b5p80kp122810kp122810-48x96.00315_0.000_442_-4-4-2_ptsink.lime
/scratch/usr/hhpmbate/chroma_2pt/48x96/b5p80kp122810kp122810/vector/lp001lp0001_g2_g4_q000_q220_q422_q442_q600_q642/correlators/meson_qcdsf.001.b5p80kp122810kp122810-48x96.00315_0.000_442_-4-4-2_smsnk30.lime
/scratch/usr/hhpmbate/chroma_2pt/48x96/b5p80kp122810kp122810/vector/lp001lp0001_g2_g4_q000_q220_q422_q442_q600_q642/correlators/meson_qcdsf.001.b5p80kp122810kp122810-48x96.00315_0.000_600_-600_ptsink.lime
/scratch/usr/hhpmbate/chroma_2pt/48x96/b5p80kp122810kp122810/vector/lp001lp0001_g2_g4_q000_q220_q422_q442_q600_q642/correlators/meson_qcdsf.001.b5p80kp122810kp122810-48x96.00315_0.000_600_-600_smsnk30.lime
/scratch/usr/hhpmbate/chroma_2pt/48x96/b5p80kp122810kp122810/vector/lp001lp0001_g2_g4_q000_q220_q422_q442_q600_q642/correlators/meson_qcdsf.001.b5p80kp122810kp122810-48x96.00316_0.000_000_000_ptsink.lime
/scratch/usr/hhpmbate/chroma_2pt/48x96/b5p80kp122810kp122810/vector/lp001lp0001_g2_g4_q000_q220_q422_q442_q600_q642/correlators/meson_qcdsf.001.b5p80kp122810kp122810-48x96.00316_0.000_000_000_smsnk30.lime
/scratch/usr/hhpmbate/chroma_2pt/48x96/b5p80kp122810kp122810/vector/lp001lp0001_g2_g4_q000_q220_q422_q442_q600_q642/correlators/meson_qcdsf.001.b5p80kp122810kp122810-48x96.00316_0.000_220_-2-20_ptsink.lime
/scratch/usr/hhpmbate/chroma_2pt/48x96/b5p80kp122810kp122810/vector/lp001lp0001_g2_g4_q000_q220_q422_q442_q600_q642/correlators/meson_qcdsf.001.b5p80kp122810kp122810-48x96.00316_0.000_220_-2-20_smsnk30.lime
/scratch/usr/hhpmbate/chroma_2pt/48x96/b5p80kp122810kp122810/vector/lp001lp0001_g2_g4_q000_q220_q422_q442_q600_q642/correlators/meson_qcdsf.001.b5p80kp122810kp122810-48x96.00316_0.000_422_-4-2-2_ptsink.lime
/scratch/usr/hhpmbate/chroma_2pt/48x96/b5p80kp122810kp122810/vector/lp001lp0001_g2_g4_q000_q220_q422_q442_q600_q642/correlators/meson_qcdsf.001.b5p80kp122810kp122810-48x96.00316_0.000_422_-4-2-2_smsnk30.lime
/scratch/usr/hhpmbate/chroma_2pt/48x96/b5p80kp122810kp122810/vector/lp001lp0001_g2_g4_q000_q220_q422_q442_q600_q642/correlators/meson_qcdsf.001.b5p80kp122810kp122810-48x96.00316_0.000_442_-4-4-2_ptsink.lime
/scratch/usr/hhpmbate/chroma_2pt/48x96/b5p80kp122810kp122810/vector/lp001lp0001_g2_g4_q000_q220_q422_q442_q600_q642/correlators/meson_qcdsf.001.b5p80kp122810kp122810-48x96.00316_0.000_442_-4-4-2_smsnk30.lime
/scratch/usr/hhpmbate/chroma_2pt/48x96/b5p80kp122810kp122810/vector/lp001lp0001_g2_g4_q000_q220_q422_q442_q600_q642/correlators/meson_qcdsf.001.b5p80kp122810kp122810-48x96.00316_0.000_600_-600_ptsink.lime
/scratch/usr/hhpmbate/chroma_2pt/48x96/b5p80kp122810kp122810/vector/lp001lp0001_g2_g4_q000_q220_q422_q442_q600_q642/correlators/meson_qcdsf.001.b5p80kp122810kp122810-48x96.00316_0.000_600_-600_smsnk30.lime
/scratch/usr/hhpmbate/chroma_2pt/48x96/b5p80kp122810kp122810/vector/lp001lp0001_g2_g4_q000_q220_q422_q442_q600_q642/correlators/meson_qcdsf.001.b5p80kp122810kp122810-48x96.00317_0.000_000_000_ptsink.lime
/scratch/usr/hhpmbate/chroma_2pt/48x96/b5p80kp122810kp122810/vector/lp001lp0001_g2_g4_q000_q220_q422_q442_q600_q642/correlators/meson_qcdsf.001.b5p80kp122810kp122810-48x96.00317_0.000_000_000_smsnk30.lime
/scratch/usr/hhpmbate/chroma_2pt/48x96/b5p80kp122810kp122810/vector/lp001lp0001_g2_g4_q000_q220_q422_q442_q600_q642/correlators/meson_qcdsf.001.b5p80kp122810kp122810-48x96.00317_0.000_220_-2-20_ptsink.lime
/scratch/usr/hhpmbate/chroma_2pt/48x96/b5p80kp122810kp122810/vector/lp001lp0001_g2_g4_q000_q220_q422_q442_q600_q642/correlators/meson_qcdsf.001.b5p80kp122810kp122810-48x96.00317_0.000_220_-2-20_smsnk30.lime
/scratch/usr/hhpmbate/chroma_2pt/48x96/b5p80kp122810kp122810/vector/lp001lp0001_g2_g4_q000_q220_q422_q442_q600_q642/correlators/meson_qcdsf.001.b5p80kp122810kp122810-48x96.00317_0.000_422_-4-2-2_ptsink.lime
/scratch/usr/hhpmbate/chroma_2pt/48x96/b5p80kp122810kp122810/vector/lp001lp0001_g2_g4_q000_q220_q422_q442_q600_q642/correlators/meson_qcdsf.001.b5p80kp122810kp122810-48x96.00317_0.000_422_-4-2-2_smsnk30.lime
/scratch/usr/hhpmbate/chroma_2pt/48x96/b5p80kp122810kp122810/vector/lp001lp0001_g2_g4_q000_q220_q422_q442_q600_q642/correlators/meson_qcdsf.001.b5p80kp122810kp122810-48x96.00317_0.000_442_-4-4-2_ptsink.lime
/scratch/usr/hhpmbate/chroma_2pt/48x96/b5p80kp122810kp122810/vector/lp001lp0001_g2_g4_q000_q220_q422_q442_q600_q642/correlators/meson_qcdsf.001.b5p80kp122810kp122810-48x96.00317_0.000_442_-4-4-2_smsnk30.lime
/scratch/usr/hhpmbate/chroma_2pt/48x96/b5p80kp122810kp122810/vector/lp001lp0001_g2_g4_q000_q220_q422_q442_q600_q642/correlators/meson_qcdsf.001.b5p80kp122810kp122810-48x96.00317_0.000_600_-600_ptsink.lime
/scratch/usr/hhpmbate/chroma_2pt/48x96/b5p80kp122810kp122810/vector/lp001lp0001_g2_g4_q000_q220_q422_q442_q600_q642/correlators/meson_qcdsf.001.b5p80kp122810kp122810-48x96.00317_0.000_600_-600_smsnk30.lime
/scratch/usr/hhpmbate/chroma_2pt/48x96/b5p80kp122810kp122810/vector/lp001lp0001_g2_g4_q000_q220_q422_q442_q600_q642/correlators/meson_qcdsf.001.b5p80kp122810kp122810-48x96.00318_0.000_000_000_ptsink.lime
/scratch/usr/hhpmbate/chroma_2pt/48x96/b5p80kp122810kp122810/vector/lp001lp0001_g2_g4_q000_q220_q422_q442_q600_q642/correlators/meson_qcdsf.001.b5p80kp122810kp122810-48x96.00318_0.000_000_000_smsnk30.lime
/scratch/usr/hhpmbate/chroma_2pt/48x96/b5p80kp122810kp122810/vector/lp001lp0001_g2_g4_q000_q220_q422_q442_q600_q642/correlators/meson_qcdsf.001.b5p80kp122810kp122810-48x96.00318_0.000_220_-2-20_ptsink.lime
/scratch/usr/hhpmbate/chroma_2pt/48x96/b5p80kp122810kp122810/vector/lp001lp0001_g2_g4_q000_q220_q422_q442_q600_q642/correlators/meson_qcdsf.001.b5p80kp122810kp122810-48x96.00318_0.000_220_-2-20_smsnk30.lime
/scratch/usr/hhpmbate/chroma_2pt/48x96/b5p80kp122810kp122810/vector/lp001lp0001_g2_g4_q000_q220_q422_q442_q600_q642/correlators/meson_qcdsf.001.b5p80kp122810kp122810-48x96.00318_0.000_422_-4-2-2_ptsink.lime
/scratch/usr/hhpmbate/chroma_2pt/48x96/b5p80kp122810kp122810/vector/lp001lp0001_g2_g4_q000_q220_q422_q442_q600_q642/correlators/meson_qcdsf.001.b5p80kp122810kp122810-48x96.00318_0.000_422_-4-2-2_smsnk30.lime
/scratch/usr/hhpmbate/chroma_2pt/48x96/b5p80kp122810kp122810/vector/lp001lp0001_g2_g4_q000_q220_q422_q442_q600_q642/correlators/meson_qcdsf.001.b5p80kp122810kp122810-48x96.00318_0.000_442_-4-4-2_ptsink.lime
/scratch/usr/hhpmbate/chroma_2pt/48x96/b5p80kp122810kp122810/vector/lp001lp0001_g2_g4_q000_q220_q422_q442_q600_q642/correlators/meson_qcdsf.001.b5p80kp122810kp122810-48x96.00318_0.000_442_-4-4-2_smsnk30.lime
/scratch/usr/hhpmbate/chroma_2pt/48x96/b5p80kp122810kp122810/vector/lp001lp0001_g2_g4_q000_q220_q422_q442_q600_q642/correlators/meson_qcdsf.001.b5p80kp122810kp122810-48x96.00318_0.000_600_-600_ptsink.lime
/scratch/usr/hhpmbate/chroma_2pt/48x96/b5p80kp122810kp122810/vector/lp001lp0001_g2_g4_q000_q220_q422_q442_q600_q642/correlators/meson_qcdsf.001.b5p80kp122810kp122810-48x96.00318_0.000_600_-600_smsnk30.lime
/scratch/usr/hhpmbate/chroma_2pt/48x96/b5p80kp122810kp122810/vector/lp001lp0001_g2_g4_q000_q220_q422_q442_q600_q642/correlators/meson_qcdsf.001.b5p80kp122810kp122810-48x96.00319_0.000_000_000_ptsink.lime
/scratch/usr/hhpmbate/chroma_2pt/48x96/b5p80kp122810kp122810/vector/lp001lp0001_g2_g4_q000_q220_q422_q442_q600_q642/correlators/meson_qcdsf.001.b5p80kp122810kp122810-48x96.00319_0.000_000_000_smsnk30.lime
/scratch/usr/hhpmbate/chroma_2pt/48x96/b5p80kp122810kp122810/vector/lp001lp0001_g2_g4_q000_q220_q422_q442_q600_q642/correlators/meson_qcdsf.001.b5p80kp122810kp122810-48x96.00319_0.000_220_-2-20_ptsink.lime
/scratch/usr/hhpmbate/chroma_2pt/48x96/b5p80kp122810kp122810/vector/lp001lp0001_g2_g4_q000_q220_q422_q442_q600_q642/correlators/meson_qcdsf.001.b5p80kp122810kp122810-48x96.00319_0.000_220_-2-20_smsnk30.lime
/scratch/usr/hhpmbate/chroma_2pt/48x96/b5p80kp122810kp122810/vector/lp001lp0001_g2_g4_q000_q220_q422_q442_q600_q642/correlators/meson_qcdsf.001.b5p80kp122810kp122810-48x96.00319_0.000_422_-4-2-2_ptsink.lime
/scratch/usr/hhpmbate/chroma_2pt/48x96/b5p80kp122810kp122810/vector/lp001lp0001_g2_g4_q000_q220_q422_q442_q600_q642/correlators/meson_qcdsf.001.b5p80kp122810kp122810-48x96.00319_0.000_422_-4-2-2_smsnk30.lime
/scratch/usr/hhpmbate/chroma_2pt/48x96/b5p80kp122810kp122810/vector/lp001lp0001_g2_g4_q000_q220_q422_q442_q600_q642/correlators/meson_qcdsf.001.b5p80kp122810kp122810-48x96.00319_0.000_442_-4-4-2_ptsink.lime
/scratch/usr/hhpmbate/chroma_2pt/48x96/b5p80kp122810kp122810/vector/lp001lp0001_g2_g4_q000_q220_q422_q442_q600_q642/correlators/meson_qcdsf.001.b5p80kp122810kp122810-48x96.00319_0.000_442_-4-4-2_smsnk30.lime
/scratch/usr/hhpmbate/chroma_2pt/48x96/b5p80kp122810kp122810/vector/lp001lp0001_g2_g4_q000_q220_q422_q442_q600_q642/correlators/meson_qcdsf.001.b5p80kp122810kp122810-48x96.00319_0.000_600_-600_ptsink.lime
/scratch/usr/hhpmbate/chroma_2pt/48x96/b5p80kp122810kp122810/vector/lp001lp0001_g2_g4_q000_q220_q422_q442_q600_q642/correlators/meson_qcdsf.001.b5p80kp122810kp122810-48x96.00319_0.000_600_-600_smsnk30.lime
/scratch/usr/hhpmbate/chroma_2pt/48x96/b5p80kp122810kp122810/vector/lp001lp0001_g2_g4_q000_q220_q422_q442_q600_q642/correlators/meson_qcdsf.001.b5p80kp122810kp122810-48x96.00320_0.000_000_000_ptsink.lime
/scratch/usr/hhpmbate/chroma_2pt/48x96/b5p80kp122810kp122810/vector/lp001lp0001_g2_g4_q000_q220_q422_q442_q600_q642/correlators/meson_qcdsf.001.b5p80kp122810kp122810-48x96.00320_0.000_000_000_smsnk30.lime
/scratch/usr/hhpmbate/chroma_2pt/48x96/b5p80kp122810kp122810/vector/lp001lp0001_g2_g4_q000_q220_q422_q442_q600_q642/correlators/meson_qcdsf.001.b5p80kp122810kp122810-48x96.00320_0.000_220_-2-20_ptsink.lime
/scratch/usr/hhpmbate/chroma_2pt/48x96/b5p80kp122810kp122810/vector/lp001lp0001_g2_g4_q000_q220_q422_q442_q600_q642/correlators/meson_qcdsf.001.b5p80kp122810kp122810-48x96.00320_0.000_220_-2-20_smsnk30.lime
/scratch/usr/hhpmbate/chroma_2pt/48x96/b5p80kp122810kp122810/vector/lp001lp0001_g2_g4_q000_q220_q422_q442_q600_q642/correlators/meson_qcdsf.001.b5p80kp122810kp122810-48x96.00320_0.000_422_-4-2-2_ptsink.lime
/scratch/usr/hhpmbate/chroma_2pt/48x96/b5p80kp122810kp122810/vector/lp001lp0001_g2_g4_q000_q220_q422_q442_q600_q642/correlators/meson_qcdsf.001.b5p80kp122810kp122810-48x96.00320_0.000_422_-4-2-2_smsnk30.lime
/scratch/usr/hhpmbate/chroma_2pt/48x96/b5p80kp122810kp122810/vector/lp001lp0001_g2_g4_q000_q220_q422_q442_q600_q642/correlators/meson_qcdsf.001.b5p80kp122810kp122810-48x96.00320_0.000_442_-4-4-2_ptsink.lime
/scratch/usr/hhpmbate/chroma_2pt/48x96/b5p80kp122810kp122810/vector/lp001lp0001_g2_g4_q000_q220_q422_q442_q600_q642/correlators/meson_qcdsf.001.b5p80kp122810kp122810-48x96.00320_0.000_442_-4-4-2_smsnk30.lime
/scratch/usr/hhpmbate/chroma_2pt/48x96/b5p80kp122810kp122810/vector/lp001lp0001_g2_g4_q000_q220_q422_q442_q600_q642/correlators/meson_qcdsf.001.b5p80kp122810kp122810-48x96.00320_0.000_600_-600_ptsink.lime
/scratch/usr/hhpmbate/chroma_2pt/48x96/b5p80kp122810kp122810/vector/lp001lp0001_g2_g4_q000_q220_q422_q442_q600_q642/correlators/meson_qcdsf.001.b5p80kp122810kp122810-48x96.00320_0.000_600_-600_smsnk30.lime
/scratch/usr/hhpmbate/chroma_2pt/48x96/b5p80kp122810kp122810/vector/lp001lp0001_g2_g4_q000_q220_q422_q442_q600_q642/correlators/meson_qcdsf.001.b5p80kp122810kp122810-48x96.00321_0.000_000_000_ptsink.lime
/scratch/usr/hhpmbate/chroma_2pt/48x96/b5p80kp122810kp122810/vector/lp001lp0001_g2_g4_q000_q220_q422_q442_q600_q642/correlators/meson_qcdsf.001.b5p80kp122810kp122810-48x96.00321_0.000_000_000_smsnk30.lime
/scratch/usr/hhpmbate/chroma_2pt/48x96/b5p80kp122810kp122810/vector/lp001lp0001_g2_g4_q000_q220_q422_q442_q600_q642/correlators/meson_qcdsf.001.b5p80kp122810kp122810-48x96.00321_0.000_220_-2-20_ptsink.lime
/scratch/usr/hhpmbate/chroma_2pt/48x96/b5p80kp122810kp122810/vector/lp001lp0001_g2_g4_q000_q220_q422_q442_q600_q642/correlators/meson_qcdsf.001.b5p80kp122810kp122810-48x96.00321_0.000_220_-2-20_smsnk30.lime
/scratch/usr/hhpmbate/chroma_2pt/48x96/b5p80kp122810kp122810/vector/lp001lp0001_g2_g4_q000_q220_q422_q442_q600_q642/correlators/meson_qcdsf.001.b5p80kp122810kp122810-48x96.00321_0.000_422_-4-2-2_ptsink.lime
/scratch/usr/hhpmbate/chroma_2pt/48x96/b5p80kp122810kp122810/vector/lp001lp0001_g2_g4_q000_q220_q422_q442_q600_q642/correlators/meson_qcdsf.001.b5p80kp122810kp122810-48x96.00321_0.000_422_-4-2-2_smsnk30.lime
/scratch/usr/hhpmbate/chroma_2pt/48x96/b5p80kp122810kp122810/vector/lp001lp0001_g2_g4_q000_q220_q422_q442_q600_q642/correlators/meson_qcdsf.001.b5p80kp122810kp122810-48x96.00321_0.000_442_-4-4-2_ptsink.lime
/scratch/usr/hhpmbate/chroma_2pt/48x96/b5p80kp122810kp122810/vector/lp001lp0001_g2_g4_q000_q220_q422_q442_q600_q642/correlators/meson_qcdsf.001.b5p80kp122810kp122810-48x96.00321_0.000_442_-4-4-2_smsnk30.lime
/scratch/usr/hhpmbate/chroma_2pt/48x96/b5p80kp122810kp122810/vector/lp001lp0001_g2_g4_q000_q220_q422_q442_q600_q642/correlators/meson_qcdsf.001.b5p80kp122810kp122810-48x96.00321_0.000_600_-600_ptsink.lime
/scratch/usr/hhpmbate/chroma_2pt/48x96/b5p80kp122810kp122810/vector/lp001lp0001_g2_g4_q000_q220_q422_q442_q600_q642/correlators/meson_qcdsf.001.b5p80kp122810kp122810-48x96.00321_0.000_600_-600_smsnk30.lime
/scratch/usr/hhpmbate/chroma_2pt/48x96/b5p80kp122810kp122810/vector/lp001lp0001_g2_g4_q000_q220_q422_q442_q600_q642/correlators/meson_qcdsf.001.b5p80kp122810kp122810-48x96.00322_0.000_000_000_ptsink.lime
/scratch/usr/hhpmbate/chroma_2pt/48x96/b5p80kp122810kp122810/vector/lp001lp0001_g2_g4_q000_q220_q422_q442_q600_q642/correlators/meson_qcdsf.001.b5p80kp122810kp122810-48x96.00322_0.000_000_000_smsnk30.lime
/scratch/usr/hhpmbate/chroma_2pt/48x96/b5p80kp122810kp122810/vector/lp001lp0001_g2_g4_q000_q220_q422_q442_q600_q642/correlators/meson_qcdsf.001.b5p80kp122810kp122810-48x96.00322_0.000_220_-2-20_ptsink.lime
/scratch/usr/hhpmbate/chroma_2pt/48x96/b5p80kp122810kp122810/vector/lp001lp0001_g2_g4_q000_q220_q422_q442_q600_q642/correlators/meson_qcdsf.001.b5p80kp122810kp122810-48x96.00322_0.000_220_-2-20_smsnk30.lime
/scratch/usr/hhpmbate/chroma_2pt/48x96/b5p80kp122810kp122810/vector/lp001lp0001_g2_g4_q000_q220_q422_q442_q600_q642/correlators/meson_qcdsf.001.b5p80kp122810kp122810-48x96.00322_0.000_422_-4-2-2_ptsink.lime
/scratch/usr/hhpmbate/chroma_2pt/48x96/b5p80kp122810kp122810/vector/lp001lp0001_g2_g4_q000_q220_q422_q442_q600_q642/correlators/meson_qcdsf.001.b5p80kp122810kp122810-48x96.00322_0.000_422_-4-2-2_smsnk30.lime
/scratch/usr/hhpmbate/chroma_2pt/48x96/b5p80kp122810kp122810/vector/lp001lp0001_g2_g4_q000_q220_q422_q442_q600_q642/correlators/meson_qcdsf.001.b5p80kp122810kp122810-48x96.00322_0.000_442_-4-4-2_ptsink.lime
/scratch/usr/hhpmbate/chroma_2pt/48x96/b5p80kp122810kp122810/vector/lp001lp0001_g2_g4_q000_q220_q422_q442_q600_q642/correlators/meson_qcdsf.001.b5p80kp122810kp122810-48x96.00322_0.000_442_-4-4-2_smsnk30.lime
/scratch/usr/hhpmbate/chroma_2pt/48x96/b5p80kp122810kp122810/vector/lp001lp0001_g2_g4_q000_q220_q422_q442_q600_q642/correlators/meson_qcdsf.001.b5p80kp122810kp122810-48x96.00322_0.000_600_-600_ptsink.lime
/scratch/usr/hhpmbate/chroma_2pt/48x96/b5p80kp122810kp122810/vector/lp001lp0001_g2_g4_q000_q220_q422_q442_q600_q642/correlators/meson_qcdsf.001.b5p80kp122810kp122810-48x96.00322_0.000_600_-600_smsnk30.lime
/scratch/usr/hhpmbate/chroma_2pt/48x96/b5p80kp122810kp122810/vector/lp001lp0001_g2_g4_q000_q220_q422_q442_q600_q642/correlators/meson_qcdsf.001.b5p80kp122810kp122810-48x96.00323_0.000_000_000_ptsink.lime
/scratch/usr/hhpmbate/chroma_2pt/48x96/b5p80kp122810kp122810/vector/lp001lp0001_g2_g4_q000_q220_q422_q442_q600_q642/correlators/meson_qcdsf.001.b5p80kp122810kp122810-48x96.00323_0.000_000_000_smsnk30.lime
/scratch/usr/hhpmbate/chroma_2pt/48x96/b5p80kp122810kp122810/vector/lp001lp0001_g2_g4_q000_q220_q422_q442_q600_q642/correlators/meson_qcdsf.001.b5p80kp122810kp122810-48x96.00323_0.000_220_-2-20_ptsink.lime
/scratch/usr/hhpmbate/chroma_2pt/48x96/b5p80kp122810kp122810/vector/lp001lp0001_g2_g4_q000_q220_q422_q442_q600_q642/correlators/meson_qcdsf.001.b5p80kp122810kp122810-48x96.00323_0.000_220_-2-20_smsnk30.lime
/scratch/usr/hhpmbate/chroma_2pt/48x96/b5p80kp122810kp122810/vector/lp001lp0001_g2_g4_q000_q220_q422_q442_q600_q642/correlators/meson_qcdsf.001.b5p80kp122810kp122810-48x96.00323_0.000_422_-4-2-2_ptsink.lime
/scratch/usr/hhpmbate/chroma_2pt/48x96/b5p80kp122810kp122810/vector/lp001lp0001_g2_g4_q000_q220_q422_q442_q600_q642/correlators/meson_qcdsf.001.b5p80kp122810kp122810-48x96.00323_0.000_422_-4-2-2_smsnk30.lime
/scratch/usr/hhpmbate/chroma_2pt/48x96/b5p80kp122810kp122810/vector/lp001lp0001_g2_g4_q000_q220_q422_q442_q600_q642/correlators/meson_qcdsf.001.b5p80kp122810kp122810-48x96.00323_0.000_442_-4-4-2_ptsink.lime
/scratch/usr/hhpmbate/chroma_2pt/48x96/b5p80kp122810kp122810/vector/lp001lp0001_g2_g4_q000_q220_q422_q442_q600_q642/correlators/meson_qcdsf.001.b5p80kp122810kp122810-48x96.00323_0.000_442_-4-4-2_smsnk30.lime
/scratch/usr/hhpmbate/chroma_2pt/48x96/b5p80kp122810kp122810/vector/lp001lp0001_g2_g4_q000_q220_q422_q442_q600_q642/correlators/meson_qcdsf.001.b5p80kp122810kp122810-48x96.00323_0.000_600_-600_ptsink.lime
/scratch/usr/hhpmbate/chroma_2pt/48x96/b5p80kp122810kp122810/vector/lp001lp0001_g2_g4_q000_q220_q422_q442_q600_q642/correlators/meson_qcdsf.001.b5p80kp122810kp122810-48x96.00323_0.000_600_-600_smsnk30.lime
/scratch/usr/hhpmbate/chroma_2pt/48x96/b5p80kp122810kp122810/vector/lp001lp0001_g2_g4_q000_q220_q422_q442_q600_q642/correlators/meson_qcdsf.001.b5p80kp122810kp122810-48x96.00324_0.000_000_000_ptsink.lime
/scratch/usr/hhpmbate/chroma_2pt/48x96/b5p80kp122810kp122810/vector/lp001lp0001_g2_g4_q000_q220_q422_q442_q600_q642/correlators/meson_qcdsf.001.b5p80kp122810kp122810-48x96.00324_0.000_000_000_smsnk30.lime
/scratch/usr/hhpmbate/chroma_2pt/48x96/b5p80kp122810kp122810/vector/lp001lp0001_g2_g4_q000_q220_q422_q442_q600_q642/correlators/meson_qcdsf.001.b5p80kp122810kp122810-48x96.00324_0.000_220_-2-20_ptsink.lime
/scratch/usr/hhpmbate/chroma_2pt/48x96/b5p80kp122810kp122810/vector/lp001lp0001_g2_g4_q000_q220_q422_q442_q600_q642/correlators/meson_qcdsf.001.b5p80kp122810kp122810-48x96.00324_0.000_220_-2-20_smsnk30.lime
/scratch/usr/hhpmbate/chroma_2pt/48x96/b5p80kp122810kp122810/vector/lp001lp0001_g2_g4_q000_q220_q422_q442_q600_q642/correlators/meson_qcdsf.001.b5p80kp122810kp122810-48x96.00324_0.000_422_-4-2-2_ptsink.lime
/scratch/usr/hhpmbate/chroma_2pt/48x96/b5p80kp122810kp122810/vector/lp001lp0001_g2_g4_q000_q220_q422_q442_q600_q642/correlators/meson_qcdsf.001.b5p80kp122810kp122810-48x96.00324_0.000_422_-4-2-2_smsnk30.lime
/scratch/usr/hhpmbate/chroma_2pt/48x96/b5p80kp122810kp122810/vector/lp001lp0001_g2_g4_q000_q220_q422_q442_q600_q642/correlators/meson_qcdsf.001.b5p80kp122810kp122810-48x96.00324_0.000_442_-4-4-2_ptsink.lime
/scratch/usr/hhpmbate/chroma_2pt/48x96/b5p80kp122810kp122810/vector/lp001lp0001_g2_g4_q000_q220_q422_q442_q600_q642/correlators/meson_qcdsf.001.b5p80kp122810kp122810-48x96.00324_0.000_442_-4-4-2_smsnk30.lime
/scratch/usr/hhpmbate/chroma_2pt/48x96/b5p80kp122810kp122810/vector/lp001lp0001_g2_g4_q000_q220_q422_q442_q600_q642/correlators/meson_qcdsf.001.b5p80kp122810kp122810-48x96.00324_0.000_600_-600_ptsink.lime
/scratch/usr/hhpmbate/chroma_2pt/48x96/b5p80kp122810kp122810/vector/lp001lp0001_g2_g4_q000_q220_q422_q442_q600_q642/correlators/meson_qcdsf.001.b5p80kp122810kp122810-48x96.00324_0.000_600_-600_smsnk30.lime
/scratch/usr/hhpmbate/chroma_2pt/48x96/b5p80kp122810kp122810/vector/lp001lp0001_g2_g4_q000_q220_q422_q442_q600_q642/correlators/meson_qcdsf.001.b5p80kp122810kp122810-48x96.00325_0.000_000_000_ptsink.lime
/scratch/usr/hhpmbate/chroma_2pt/48x96/b5p80kp122810kp122810/vector/lp001lp0001_g2_g4_q000_q220_q422_q442_q600_q642/correlators/meson_qcdsf.001.b5p80kp122810kp122810-48x96.00325_0.000_000_000_smsnk30.lime
/scratch/usr/hhpmbate/chroma_2pt/48x96/b5p80kp122810kp122810/vector/lp001lp0001_g2_g4_q000_q220_q422_q442_q600_q642/correlators/meson_qcdsf.001.b5p80kp122810kp122810-48x96.00325_0.000_220_-2-20_ptsink.lime
/scratch/usr/hhpmbate/chroma_2pt/48x96/b5p80kp122810kp122810/vector/lp001lp0001_g2_g4_q000_q220_q422_q442_q600_q642/correlators/meson_qcdsf.001.b5p80kp122810kp122810-48x96.00325_0.000_220_-2-20_smsnk30.lime
/scratch/usr/hhpmbate/chroma_2pt/48x96/b5p80kp122810kp122810/vector/lp001lp0001_g2_g4_q000_q220_q422_q442_q600_q642/correlators/meson_qcdsf.001.b5p80kp122810kp122810-48x96.00325_0.000_422_-4-2-2_ptsink.lime
/scratch/usr/hhpmbate/chroma_2pt/48x96/b5p80kp122810kp122810/vector/lp001lp0001_g2_g4_q000_q220_q422_q442_q600_q642/correlators/meson_qcdsf.001.b5p80kp122810kp122810-48x96.00325_0.000_422_-4-2-2_smsnk30.lime
/scratch/usr/hhpmbate/chroma_2pt/48x96/b5p80kp122810kp122810/vector/lp001lp0001_g2_g4_q000_q220_q422_q442_q600_q642/correlators/meson_qcdsf.001.b5p80kp122810kp122810-48x96.00325_0.000_442_-4-4-2_ptsink.lime
/scratch/usr/hhpmbate/chroma_2pt/48x96/b5p80kp122810kp122810/vector/lp001lp0001_g2_g4_q000_q220_q422_q442_q600_q642/correlators/meson_qcdsf.001.b5p80kp122810kp122810-48x96.00325_0.000_442_-4-4-2_smsnk30.lime
/scratch/usr/hhpmbate/chroma_2pt/48x96/b5p80kp122810kp122810/vector/lp001lp0001_g2_g4_q000_q220_q422_q442_q600_q642/correlators/meson_qcdsf.001.b5p80kp122810kp122810-48x96.00325_0.000_600_-600_ptsink.lime
/scratch/usr/hhpmbate/chroma_2pt/48x96/b5p80kp122810kp122810/vector/lp001lp0001_g2_g4_q000_q220_q422_q442_q600_q642/correlators/meson_qcdsf.001.b5p80kp122810kp122810-48x96.00325_0.000_600_-600_smsnk30.lime
/scratch/usr/hhpmbate/chroma_2pt/48x96/b5p80kp122810kp122810/vector/lp001lp0001_g2_g4_q000_q220_q422_q442_q600_q642/correlators/meson_qcdsf.001.b5p80kp122810kp122810-48x96.00326_0.000_000_000_ptsink.lime
/scratch/usr/hhpmbate/chroma_2pt/48x96/b5p80kp122810kp122810/vector/lp001lp0001_g2_g4_q000_q220_q422_q442_q600_q642/correlators/meson_qcdsf.001.b5p80kp122810kp122810-48x96.00326_0.000_000_000_smsnk30.lime
/scratch/usr/hhpmbate/chroma_2pt/48x96/b5p80kp122810kp122810/vector/lp001lp0001_g2_g4_q000_q220_q422_q442_q600_q642/correlators/meson_qcdsf.001.b5p80kp122810kp122810-48x96.00326_0.000_220_-2-20_ptsink.lime
/scratch/usr/hhpmbate/chroma_2pt/48x96/b5p80kp122810kp122810/vector/lp001lp0001_g2_g4_q000_q220_q422_q442_q600_q642/correlators/meson_qcdsf.001.b5p80kp122810kp122810-48x96.00326_0.000_220_-2-20_smsnk30.lime
/scratch/usr/hhpmbate/chroma_2pt/48x96/b5p80kp122810kp122810/vector/lp001lp0001_g2_g4_q000_q220_q422_q442_q600_q642/correlators/meson_qcdsf.001.b5p80kp122810kp122810-48x96.00326_0.000_422_-4-2-2_ptsink.lime
/scratch/usr/hhpmbate/chroma_2pt/48x96/b5p80kp122810kp122810/vector/lp001lp0001_g2_g4_q000_q220_q422_q442_q600_q642/correlators/meson_qcdsf.001.b5p80kp122810kp122810-48x96.00326_0.000_422_-4-2-2_smsnk30.lime
/scratch/usr/hhpmbate/chroma_2pt/48x96/b5p80kp122810kp122810/vector/lp001lp0001_g2_g4_q000_q220_q422_q442_q600_q642/correlators/meson_qcdsf.001.b5p80kp122810kp122810-48x96.00326_0.000_442_-4-4-2_ptsink.lime
/scratch/usr/hhpmbate/chroma_2pt/48x96/b5p80kp122810kp122810/vector/lp001lp0001_g2_g4_q000_q220_q422_q442_q600_q642/correlators/meson_qcdsf.001.b5p80kp122810kp122810-48x96.00326_0.000_442_-4-4-2_smsnk30.lime
/scratch/usr/hhpmbate/chroma_2pt/48x96/b5p80kp122810kp122810/vector/lp001lp0001_g2_g4_q000_q220_q422_q442_q600_q642/correlators/meson_qcdsf.001.b5p80kp122810kp122810-48x96.00326_0.000_600_-600_ptsink.lime
/scratch/usr/hhpmbate/chroma_2pt/48x96/b5p80kp122810kp122810/vector/lp001lp0001_g2_g4_q000_q220_q422_q442_q600_q642/correlators/meson_qcdsf.001.b5p80kp122810kp122810-48x96.00326_0.000_600_-600_smsnk30.lime
/scratch/usr/hhpmbate/chroma_2pt/48x96/b5p80kp122810kp122810/vector/lp001lp0001_g2_g4_q000_q220_q422_q442_q600_q642/correlators/meson_qcdsf.001.b5p80kp122810kp122810-48x96.00327_0.000_000_000_ptsink.lime
/scratch/usr/hhpmbate/chroma_2pt/48x96/b5p80kp122810kp122810/vector/lp001lp0001_g2_g4_q000_q220_q422_q442_q600_q642/correlators/meson_qcdsf.001.b5p80kp122810kp122810-48x96.00327_0.000_000_000_smsnk30.lime
/scratch/usr/hhpmbate/chroma_2pt/48x96/b5p80kp122810kp122810/vector/lp001lp0001_g2_g4_q000_q220_q422_q442_q600_q642/correlators/meson_qcdsf.001.b5p80kp122810kp122810-48x96.00327_0.000_220_-2-20_ptsink.lime
/scratch/usr/hhpmbate/chroma_2pt/48x96/b5p80kp122810kp122810/vector/lp001lp0001_g2_g4_q000_q220_q422_q442_q600_q642/correlators/meson_qcdsf.001.b5p80kp122810kp122810-48x96.00327_0.000_220_-2-20_smsnk30.lime
/scratch/usr/hhpmbate/chroma_2pt/48x96/b5p80kp122810kp122810/vector/lp001lp0001_g2_g4_q000_q220_q422_q442_q600_q642/correlators/meson_qcdsf.001.b5p80kp122810kp122810-48x96.00327_0.000_422_-4-2-2_ptsink.lime
/scratch/usr/hhpmbate/chroma_2pt/48x96/b5p80kp122810kp122810/vector/lp001lp0001_g2_g4_q000_q220_q422_q442_q600_q642/correlators/meson_qcdsf.001.b5p80kp122810kp122810-48x96.00327_0.000_422_-4-2-2_smsnk30.lime
/scratch/usr/hhpmbate/chroma_2pt/48x96/b5p80kp122810kp122810/vector/lp001lp0001_g2_g4_q000_q220_q422_q442_q600_q642/correlators/meson_qcdsf.001.b5p80kp122810kp122810-48x96.00327_0.000_442_-4-4-2_ptsink.lime
/scratch/usr/hhpmbate/chroma_2pt/48x96/b5p80kp122810kp122810/vector/lp001lp0001_g2_g4_q000_q220_q422_q442_q600_q642/correlators/meson_qcdsf.001.b5p80kp122810kp122810-48x96.00327_0.000_442_-4-4-2_smsnk30.lime
/scratch/usr/hhpmbate/chroma_2pt/48x96/b5p80kp122810kp122810/vector/lp001lp0001_g2_g4_q000_q220_q422_q442_q600_q642/correlators/meson_qcdsf.001.b5p80kp122810kp122810-48x96.00327_0.000_600_-600_ptsink.lime
/scratch/usr/hhpmbate/chroma_2pt/48x96/b5p80kp122810kp122810/vector/lp001lp0001_g2_g4_q000_q220_q422_q442_q600_q642/correlators/meson_qcdsf.001.b5p80kp122810kp122810-48x96.00327_0.000_600_-600_smsnk30.lime
/scratch/usr/hhpmbate/chroma_2pt/48x96/b5p80kp122810kp122810/vector/lp001lp0001_g2_g4_q000_q220_q422_q442_q600_q642/correlators/meson_qcdsf.001.b5p80kp122810kp122810-48x96.00328_0.000_000_000_ptsink.lime
/scratch/usr/hhpmbate/chroma_2pt/48x96/b5p80kp122810kp122810/vector/lp001lp0001_g2_g4_q000_q220_q422_q442_q600_q642/correlators/meson_qcdsf.001.b5p80kp122810kp122810-48x96.00328_0.000_000_000_smsnk30.lime
/scratch/usr/hhpmbate/chroma_2pt/48x96/b5p80kp122810kp122810/vector/lp001lp0001_g2_g4_q000_q220_q422_q442_q600_q642/correlators/meson_qcdsf.001.b5p80kp122810kp122810-48x96.00328_0.000_220_-2-20_ptsink.lime
/scratch/usr/hhpmbate/chroma_2pt/48x96/b5p80kp122810kp122810/vector/lp001lp0001_g2_g4_q000_q220_q422_q442_q600_q642/correlators/meson_qcdsf.001.b5p80kp122810kp122810-48x96.00328_0.000_220_-2-20_smsnk30.lime
/scratch/usr/hhpmbate/chroma_2pt/48x96/b5p80kp122810kp122810/vector/lp001lp0001_g2_g4_q000_q220_q422_q442_q600_q642/correlators/meson_qcdsf.001.b5p80kp122810kp122810-48x96.00328_0.000_422_-4-2-2_ptsink.lime
/scratch/usr/hhpmbate/chroma_2pt/48x96/b5p80kp122810kp122810/vector/lp001lp0001_g2_g4_q000_q220_q422_q442_q600_q642/correlators/meson_qcdsf.001.b5p80kp122810kp122810-48x96.00328_0.000_422_-4-2-2_smsnk30.lime
/scratch/usr/hhpmbate/chroma_2pt/48x96/b5p80kp122810kp122810/vector/lp001lp0001_g2_g4_q000_q220_q422_q442_q600_q642/correlators/meson_qcdsf.001.b5p80kp122810kp122810-48x96.00328_0.000_442_-4-4-2_ptsink.lime
/scratch/usr/hhpmbate/chroma_2pt/48x96/b5p80kp122810kp122810/vector/lp001lp0001_g2_g4_q000_q220_q422_q442_q600_q642/correlators/meson_qcdsf.001.b5p80kp122810kp122810-48x96.00328_0.000_442_-4-4-2_smsnk30.lime
/scratch/usr/hhpmbate/chroma_2pt/48x96/b5p80kp122810kp122810/vector/lp001lp0001_g2_g4_q000_q220_q422_q442_q600_q642/correlators/meson_qcdsf.001.b5p80kp122810kp122810-48x96.00328_0.000_600_-600_ptsink.lime
/scratch/usr/hhpmbate/chroma_2pt/48x96/b5p80kp122810kp122810/vector/lp001lp0001_g2_g4_q000_q220_q422_q442_q600_q642/correlators/meson_qcdsf.001.b5p80kp122810kp122810-48x96.00328_0.000_600_-600_smsnk30.lime
/scratch/usr/hhpmbate/chroma_2pt/48x96/b5p80kp122810kp122810/vector/lp001lp0001_g2_g4_q000_q220_q422_q442_q600_q642/correlators/meson_qcdsf.001.b5p80kp122810kp122810-48x96.00329_0.000_000_000_ptsink.lime
/scratch/usr/hhpmbate/chroma_2pt/48x96/b5p80kp122810kp122810/vector/lp001lp0001_g2_g4_q000_q220_q422_q442_q600_q642/correlators/meson_qcdsf.001.b5p80kp122810kp122810-48x96.00329_0.000_000_000_smsnk30.lime
/scratch/usr/hhpmbate/chroma_2pt/48x96/b5p80kp122810kp122810/vector/lp001lp0001_g2_g4_q000_q220_q422_q442_q600_q642/correlators/meson_qcdsf.001.b5p80kp122810kp122810-48x96.00329_0.000_220_-2-20_ptsink.lime
/scratch/usr/hhpmbate/chroma_2pt/48x96/b5p80kp122810kp122810/vector/lp001lp0001_g2_g4_q000_q220_q422_q442_q600_q642/correlators/meson_qcdsf.001.b5p80kp122810kp122810-48x96.00329_0.000_220_-2-20_smsnk30.lime
/scratch/usr/hhpmbate/chroma_2pt/48x96/b5p80kp122810kp122810/vector/lp001lp0001_g2_g4_q000_q220_q422_q442_q600_q642/correlators/meson_qcdsf.001.b5p80kp122810kp122810-48x96.00329_0.000_422_-4-2-2_ptsink.lime
/scratch/usr/hhpmbate/chroma_2pt/48x96/b5p80kp122810kp122810/vector/lp001lp0001_g2_g4_q000_q220_q422_q442_q600_q642/correlators/meson_qcdsf.001.b5p80kp122810kp122810-48x96.00329_0.000_422_-4-2-2_smsnk30.lime
/scratch/usr/hhpmbate/chroma_2pt/48x96/b5p80kp122810kp122810/vector/lp001lp0001_g2_g4_q000_q220_q422_q442_q600_q642/correlators/meson_qcdsf.001.b5p80kp122810kp122810-48x96.00329_0.000_442_-4-4-2_ptsink.lime
/scratch/usr/hhpmbate/chroma_2pt/48x96/b5p80kp122810kp122810/vector/lp001lp0001_g2_g4_q000_q220_q422_q442_q600_q642/correlators/meson_qcdsf.001.b5p80kp122810kp122810-48x96.00329_0.000_442_-4-4-2_smsnk30.lime
/scratch/usr/hhpmbate/chroma_2pt/48x96/b5p80kp122810kp122810/vector/lp001lp0001_g2_g4_q000_q220_q422_q442_q600_q642/correlators/meson_qcdsf.001.b5p80kp122810kp122810-48x96.00329_0.000_600_-600_ptsink.lime
/scratch/usr/hhpmbate/chroma_2pt/48x96/b5p80kp122810kp122810/vector/lp001lp0001_g2_g4_q000_q220_q422_q442_q600_q642/correlators/meson_qcdsf.001.b5p80kp122810kp122810-48x96.00329_0.000_600_-600_smsnk30.lime
/scratch/usr/hhpmbate/chroma_2pt/48x96/b5p80kp122810kp122810/vector/lp001lp0001_g2_g4_q000_q220_q422_q442_q600_q642/correlators/meson_qcdsf.001.b5p80kp122810kp122810-48x96.00330_0.000_000_000_ptsink.lime
/scratch/usr/hhpmbate/chroma_2pt/48x96/b5p80kp122810kp122810/vector/lp001lp0001_g2_g4_q000_q220_q422_q442_q600_q642/correlators/meson_qcdsf.001.b5p80kp122810kp122810-48x96.00330_0.000_000_000_smsnk30.lime
/scratch/usr/hhpmbate/chroma_2pt/48x96/b5p80kp122810kp122810/vector/lp001lp0001_g2_g4_q000_q220_q422_q442_q600_q642/correlators/meson_qcdsf.001.b5p80kp122810kp122810-48x96.00330_0.000_220_-2-20_ptsink.lime
/scratch/usr/hhpmbate/chroma_2pt/48x96/b5p80kp122810kp122810/vector/lp001lp0001_g2_g4_q000_q220_q422_q442_q600_q642/correlators/meson_qcdsf.001.b5p80kp122810kp122810-48x96.00330_0.000_220_-2-20_smsnk30.lime
/scratch/usr/hhpmbate/chroma_2pt/48x96/b5p80kp122810kp122810/vector/lp001lp0001_g2_g4_q000_q220_q422_q442_q600_q642/correlators/meson_qcdsf.001.b5p80kp122810kp122810-48x96.00330_0.000_422_-4-2-2_ptsink.lime
/scratch/usr/hhpmbate/chroma_2pt/48x96/b5p80kp122810kp122810/vector/lp001lp0001_g2_g4_q000_q220_q422_q442_q600_q642/correlators/meson_qcdsf.001.b5p80kp122810kp122810-48x96.00330_0.000_422_-4-2-2_smsnk30.lime
/scratch/usr/hhpmbate/chroma_2pt/48x96/b5p80kp122810kp122810/vector/lp001lp0001_g2_g4_q000_q220_q422_q442_q600_q642/correlators/meson_qcdsf.001.b5p80kp122810kp122810-48x96.00330_0.000_442_-4-4-2_ptsink.lime
/scratch/usr/hhpmbate/chroma_2pt/48x96/b5p80kp122810kp122810/vector/lp001lp0001_g2_g4_q000_q220_q422_q442_q600_q642/correlators/meson_qcdsf.001.b5p80kp122810kp122810-48x96.00330_0.000_442_-4-4-2_smsnk30.lime
/scratch/usr/hhpmbate/chroma_2pt/48x96/b5p80kp122810kp122810/vector/lp001lp0001_g2_g4_q000_q220_q422_q442_q600_q642/correlators/meson_qcdsf.001.b5p80kp122810kp122810-48x96.00330_0.000_600_-600_ptsink.lime
/scratch/usr/hhpmbate/chroma_2pt/48x96/b5p80kp122810kp122810/vector/lp001lp0001_g2_g4_q000_q220_q422_q442_q600_q642/correlators/meson_qcdsf.001.b5p80kp122810kp122810-48x96.00330_0.000_600_-600_smsnk30.lime
/scratch/usr/hhpmbate/chroma_2pt/48x96/b5p80kp122810kp122810/vector/lp001lp0001_g2_g4_q000_q220_q422_q442_q600_q642/correlators/meson_qcdsf.001.b5p80kp122810kp122810-48x96.00331_0.000_000_000_ptsink.lime
/scratch/usr/hhpmbate/chroma_2pt/48x96/b5p80kp122810kp122810/vector/lp001lp0001_g2_g4_q000_q220_q422_q442_q600_q642/correlators/meson_qcdsf.001.b5p80kp122810kp122810-48x96.00331_0.000_000_000_smsnk30.lime
/scratch/usr/hhpmbate/chroma_2pt/48x96/b5p80kp122810kp122810/vector/lp001lp0001_g2_g4_q000_q220_q422_q442_q600_q642/correlators/meson_qcdsf.001.b5p80kp122810kp122810-48x96.00331_0.000_220_-2-20_ptsink.lime
/scratch/usr/hhpmbate/chroma_2pt/48x96/b5p80kp122810kp122810/vector/lp001lp0001_g2_g4_q000_q220_q422_q442_q600_q642/correlators/meson_qcdsf.001.b5p80kp122810kp122810-48x96.00331_0.000_220_-2-20_smsnk30.lime
/scratch/usr/hhpmbate/chroma_2pt/48x96/b5p80kp122810kp122810/vector/lp001lp0001_g2_g4_q000_q220_q422_q442_q600_q642/correlators/meson_qcdsf.001.b5p80kp122810kp122810-48x96.00331_0.000_422_-4-2-2_ptsink.lime
/scratch/usr/hhpmbate/chroma_2pt/48x96/b5p80kp122810kp122810/vector/lp001lp0001_g2_g4_q000_q220_q422_q442_q600_q642/correlators/meson_qcdsf.001.b5p80kp122810kp122810-48x96.00331_0.000_422_-4-2-2_smsnk30.lime
/scratch/usr/hhpmbate/chroma_2pt/48x96/b5p80kp122810kp122810/vector/lp001lp0001_g2_g4_q000_q220_q422_q442_q600_q642/correlators/meson_qcdsf.001.b5p80kp122810kp122810-48x96.00331_0.000_442_-4-4-2_ptsink.lime
/scratch/usr/hhpmbate/chroma_2pt/48x96/b5p80kp122810kp122810/vector/lp001lp0001_g2_g4_q000_q220_q422_q442_q600_q642/correlators/meson_qcdsf.001.b5p80kp122810kp122810-48x96.00331_0.000_442_-4-4-2_smsnk30.lime
/scratch/usr/hhpmbate/chroma_2pt/48x96/b5p80kp122810kp122810/vector/lp001lp0001_g2_g4_q000_q220_q422_q442_q600_q642/correlators/meson_qcdsf.001.b5p80kp122810kp122810-48x96.00331_0.000_600_-600_ptsink.lime
/scratch/usr/hhpmbate/chroma_2pt/48x96/b5p80kp122810kp122810/vector/lp001lp0001_g2_g4_q000_q220_q422_q442_q600_q642/correlators/meson_qcdsf.001.b5p80kp122810kp122810-48x96.00331_0.000_600_-600_smsnk30.lime
/scratch/usr/hhpmbate/chroma_2pt/48x96/b5p80kp122810kp122810/vector/lp001lp0001_g2_g4_q000_q220_q422_q442_q600_q642/correlators/meson_qcdsf.001.b5p80kp122810kp122810-48x96.00332_0.000_000_000_ptsink.lime
/scratch/usr/hhpmbate/chroma_2pt/48x96/b5p80kp122810kp122810/vector/lp001lp0001_g2_g4_q000_q220_q422_q442_q600_q642/correlators/meson_qcdsf.001.b5p80kp122810kp122810-48x96.00332_0.000_000_000_smsnk30.lime
/scratch/usr/hhpmbate/chroma_2pt/48x96/b5p80kp122810kp122810/vector/lp001lp0001_g2_g4_q000_q220_q422_q442_q600_q642/correlators/meson_qcdsf.001.b5p80kp122810kp122810-48x96.00332_0.000_220_-2-20_ptsink.lime
/scratch/usr/hhpmbate/chroma_2pt/48x96/b5p80kp122810kp122810/vector/lp001lp0001_g2_g4_q000_q220_q422_q442_q600_q642/correlators/meson_qcdsf.001.b5p80kp122810kp122810-48x96.00332_0.000_220_-2-20_smsnk30.lime
/scratch/usr/hhpmbate/chroma_2pt/48x96/b5p80kp122810kp122810/vector/lp001lp0001_g2_g4_q000_q220_q422_q442_q600_q642/correlators/meson_qcdsf.001.b5p80kp122810kp122810-48x96.00332_0.000_422_-4-2-2_ptsink.lime
/scratch/usr/hhpmbate/chroma_2pt/48x96/b5p80kp122810kp122810/vector/lp001lp0001_g2_g4_q000_q220_q422_q442_q600_q642/correlators/meson_qcdsf.001.b5p80kp122810kp122810-48x96.00332_0.000_422_-4-2-2_smsnk30.lime
/scratch/usr/hhpmbate/chroma_2pt/48x96/b5p80kp122810kp122810/vector/lp001lp0001_g2_g4_q000_q220_q422_q442_q600_q642/correlators/meson_qcdsf.001.b5p80kp122810kp122810-48x96.00332_0.000_442_-4-4-2_ptsink.lime
/scratch/usr/hhpmbate/chroma_2pt/48x96/b5p80kp122810kp122810/vector/lp001lp0001_g2_g4_q000_q220_q422_q442_q600_q642/correlators/meson_qcdsf.001.b5p80kp122810kp122810-48x96.00332_0.000_442_-4-4-2_smsnk30.lime
/scratch/usr/hhpmbate/chroma_2pt/48x96/b5p80kp122810kp122810/vector/lp001lp0001_g2_g4_q000_q220_q422_q442_q600_q642/correlators/meson_qcdsf.001.b5p80kp122810kp122810-48x96.00332_0.000_600_-600_ptsink.lime
/scratch/usr/hhpmbate/chroma_2pt/48x96/b5p80kp122810kp122810/vector/lp001lp0001_g2_g4_q000_q220_q422_q442_q600_q642/correlators/meson_qcdsf.001.b5p80kp122810kp122810-48x96.00332_0.000_600_-600_smsnk30.lime
/scratch/usr/hhpmbate/chroma_2pt/48x96/b5p80kp122810kp122810/vector/lp001lp0001_g2_g4_q000_q220_q422_q442_q600_q642/correlators/meson_qcdsf.001.b5p80kp122810kp122810-48x96.00333_0.000_000_000_ptsink.lime
/scratch/usr/hhpmbate/chroma_2pt/48x96/b5p80kp122810kp122810/vector/lp001lp0001_g2_g4_q000_q220_q422_q442_q600_q642/correlators/meson_qcdsf.001.b5p80kp122810kp122810-48x96.00333_0.000_000_000_smsnk30.lime
/scratch/usr/hhpmbate/chroma_2pt/48x96/b5p80kp122810kp122810/vector/lp001lp0001_g2_g4_q000_q220_q422_q442_q600_q642/correlators/meson_qcdsf.001.b5p80kp122810kp122810-48x96.00333_0.000_220_-2-20_ptsink.lime
/scratch/usr/hhpmbate/chroma_2pt/48x96/b5p80kp122810kp122810/vector/lp001lp0001_g2_g4_q000_q220_q422_q442_q600_q642/correlators/meson_qcdsf.001.b5p80kp122810kp122810-48x96.00333_0.000_220_-2-20_smsnk30.lime
/scratch/usr/hhpmbate/chroma_2pt/48x96/b5p80kp122810kp122810/vector/lp001lp0001_g2_g4_q000_q220_q422_q442_q600_q642/correlators/meson_qcdsf.001.b5p80kp122810kp122810-48x96.00333_0.000_422_-4-2-2_ptsink.lime
/scratch/usr/hhpmbate/chroma_2pt/48x96/b5p80kp122810kp122810/vector/lp001lp0001_g2_g4_q000_q220_q422_q442_q600_q642/correlators/meson_qcdsf.001.b5p80kp122810kp122810-48x96.00333_0.000_422_-4-2-2_smsnk30.lime
/scratch/usr/hhpmbate/chroma_2pt/48x96/b5p80kp122810kp122810/vector/lp001lp0001_g2_g4_q000_q220_q422_q442_q600_q642/correlators/meson_qcdsf.001.b5p80kp122810kp122810-48x96.00333_0.000_442_-4-4-2_ptsink.lime
/scratch/usr/hhpmbate/chroma_2pt/48x96/b5p80kp122810kp122810/vector/lp001lp0001_g2_g4_q000_q220_q422_q442_q600_q642/correlators/meson_qcdsf.001.b5p80kp122810kp122810-48x96.00333_0.000_442_-4-4-2_smsnk30.lime
/scratch/usr/hhpmbate/chroma_2pt/48x96/b5p80kp122810kp122810/vector/lp001lp0001_g2_g4_q000_q220_q422_q442_q600_q642/correlators/meson_qcdsf.001.b5p80kp122810kp122810-48x96.00333_0.000_600_-600_ptsink.lime
/scratch/usr/hhpmbate/chroma_2pt/48x96/b5p80kp122810kp122810/vector/lp001lp0001_g2_g4_q000_q220_q422_q442_q600_q642/correlators/meson_qcdsf.001.b5p80kp122810kp122810-48x96.00333_0.000_600_-600_smsnk30.lime
/scratch/usr/hhpmbate/chroma_2pt/48x96/b5p80kp122810kp122810/vector/lp001lp0001_g2_g4_q000_q220_q422_q442_q600_q642/correlators/meson_qcdsf.001.b5p80kp122810kp122810-48x96.00334_0.000_000_000_ptsink.lime
/scratch/usr/hhpmbate/chroma_2pt/48x96/b5p80kp122810kp122810/vector/lp001lp0001_g2_g4_q000_q220_q422_q442_q600_q642/correlators/meson_qcdsf.001.b5p80kp122810kp122810-48x96.00334_0.000_000_000_smsnk30.lime
/scratch/usr/hhpmbate/chroma_2pt/48x96/b5p80kp122810kp122810/vector/lp001lp0001_g2_g4_q000_q220_q422_q442_q600_q642/correlators/meson_qcdsf.001.b5p80kp122810kp122810-48x96.00334_0.000_220_-2-20_ptsink.lime
/scratch/usr/hhpmbate/chroma_2pt/48x96/b5p80kp122810kp122810/vector/lp001lp0001_g2_g4_q000_q220_q422_q442_q600_q642/correlators/meson_qcdsf.001.b5p80kp122810kp122810-48x96.00334_0.000_220_-2-20_smsnk30.lime
/scratch/usr/hhpmbate/chroma_2pt/48x96/b5p80kp122810kp122810/vector/lp001lp0001_g2_g4_q000_q220_q422_q442_q600_q642/correlators/meson_qcdsf.001.b5p80kp122810kp122810-48x96.00334_0.000_422_-4-2-2_ptsink.lime
/scratch/usr/hhpmbate/chroma_2pt/48x96/b5p80kp122810kp122810/vector/lp001lp0001_g2_g4_q000_q220_q422_q442_q600_q642/correlators/meson_qcdsf.001.b5p80kp122810kp122810-48x96.00334_0.000_422_-4-2-2_smsnk30.lime
/scratch/usr/hhpmbate/chroma_2pt/48x96/b5p80kp122810kp122810/vector/lp001lp0001_g2_g4_q000_q220_q422_q442_q600_q642/correlators/meson_qcdsf.001.b5p80kp122810kp122810-48x96.00334_0.000_442_-4-4-2_ptsink.lime
/scratch/usr/hhpmbate/chroma_2pt/48x96/b5p80kp122810kp122810/vector/lp001lp0001_g2_g4_q000_q220_q422_q442_q600_q642/correlators/meson_qcdsf.001.b5p80kp122810kp122810-48x96.00334_0.000_442_-4-4-2_smsnk30.lime
/scratch/usr/hhpmbate/chroma_2pt/48x96/b5p80kp122810kp122810/vector/lp001lp0001_g2_g4_q000_q220_q422_q442_q600_q642/correlators/meson_qcdsf.001.b5p80kp122810kp122810-48x96.00334_0.000_600_-600_ptsink.lime
/scratch/usr/hhpmbate/chroma_2pt/48x96/b5p80kp122810kp122810/vector/lp001lp0001_g2_g4_q000_q220_q422_q442_q600_q642/correlators/meson_qcdsf.001.b5p80kp122810kp122810-48x96.00334_0.000_600_-600_smsnk30.lime
/scratch/usr/hhpmbate/chroma_2pt/48x96/b5p80kp122810kp122810/vector/lp001lp0001_g2_g4_q000_q220_q422_q442_q600_q642/correlators/meson_qcdsf.001.b5p80kp122810kp122810-48x96.00335_0.000_000_000_ptsink.lime
/scratch/usr/hhpmbate/chroma_2pt/48x96/b5p80kp122810kp122810/vector/lp001lp0001_g2_g4_q000_q220_q422_q442_q600_q642/correlators/meson_qcdsf.001.b5p80kp122810kp122810-48x96.00335_0.000_000_000_smsnk30.lime
/scratch/usr/hhpmbate/chroma_2pt/48x96/b5p80kp122810kp122810/vector/lp001lp0001_g2_g4_q000_q220_q422_q442_q600_q642/correlators/meson_qcdsf.001.b5p80kp122810kp122810-48x96.00335_0.000_220_-2-20_ptsink.lime
/scratch/usr/hhpmbate/chroma_2pt/48x96/b5p80kp122810kp122810/vector/lp001lp0001_g2_g4_q000_q220_q422_q442_q600_q642/correlators/meson_qcdsf.001.b5p80kp122810kp122810-48x96.00335_0.000_220_-2-20_smsnk30.lime
/scratch/usr/hhpmbate/chroma_2pt/48x96/b5p80kp122810kp122810/vector/lp001lp0001_g2_g4_q000_q220_q422_q442_q600_q642/correlators/meson_qcdsf.001.b5p80kp122810kp122810-48x96.00335_0.000_422_-4-2-2_ptsink.lime
/scratch/usr/hhpmbate/chroma_2pt/48x96/b5p80kp122810kp122810/vector/lp001lp0001_g2_g4_q000_q220_q422_q442_q600_q642/correlators/meson_qcdsf.001.b5p80kp122810kp122810-48x96.00335_0.000_422_-4-2-2_smsnk30.lime
/scratch/usr/hhpmbate/chroma_2pt/48x96/b5p80kp122810kp122810/vector/lp001lp0001_g2_g4_q000_q220_q422_q442_q600_q642/correlators/meson_qcdsf.001.b5p80kp122810kp122810-48x96.00335_0.000_442_-4-4-2_ptsink.lime
/scratch/usr/hhpmbate/chroma_2pt/48x96/b5p80kp122810kp122810/vector/lp001lp0001_g2_g4_q000_q220_q422_q442_q600_q642/correlators/meson_qcdsf.001.b5p80kp122810kp122810-48x96.00335_0.000_442_-4-4-2_smsnk30.lime
/scratch/usr/hhpmbate/chroma_2pt/48x96/b5p80kp122810kp122810/vector/lp001lp0001_g2_g4_q000_q220_q422_q442_q600_q642/correlators/meson_qcdsf.001.b5p80kp122810kp122810-48x96.00335_0.000_600_-600_ptsink.lime
/scratch/usr/hhpmbate/chroma_2pt/48x96/b5p80kp122810kp122810/vector/lp001lp0001_g2_g4_q000_q220_q422_q442_q600_q642/correlators/meson_qcdsf.001.b5p80kp122810kp122810-48x96.00335_0.000_600_-600_smsnk30.lime
/scratch/usr/hhpmbate/chroma_2pt/48x96/b5p80kp122810kp122810/vector/lp001lp0001_g2_g4_q000_q220_q422_q442_q600_q642/correlators/meson_qcdsf.001.b5p80kp122810kp122810-48x96.00336_0.000_000_000_ptsink.lime
/scratch/usr/hhpmbate/chroma_2pt/48x96/b5p80kp122810kp122810/vector/lp001lp0001_g2_g4_q000_q220_q422_q442_q600_q642/correlators/meson_qcdsf.001.b5p80kp122810kp122810-48x96.00336_0.000_000_000_smsnk30.lime
/scratch/usr/hhpmbate/chroma_2pt/48x96/b5p80kp122810kp122810/vector/lp001lp0001_g2_g4_q000_q220_q422_q442_q600_q642/correlators/meson_qcdsf.001.b5p80kp122810kp122810-48x96.00336_0.000_220_-2-20_ptsink.lime
/scratch/usr/hhpmbate/chroma_2pt/48x96/b5p80kp122810kp122810/vector/lp001lp0001_g2_g4_q000_q220_q422_q442_q600_q642/correlators/meson_qcdsf.001.b5p80kp122810kp122810-48x96.00336_0.000_220_-2-20_smsnk30.lime
/scratch/usr/hhpmbate/chroma_2pt/48x96/b5p80kp122810kp122810/vector/lp001lp0001_g2_g4_q000_q220_q422_q442_q600_q642/correlators/meson_qcdsf.001.b5p80kp122810kp122810-48x96.00336_0.000_422_-4-2-2_ptsink.lime
/scratch/usr/hhpmbate/chroma_2pt/48x96/b5p80kp122810kp122810/vector/lp001lp0001_g2_g4_q000_q220_q422_q442_q600_q642/correlators/meson_qcdsf.001.b5p80kp122810kp122810-48x96.00336_0.000_422_-4-2-2_smsnk30.lime
/scratch/usr/hhpmbate/chroma_2pt/48x96/b5p80kp122810kp122810/vector/lp001lp0001_g2_g4_q000_q220_q422_q442_q600_q642/correlators/meson_qcdsf.001.b5p80kp122810kp122810-48x96.00336_0.000_442_-4-4-2_ptsink.lime
/scratch/usr/hhpmbate/chroma_2pt/48x96/b5p80kp122810kp122810/vector/lp001lp0001_g2_g4_q000_q220_q422_q442_q600_q642/correlators/meson_qcdsf.001.b5p80kp122810kp122810-48x96.00336_0.000_442_-4-4-2_smsnk30.lime
/scratch/usr/hhpmbate/chroma_2pt/48x96/b5p80kp122810kp122810/vector/lp001lp0001_g2_g4_q000_q220_q422_q442_q600_q642/correlators/meson_qcdsf.001.b5p80kp122810kp122810-48x96.00336_0.000_600_-600_ptsink.lime
/scratch/usr/hhpmbate/chroma_2pt/48x96/b5p80kp122810kp122810/vector/lp001lp0001_g2_g4_q000_q220_q422_q442_q600_q642/correlators/meson_qcdsf.001.b5p80kp122810kp122810-48x96.00336_0.000_600_-600_smsnk30.lime
/scratch/usr/hhpmbate/chroma_2pt/48x96/b5p80kp122810kp122810/vector/lp001lp0001_g2_g4_q000_q220_q422_q442_q600_q642/correlators/meson_qcdsf.001.b5p80kp122810kp122810-48x96.00337_0.000_000_000_ptsink.lime
/scratch/usr/hhpmbate/chroma_2pt/48x96/b5p80kp122810kp122810/vector/lp001lp0001_g2_g4_q000_q220_q422_q442_q600_q642/correlators/meson_qcdsf.001.b5p80kp122810kp122810-48x96.00337_0.000_000_000_smsnk30.lime
/scratch/usr/hhpmbate/chroma_2pt/48x96/b5p80kp122810kp122810/vector/lp001lp0001_g2_g4_q000_q220_q422_q442_q600_q642/correlators/meson_qcdsf.001.b5p80kp122810kp122810-48x96.00337_0.000_220_-2-20_ptsink.lime
/scratch/usr/hhpmbate/chroma_2pt/48x96/b5p80kp122810kp122810/vector/lp001lp0001_g2_g4_q000_q220_q422_q442_q600_q642/correlators/meson_qcdsf.001.b5p80kp122810kp122810-48x96.00337_0.000_220_-2-20_smsnk30.lime
/scratch/usr/hhpmbate/chroma_2pt/48x96/b5p80kp122810kp122810/vector/lp001lp0001_g2_g4_q000_q220_q422_q442_q600_q642/correlators/meson_qcdsf.001.b5p80kp122810kp122810-48x96.00337_0.000_422_-4-2-2_ptsink.lime
/scratch/usr/hhpmbate/chroma_2pt/48x96/b5p80kp122810kp122810/vector/lp001lp0001_g2_g4_q000_q220_q422_q442_q600_q642/correlators/meson_qcdsf.001.b5p80kp122810kp122810-48x96.00337_0.000_422_-4-2-2_smsnk30.lime
/scratch/usr/hhpmbate/chroma_2pt/48x96/b5p80kp122810kp122810/vector/lp001lp0001_g2_g4_q000_q220_q422_q442_q600_q642/correlators/meson_qcdsf.001.b5p80kp122810kp122810-48x96.00337_0.000_442_-4-4-2_ptsink.lime
/scratch/usr/hhpmbate/chroma_2pt/48x96/b5p80kp122810kp122810/vector/lp001lp0001_g2_g4_q000_q220_q422_q442_q600_q642/correlators/meson_qcdsf.001.b5p80kp122810kp122810-48x96.00337_0.000_442_-4-4-2_smsnk30.lime
/scratch/usr/hhpmbate/chroma_2pt/48x96/b5p80kp122810kp122810/vector/lp001lp0001_g2_g4_q000_q220_q422_q442_q600_q642/correlators/meson_qcdsf.001.b5p80kp122810kp122810-48x96.00337_0.000_600_-600_ptsink.lime
/scratch/usr/hhpmbate/chroma_2pt/48x96/b5p80kp122810kp122810/vector/lp001lp0001_g2_g4_q000_q220_q422_q442_q600_q642/correlators/meson_qcdsf.001.b5p80kp122810kp122810-48x96.00337_0.000_600_-600_smsnk30.lime
/scratch/usr/hhpmbate/chroma_2pt/48x96/b5p80kp122810kp122810/vector/lp001lp0001_g2_g4_q000_q220_q422_q442_q600_q642/correlators/meson_qcdsf.001.b5p80kp122810kp122810-48x96.00338_0.000_000_000_ptsink.lime
/scratch/usr/hhpmbate/chroma_2pt/48x96/b5p80kp122810kp122810/vector/lp001lp0001_g2_g4_q000_q220_q422_q442_q600_q642/correlators/meson_qcdsf.001.b5p80kp122810kp122810-48x96.00338_0.000_000_000_smsnk30.lime
/scratch/usr/hhpmbate/chroma_2pt/48x96/b5p80kp122810kp122810/vector/lp001lp0001_g2_g4_q000_q220_q422_q442_q600_q642/correlators/meson_qcdsf.001.b5p80kp122810kp122810-48x96.00338_0.000_220_-2-20_ptsink.lime
/scratch/usr/hhpmbate/chroma_2pt/48x96/b5p80kp122810kp122810/vector/lp001lp0001_g2_g4_q000_q220_q422_q442_q600_q642/correlators/meson_qcdsf.001.b5p80kp122810kp122810-48x96.00338_0.000_220_-2-20_smsnk30.lime
/scratch/usr/hhpmbate/chroma_2pt/48x96/b5p80kp122810kp122810/vector/lp001lp0001_g2_g4_q000_q220_q422_q442_q600_q642/correlators/meson_qcdsf.001.b5p80kp122810kp122810-48x96.00338_0.000_422_-4-2-2_ptsink.lime
/scratch/usr/hhpmbate/chroma_2pt/48x96/b5p80kp122810kp122810/vector/lp001lp0001_g2_g4_q000_q220_q422_q442_q600_q642/correlators/meson_qcdsf.001.b5p80kp122810kp122810-48x96.00338_0.000_422_-4-2-2_smsnk30.lime
/scratch/usr/hhpmbate/chroma_2pt/48x96/b5p80kp122810kp122810/vector/lp001lp0001_g2_g4_q000_q220_q422_q442_q600_q642/correlators/meson_qcdsf.001.b5p80kp122810kp122810-48x96.00338_0.000_442_-4-4-2_ptsink.lime
/scratch/usr/hhpmbate/chroma_2pt/48x96/b5p80kp122810kp122810/vector/lp001lp0001_g2_g4_q000_q220_q422_q442_q600_q642/correlators/meson_qcdsf.001.b5p80kp122810kp122810-48x96.00338_0.000_442_-4-4-2_smsnk30.lime
/scratch/usr/hhpmbate/chroma_2pt/48x96/b5p80kp122810kp122810/vector/lp001lp0001_g2_g4_q000_q220_q422_q442_q600_q642/correlators/meson_qcdsf.001.b5p80kp122810kp122810-48x96.00338_0.000_600_-600_ptsink.lime
/scratch/usr/hhpmbate/chroma_2pt/48x96/b5p80kp122810kp122810/vector/lp001lp0001_g2_g4_q000_q220_q422_q442_q600_q642/correlators/meson_qcdsf.001.b5p80kp122810kp122810-48x96.00338_0.000_600_-600_smsnk30.lime
/scratch/usr/hhpmbate/chroma_2pt/48x96/b5p80kp122810kp122810/vector/lp001lp0001_g2_g4_q000_q220_q422_q442_q600_q642/correlators/meson_qcdsf.001.b5p80kp122810kp122810-48x96.00339_0.000_000_000_ptsink.lime
/scratch/usr/hhpmbate/chroma_2pt/48x96/b5p80kp122810kp122810/vector/lp001lp0001_g2_g4_q000_q220_q422_q442_q600_q642/correlators/meson_qcdsf.001.b5p80kp122810kp122810-48x96.00339_0.000_000_000_smsnk30.lime
/scratch/usr/hhpmbate/chroma_2pt/48x96/b5p80kp122810kp122810/vector/lp001lp0001_g2_g4_q000_q220_q422_q442_q600_q642/correlators/meson_qcdsf.001.b5p80kp122810kp122810-48x96.00339_0.000_220_-2-20_ptsink.lime
/scratch/usr/hhpmbate/chroma_2pt/48x96/b5p80kp122810kp122810/vector/lp001lp0001_g2_g4_q000_q220_q422_q442_q600_q642/correlators/meson_qcdsf.001.b5p80kp122810kp122810-48x96.00339_0.000_220_-2-20_smsnk30.lime
/scratch/usr/hhpmbate/chroma_2pt/48x96/b5p80kp122810kp122810/vector/lp001lp0001_g2_g4_q000_q220_q422_q442_q600_q642/correlators/meson_qcdsf.001.b5p80kp122810kp122810-48x96.00339_0.000_422_-4-2-2_ptsink.lime
/scratch/usr/hhpmbate/chroma_2pt/48x96/b5p80kp122810kp122810/vector/lp001lp0001_g2_g4_q000_q220_q422_q442_q600_q642/correlators/meson_qcdsf.001.b5p80kp122810kp122810-48x96.00339_0.000_422_-4-2-2_smsnk30.lime
/scratch/usr/hhpmbate/chroma_2pt/48x96/b5p80kp122810kp122810/vector/lp001lp0001_g2_g4_q000_q220_q422_q442_q600_q642/correlators/meson_qcdsf.001.b5p80kp122810kp122810-48x96.00339_0.000_442_-4-4-2_ptsink.lime
/scratch/usr/hhpmbate/chroma_2pt/48x96/b5p80kp122810kp122810/vector/lp001lp0001_g2_g4_q000_q220_q422_q442_q600_q642/correlators/meson_qcdsf.001.b5p80kp122810kp122810-48x96.00339_0.000_442_-4-4-2_smsnk30.lime
/scratch/usr/hhpmbate/chroma_2pt/48x96/b5p80kp122810kp122810/vector/lp001lp0001_g2_g4_q000_q220_q422_q442_q600_q642/correlators/meson_qcdsf.001.b5p80kp122810kp122810-48x96.00339_0.000_600_-600_ptsink.lime
/scratch/usr/hhpmbate/chroma_2pt/48x96/b5p80kp122810kp122810/vector/lp001lp0001_g2_g4_q000_q220_q422_q442_q600_q642/correlators/meson_qcdsf.001.b5p80kp122810kp122810-48x96.00339_0.000_600_-600_smsnk30.lime
/scratch/usr/hhpmbate/chroma_2pt/48x96/b5p80kp122810kp122810/vector/lp001lp0001_g2_g4_q000_q220_q422_q442_q600_q642/correlators/meson_qcdsf.001.b5p80kp122810kp122810-48x96.00340_0.000_000_000_ptsink.lime
/scratch/usr/hhpmbate/chroma_2pt/48x96/b5p80kp122810kp122810/vector/lp001lp0001_g2_g4_q000_q220_q422_q442_q600_q642/correlators/meson_qcdsf.001.b5p80kp122810kp122810-48x96.00340_0.000_000_000_smsnk30.lime
/scratch/usr/hhpmbate/chroma_2pt/48x96/b5p80kp122810kp122810/vector/lp001lp0001_g2_g4_q000_q220_q422_q442_q600_q642/correlators/meson_qcdsf.001.b5p80kp122810kp122810-48x96.00340_0.000_220_-2-20_ptsink.lime
/scratch/usr/hhpmbate/chroma_2pt/48x96/b5p80kp122810kp122810/vector/lp001lp0001_g2_g4_q000_q220_q422_q442_q600_q642/correlators/meson_qcdsf.001.b5p80kp122810kp122810-48x96.00340_0.000_220_-2-20_smsnk30.lime
/scratch/usr/hhpmbate/chroma_2pt/48x96/b5p80kp122810kp122810/vector/lp001lp0001_g2_g4_q000_q220_q422_q442_q600_q642/correlators/meson_qcdsf.001.b5p80kp122810kp122810-48x96.00340_0.000_422_-4-2-2_ptsink.lime
/scratch/usr/hhpmbate/chroma_2pt/48x96/b5p80kp122810kp122810/vector/lp001lp0001_g2_g4_q000_q220_q422_q442_q600_q642/correlators/meson_qcdsf.001.b5p80kp122810kp122810-48x96.00340_0.000_422_-4-2-2_smsnk30.lime
/scratch/usr/hhpmbate/chroma_2pt/48x96/b5p80kp122810kp122810/vector/lp001lp0001_g2_g4_q000_q220_q422_q442_q600_q642/correlators/meson_qcdsf.001.b5p80kp122810kp122810-48x96.00340_0.000_442_-4-4-2_ptsink.lime
/scratch/usr/hhpmbate/chroma_2pt/48x96/b5p80kp122810kp122810/vector/lp001lp0001_g2_g4_q000_q220_q422_q442_q600_q642/correlators/meson_qcdsf.001.b5p80kp122810kp122810-48x96.00340_0.000_442_-4-4-2_smsnk30.lime
/scratch/usr/hhpmbate/chroma_2pt/48x96/b5p80kp122810kp122810/vector/lp001lp0001_g2_g4_q000_q220_q422_q442_q600_q642/correlators/meson_qcdsf.001.b5p80kp122810kp122810-48x96.00340_0.000_600_-600_ptsink.lime
/scratch/usr/hhpmbate/chroma_2pt/48x96/b5p80kp122810kp122810/vector/lp001lp0001_g2_g4_q000_q220_q422_q442_q600_q642/correlators/meson_qcdsf.001.b5p80kp122810kp122810-48x96.00340_0.000_600_-600_smsnk30.lime
/scratch/usr/hhpmbate/chroma_2pt/48x96/b5p80kp122810kp122810/vector/lp001lp0001_g2_g4_q000_q220_q422_q442_q600_q642/correlators/meson_qcdsf.001.b5p80kp122810kp122810-48x96.00341_0.000_000_000_ptsink.lime
/scratch/usr/hhpmbate/chroma_2pt/48x96/b5p80kp122810kp122810/vector/lp001lp0001_g2_g4_q000_q220_q422_q442_q600_q642/correlators/meson_qcdsf.001.b5p80kp122810kp122810-48x96.00341_0.000_000_000_smsnk30.lime
/scratch/usr/hhpmbate/chroma_2pt/48x96/b5p80kp122810kp122810/vector/lp001lp0001_g2_g4_q000_q220_q422_q442_q600_q642/correlators/meson_qcdsf.001.b5p80kp122810kp122810-48x96.00341_0.000_220_-2-20_ptsink.lime
/scratch/usr/hhpmbate/chroma_2pt/48x96/b5p80kp122810kp122810/vector/lp001lp0001_g2_g4_q000_q220_q422_q442_q600_q642/correlators/meson_qcdsf.001.b5p80kp122810kp122810-48x96.00341_0.000_220_-2-20_smsnk30.lime
/scratch/usr/hhpmbate/chroma_2pt/48x96/b5p80kp122810kp122810/vector/lp001lp0001_g2_g4_q000_q220_q422_q442_q600_q642/correlators/meson_qcdsf.001.b5p80kp122810kp122810-48x96.00341_0.000_422_-4-2-2_ptsink.lime
/scratch/usr/hhpmbate/chroma_2pt/48x96/b5p80kp122810kp122810/vector/lp001lp0001_g2_g4_q000_q220_q422_q442_q600_q642/correlators/meson_qcdsf.001.b5p80kp122810kp122810-48x96.00341_0.000_422_-4-2-2_smsnk30.lime
/scratch/usr/hhpmbate/chroma_2pt/48x96/b5p80kp122810kp122810/vector/lp001lp0001_g2_g4_q000_q220_q422_q442_q600_q642/correlators/meson_qcdsf.001.b5p80kp122810kp122810-48x96.00341_0.000_442_-4-4-2_ptsink.lime
/scratch/usr/hhpmbate/chroma_2pt/48x96/b5p80kp122810kp122810/vector/lp001lp0001_g2_g4_q000_q220_q422_q442_q600_q642/correlators/meson_qcdsf.001.b5p80kp122810kp122810-48x96.00341_0.000_442_-4-4-2_smsnk30.lime
/scratch/usr/hhpmbate/chroma_2pt/48x96/b5p80kp122810kp122810/vector/lp001lp0001_g2_g4_q000_q220_q422_q442_q600_q642/correlators/meson_qcdsf.001.b5p80kp122810kp122810-48x96.00341_0.000_600_-600_ptsink.lime
/scratch/usr/hhpmbate/chroma_2pt/48x96/b5p80kp122810kp122810/vector/lp001lp0001_g2_g4_q000_q220_q422_q442_q600_q642/correlators/meson_qcdsf.001.b5p80kp122810kp122810-48x96.00341_0.000_600_-600_smsnk30.lime
/scratch/usr/hhpmbate/chroma_2pt/48x96/b5p80kp122810kp122810/vector/lp001lp0001_g2_g4_q000_q220_q422_q442_q600_q642/correlators/meson_qcdsf.001.b5p80kp122810kp122810-48x96.00342_0.000_000_000_ptsink.lime
/scratch/usr/hhpmbate/chroma_2pt/48x96/b5p80kp122810kp122810/vector/lp001lp0001_g2_g4_q000_q220_q422_q442_q600_q642/correlators/meson_qcdsf.001.b5p80kp122810kp122810-48x96.00342_0.000_000_000_smsnk30.lime
/scratch/usr/hhpmbate/chroma_2pt/48x96/b5p80kp122810kp122810/vector/lp001lp0001_g2_g4_q000_q220_q422_q442_q600_q642/correlators/meson_qcdsf.001.b5p80kp122810kp122810-48x96.00342_0.000_220_-2-20_ptsink.lime
/scratch/usr/hhpmbate/chroma_2pt/48x96/b5p80kp122810kp122810/vector/lp001lp0001_g2_g4_q000_q220_q422_q442_q600_q642/correlators/meson_qcdsf.001.b5p80kp122810kp122810-48x96.00342_0.000_220_-2-20_smsnk30.lime
/scratch/usr/hhpmbate/chroma_2pt/48x96/b5p80kp122810kp122810/vector/lp001lp0001_g2_g4_q000_q220_q422_q442_q600_q642/correlators/meson_qcdsf.001.b5p80kp122810kp122810-48x96.00342_0.000_422_-4-2-2_ptsink.lime
/scratch/usr/hhpmbate/chroma_2pt/48x96/b5p80kp122810kp122810/vector/lp001lp0001_g2_g4_q000_q220_q422_q442_q600_q642/correlators/meson_qcdsf.001.b5p80kp122810kp122810-48x96.00342_0.000_422_-4-2-2_smsnk30.lime
/scratch/usr/hhpmbate/chroma_2pt/48x96/b5p80kp122810kp122810/vector/lp001lp0001_g2_g4_q000_q220_q422_q442_q600_q642/correlators/meson_qcdsf.001.b5p80kp122810kp122810-48x96.00342_0.000_442_-4-4-2_ptsink.lime
/scratch/usr/hhpmbate/chroma_2pt/48x96/b5p80kp122810kp122810/vector/lp001lp0001_g2_g4_q000_q220_q422_q442_q600_q642/correlators/meson_qcdsf.001.b5p80kp122810kp122810-48x96.00342_0.000_442_-4-4-2_smsnk30.lime
/scratch/usr/hhpmbate/chroma_2pt/48x96/b5p80kp122810kp122810/vector/lp001lp0001_g2_g4_q000_q220_q422_q442_q600_q642/correlators/meson_qcdsf.001.b5p80kp122810kp122810-48x96.00342_0.000_600_-600_ptsink.lime
/scratch/usr/hhpmbate/chroma_2pt/48x96/b5p80kp122810kp122810/vector/lp001lp0001_g2_g4_q000_q220_q422_q442_q600_q642/correlators/meson_qcdsf.001.b5p80kp122810kp122810-48x96.00342_0.000_600_-600_smsnk30.lime
/scratch/usr/hhpmbate/chroma_2pt/48x96/b5p80kp122810kp122810/vector/lp001lp0001_g2_g4_q000_q220_q422_q442_q600_q642/correlators/meson_qcdsf.001.b5p80kp122810kp122810-48x96.00343_0.000_000_000_ptsink.lime
/scratch/usr/hhpmbate/chroma_2pt/48x96/b5p80kp122810kp122810/vector/lp001lp0001_g2_g4_q000_q220_q422_q442_q600_q642/correlators/meson_qcdsf.001.b5p80kp122810kp122810-48x96.00343_0.000_000_000_smsnk30.lime
/scratch/usr/hhpmbate/chroma_2pt/48x96/b5p80kp122810kp122810/vector/lp001lp0001_g2_g4_q000_q220_q422_q442_q600_q642/correlators/meson_qcdsf.001.b5p80kp122810kp122810-48x96.00343_0.000_220_-2-20_ptsink.lime
/scratch/usr/hhpmbate/chroma_2pt/48x96/b5p80kp122810kp122810/vector/lp001lp0001_g2_g4_q000_q220_q422_q442_q600_q642/correlators/meson_qcdsf.001.b5p80kp122810kp122810-48x96.00343_0.000_220_-2-20_smsnk30.lime
/scratch/usr/hhpmbate/chroma_2pt/48x96/b5p80kp122810kp122810/vector/lp001lp0001_g2_g4_q000_q220_q422_q442_q600_q642/correlators/meson_qcdsf.001.b5p80kp122810kp122810-48x96.00343_0.000_422_-4-2-2_ptsink.lime
/scratch/usr/hhpmbate/chroma_2pt/48x96/b5p80kp122810kp122810/vector/lp001lp0001_g2_g4_q000_q220_q422_q442_q600_q642/correlators/meson_qcdsf.001.b5p80kp122810kp122810-48x96.00343_0.000_422_-4-2-2_smsnk30.lime
/scratch/usr/hhpmbate/chroma_2pt/48x96/b5p80kp122810kp122810/vector/lp001lp0001_g2_g4_q000_q220_q422_q442_q600_q642/correlators/meson_qcdsf.001.b5p80kp122810kp122810-48x96.00343_0.000_442_-4-4-2_ptsink.lime
/scratch/usr/hhpmbate/chroma_2pt/48x96/b5p80kp122810kp122810/vector/lp001lp0001_g2_g4_q000_q220_q422_q442_q600_q642/correlators/meson_qcdsf.001.b5p80kp122810kp122810-48x96.00343_0.000_442_-4-4-2_smsnk30.lime
/scratch/usr/hhpmbate/chroma_2pt/48x96/b5p80kp122810kp122810/vector/lp001lp0001_g2_g4_q000_q220_q422_q442_q600_q642/correlators/meson_qcdsf.001.b5p80kp122810kp122810-48x96.00343_0.000_600_-600_ptsink.lime
/scratch/usr/hhpmbate/chroma_2pt/48x96/b5p80kp122810kp122810/vector/lp001lp0001_g2_g4_q000_q220_q422_q442_q600_q642/correlators/meson_qcdsf.001.b5p80kp122810kp122810-48x96.00343_0.000_600_-600_smsnk30.lime
/scratch/usr/hhpmbate/chroma_2pt/48x96/b5p80kp122810kp122810/vector/lp001lp0001_g2_g4_q000_q220_q422_q442_q600_q642/correlators/meson_qcdsf.001.b5p80kp122810kp122810-48x96.00344_0.000_000_000_ptsink.lime
/scratch/usr/hhpmbate/chroma_2pt/48x96/b5p80kp122810kp122810/vector/lp001lp0001_g2_g4_q000_q220_q422_q442_q600_q642/correlators/meson_qcdsf.001.b5p80kp122810kp122810-48x96.00344_0.000_000_000_smsnk30.lime
/scratch/usr/hhpmbate/chroma_2pt/48x96/b5p80kp122810kp122810/vector/lp001lp0001_g2_g4_q000_q220_q422_q442_q600_q642/correlators/meson_qcdsf.001.b5p80kp122810kp122810-48x96.00344_0.000_220_-2-20_ptsink.lime
/scratch/usr/hhpmbate/chroma_2pt/48x96/b5p80kp122810kp122810/vector/lp001lp0001_g2_g4_q000_q220_q422_q442_q600_q642/correlators/meson_qcdsf.001.b5p80kp122810kp122810-48x96.00344_0.000_220_-2-20_smsnk30.lime
/scratch/usr/hhpmbate/chroma_2pt/48x96/b5p80kp122810kp122810/vector/lp001lp0001_g2_g4_q000_q220_q422_q442_q600_q642/correlators/meson_qcdsf.001.b5p80kp122810kp122810-48x96.00344_0.000_422_-4-2-2_ptsink.lime
/scratch/usr/hhpmbate/chroma_2pt/48x96/b5p80kp122810kp122810/vector/lp001lp0001_g2_g4_q000_q220_q422_q442_q600_q642/correlators/meson_qcdsf.001.b5p80kp122810kp122810-48x96.00344_0.000_422_-4-2-2_smsnk30.lime
/scratch/usr/hhpmbate/chroma_2pt/48x96/b5p80kp122810kp122810/vector/lp001lp0001_g2_g4_q000_q220_q422_q442_q600_q642/correlators/meson_qcdsf.001.b5p80kp122810kp122810-48x96.00344_0.000_442_-4-4-2_ptsink.lime
/scratch/usr/hhpmbate/chroma_2pt/48x96/b5p80kp122810kp122810/vector/lp001lp0001_g2_g4_q000_q220_q422_q442_q600_q642/correlators/meson_qcdsf.001.b5p80kp122810kp122810-48x96.00344_0.000_442_-4-4-2_smsnk30.lime
/scratch/usr/hhpmbate/chroma_2pt/48x96/b5p80kp122810kp122810/vector/lp001lp0001_g2_g4_q000_q220_q422_q442_q600_q642/correlators/meson_qcdsf.001.b5p80kp122810kp122810-48x96.00344_0.000_600_-600_ptsink.lime
/scratch/usr/hhpmbate/chroma_2pt/48x96/b5p80kp122810kp122810/vector/lp001lp0001_g2_g4_q000_q220_q422_q442_q600_q642/correlators/meson_qcdsf.001.b5p80kp122810kp122810-48x96.00344_0.000_600_-600_smsnk30.lime
/scratch/usr/hhpmbate/chroma_2pt/48x96/b5p80kp122810kp122810/vector/lp001lp0001_g2_g4_q000_q220_q422_q442_q600_q642/correlators/meson_qcdsf.001.b5p80kp122810kp122810-48x96.00345_0.000_000_000_ptsink.lime
/scratch/usr/hhpmbate/chroma_2pt/48x96/b5p80kp122810kp122810/vector/lp001lp0001_g2_g4_q000_q220_q422_q442_q600_q642/correlators/meson_qcdsf.001.b5p80kp122810kp122810-48x96.00345_0.000_000_000_smsnk30.lime
/scratch/usr/hhpmbate/chroma_2pt/48x96/b5p80kp122810kp122810/vector/lp001lp0001_g2_g4_q000_q220_q422_q442_q600_q642/correlators/meson_qcdsf.001.b5p80kp122810kp122810-48x96.00345_0.000_220_-2-20_ptsink.lime
/scratch/usr/hhpmbate/chroma_2pt/48x96/b5p80kp122810kp122810/vector/lp001lp0001_g2_g4_q000_q220_q422_q442_q600_q642/correlators/meson_qcdsf.001.b5p80kp122810kp122810-48x96.00345_0.000_220_-2-20_smsnk30.lime
/scratch/usr/hhpmbate/chroma_2pt/48x96/b5p80kp122810kp122810/vector/lp001lp0001_g2_g4_q000_q220_q422_q442_q600_q642/correlators/meson_qcdsf.001.b5p80kp122810kp122810-48x96.00345_0.000_422_-4-2-2_ptsink.lime
/scratch/usr/hhpmbate/chroma_2pt/48x96/b5p80kp122810kp122810/vector/lp001lp0001_g2_g4_q000_q220_q422_q442_q600_q642/correlators/meson_qcdsf.001.b5p80kp122810kp122810-48x96.00345_0.000_422_-4-2-2_smsnk30.lime
/scratch/usr/hhpmbate/chroma_2pt/48x96/b5p80kp122810kp122810/vector/lp001lp0001_g2_g4_q000_q220_q422_q442_q600_q642/correlators/meson_qcdsf.001.b5p80kp122810kp122810-48x96.00345_0.000_442_-4-4-2_ptsink.lime
/scratch/usr/hhpmbate/chroma_2pt/48x96/b5p80kp122810kp122810/vector/lp001lp0001_g2_g4_q000_q220_q422_q442_q600_q642/correlators/meson_qcdsf.001.b5p80kp122810kp122810-48x96.00345_0.000_442_-4-4-2_smsnk30.lime
/scratch/usr/hhpmbate/chroma_2pt/48x96/b5p80kp122810kp122810/vector/lp001lp0001_g2_g4_q000_q220_q422_q442_q600_q642/correlators/meson_qcdsf.001.b5p80kp122810kp122810-48x96.00345_0.000_600_-600_ptsink.lime
/scratch/usr/hhpmbate/chroma_2pt/48x96/b5p80kp122810kp122810/vector/lp001lp0001_g2_g4_q000_q220_q422_q442_q600_q642/correlators/meson_qcdsf.001.b5p80kp122810kp122810-48x96.00345_0.000_600_-600_smsnk30.lime
/scratch/usr/hhpmbate/chroma_2pt/48x96/b5p80kp122810kp122810/vector/lp001lp0001_g2_g4_q000_q220_q422_q442_q600_q642/correlators/meson_qcdsf.001.b5p80kp122810kp122810-48x96.00346_0.000_000_000_ptsink.lime
/scratch/usr/hhpmbate/chroma_2pt/48x96/b5p80kp122810kp122810/vector/lp001lp0001_g2_g4_q000_q220_q422_q442_q600_q642/correlators/meson_qcdsf.001.b5p80kp122810kp122810-48x96.00346_0.000_000_000_smsnk30.lime
/scratch/usr/hhpmbate/chroma_2pt/48x96/b5p80kp122810kp122810/vector/lp001lp0001_g2_g4_q000_q220_q422_q442_q600_q642/correlators/meson_qcdsf.001.b5p80kp122810kp122810-48x96.00346_0.000_220_-2-20_ptsink.lime
/scratch/usr/hhpmbate/chroma_2pt/48x96/b5p80kp122810kp122810/vector/lp001lp0001_g2_g4_q000_q220_q422_q442_q600_q642/correlators/meson_qcdsf.001.b5p80kp122810kp122810-48x96.00346_0.000_220_-2-20_smsnk30.lime
/scratch/usr/hhpmbate/chroma_2pt/48x96/b5p80kp122810kp122810/vector/lp001lp0001_g2_g4_q000_q220_q422_q442_q600_q642/correlators/meson_qcdsf.001.b5p80kp122810kp122810-48x96.00346_0.000_422_-4-2-2_ptsink.lime
/scratch/usr/hhpmbate/chroma_2pt/48x96/b5p80kp122810kp122810/vector/lp001lp0001_g2_g4_q000_q220_q422_q442_q600_q642/correlators/meson_qcdsf.001.b5p80kp122810kp122810-48x96.00346_0.000_422_-4-2-2_smsnk30.lime
/scratch/usr/hhpmbate/chroma_2pt/48x96/b5p80kp122810kp122810/vector/lp001lp0001_g2_g4_q000_q220_q422_q442_q600_q642/correlators/meson_qcdsf.001.b5p80kp122810kp122810-48x96.00346_0.000_442_-4-4-2_ptsink.lime
/scratch/usr/hhpmbate/chroma_2pt/48x96/b5p80kp122810kp122810/vector/lp001lp0001_g2_g4_q000_q220_q422_q442_q600_q642/correlators/meson_qcdsf.001.b5p80kp122810kp122810-48x96.00346_0.000_442_-4-4-2_smsnk30.lime
/scratch/usr/hhpmbate/chroma_2pt/48x96/b5p80kp122810kp122810/vector/lp001lp0001_g2_g4_q000_q220_q422_q442_q600_q642/correlators/meson_qcdsf.001.b5p80kp122810kp122810-48x96.00346_0.000_600_-600_ptsink.lime
/scratch/usr/hhpmbate/chroma_2pt/48x96/b5p80kp122810kp122810/vector/lp001lp0001_g2_g4_q000_q220_q422_q442_q600_q642/correlators/meson_qcdsf.001.b5p80kp122810kp122810-48x96.00346_0.000_600_-600_smsnk30.lime
/scratch/usr/hhpmbate/chroma_2pt/48x96/b5p80kp122810kp122810/vector/lp001lp0001_g2_g4_q000_q220_q422_q442_q600_q642/correlators/meson_qcdsf.001.b5p80kp122810kp122810-48x96.00347_0.000_000_000_ptsink.lime
/scratch/usr/hhpmbate/chroma_2pt/48x96/b5p80kp122810kp122810/vector/lp001lp0001_g2_g4_q000_q220_q422_q442_q600_q642/correlators/meson_qcdsf.001.b5p80kp122810kp122810-48x96.00347_0.000_000_000_smsnk30.lime
/scratch/usr/hhpmbate/chroma_2pt/48x96/b5p80kp122810kp122810/vector/lp001lp0001_g2_g4_q000_q220_q422_q442_q600_q642/correlators/meson_qcdsf.001.b5p80kp122810kp122810-48x96.00347_0.000_220_-2-20_ptsink.lime
/scratch/usr/hhpmbate/chroma_2pt/48x96/b5p80kp122810kp122810/vector/lp001lp0001_g2_g4_q000_q220_q422_q442_q600_q642/correlators/meson_qcdsf.001.b5p80kp122810kp122810-48x96.00347_0.000_220_-2-20_smsnk30.lime
/scratch/usr/hhpmbate/chroma_2pt/48x96/b5p80kp122810kp122810/vector/lp001lp0001_g2_g4_q000_q220_q422_q442_q600_q642/correlators/meson_qcdsf.001.b5p80kp122810kp122810-48x96.00347_0.000_422_-4-2-2_ptsink.lime
/scratch/usr/hhpmbate/chroma_2pt/48x96/b5p80kp122810kp122810/vector/lp001lp0001_g2_g4_q000_q220_q422_q442_q600_q642/correlators/meson_qcdsf.001.b5p80kp122810kp122810-48x96.00347_0.000_422_-4-2-2_smsnk30.lime
/scratch/usr/hhpmbate/chroma_2pt/48x96/b5p80kp122810kp122810/vector/lp001lp0001_g2_g4_q000_q220_q422_q442_q600_q642/correlators/meson_qcdsf.001.b5p80kp122810kp122810-48x96.00347_0.000_442_-4-4-2_ptsink.lime
/scratch/usr/hhpmbate/chroma_2pt/48x96/b5p80kp122810kp122810/vector/lp001lp0001_g2_g4_q000_q220_q422_q442_q600_q642/correlators/meson_qcdsf.001.b5p80kp122810kp122810-48x96.00347_0.000_442_-4-4-2_smsnk30.lime
/scratch/usr/hhpmbate/chroma_2pt/48x96/b5p80kp122810kp122810/vector/lp001lp0001_g2_g4_q000_q220_q422_q442_q600_q642/correlators/meson_qcdsf.001.b5p80kp122810kp122810-48x96.00347_0.000_600_-600_ptsink.lime
/scratch/usr/hhpmbate/chroma_2pt/48x96/b5p80kp122810kp122810/vector/lp001lp0001_g2_g4_q000_q220_q422_q442_q600_q642/correlators/meson_qcdsf.001.b5p80kp122810kp122810-48x96.00347_0.000_600_-600_smsnk30.lime
/scratch/usr/hhpmbate/chroma_2pt/48x96/b5p80kp122810kp122810/vector/lp001lp0001_g2_g4_q000_q220_q422_q442_q600_q642/correlators/meson_qcdsf.001.b5p80kp122810kp122810-48x96.00348_0.000_000_000_ptsink.lime
/scratch/usr/hhpmbate/chroma_2pt/48x96/b5p80kp122810kp122810/vector/lp001lp0001_g2_g4_q000_q220_q422_q442_q600_q642/correlators/meson_qcdsf.001.b5p80kp122810kp122810-48x96.00348_0.000_000_000_smsnk30.lime
/scratch/usr/hhpmbate/chroma_2pt/48x96/b5p80kp122810kp122810/vector/lp001lp0001_g2_g4_q000_q220_q422_q442_q600_q642/correlators/meson_qcdsf.001.b5p80kp122810kp122810-48x96.00348_0.000_220_-2-20_ptsink.lime
/scratch/usr/hhpmbate/chroma_2pt/48x96/b5p80kp122810kp122810/vector/lp001lp0001_g2_g4_q000_q220_q422_q442_q600_q642/correlators/meson_qcdsf.001.b5p80kp122810kp122810-48x96.00348_0.000_220_-2-20_smsnk30.lime
/scratch/usr/hhpmbate/chroma_2pt/48x96/b5p80kp122810kp122810/vector/lp001lp0001_g2_g4_q000_q220_q422_q442_q600_q642/correlators/meson_qcdsf.001.b5p80kp122810kp122810-48x96.00348_0.000_422_-4-2-2_ptsink.lime
/scratch/usr/hhpmbate/chroma_2pt/48x96/b5p80kp122810kp122810/vector/lp001lp0001_g2_g4_q000_q220_q422_q442_q600_q642/correlators/meson_qcdsf.001.b5p80kp122810kp122810-48x96.00348_0.000_422_-4-2-2_smsnk30.lime
/scratch/usr/hhpmbate/chroma_2pt/48x96/b5p80kp122810kp122810/vector/lp001lp0001_g2_g4_q000_q220_q422_q442_q600_q642/correlators/meson_qcdsf.001.b5p80kp122810kp122810-48x96.00348_0.000_442_-4-4-2_ptsink.lime
/scratch/usr/hhpmbate/chroma_2pt/48x96/b5p80kp122810kp122810/vector/lp001lp0001_g2_g4_q000_q220_q422_q442_q600_q642/correlators/meson_qcdsf.001.b5p80kp122810kp122810-48x96.00348_0.000_442_-4-4-2_smsnk30.lime
/scratch/usr/hhpmbate/chroma_2pt/48x96/b5p80kp122810kp122810/vector/lp001lp0001_g2_g4_q000_q220_q422_q442_q600_q642/correlators/meson_qcdsf.001.b5p80kp122810kp122810-48x96.00348_0.000_600_-600_ptsink.lime
/scratch/usr/hhpmbate/chroma_2pt/48x96/b5p80kp122810kp122810/vector/lp001lp0001_g2_g4_q000_q220_q422_q442_q600_q642/correlators/meson_qcdsf.001.b5p80kp122810kp122810-48x96.00348_0.000_600_-600_smsnk30.lime
/scratch/usr/hhpmbate/chroma_2pt/48x96/b5p80kp122810kp122810/vector/lp001lp0001_g2_g4_q000_q220_q422_q442_q600_q642/correlators/meson_qcdsf.001.b5p80kp122810kp122810-48x96.00349_0.000_000_000_ptsink.lime
/scratch/usr/hhpmbate/chroma_2pt/48x96/b5p80kp122810kp122810/vector/lp001lp0001_g2_g4_q000_q220_q422_q442_q600_q642/correlators/meson_qcdsf.001.b5p80kp122810kp122810-48x96.00349_0.000_000_000_smsnk30.lime
/scratch/usr/hhpmbate/chroma_2pt/48x96/b5p80kp122810kp122810/vector/lp001lp0001_g2_g4_q000_q220_q422_q442_q600_q642/correlators/meson_qcdsf.001.b5p80kp122810kp122810-48x96.00349_0.000_220_-2-20_ptsink.lime
/scratch/usr/hhpmbate/chroma_2pt/48x96/b5p80kp122810kp122810/vector/lp001lp0001_g2_g4_q000_q220_q422_q442_q600_q642/correlators/meson_qcdsf.001.b5p80kp122810kp122810-48x96.00349_0.000_220_-2-20_smsnk30.lime
/scratch/usr/hhpmbate/chroma_2pt/48x96/b5p80kp122810kp122810/vector/lp001lp0001_g2_g4_q000_q220_q422_q442_q600_q642/correlators/meson_qcdsf.001.b5p80kp122810kp122810-48x96.00349_0.000_422_-4-2-2_ptsink.lime
/scratch/usr/hhpmbate/chroma_2pt/48x96/b5p80kp122810kp122810/vector/lp001lp0001_g2_g4_q000_q220_q422_q442_q600_q642/correlators/meson_qcdsf.001.b5p80kp122810kp122810-48x96.00349_0.000_422_-4-2-2_smsnk30.lime
/scratch/usr/hhpmbate/chroma_2pt/48x96/b5p80kp122810kp122810/vector/lp001lp0001_g2_g4_q000_q220_q422_q442_q600_q642/correlators/meson_qcdsf.001.b5p80kp122810kp122810-48x96.00349_0.000_442_-4-4-2_ptsink.lime
/scratch/usr/hhpmbate/chroma_2pt/48x96/b5p80kp122810kp122810/vector/lp001lp0001_g2_g4_q000_q220_q422_q442_q600_q642/correlators/meson_qcdsf.001.b5p80kp122810kp122810-48x96.00349_0.000_442_-4-4-2_smsnk30.lime
/scratch/usr/hhpmbate/chroma_2pt/48x96/b5p80kp122810kp122810/vector/lp001lp0001_g2_g4_q000_q220_q422_q442_q600_q642/correlators/meson_qcdsf.001.b5p80kp122810kp122810-48x96.00349_0.000_600_-600_ptsink.lime
/scratch/usr/hhpmbate/chroma_2pt/48x96/b5p80kp122810kp122810/vector/lp001lp0001_g2_g4_q000_q220_q422_q442_q600_q642/correlators/meson_qcdsf.001.b5p80kp122810kp122810-48x96.00349_0.000_600_-600_smsnk30.lime
/scratch/usr/hhpmbate/chroma_2pt/48x96/b5p80kp122810kp122810/vector/lp001lp0001_g2_g4_q000_q220_q422_q442_q600_q642/correlators/meson_qcdsf.001.b5p80kp122810kp122810-48x96.00350_0.000_000_000_ptsink.lime
/scratch/usr/hhpmbate/chroma_2pt/48x96/b5p80kp122810kp122810/vector/lp001lp0001_g2_g4_q000_q220_q422_q442_q600_q642/correlators/meson_qcdsf.001.b5p80kp122810kp122810-48x96.00350_0.000_000_000_smsnk30.lime
/scratch/usr/hhpmbate/chroma_2pt/48x96/b5p80kp122810kp122810/vector/lp001lp0001_g2_g4_q000_q220_q422_q442_q600_q642/correlators/meson_qcdsf.001.b5p80kp122810kp122810-48x96.00350_0.000_220_-2-20_ptsink.lime
/scratch/usr/hhpmbate/chroma_2pt/48x96/b5p80kp122810kp122810/vector/lp001lp0001_g2_g4_q000_q220_q422_q442_q600_q642/correlators/meson_qcdsf.001.b5p80kp122810kp122810-48x96.00350_0.000_220_-2-20_smsnk30.lime
/scratch/usr/hhpmbate/chroma_2pt/48x96/b5p80kp122810kp122810/vector/lp001lp0001_g2_g4_q000_q220_q422_q442_q600_q642/correlators/meson_qcdsf.001.b5p80kp122810kp122810-48x96.00350_0.000_422_-4-2-2_ptsink.lime
/scratch/usr/hhpmbate/chroma_2pt/48x96/b5p80kp122810kp122810/vector/lp001lp0001_g2_g4_q000_q220_q422_q442_q600_q642/correlators/meson_qcdsf.001.b5p80kp122810kp122810-48x96.00350_0.000_422_-4-2-2_smsnk30.lime
/scratch/usr/hhpmbate/chroma_2pt/48x96/b5p80kp122810kp122810/vector/lp001lp0001_g2_g4_q000_q220_q422_q442_q600_q642/correlators/meson_qcdsf.001.b5p80kp122810kp122810-48x96.00350_0.000_442_-4-4-2_ptsink.lime
/scratch/usr/hhpmbate/chroma_2pt/48x96/b5p80kp122810kp122810/vector/lp001lp0001_g2_g4_q000_q220_q422_q442_q600_q642/correlators/meson_qcdsf.001.b5p80kp122810kp122810-48x96.00350_0.000_442_-4-4-2_smsnk30.lime
/scratch/usr/hhpmbate/chroma_2pt/48x96/b5p80kp122810kp122810/vector/lp001lp0001_g2_g4_q000_q220_q422_q442_q600_q642/correlators/meson_qcdsf.001.b5p80kp122810kp122810-48x96.00350_0.000_600_-600_ptsink.lime
/scratch/usr/hhpmbate/chroma_2pt/48x96/b5p80kp122810kp122810/vector/lp001lp0001_g2_g4_q000_q220_q422_q442_q600_q642/correlators/meson_qcdsf.001.b5p80kp122810kp122810-48x96.00350_0.000_600_-600_smsnk30.lime
/scratch/usr/hhpmbate/chroma_2pt/48x96/b5p80kp122810kp122810/vector/lp001lp0001_g2_g4_q000_q220_q422_q442_q600_q642/correlators/meson_qcdsf.001.b5p80kp122810kp122810-48x96.00351_0.000_000_000_ptsink.lime
/scratch/usr/hhpmbate/chroma_2pt/48x96/b5p80kp122810kp122810/vector/lp001lp0001_g2_g4_q000_q220_q422_q442_q600_q642/correlators/meson_qcdsf.001.b5p80kp122810kp122810-48x96.00351_0.000_000_000_smsnk30.lime
/scratch/usr/hhpmbate/chroma_2pt/48x96/b5p80kp122810kp122810/vector/lp001lp0001_g2_g4_q000_q220_q422_q442_q600_q642/correlators/meson_qcdsf.001.b5p80kp122810kp122810-48x96.00351_0.000_220_-2-20_ptsink.lime
/scratch/usr/hhpmbate/chroma_2pt/48x96/b5p80kp122810kp122810/vector/lp001lp0001_g2_g4_q000_q220_q422_q442_q600_q642/correlators/meson_qcdsf.001.b5p80kp122810kp122810-48x96.00351_0.000_220_-2-20_smsnk30.lime
/scratch/usr/hhpmbate/chroma_2pt/48x96/b5p80kp122810kp122810/vector/lp001lp0001_g2_g4_q000_q220_q422_q442_q600_q642/correlators/meson_qcdsf.001.b5p80kp122810kp122810-48x96.00351_0.000_422_-4-2-2_ptsink.lime
/scratch/usr/hhpmbate/chroma_2pt/48x96/b5p80kp122810kp122810/vector/lp001lp0001_g2_g4_q000_q220_q422_q442_q600_q642/correlators/meson_qcdsf.001.b5p80kp122810kp122810-48x96.00351_0.000_422_-4-2-2_smsnk30.lime
/scratch/usr/hhpmbate/chroma_2pt/48x96/b5p80kp122810kp122810/vector/lp001lp0001_g2_g4_q000_q220_q422_q442_q600_q642/correlators/meson_qcdsf.001.b5p80kp122810kp122810-48x96.00351_0.000_442_-4-4-2_ptsink.lime
/scratch/usr/hhpmbate/chroma_2pt/48x96/b5p80kp122810kp122810/vector/lp001lp0001_g2_g4_q000_q220_q422_q442_q600_q642/correlators/meson_qcdsf.001.b5p80kp122810kp122810-48x96.00351_0.000_442_-4-4-2_smsnk30.lime
/scratch/usr/hhpmbate/chroma_2pt/48x96/b5p80kp122810kp122810/vector/lp001lp0001_g2_g4_q000_q220_q422_q442_q600_q642/correlators/meson_qcdsf.001.b5p80kp122810kp122810-48x96.00351_0.000_600_-600_ptsink.lime
/scratch/usr/hhpmbate/chroma_2pt/48x96/b5p80kp122810kp122810/vector/lp001lp0001_g2_g4_q000_q220_q422_q442_q600_q642/correlators/meson_qcdsf.001.b5p80kp122810kp122810-48x96.00351_0.000_600_-600_smsnk30.lime
/scratch/usr/hhpmbate/chroma_2pt/48x96/b5p80kp122810kp122810/vector/lp001lp0001_g2_g4_q000_q220_q422_q442_q600_q642/correlators/meson_qcdsf.001.b5p80kp122810kp122810-48x96.00352_0.000_000_000_ptsink.lime
/scratch/usr/hhpmbate/chroma_2pt/48x96/b5p80kp122810kp122810/vector/lp001lp0001_g2_g4_q000_q220_q422_q442_q600_q642/correlators/meson_qcdsf.001.b5p80kp122810kp122810-48x96.00352_0.000_000_000_smsnk30.lime
/scratch/usr/hhpmbate/chroma_2pt/48x96/b5p80kp122810kp122810/vector/lp001lp0001_g2_g4_q000_q220_q422_q442_q600_q642/correlators/meson_qcdsf.001.b5p80kp122810kp122810-48x96.00352_0.000_220_-2-20_ptsink.lime
/scratch/usr/hhpmbate/chroma_2pt/48x96/b5p80kp122810kp122810/vector/lp001lp0001_g2_g4_q000_q220_q422_q442_q600_q642/correlators/meson_qcdsf.001.b5p80kp122810kp122810-48x96.00352_0.000_220_-2-20_smsnk30.lime
/scratch/usr/hhpmbate/chroma_2pt/48x96/b5p80kp122810kp122810/vector/lp001lp0001_g2_g4_q000_q220_q422_q442_q600_q642/correlators/meson_qcdsf.001.b5p80kp122810kp122810-48x96.00352_0.000_422_-4-2-2_ptsink.lime
/scratch/usr/hhpmbate/chroma_2pt/48x96/b5p80kp122810kp122810/vector/lp001lp0001_g2_g4_q000_q220_q422_q442_q600_q642/correlators/meson_qcdsf.001.b5p80kp122810kp122810-48x96.00352_0.000_422_-4-2-2_smsnk30.lime
/scratch/usr/hhpmbate/chroma_2pt/48x96/b5p80kp122810kp122810/vector/lp001lp0001_g2_g4_q000_q220_q422_q442_q600_q642/correlators/meson_qcdsf.001.b5p80kp122810kp122810-48x96.00352_0.000_442_-4-4-2_ptsink.lime
/scratch/usr/hhpmbate/chroma_2pt/48x96/b5p80kp122810kp122810/vector/lp001lp0001_g2_g4_q000_q220_q422_q442_q600_q642/correlators/meson_qcdsf.001.b5p80kp122810kp122810-48x96.00352_0.000_442_-4-4-2_smsnk30.lime
/scratch/usr/hhpmbate/chroma_2pt/48x96/b5p80kp122810kp122810/vector/lp001lp0001_g2_g4_q000_q220_q422_q442_q600_q642/correlators/meson_qcdsf.001.b5p80kp122810kp122810-48x96.00352_0.000_600_-600_ptsink.lime
/scratch/usr/hhpmbate/chroma_2pt/48x96/b5p80kp122810kp122810/vector/lp001lp0001_g2_g4_q000_q220_q422_q442_q600_q642/correlators/meson_qcdsf.001.b5p80kp122810kp122810-48x96.00352_0.000_600_-600_smsnk30.lime
/scratch/usr/hhpmbate/chroma_2pt/48x96/b5p80kp122810kp122810/vector/lp001lp0001_g2_g4_q000_q220_q422_q442_q600_q642/correlators/meson_qcdsf.001.b5p80kp122810kp122810-48x96.00353_0.000_000_000_ptsink.lime
/scratch/usr/hhpmbate/chroma_2pt/48x96/b5p80kp122810kp122810/vector/lp001lp0001_g2_g4_q000_q220_q422_q442_q600_q642/correlators/meson_qcdsf.001.b5p80kp122810kp122810-48x96.00353_0.000_000_000_smsnk30.lime
/scratch/usr/hhpmbate/chroma_2pt/48x96/b5p80kp122810kp122810/vector/lp001lp0001_g2_g4_q000_q220_q422_q442_q600_q642/correlators/meson_qcdsf.001.b5p80kp122810kp122810-48x96.00353_0.000_220_-2-20_ptsink.lime
/scratch/usr/hhpmbate/chroma_2pt/48x96/b5p80kp122810kp122810/vector/lp001lp0001_g2_g4_q000_q220_q422_q442_q600_q642/correlators/meson_qcdsf.001.b5p80kp122810kp122810-48x96.00353_0.000_220_-2-20_smsnk30.lime
/scratch/usr/hhpmbate/chroma_2pt/48x96/b5p80kp122810kp122810/vector/lp001lp0001_g2_g4_q000_q220_q422_q442_q600_q642/correlators/meson_qcdsf.001.b5p80kp122810kp122810-48x96.00353_0.000_422_-4-2-2_ptsink.lime
/scratch/usr/hhpmbate/chroma_2pt/48x96/b5p80kp122810kp122810/vector/lp001lp0001_g2_g4_q000_q220_q422_q442_q600_q642/correlators/meson_qcdsf.001.b5p80kp122810kp122810-48x96.00353_0.000_422_-4-2-2_smsnk30.lime
/scratch/usr/hhpmbate/chroma_2pt/48x96/b5p80kp122810kp122810/vector/lp001lp0001_g2_g4_q000_q220_q422_q442_q600_q642/correlators/meson_qcdsf.001.b5p80kp122810kp122810-48x96.00353_0.000_442_-4-4-2_ptsink.lime
/scratch/usr/hhpmbate/chroma_2pt/48x96/b5p80kp122810kp122810/vector/lp001lp0001_g2_g4_q000_q220_q422_q442_q600_q642/correlators/meson_qcdsf.001.b5p80kp122810kp122810-48x96.00353_0.000_442_-4-4-2_smsnk30.lime
/scratch/usr/hhpmbate/chroma_2pt/48x96/b5p80kp122810kp122810/vector/lp001lp0001_g2_g4_q000_q220_q422_q442_q600_q642/correlators/meson_qcdsf.001.b5p80kp122810kp122810-48x96.00353_0.000_600_-600_ptsink.lime
/scratch/usr/hhpmbate/chroma_2pt/48x96/b5p80kp122810kp122810/vector/lp001lp0001_g2_g4_q000_q220_q422_q442_q600_q642/correlators/meson_qcdsf.001.b5p80kp122810kp122810-48x96.00353_0.000_600_-600_smsnk30.lime
/scratch/usr/hhpmbate/chroma_2pt/48x96/b5p80kp122810kp122810/vector/lp001lp0001_g2_g4_q000_q220_q422_q442_q600_q642/correlators/meson_qcdsf.001.b5p80kp122810kp122810-48x96.00354_0.000_000_000_ptsink.lime
/scratch/usr/hhpmbate/chroma_2pt/48x96/b5p80kp122810kp122810/vector/lp001lp0001_g2_g4_q000_q220_q422_q442_q600_q642/correlators/meson_qcdsf.001.b5p80kp122810kp122810-48x96.00354_0.000_000_000_smsnk30.lime
/scratch/usr/hhpmbate/chroma_2pt/48x96/b5p80kp122810kp122810/vector/lp001lp0001_g2_g4_q000_q220_q422_q442_q600_q642/correlators/meson_qcdsf.001.b5p80kp122810kp122810-48x96.00354_0.000_220_-2-20_ptsink.lime
/scratch/usr/hhpmbate/chroma_2pt/48x96/b5p80kp122810kp122810/vector/lp001lp0001_g2_g4_q000_q220_q422_q442_q600_q642/correlators/meson_qcdsf.001.b5p80kp122810kp122810-48x96.00354_0.000_220_-2-20_smsnk30.lime
/scratch/usr/hhpmbate/chroma_2pt/48x96/b5p80kp122810kp122810/vector/lp001lp0001_g2_g4_q000_q220_q422_q442_q600_q642/correlators/meson_qcdsf.001.b5p80kp122810kp122810-48x96.00354_0.000_422_-4-2-2_ptsink.lime
/scratch/usr/hhpmbate/chroma_2pt/48x96/b5p80kp122810kp122810/vector/lp001lp0001_g2_g4_q000_q220_q422_q442_q600_q642/correlators/meson_qcdsf.001.b5p80kp122810kp122810-48x96.00354_0.000_422_-4-2-2_smsnk30.lime
/scratch/usr/hhpmbate/chroma_2pt/48x96/b5p80kp122810kp122810/vector/lp001lp0001_g2_g4_q000_q220_q422_q442_q600_q642/correlators/meson_qcdsf.001.b5p80kp122810kp122810-48x96.00354_0.000_442_-4-4-2_ptsink.lime
/scratch/usr/hhpmbate/chroma_2pt/48x96/b5p80kp122810kp122810/vector/lp001lp0001_g2_g4_q000_q220_q422_q442_q600_q642/correlators/meson_qcdsf.001.b5p80kp122810kp122810-48x96.00354_0.000_442_-4-4-2_smsnk30.lime
/scratch/usr/hhpmbate/chroma_2pt/48x96/b5p80kp122810kp122810/vector/lp001lp0001_g2_g4_q000_q220_q422_q442_q600_q642/correlators/meson_qcdsf.001.b5p80kp122810kp122810-48x96.00354_0.000_600_-600_ptsink.lime
/scratch/usr/hhpmbate/chroma_2pt/48x96/b5p80kp122810kp122810/vector/lp001lp0001_g2_g4_q000_q220_q422_q442_q600_q642/correlators/meson_qcdsf.001.b5p80kp122810kp122810-48x96.00354_0.000_600_-600_smsnk30.lime
/scratch/usr/hhpmbate/chroma_2pt/48x96/b5p80kp122810kp122810/vector/lp001lp0001_g2_g4_q000_q220_q422_q442_q600_q642/correlators/meson_qcdsf.001.b5p80kp122810kp122810-48x96.00355_0.000_000_000_ptsink.lime
/scratch/usr/hhpmbate/chroma_2pt/48x96/b5p80kp122810kp122810/vector/lp001lp0001_g2_g4_q000_q220_q422_q442_q600_q642/correlators/meson_qcdsf.001.b5p80kp122810kp122810-48x96.00355_0.000_000_000_smsnk30.lime
/scratch/usr/hhpmbate/chroma_2pt/48x96/b5p80kp122810kp122810/vector/lp001lp0001_g2_g4_q000_q220_q422_q442_q600_q642/correlators/meson_qcdsf.001.b5p80kp122810kp122810-48x96.00355_0.000_220_-2-20_ptsink.lime
/scratch/usr/hhpmbate/chroma_2pt/48x96/b5p80kp122810kp122810/vector/lp001lp0001_g2_g4_q000_q220_q422_q442_q600_q642/correlators/meson_qcdsf.001.b5p80kp122810kp122810-48x96.00355_0.000_220_-2-20_smsnk30.lime
/scratch/usr/hhpmbate/chroma_2pt/48x96/b5p80kp122810kp122810/vector/lp001lp0001_g2_g4_q000_q220_q422_q442_q600_q642/correlators/meson_qcdsf.001.b5p80kp122810kp122810-48x96.00355_0.000_422_-4-2-2_ptsink.lime
/scratch/usr/hhpmbate/chroma_2pt/48x96/b5p80kp122810kp122810/vector/lp001lp0001_g2_g4_q000_q220_q422_q442_q600_q642/correlators/meson_qcdsf.001.b5p80kp122810kp122810-48x96.00355_0.000_422_-4-2-2_smsnk30.lime
/scratch/usr/hhpmbate/chroma_2pt/48x96/b5p80kp122810kp122810/vector/lp001lp0001_g2_g4_q000_q220_q422_q442_q600_q642/correlators/meson_qcdsf.001.b5p80kp122810kp122810-48x96.00355_0.000_442_-4-4-2_ptsink.lime
/scratch/usr/hhpmbate/chroma_2pt/48x96/b5p80kp122810kp122810/vector/lp001lp0001_g2_g4_q000_q220_q422_q442_q600_q642/correlators/meson_qcdsf.001.b5p80kp122810kp122810-48x96.00355_0.000_442_-4-4-2_smsnk30.lime
/scratch/usr/hhpmbate/chroma_2pt/48x96/b5p80kp122810kp122810/vector/lp001lp0001_g2_g4_q000_q220_q422_q442_q600_q642/correlators/meson_qcdsf.001.b5p80kp122810kp122810-48x96.00355_0.000_600_-600_ptsink.lime
/scratch/usr/hhpmbate/chroma_2pt/48x96/b5p80kp122810kp122810/vector/lp001lp0001_g2_g4_q000_q220_q422_q442_q600_q642/correlators/meson_qcdsf.001.b5p80kp122810kp122810-48x96.00355_0.000_600_-600_smsnk30.lime
/scratch/usr/hhpmbate/chroma_2pt/48x96/b5p80kp122810kp122810/vector/lp001lp0001_g2_g4_q000_q220_q422_q442_q600_q642/correlators/meson_qcdsf.001.b5p80kp122810kp122810-48x96.00356_0.000_000_000_ptsink.lime
/scratch/usr/hhpmbate/chroma_2pt/48x96/b5p80kp122810kp122810/vector/lp001lp0001_g2_g4_q000_q220_q422_q442_q600_q642/correlators/meson_qcdsf.001.b5p80kp122810kp122810-48x96.00356_0.000_000_000_smsnk30.lime
/scratch/usr/hhpmbate/chroma_2pt/48x96/b5p80kp122810kp122810/vector/lp001lp0001_g2_g4_q000_q220_q422_q442_q600_q642/correlators/meson_qcdsf.001.b5p80kp122810kp122810-48x96.00356_0.000_220_-2-20_ptsink.lime
/scratch/usr/hhpmbate/chroma_2pt/48x96/b5p80kp122810kp122810/vector/lp001lp0001_g2_g4_q000_q220_q422_q442_q600_q642/correlators/meson_qcdsf.001.b5p80kp122810kp122810-48x96.00356_0.000_220_-2-20_smsnk30.lime
/scratch/usr/hhpmbate/chroma_2pt/48x96/b5p80kp122810kp122810/vector/lp001lp0001_g2_g4_q000_q220_q422_q442_q600_q642/correlators/meson_qcdsf.001.b5p80kp122810kp122810-48x96.00356_0.000_422_-4-2-2_ptsink.lime
/scratch/usr/hhpmbate/chroma_2pt/48x96/b5p80kp122810kp122810/vector/lp001lp0001_g2_g4_q000_q220_q422_q442_q600_q642/correlators/meson_qcdsf.001.b5p80kp122810kp122810-48x96.00356_0.000_422_-4-2-2_smsnk30.lime
/scratch/usr/hhpmbate/chroma_2pt/48x96/b5p80kp122810kp122810/vector/lp001lp0001_g2_g4_q000_q220_q422_q442_q600_q642/correlators/meson_qcdsf.001.b5p80kp122810kp122810-48x96.00356_0.000_442_-4-4-2_ptsink.lime
/scratch/usr/hhpmbate/chroma_2pt/48x96/b5p80kp122810kp122810/vector/lp001lp0001_g2_g4_q000_q220_q422_q442_q600_q642/correlators/meson_qcdsf.001.b5p80kp122810kp122810-48x96.00356_0.000_442_-4-4-2_smsnk30.lime
/scratch/usr/hhpmbate/chroma_2pt/48x96/b5p80kp122810kp122810/vector/lp001lp0001_g2_g4_q000_q220_q422_q442_q600_q642/correlators/meson_qcdsf.001.b5p80kp122810kp122810-48x96.00356_0.000_600_-600_ptsink.lime
/scratch/usr/hhpmbate/chroma_2pt/48x96/b5p80kp122810kp122810/vector/lp001lp0001_g2_g4_q000_q220_q422_q442_q600_q642/correlators/meson_qcdsf.001.b5p80kp122810kp122810-48x96.00356_0.000_600_-600_smsnk30.lime
/scratch/usr/hhpmbate/chroma_2pt/48x96/b5p80kp122810kp122810/vector/lp001lp0001_g2_g4_q000_q220_q422_q442_q600_q642/correlators/meson_qcdsf.001.b5p80kp122810kp122810-48x96.00357_0.000_000_000_ptsink.lime
/scratch/usr/hhpmbate/chroma_2pt/48x96/b5p80kp122810kp122810/vector/lp001lp0001_g2_g4_q000_q220_q422_q442_q600_q642/correlators/meson_qcdsf.001.b5p80kp122810kp122810-48x96.00357_0.000_000_000_smsnk30.lime
/scratch/usr/hhpmbate/chroma_2pt/48x96/b5p80kp122810kp122810/vector/lp001lp0001_g2_g4_q000_q220_q422_q442_q600_q642/correlators/meson_qcdsf.001.b5p80kp122810kp122810-48x96.00357_0.000_220_-2-20_ptsink.lime
/scratch/usr/hhpmbate/chroma_2pt/48x96/b5p80kp122810kp122810/vector/lp001lp0001_g2_g4_q000_q220_q422_q442_q600_q642/correlators/meson_qcdsf.001.b5p80kp122810kp122810-48x96.00357_0.000_220_-2-20_smsnk30.lime
/scratch/usr/hhpmbate/chroma_2pt/48x96/b5p80kp122810kp122810/vector/lp001lp0001_g2_g4_q000_q220_q422_q442_q600_q642/correlators/meson_qcdsf.001.b5p80kp122810kp122810-48x96.00357_0.000_422_-4-2-2_ptsink.lime
/scratch/usr/hhpmbate/chroma_2pt/48x96/b5p80kp122810kp122810/vector/lp001lp0001_g2_g4_q000_q220_q422_q442_q600_q642/correlators/meson_qcdsf.001.b5p80kp122810kp122810-48x96.00357_0.000_422_-4-2-2_smsnk30.lime
/scratch/usr/hhpmbate/chroma_2pt/48x96/b5p80kp122810kp122810/vector/lp001lp0001_g2_g4_q000_q220_q422_q442_q600_q642/correlators/meson_qcdsf.001.b5p80kp122810kp122810-48x96.00357_0.000_442_-4-4-2_ptsink.lime
/scratch/usr/hhpmbate/chroma_2pt/48x96/b5p80kp122810kp122810/vector/lp001lp0001_g2_g4_q000_q220_q422_q442_q600_q642/correlators/meson_qcdsf.001.b5p80kp122810kp122810-48x96.00357_0.000_442_-4-4-2_smsnk30.lime
/scratch/usr/hhpmbate/chroma_2pt/48x96/b5p80kp122810kp122810/vector/lp001lp0001_g2_g4_q000_q220_q422_q442_q600_q642/correlators/meson_qcdsf.001.b5p80kp122810kp122810-48x96.00357_0.000_600_-600_ptsink.lime
/scratch/usr/hhpmbate/chroma_2pt/48x96/b5p80kp122810kp122810/vector/lp001lp0001_g2_g4_q000_q220_q422_q442_q600_q642/correlators/meson_qcdsf.001.b5p80kp122810kp122810-48x96.00357_0.000_600_-600_smsnk30.lime
/scratch/usr/hhpmbate/chroma_2pt/48x96/b5p80kp122810kp122810/vector/lp001lp0001_g2_g4_q000_q220_q422_q442_q600_q642/correlators/meson_qcdsf.001.b5p80kp122810kp122810-48x96.00358_0.000_000_000_ptsink.lime
/scratch/usr/hhpmbate/chroma_2pt/48x96/b5p80kp122810kp122810/vector/lp001lp0001_g2_g4_q000_q220_q422_q442_q600_q642/correlators/meson_qcdsf.001.b5p80kp122810kp122810-48x96.00358_0.000_000_000_smsnk30.lime
/scratch/usr/hhpmbate/chroma_2pt/48x96/b5p80kp122810kp122810/vector/lp001lp0001_g2_g4_q000_q220_q422_q442_q600_q642/correlators/meson_qcdsf.001.b5p80kp122810kp122810-48x96.00358_0.000_220_-2-20_ptsink.lime
/scratch/usr/hhpmbate/chroma_2pt/48x96/b5p80kp122810kp122810/vector/lp001lp0001_g2_g4_q000_q220_q422_q442_q600_q642/correlators/meson_qcdsf.001.b5p80kp122810kp122810-48x96.00358_0.000_220_-2-20_smsnk30.lime
/scratch/usr/hhpmbate/chroma_2pt/48x96/b5p80kp122810kp122810/vector/lp001lp0001_g2_g4_q000_q220_q422_q442_q600_q642/correlators/meson_qcdsf.001.b5p80kp122810kp122810-48x96.00358_0.000_422_-4-2-2_ptsink.lime
/scratch/usr/hhpmbate/chroma_2pt/48x96/b5p80kp122810kp122810/vector/lp001lp0001_g2_g4_q000_q220_q422_q442_q600_q642/correlators/meson_qcdsf.001.b5p80kp122810kp122810-48x96.00358_0.000_422_-4-2-2_smsnk30.lime
/scratch/usr/hhpmbate/chroma_2pt/48x96/b5p80kp122810kp122810/vector/lp001lp0001_g2_g4_q000_q220_q422_q442_q600_q642/correlators/meson_qcdsf.001.b5p80kp122810kp122810-48x96.00358_0.000_442_-4-4-2_ptsink.lime
/scratch/usr/hhpmbate/chroma_2pt/48x96/b5p80kp122810kp122810/vector/lp001lp0001_g2_g4_q000_q220_q422_q442_q600_q642/correlators/meson_qcdsf.001.b5p80kp122810kp122810-48x96.00358_0.000_442_-4-4-2_smsnk30.lime
/scratch/usr/hhpmbate/chroma_2pt/48x96/b5p80kp122810kp122810/vector/lp001lp0001_g2_g4_q000_q220_q422_q442_q600_q642/correlators/meson_qcdsf.001.b5p80kp122810kp122810-48x96.00358_0.000_600_-600_ptsink.lime
/scratch/usr/hhpmbate/chroma_2pt/48x96/b5p80kp122810kp122810/vector/lp001lp0001_g2_g4_q000_q220_q422_q442_q600_q642/correlators/meson_qcdsf.001.b5p80kp122810kp122810-48x96.00358_0.000_600_-600_smsnk30.lime
/scratch/usr/hhpmbate/chroma_2pt/48x96/b5p80kp122810kp122810/vector/lp001lp0001_g2_g4_q000_q220_q422_q442_q600_q642/correlators/meson_qcdsf.001.b5p80kp122810kp122810-48x96.00359_0.000_000_000_ptsink.lime
/scratch/usr/hhpmbate/chroma_2pt/48x96/b5p80kp122810kp122810/vector/lp001lp0001_g2_g4_q000_q220_q422_q442_q600_q642/correlators/meson_qcdsf.001.b5p80kp122810kp122810-48x96.00359_0.000_000_000_smsnk30.lime
/scratch/usr/hhpmbate/chroma_2pt/48x96/b5p80kp122810kp122810/vector/lp001lp0001_g2_g4_q000_q220_q422_q442_q600_q642/correlators/meson_qcdsf.001.b5p80kp122810kp122810-48x96.00359_0.000_220_-2-20_ptsink.lime
/scratch/usr/hhpmbate/chroma_2pt/48x96/b5p80kp122810kp122810/vector/lp001lp0001_g2_g4_q000_q220_q422_q442_q600_q642/correlators/meson_qcdsf.001.b5p80kp122810kp122810-48x96.00359_0.000_220_-2-20_smsnk30.lime
/scratch/usr/hhpmbate/chroma_2pt/48x96/b5p80kp122810kp122810/vector/lp001lp0001_g2_g4_q000_q220_q422_q442_q600_q642/correlators/meson_qcdsf.001.b5p80kp122810kp122810-48x96.00359_0.000_422_-4-2-2_ptsink.lime
/scratch/usr/hhpmbate/chroma_2pt/48x96/b5p80kp122810kp122810/vector/lp001lp0001_g2_g4_q000_q220_q422_q442_q600_q642/correlators/meson_qcdsf.001.b5p80kp122810kp122810-48x96.00359_0.000_422_-4-2-2_smsnk30.lime
/scratch/usr/hhpmbate/chroma_2pt/48x96/b5p80kp122810kp122810/vector/lp001lp0001_g2_g4_q000_q220_q422_q442_q600_q642/correlators/meson_qcdsf.001.b5p80kp122810kp122810-48x96.00359_0.000_442_-4-4-2_ptsink.lime
/scratch/usr/hhpmbate/chroma_2pt/48x96/b5p80kp122810kp122810/vector/lp001lp0001_g2_g4_q000_q220_q422_q442_q600_q642/correlators/meson_qcdsf.001.b5p80kp122810kp122810-48x96.00359_0.000_442_-4-4-2_smsnk30.lime
/scratch/usr/hhpmbate/chroma_2pt/48x96/b5p80kp122810kp122810/vector/lp001lp0001_g2_g4_q000_q220_q422_q442_q600_q642/correlators/meson_qcdsf.001.b5p80kp122810kp122810-48x96.00359_0.000_600_-600_ptsink.lime
/scratch/usr/hhpmbate/chroma_2pt/48x96/b5p80kp122810kp122810/vector/lp001lp0001_g2_g4_q000_q220_q422_q442_q600_q642/correlators/meson_qcdsf.001.b5p80kp122810kp122810-48x96.00359_0.000_600_-600_smsnk30.lime
/scratch/usr/hhpmbate/chroma_2pt/48x96/b5p80kp122810kp122810/vector/lp001lp0001_g2_g4_q000_q220_q422_q442_q600_q642/correlators/meson_qcdsf.001.b5p80kp122810kp122810-48x96.00360_0.000_000_000_ptsink.lime
/scratch/usr/hhpmbate/chroma_2pt/48x96/b5p80kp122810kp122810/vector/lp001lp0001_g2_g4_q000_q220_q422_q442_q600_q642/correlators/meson_qcdsf.001.b5p80kp122810kp122810-48x96.00360_0.000_000_000_smsnk30.lime
/scratch/usr/hhpmbate/chroma_2pt/48x96/b5p80kp122810kp122810/vector/lp001lp0001_g2_g4_q000_q220_q422_q442_q600_q642/correlators/meson_qcdsf.001.b5p80kp122810kp122810-48x96.00360_0.000_220_-2-20_ptsink.lime
/scratch/usr/hhpmbate/chroma_2pt/48x96/b5p80kp122810kp122810/vector/lp001lp0001_g2_g4_q000_q220_q422_q442_q600_q642/correlators/meson_qcdsf.001.b5p80kp122810kp122810-48x96.00360_0.000_220_-2-20_smsnk30.lime
/scratch/usr/hhpmbate/chroma_2pt/48x96/b5p80kp122810kp122810/vector/lp001lp0001_g2_g4_q000_q220_q422_q442_q600_q642/correlators/meson_qcdsf.001.b5p80kp122810kp122810-48x96.00360_0.000_422_-4-2-2_ptsink.lime
/scratch/usr/hhpmbate/chroma_2pt/48x96/b5p80kp122810kp122810/vector/lp001lp0001_g2_g4_q000_q220_q422_q442_q600_q642/correlators/meson_qcdsf.001.b5p80kp122810kp122810-48x96.00360_0.000_422_-4-2-2_smsnk30.lime
/scratch/usr/hhpmbate/chroma_2pt/48x96/b5p80kp122810kp122810/vector/lp001lp0001_g2_g4_q000_q220_q422_q442_q600_q642/correlators/meson_qcdsf.001.b5p80kp122810kp122810-48x96.00360_0.000_442_-4-4-2_ptsink.lime
/scratch/usr/hhpmbate/chroma_2pt/48x96/b5p80kp122810kp122810/vector/lp001lp0001_g2_g4_q000_q220_q422_q442_q600_q642/correlators/meson_qcdsf.001.b5p80kp122810kp122810-48x96.00360_0.000_442_-4-4-2_smsnk30.lime
/scratch/usr/hhpmbate/chroma_2pt/48x96/b5p80kp122810kp122810/vector/lp001lp0001_g2_g4_q000_q220_q422_q442_q600_q642/correlators/meson_qcdsf.001.b5p80kp122810kp122810-48x96.00360_0.000_600_-600_ptsink.lime
/scratch/usr/hhpmbate/chroma_2pt/48x96/b5p80kp122810kp122810/vector/lp001lp0001_g2_g4_q000_q220_q422_q442_q600_q642/correlators/meson_qcdsf.001.b5p80kp122810kp122810-48x96.00360_0.000_600_-600_smsnk30.lime
/scratch/usr/hhpmbate/chroma_2pt/48x96/b5p80kp122810kp122810/vector/lp001lp0001_g2_g4_q000_q220_q422_q442_q600_q642/correlators/meson_qcdsf.001.b5p80kp122810kp122810-48x96.00361_0.000_000_000_ptsink.lime
/scratch/usr/hhpmbate/chroma_2pt/48x96/b5p80kp122810kp122810/vector/lp001lp0001_g2_g4_q000_q220_q422_q442_q600_q642/correlators/meson_qcdsf.001.b5p80kp122810kp122810-48x96.00361_0.000_000_000_smsnk30.lime
/scratch/usr/hhpmbate/chroma_2pt/48x96/b5p80kp122810kp122810/vector/lp001lp0001_g2_g4_q000_q220_q422_q442_q600_q642/correlators/meson_qcdsf.001.b5p80kp122810kp122810-48x96.00361_0.000_220_-2-20_ptsink.lime
/scratch/usr/hhpmbate/chroma_2pt/48x96/b5p80kp122810kp122810/vector/lp001lp0001_g2_g4_q000_q220_q422_q442_q600_q642/correlators/meson_qcdsf.001.b5p80kp122810kp122810-48x96.00361_0.000_220_-2-20_smsnk30.lime
/scratch/usr/hhpmbate/chroma_2pt/48x96/b5p80kp122810kp122810/vector/lp001lp0001_g2_g4_q000_q220_q422_q442_q600_q642/correlators/meson_qcdsf.001.b5p80kp122810kp122810-48x96.00361_0.000_422_-4-2-2_ptsink.lime
/scratch/usr/hhpmbate/chroma_2pt/48x96/b5p80kp122810kp122810/vector/lp001lp0001_g2_g4_q000_q220_q422_q442_q600_q642/correlators/meson_qcdsf.001.b5p80kp122810kp122810-48x96.00361_0.000_422_-4-2-2_smsnk30.lime
/scratch/usr/hhpmbate/chroma_2pt/48x96/b5p80kp122810kp122810/vector/lp001lp0001_g2_g4_q000_q220_q422_q442_q600_q642/correlators/meson_qcdsf.001.b5p80kp122810kp122810-48x96.00361_0.000_442_-4-4-2_ptsink.lime
/scratch/usr/hhpmbate/chroma_2pt/48x96/b5p80kp122810kp122810/vector/lp001lp0001_g2_g4_q000_q220_q422_q442_q600_q642/correlators/meson_qcdsf.001.b5p80kp122810kp122810-48x96.00361_0.000_442_-4-4-2_smsnk30.lime
/scratch/usr/hhpmbate/chroma_2pt/48x96/b5p80kp122810kp122810/vector/lp001lp0001_g2_g4_q000_q220_q422_q442_q600_q642/correlators/meson_qcdsf.001.b5p80kp122810kp122810-48x96.00361_0.000_600_-600_ptsink.lime
/scratch/usr/hhpmbate/chroma_2pt/48x96/b5p80kp122810kp122810/vector/lp001lp0001_g2_g4_q000_q220_q422_q442_q600_q642/correlators/meson_qcdsf.001.b5p80kp122810kp122810-48x96.00361_0.000_600_-600_smsnk30.lime
/scratch/usr/hhpmbate/chroma_2pt/48x96/b5p80kp122810kp122810/vector/lp001lp0001_g2_g4_q000_q220_q422_q442_q600_q642/correlators/meson_qcdsf.001.b5p80kp122810kp122810-48x96.00362_0.000_000_000_ptsink.lime
/scratch/usr/hhpmbate/chroma_2pt/48x96/b5p80kp122810kp122810/vector/lp001lp0001_g2_g4_q000_q220_q422_q442_q600_q642/correlators/meson_qcdsf.001.b5p80kp122810kp122810-48x96.00362_0.000_000_000_smsnk30.lime
/scratch/usr/hhpmbate/chroma_2pt/48x96/b5p80kp122810kp122810/vector/lp001lp0001_g2_g4_q000_q220_q422_q442_q600_q642/correlators/meson_qcdsf.001.b5p80kp122810kp122810-48x96.00362_0.000_220_-2-20_ptsink.lime
/scratch/usr/hhpmbate/chroma_2pt/48x96/b5p80kp122810kp122810/vector/lp001lp0001_g2_g4_q000_q220_q422_q442_q600_q642/correlators/meson_qcdsf.001.b5p80kp122810kp122810-48x96.00362_0.000_220_-2-20_smsnk30.lime
/scratch/usr/hhpmbate/chroma_2pt/48x96/b5p80kp122810kp122810/vector/lp001lp0001_g2_g4_q000_q220_q422_q442_q600_q642/correlators/meson_qcdsf.001.b5p80kp122810kp122810-48x96.00362_0.000_422_-4-2-2_ptsink.lime
/scratch/usr/hhpmbate/chroma_2pt/48x96/b5p80kp122810kp122810/vector/lp001lp0001_g2_g4_q000_q220_q422_q442_q600_q642/correlators/meson_qcdsf.001.b5p80kp122810kp122810-48x96.00362_0.000_422_-4-2-2_smsnk30.lime
/scratch/usr/hhpmbate/chroma_2pt/48x96/b5p80kp122810kp122810/vector/lp001lp0001_g2_g4_q000_q220_q422_q442_q600_q642/correlators/meson_qcdsf.001.b5p80kp122810kp122810-48x96.00362_0.000_442_-4-4-2_ptsink.lime
/scratch/usr/hhpmbate/chroma_2pt/48x96/b5p80kp122810kp122810/vector/lp001lp0001_g2_g4_q000_q220_q422_q442_q600_q642/correlators/meson_qcdsf.001.b5p80kp122810kp122810-48x96.00362_0.000_442_-4-4-2_smsnk30.lime
/scratch/usr/hhpmbate/chroma_2pt/48x96/b5p80kp122810kp122810/vector/lp001lp0001_g2_g4_q000_q220_q422_q442_q600_q642/correlators/meson_qcdsf.001.b5p80kp122810kp122810-48x96.00362_0.000_600_-600_ptsink.lime
/scratch/usr/hhpmbate/chroma_2pt/48x96/b5p80kp122810kp122810/vector/lp001lp0001_g2_g4_q000_q220_q422_q442_q600_q642/correlators/meson_qcdsf.001.b5p80kp122810kp122810-48x96.00362_0.000_600_-600_smsnk30.lime
/scratch/usr/hhpmbate/chroma_2pt/48x96/b5p80kp122810kp122810/vector/lp001lp0001_g2_g4_q000_q220_q422_q442_q600_q642/correlators/meson_qcdsf.001.b5p80kp122810kp122810-48x96.00363_0.000_000_000_ptsink.lime
/scratch/usr/hhpmbate/chroma_2pt/48x96/b5p80kp122810kp122810/vector/lp001lp0001_g2_g4_q000_q220_q422_q442_q600_q642/correlators/meson_qcdsf.001.b5p80kp122810kp122810-48x96.00363_0.000_000_000_smsnk30.lime
/scratch/usr/hhpmbate/chroma_2pt/48x96/b5p80kp122810kp122810/vector/lp001lp0001_g2_g4_q000_q220_q422_q442_q600_q642/correlators/meson_qcdsf.001.b5p80kp122810kp122810-48x96.00363_0.000_220_-2-20_ptsink.lime
/scratch/usr/hhpmbate/chroma_2pt/48x96/b5p80kp122810kp122810/vector/lp001lp0001_g2_g4_q000_q220_q422_q442_q600_q642/correlators/meson_qcdsf.001.b5p80kp122810kp122810-48x96.00363_0.000_220_-2-20_smsnk30.lime
/scratch/usr/hhpmbate/chroma_2pt/48x96/b5p80kp122810kp122810/vector/lp001lp0001_g2_g4_q000_q220_q422_q442_q600_q642/correlators/meson_qcdsf.001.b5p80kp122810kp122810-48x96.00363_0.000_422_-4-2-2_ptsink.lime
/scratch/usr/hhpmbate/chroma_2pt/48x96/b5p80kp122810kp122810/vector/lp001lp0001_g2_g4_q000_q220_q422_q442_q600_q642/correlators/meson_qcdsf.001.b5p80kp122810kp122810-48x96.00363_0.000_422_-4-2-2_smsnk30.lime
/scratch/usr/hhpmbate/chroma_2pt/48x96/b5p80kp122810kp122810/vector/lp001lp0001_g2_g4_q000_q220_q422_q442_q600_q642/correlators/meson_qcdsf.001.b5p80kp122810kp122810-48x96.00363_0.000_442_-4-4-2_ptsink.lime
/scratch/usr/hhpmbate/chroma_2pt/48x96/b5p80kp122810kp122810/vector/lp001lp0001_g2_g4_q000_q220_q422_q442_q600_q642/correlators/meson_qcdsf.001.b5p80kp122810kp122810-48x96.00363_0.000_442_-4-4-2_smsnk30.lime
/scratch/usr/hhpmbate/chroma_2pt/48x96/b5p80kp122810kp122810/vector/lp001lp0001_g2_g4_q000_q220_q422_q442_q600_q642/correlators/meson_qcdsf.001.b5p80kp122810kp122810-48x96.00363_0.000_600_-600_ptsink.lime
/scratch/usr/hhpmbate/chroma_2pt/48x96/b5p80kp122810kp122810/vector/lp001lp0001_g2_g4_q000_q220_q422_q442_q600_q642/correlators/meson_qcdsf.001.b5p80kp122810kp122810-48x96.00363_0.000_600_-600_smsnk30.lime
/scratch/usr/hhpmbate/chroma_2pt/48x96/b5p80kp122810kp122810/vector/lp001lp0001_g2_g4_q000_q220_q422_q442_q600_q642/correlators/meson_qcdsf.001.b5p80kp122810kp122810-48x96.00364_0.000_000_000_ptsink.lime
/scratch/usr/hhpmbate/chroma_2pt/48x96/b5p80kp122810kp122810/vector/lp001lp0001_g2_g4_q000_q220_q422_q442_q600_q642/correlators/meson_qcdsf.001.b5p80kp122810kp122810-48x96.00364_0.000_000_000_smsnk30.lime
/scratch/usr/hhpmbate/chroma_2pt/48x96/b5p80kp122810kp122810/vector/lp001lp0001_g2_g4_q000_q220_q422_q442_q600_q642/correlators/meson_qcdsf.001.b5p80kp122810kp122810-48x96.00364_0.000_220_-2-20_ptsink.lime
/scratch/usr/hhpmbate/chroma_2pt/48x96/b5p80kp122810kp122810/vector/lp001lp0001_g2_g4_q000_q220_q422_q442_q600_q642/correlators/meson_qcdsf.001.b5p80kp122810kp122810-48x96.00364_0.000_220_-2-20_smsnk30.lime
/scratch/usr/hhpmbate/chroma_2pt/48x96/b5p80kp122810kp122810/vector/lp001lp0001_g2_g4_q000_q220_q422_q442_q600_q642/correlators/meson_qcdsf.001.b5p80kp122810kp122810-48x96.00364_0.000_422_-4-2-2_ptsink.lime
/scratch/usr/hhpmbate/chroma_2pt/48x96/b5p80kp122810kp122810/vector/lp001lp0001_g2_g4_q000_q220_q422_q442_q600_q642/correlators/meson_qcdsf.001.b5p80kp122810kp122810-48x96.00364_0.000_422_-4-2-2_smsnk30.lime
/scratch/usr/hhpmbate/chroma_2pt/48x96/b5p80kp122810kp122810/vector/lp001lp0001_g2_g4_q000_q220_q422_q442_q600_q642/correlators/meson_qcdsf.001.b5p80kp122810kp122810-48x96.00364_0.000_442_-4-4-2_ptsink.lime
/scratch/usr/hhpmbate/chroma_2pt/48x96/b5p80kp122810kp122810/vector/lp001lp0001_g2_g4_q000_q220_q422_q442_q600_q642/correlators/meson_qcdsf.001.b5p80kp122810kp122810-48x96.00364_0.000_442_-4-4-2_smsnk30.lime
/scratch/usr/hhpmbate/chroma_2pt/48x96/b5p80kp122810kp122810/vector/lp001lp0001_g2_g4_q000_q220_q422_q442_q600_q642/correlators/meson_qcdsf.001.b5p80kp122810kp122810-48x96.00364_0.000_600_-600_ptsink.lime
/scratch/usr/hhpmbate/chroma_2pt/48x96/b5p80kp122810kp122810/vector/lp001lp0001_g2_g4_q000_q220_q422_q442_q600_q642/correlators/meson_qcdsf.001.b5p80kp122810kp122810-48x96.00364_0.000_600_-600_smsnk30.lime
/scratch/usr/hhpmbate/chroma_2pt/48x96/b5p80kp122810kp122810/vector/lp001lp0001_g2_g4_q000_q220_q422_q442_q600_q642/correlators/meson_qcdsf.001.b5p80kp122810kp122810-48x96.00365_0.000_000_000_ptsink.lime
/scratch/usr/hhpmbate/chroma_2pt/48x96/b5p80kp122810kp122810/vector/lp001lp0001_g2_g4_q000_q220_q422_q442_q600_q642/correlators/meson_qcdsf.001.b5p80kp122810kp122810-48x96.00365_0.000_000_000_smsnk30.lime
/scratch/usr/hhpmbate/chroma_2pt/48x96/b5p80kp122810kp122810/vector/lp001lp0001_g2_g4_q000_q220_q422_q442_q600_q642/correlators/meson_qcdsf.001.b5p80kp122810kp122810-48x96.00365_0.000_220_-2-20_ptsink.lime
/scratch/usr/hhpmbate/chroma_2pt/48x96/b5p80kp122810kp122810/vector/lp001lp0001_g2_g4_q000_q220_q422_q442_q600_q642/correlators/meson_qcdsf.001.b5p80kp122810kp122810-48x96.00365_0.000_220_-2-20_smsnk30.lime
/scratch/usr/hhpmbate/chroma_2pt/48x96/b5p80kp122810kp122810/vector/lp001lp0001_g2_g4_q000_q220_q422_q442_q600_q642/correlators/meson_qcdsf.001.b5p80kp122810kp122810-48x96.00365_0.000_422_-4-2-2_ptsink.lime
/scratch/usr/hhpmbate/chroma_2pt/48x96/b5p80kp122810kp122810/vector/lp001lp0001_g2_g4_q000_q220_q422_q442_q600_q642/correlators/meson_qcdsf.001.b5p80kp122810kp122810-48x96.00365_0.000_422_-4-2-2_smsnk30.lime
/scratch/usr/hhpmbate/chroma_2pt/48x96/b5p80kp122810kp122810/vector/lp001lp0001_g2_g4_q000_q220_q422_q442_q600_q642/correlators/meson_qcdsf.001.b5p80kp122810kp122810-48x96.00365_0.000_442_-4-4-2_ptsink.lime
/scratch/usr/hhpmbate/chroma_2pt/48x96/b5p80kp122810kp122810/vector/lp001lp0001_g2_g4_q000_q220_q422_q442_q600_q642/correlators/meson_qcdsf.001.b5p80kp122810kp122810-48x96.00365_0.000_442_-4-4-2_smsnk30.lime
/scratch/usr/hhpmbate/chroma_2pt/48x96/b5p80kp122810kp122810/vector/lp001lp0001_g2_g4_q000_q220_q422_q442_q600_q642/correlators/meson_qcdsf.001.b5p80kp122810kp122810-48x96.00365_0.000_600_-600_ptsink.lime
/scratch/usr/hhpmbate/chroma_2pt/48x96/b5p80kp122810kp122810/vector/lp001lp0001_g2_g4_q000_q220_q422_q442_q600_q642/correlators/meson_qcdsf.001.b5p80kp122810kp122810-48x96.00365_0.000_600_-600_smsnk30.lime
/scratch/usr/hhpmbate/chroma_2pt/48x96/b5p80kp122810kp122810/vector/lp001lp0001_g2_g4_q000_q220_q422_q442_q600_q642/correlators/meson_qcdsf.001.b5p80kp122810kp122810-48x96.00366_0.000_000_000_ptsink.lime
/scratch/usr/hhpmbate/chroma_2pt/48x96/b5p80kp122810kp122810/vector/lp001lp0001_g2_g4_q000_q220_q422_q442_q600_q642/correlators/meson_qcdsf.001.b5p80kp122810kp122810-48x96.00366_0.000_000_000_smsnk30.lime
/scratch/usr/hhpmbate/chroma_2pt/48x96/b5p80kp122810kp122810/vector/lp001lp0001_g2_g4_q000_q220_q422_q442_q600_q642/correlators/meson_qcdsf.001.b5p80kp122810kp122810-48x96.00366_0.000_220_-2-20_ptsink.lime
/scratch/usr/hhpmbate/chroma_2pt/48x96/b5p80kp122810kp122810/vector/lp001lp0001_g2_g4_q000_q220_q422_q442_q600_q642/correlators/meson_qcdsf.001.b5p80kp122810kp122810-48x96.00366_0.000_220_-2-20_smsnk30.lime
/scratch/usr/hhpmbate/chroma_2pt/48x96/b5p80kp122810kp122810/vector/lp001lp0001_g2_g4_q000_q220_q422_q442_q600_q642/correlators/meson_qcdsf.001.b5p80kp122810kp122810-48x96.00366_0.000_422_-4-2-2_ptsink.lime
/scratch/usr/hhpmbate/chroma_2pt/48x96/b5p80kp122810kp122810/vector/lp001lp0001_g2_g4_q000_q220_q422_q442_q600_q642/correlators/meson_qcdsf.001.b5p80kp122810kp122810-48x96.00366_0.000_422_-4-2-2_smsnk30.lime
/scratch/usr/hhpmbate/chroma_2pt/48x96/b5p80kp122810kp122810/vector/lp001lp0001_g2_g4_q000_q220_q422_q442_q600_q642/correlators/meson_qcdsf.001.b5p80kp122810kp122810-48x96.00366_0.000_442_-4-4-2_ptsink.lime
/scratch/usr/hhpmbate/chroma_2pt/48x96/b5p80kp122810kp122810/vector/lp001lp0001_g2_g4_q000_q220_q422_q442_q600_q642/correlators/meson_qcdsf.001.b5p80kp122810kp122810-48x96.00366_0.000_442_-4-4-2_smsnk30.lime
/scratch/usr/hhpmbate/chroma_2pt/48x96/b5p80kp122810kp122810/vector/lp001lp0001_g2_g4_q000_q220_q422_q442_q600_q642/correlators/meson_qcdsf.001.b5p80kp122810kp122810-48x96.00366_0.000_600_-600_ptsink.lime
/scratch/usr/hhpmbate/chroma_2pt/48x96/b5p80kp122810kp122810/vector/lp001lp0001_g2_g4_q000_q220_q422_q442_q600_q642/correlators/meson_qcdsf.001.b5p80kp122810kp122810-48x96.00366_0.000_600_-600_smsnk30.lime
/scratch/usr/hhpmbate/chroma_2pt/48x96/b5p80kp122810kp122810/vector/lp001lp0001_g2_g4_q000_q220_q422_q442_q600_q642/correlators/meson_qcdsf.001.b5p80kp122810kp122810-48x96.00367_0.000_000_000_ptsink.lime
/scratch/usr/hhpmbate/chroma_2pt/48x96/b5p80kp122810kp122810/vector/lp001lp0001_g2_g4_q000_q220_q422_q442_q600_q642/correlators/meson_qcdsf.001.b5p80kp122810kp122810-48x96.00367_0.000_000_000_smsnk30.lime
/scratch/usr/hhpmbate/chroma_2pt/48x96/b5p80kp122810kp122810/vector/lp001lp0001_g2_g4_q000_q220_q422_q442_q600_q642/correlators/meson_qcdsf.001.b5p80kp122810kp122810-48x96.00367_0.000_220_-2-20_ptsink.lime
/scratch/usr/hhpmbate/chroma_2pt/48x96/b5p80kp122810kp122810/vector/lp001lp0001_g2_g4_q000_q220_q422_q442_q600_q642/correlators/meson_qcdsf.001.b5p80kp122810kp122810-48x96.00367_0.000_220_-2-20_smsnk30.lime
/scratch/usr/hhpmbate/chroma_2pt/48x96/b5p80kp122810kp122810/vector/lp001lp0001_g2_g4_q000_q220_q422_q442_q600_q642/correlators/meson_qcdsf.001.b5p80kp122810kp122810-48x96.00367_0.000_422_-4-2-2_ptsink.lime
/scratch/usr/hhpmbate/chroma_2pt/48x96/b5p80kp122810kp122810/vector/lp001lp0001_g2_g4_q000_q220_q422_q442_q600_q642/correlators/meson_qcdsf.001.b5p80kp122810kp122810-48x96.00367_0.000_422_-4-2-2_smsnk30.lime
/scratch/usr/hhpmbate/chroma_2pt/48x96/b5p80kp122810kp122810/vector/lp001lp0001_g2_g4_q000_q220_q422_q442_q600_q642/correlators/meson_qcdsf.001.b5p80kp122810kp122810-48x96.00367_0.000_442_-4-4-2_ptsink.lime
/scratch/usr/hhpmbate/chroma_2pt/48x96/b5p80kp122810kp122810/vector/lp001lp0001_g2_g4_q000_q220_q422_q442_q600_q642/correlators/meson_qcdsf.001.b5p80kp122810kp122810-48x96.00367_0.000_442_-4-4-2_smsnk30.lime
/scratch/usr/hhpmbate/chroma_2pt/48x96/b5p80kp122810kp122810/vector/lp001lp0001_g2_g4_q000_q220_q422_q442_q600_q642/correlators/meson_qcdsf.001.b5p80kp122810kp122810-48x96.00367_0.000_600_-600_ptsink.lime
/scratch/usr/hhpmbate/chroma_2pt/48x96/b5p80kp122810kp122810/vector/lp001lp0001_g2_g4_q000_q220_q422_q442_q600_q642/correlators/meson_qcdsf.001.b5p80kp122810kp122810-48x96.00367_0.000_600_-600_smsnk30.lime
/scratch/usr/hhpmbate/chroma_2pt/48x96/b5p80kp122810kp122810/vector/lp001lp0001_g2_g4_q000_q220_q422_q442_q600_q642/correlators/meson_qcdsf.001.b5p80kp122810kp122810-48x96.00368_0.000_000_000_ptsink.lime
/scratch/usr/hhpmbate/chroma_2pt/48x96/b5p80kp122810kp122810/vector/lp001lp0001_g2_g4_q000_q220_q422_q442_q600_q642/correlators/meson_qcdsf.001.b5p80kp122810kp122810-48x96.00368_0.000_000_000_smsnk30.lime
/scratch/usr/hhpmbate/chroma_2pt/48x96/b5p80kp122810kp122810/vector/lp001lp0001_g2_g4_q000_q220_q422_q442_q600_q642/correlators/meson_qcdsf.001.b5p80kp122810kp122810-48x96.00368_0.000_220_-2-20_ptsink.lime
/scratch/usr/hhpmbate/chroma_2pt/48x96/b5p80kp122810kp122810/vector/lp001lp0001_g2_g4_q000_q220_q422_q442_q600_q642/correlators/meson_qcdsf.001.b5p80kp122810kp122810-48x96.00368_0.000_220_-2-20_smsnk30.lime
/scratch/usr/hhpmbate/chroma_2pt/48x96/b5p80kp122810kp122810/vector/lp001lp0001_g2_g4_q000_q220_q422_q442_q600_q642/correlators/meson_qcdsf.001.b5p80kp122810kp122810-48x96.00368_0.000_422_-4-2-2_ptsink.lime
/scratch/usr/hhpmbate/chroma_2pt/48x96/b5p80kp122810kp122810/vector/lp001lp0001_g2_g4_q000_q220_q422_q442_q600_q642/correlators/meson_qcdsf.001.b5p80kp122810kp122810-48x96.00368_0.000_422_-4-2-2_smsnk30.lime
/scratch/usr/hhpmbate/chroma_2pt/48x96/b5p80kp122810kp122810/vector/lp001lp0001_g2_g4_q000_q220_q422_q442_q600_q642/correlators/meson_qcdsf.001.b5p80kp122810kp122810-48x96.00368_0.000_442_-4-4-2_ptsink.lime
/scratch/usr/hhpmbate/chroma_2pt/48x96/b5p80kp122810kp122810/vector/lp001lp0001_g2_g4_q000_q220_q422_q442_q600_q642/correlators/meson_qcdsf.001.b5p80kp122810kp122810-48x96.00368_0.000_442_-4-4-2_smsnk30.lime
/scratch/usr/hhpmbate/chroma_2pt/48x96/b5p80kp122810kp122810/vector/lp001lp0001_g2_g4_q000_q220_q422_q442_q600_q642/correlators/meson_qcdsf.001.b5p80kp122810kp122810-48x96.00368_0.000_600_-600_ptsink.lime
/scratch/usr/hhpmbate/chroma_2pt/48x96/b5p80kp122810kp122810/vector/lp001lp0001_g2_g4_q000_q220_q422_q442_q600_q642/correlators/meson_qcdsf.001.b5p80kp122810kp122810-48x96.00368_0.000_600_-600_smsnk30.lime
/scratch/usr/hhpmbate/chroma_2pt/48x96/b5p80kp122810kp122810/vector/lp001lp0001_g2_g4_q000_q220_q422_q442_q600_q642/correlators/meson_qcdsf.001.b5p80kp122810kp122810-48x96.00369_0.000_000_000_ptsink.lime
/scratch/usr/hhpmbate/chroma_2pt/48x96/b5p80kp122810kp122810/vector/lp001lp0001_g2_g4_q000_q220_q422_q442_q600_q642/correlators/meson_qcdsf.001.b5p80kp122810kp122810-48x96.00369_0.000_000_000_smsnk30.lime
/scratch/usr/hhpmbate/chroma_2pt/48x96/b5p80kp122810kp122810/vector/lp001lp0001_g2_g4_q000_q220_q422_q442_q600_q642/correlators/meson_qcdsf.001.b5p80kp122810kp122810-48x96.00369_0.000_220_-2-20_ptsink.lime
/scratch/usr/hhpmbate/chroma_2pt/48x96/b5p80kp122810kp122810/vector/lp001lp0001_g2_g4_q000_q220_q422_q442_q600_q642/correlators/meson_qcdsf.001.b5p80kp122810kp122810-48x96.00369_0.000_220_-2-20_smsnk30.lime
/scratch/usr/hhpmbate/chroma_2pt/48x96/b5p80kp122810kp122810/vector/lp001lp0001_g2_g4_q000_q220_q422_q442_q600_q642/correlators/meson_qcdsf.001.b5p80kp122810kp122810-48x96.00369_0.000_422_-4-2-2_ptsink.lime
/scratch/usr/hhpmbate/chroma_2pt/48x96/b5p80kp122810kp122810/vector/lp001lp0001_g2_g4_q000_q220_q422_q442_q600_q642/correlators/meson_qcdsf.001.b5p80kp122810kp122810-48x96.00369_0.000_422_-4-2-2_smsnk30.lime
/scratch/usr/hhpmbate/chroma_2pt/48x96/b5p80kp122810kp122810/vector/lp001lp0001_g2_g4_q000_q220_q422_q442_q600_q642/correlators/meson_qcdsf.001.b5p80kp122810kp122810-48x96.00369_0.000_442_-4-4-2_ptsink.lime
/scratch/usr/hhpmbate/chroma_2pt/48x96/b5p80kp122810kp122810/vector/lp001lp0001_g2_g4_q000_q220_q422_q442_q600_q642/correlators/meson_qcdsf.001.b5p80kp122810kp122810-48x96.00369_0.000_442_-4-4-2_smsnk30.lime
/scratch/usr/hhpmbate/chroma_2pt/48x96/b5p80kp122810kp122810/vector/lp001lp0001_g2_g4_q000_q220_q422_q442_q600_q642/correlators/meson_qcdsf.001.b5p80kp122810kp122810-48x96.00369_0.000_600_-600_ptsink.lime
/scratch/usr/hhpmbate/chroma_2pt/48x96/b5p80kp122810kp122810/vector/lp001lp0001_g2_g4_q000_q220_q422_q442_q600_q642/correlators/meson_qcdsf.001.b5p80kp122810kp122810-48x96.00369_0.000_600_-600_smsnk30.lime
/scratch/usr/hhpmbate/chroma_2pt/48x96/b5p80kp122810kp122810/vector/lp001lp0001_g2_g4_q000_q220_q422_q442_q600_q642/correlators/meson_qcdsf.001.b5p80kp122810kp122810-48x96.00370_0.000_000_000_ptsink.lime
/scratch/usr/hhpmbate/chroma_2pt/48x96/b5p80kp122810kp122810/vector/lp001lp0001_g2_g4_q000_q220_q422_q442_q600_q642/correlators/meson_qcdsf.001.b5p80kp122810kp122810-48x96.00370_0.000_000_000_smsnk30.lime
/scratch/usr/hhpmbate/chroma_2pt/48x96/b5p80kp122810kp122810/vector/lp001lp0001_g2_g4_q000_q220_q422_q442_q600_q642/correlators/meson_qcdsf.001.b5p80kp122810kp122810-48x96.00370_0.000_220_-2-20_ptsink.lime
/scratch/usr/hhpmbate/chroma_2pt/48x96/b5p80kp122810kp122810/vector/lp001lp0001_g2_g4_q000_q220_q422_q442_q600_q642/correlators/meson_qcdsf.001.b5p80kp122810kp122810-48x96.00370_0.000_220_-2-20_smsnk30.lime
/scratch/usr/hhpmbate/chroma_2pt/48x96/b5p80kp122810kp122810/vector/lp001lp0001_g2_g4_q000_q220_q422_q442_q600_q642/correlators/meson_qcdsf.001.b5p80kp122810kp122810-48x96.00370_0.000_422_-4-2-2_ptsink.lime
/scratch/usr/hhpmbate/chroma_2pt/48x96/b5p80kp122810kp122810/vector/lp001lp0001_g2_g4_q000_q220_q422_q442_q600_q642/correlators/meson_qcdsf.001.b5p80kp122810kp122810-48x96.00370_0.000_422_-4-2-2_smsnk30.lime
/scratch/usr/hhpmbate/chroma_2pt/48x96/b5p80kp122810kp122810/vector/lp001lp0001_g2_g4_q000_q220_q422_q442_q600_q642/correlators/meson_qcdsf.001.b5p80kp122810kp122810-48x96.00370_0.000_442_-4-4-2_ptsink.lime
/scratch/usr/hhpmbate/chroma_2pt/48x96/b5p80kp122810kp122810/vector/lp001lp0001_g2_g4_q000_q220_q422_q442_q600_q642/correlators/meson_qcdsf.001.b5p80kp122810kp122810-48x96.00370_0.000_442_-4-4-2_smsnk30.lime
/scratch/usr/hhpmbate/chroma_2pt/48x96/b5p80kp122810kp122810/vector/lp001lp0001_g2_g4_q000_q220_q422_q442_q600_q642/correlators/meson_qcdsf.001.b5p80kp122810kp122810-48x96.00370_0.000_600_-600_ptsink.lime
/scratch/usr/hhpmbate/chroma_2pt/48x96/b5p80kp122810kp122810/vector/lp001lp0001_g2_g4_q000_q220_q422_q442_q600_q642/correlators/meson_qcdsf.001.b5p80kp122810kp122810-48x96.00370_0.000_600_-600_smsnk30.lime
/scratch/usr/hhpmbate/chroma_2pt/48x96/b5p80kp122810kp122810/vector/lp001lp0001_g2_g4_q000_q220_q422_q442_q600_q642/correlators/meson_qcdsf.001.b5p80kp122810kp122810-48x96.00371_0.000_000_000_ptsink.lime
/scratch/usr/hhpmbate/chroma_2pt/48x96/b5p80kp122810kp122810/vector/lp001lp0001_g2_g4_q000_q220_q422_q442_q600_q642/correlators/meson_qcdsf.001.b5p80kp122810kp122810-48x96.00371_0.000_000_000_smsnk30.lime
/scratch/usr/hhpmbate/chroma_2pt/48x96/b5p80kp122810kp122810/vector/lp001lp0001_g2_g4_q000_q220_q422_q442_q600_q642/correlators/meson_qcdsf.001.b5p80kp122810kp122810-48x96.00371_0.000_220_-2-20_ptsink.lime
/scratch/usr/hhpmbate/chroma_2pt/48x96/b5p80kp122810kp122810/vector/lp001lp0001_g2_g4_q000_q220_q422_q442_q600_q642/correlators/meson_qcdsf.001.b5p80kp122810kp122810-48x96.00371_0.000_220_-2-20_smsnk30.lime
/scratch/usr/hhpmbate/chroma_2pt/48x96/b5p80kp122810kp122810/vector/lp001lp0001_g2_g4_q000_q220_q422_q442_q600_q642/correlators/meson_qcdsf.001.b5p80kp122810kp122810-48x96.00371_0.000_422_-4-2-2_ptsink.lime
/scratch/usr/hhpmbate/chroma_2pt/48x96/b5p80kp122810kp122810/vector/lp001lp0001_g2_g4_q000_q220_q422_q442_q600_q642/correlators/meson_qcdsf.001.b5p80kp122810kp122810-48x96.00371_0.000_422_-4-2-2_smsnk30.lime
/scratch/usr/hhpmbate/chroma_2pt/48x96/b5p80kp122810kp122810/vector/lp001lp0001_g2_g4_q000_q220_q422_q442_q600_q642/correlators/meson_qcdsf.001.b5p80kp122810kp122810-48x96.00371_0.000_442_-4-4-2_ptsink.lime
/scratch/usr/hhpmbate/chroma_2pt/48x96/b5p80kp122810kp122810/vector/lp001lp0001_g2_g4_q000_q220_q422_q442_q600_q642/correlators/meson_qcdsf.001.b5p80kp122810kp122810-48x96.00371_0.000_442_-4-4-2_smsnk30.lime
/scratch/usr/hhpmbate/chroma_2pt/48x96/b5p80kp122810kp122810/vector/lp001lp0001_g2_g4_q000_q220_q422_q442_q600_q642/correlators/meson_qcdsf.001.b5p80kp122810kp122810-48x96.00371_0.000_600_-600_ptsink.lime
/scratch/usr/hhpmbate/chroma_2pt/48x96/b5p80kp122810kp122810/vector/lp001lp0001_g2_g4_q000_q220_q422_q442_q600_q642/correlators/meson_qcdsf.001.b5p80kp122810kp122810-48x96.00371_0.000_600_-600_smsnk30.lime
/scratch/usr/hhpmbate/chroma_2pt/48x96/b5p80kp122810kp122810/vector/lp001lp0001_g2_g4_q000_q220_q422_q442_q600_q642/correlators/meson_qcdsf.001.b5p80kp122810kp122810-48x96.00372_0.000_000_000_ptsink.lime
/scratch/usr/hhpmbate/chroma_2pt/48x96/b5p80kp122810kp122810/vector/lp001lp0001_g2_g4_q000_q220_q422_q442_q600_q642/correlators/meson_qcdsf.001.b5p80kp122810kp122810-48x96.00372_0.000_000_000_smsnk30.lime
/scratch/usr/hhpmbate/chroma_2pt/48x96/b5p80kp122810kp122810/vector/lp001lp0001_g2_g4_q000_q220_q422_q442_q600_q642/correlators/meson_qcdsf.001.b5p80kp122810kp122810-48x96.00372_0.000_220_-2-20_ptsink.lime
/scratch/usr/hhpmbate/chroma_2pt/48x96/b5p80kp122810kp122810/vector/lp001lp0001_g2_g4_q000_q220_q422_q442_q600_q642/correlators/meson_qcdsf.001.b5p80kp122810kp122810-48x96.00372_0.000_220_-2-20_smsnk30.lime
/scratch/usr/hhpmbate/chroma_2pt/48x96/b5p80kp122810kp122810/vector/lp001lp0001_g2_g4_q000_q220_q422_q442_q600_q642/correlators/meson_qcdsf.001.b5p80kp122810kp122810-48x96.00372_0.000_422_-4-2-2_ptsink.lime
/scratch/usr/hhpmbate/chroma_2pt/48x96/b5p80kp122810kp122810/vector/lp001lp0001_g2_g4_q000_q220_q422_q442_q600_q642/correlators/meson_qcdsf.001.b5p80kp122810kp122810-48x96.00372_0.000_422_-4-2-2_smsnk30.lime
/scratch/usr/hhpmbate/chroma_2pt/48x96/b5p80kp122810kp122810/vector/lp001lp0001_g2_g4_q000_q220_q422_q442_q600_q642/correlators/meson_qcdsf.001.b5p80kp122810kp122810-48x96.00372_0.000_442_-4-4-2_ptsink.lime
/scratch/usr/hhpmbate/chroma_2pt/48x96/b5p80kp122810kp122810/vector/lp001lp0001_g2_g4_q000_q220_q422_q442_q600_q642/correlators/meson_qcdsf.001.b5p80kp122810kp122810-48x96.00372_0.000_442_-4-4-2_smsnk30.lime
/scratch/usr/hhpmbate/chroma_2pt/48x96/b5p80kp122810kp122810/vector/lp001lp0001_g2_g4_q000_q220_q422_q442_q600_q642/correlators/meson_qcdsf.001.b5p80kp122810kp122810-48x96.00372_0.000_600_-600_ptsink.lime
/scratch/usr/hhpmbate/chroma_2pt/48x96/b5p80kp122810kp122810/vector/lp001lp0001_g2_g4_q000_q220_q422_q442_q600_q642/correlators/meson_qcdsf.001.b5p80kp122810kp122810-48x96.00372_0.000_600_-600_smsnk30.lime
/scratch/usr/hhpmbate/chroma_2pt/48x96/b5p80kp122810kp122810/vector/lp001lp0001_g2_g4_q000_q220_q422_q442_q600_q642/correlators/meson_qcdsf.001.b5p80kp122810kp122810-48x96.00373_0.000_000_000_ptsink.lime
/scratch/usr/hhpmbate/chroma_2pt/48x96/b5p80kp122810kp122810/vector/lp001lp0001_g2_g4_q000_q220_q422_q442_q600_q642/correlators/meson_qcdsf.001.b5p80kp122810kp122810-48x96.00373_0.000_000_000_smsnk30.lime
/scratch/usr/hhpmbate/chroma_2pt/48x96/b5p80kp122810kp122810/vector/lp001lp0001_g2_g4_q000_q220_q422_q442_q600_q642/correlators/meson_qcdsf.001.b5p80kp122810kp122810-48x96.00373_0.000_220_-2-20_ptsink.lime
/scratch/usr/hhpmbate/chroma_2pt/48x96/b5p80kp122810kp122810/vector/lp001lp0001_g2_g4_q000_q220_q422_q442_q600_q642/correlators/meson_qcdsf.001.b5p80kp122810kp122810-48x96.00373_0.000_220_-2-20_smsnk30.lime
/scratch/usr/hhpmbate/chroma_2pt/48x96/b5p80kp122810kp122810/vector/lp001lp0001_g2_g4_q000_q220_q422_q442_q600_q642/correlators/meson_qcdsf.001.b5p80kp122810kp122810-48x96.00373_0.000_422_-4-2-2_ptsink.lime
/scratch/usr/hhpmbate/chroma_2pt/48x96/b5p80kp122810kp122810/vector/lp001lp0001_g2_g4_q000_q220_q422_q442_q600_q642/correlators/meson_qcdsf.001.b5p80kp122810kp122810-48x96.00373_0.000_422_-4-2-2_smsnk30.lime
/scratch/usr/hhpmbate/chroma_2pt/48x96/b5p80kp122810kp122810/vector/lp001lp0001_g2_g4_q000_q220_q422_q442_q600_q642/correlators/meson_qcdsf.001.b5p80kp122810kp122810-48x96.00373_0.000_442_-4-4-2_ptsink.lime
/scratch/usr/hhpmbate/chroma_2pt/48x96/b5p80kp122810kp122810/vector/lp001lp0001_g2_g4_q000_q220_q422_q442_q600_q642/correlators/meson_qcdsf.001.b5p80kp122810kp122810-48x96.00373_0.000_442_-4-4-2_smsnk30.lime
/scratch/usr/hhpmbate/chroma_2pt/48x96/b5p80kp122810kp122810/vector/lp001lp0001_g2_g4_q000_q220_q422_q442_q600_q642/correlators/meson_qcdsf.001.b5p80kp122810kp122810-48x96.00373_0.000_600_-600_ptsink.lime
/scratch/usr/hhpmbate/chroma_2pt/48x96/b5p80kp122810kp122810/vector/lp001lp0001_g2_g4_q000_q220_q422_q442_q600_q642/correlators/meson_qcdsf.001.b5p80kp122810kp122810-48x96.00373_0.000_600_-600_smsnk30.lime
/scratch/usr/hhpmbate/chroma_2pt/48x96/b5p80kp122810kp122810/vector/lp001lp0001_g2_g4_q000_q220_q422_q442_q600_q642/correlators/meson_qcdsf.001.b5p80kp122810kp122810-48x96.00374_0.000_000_000_ptsink.lime
/scratch/usr/hhpmbate/chroma_2pt/48x96/b5p80kp122810kp122810/vector/lp001lp0001_g2_g4_q000_q220_q422_q442_q600_q642/correlators/meson_qcdsf.001.b5p80kp122810kp122810-48x96.00374_0.000_000_000_smsnk30.lime
/scratch/usr/hhpmbate/chroma_2pt/48x96/b5p80kp122810kp122810/vector/lp001lp0001_g2_g4_q000_q220_q422_q442_q600_q642/correlators/meson_qcdsf.001.b5p80kp122810kp122810-48x96.00374_0.000_220_-2-20_ptsink.lime
/scratch/usr/hhpmbate/chroma_2pt/48x96/b5p80kp122810kp122810/vector/lp001lp0001_g2_g4_q000_q220_q422_q442_q600_q642/correlators/meson_qcdsf.001.b5p80kp122810kp122810-48x96.00374_0.000_220_-2-20_smsnk30.lime
/scratch/usr/hhpmbate/chroma_2pt/48x96/b5p80kp122810kp122810/vector/lp001lp0001_g2_g4_q000_q220_q422_q442_q600_q642/correlators/meson_qcdsf.001.b5p80kp122810kp122810-48x96.00374_0.000_422_-4-2-2_ptsink.lime
/scratch/usr/hhpmbate/chroma_2pt/48x96/b5p80kp122810kp122810/vector/lp001lp0001_g2_g4_q000_q220_q422_q442_q600_q642/correlators/meson_qcdsf.001.b5p80kp122810kp122810-48x96.00374_0.000_422_-4-2-2_smsnk30.lime
/scratch/usr/hhpmbate/chroma_2pt/48x96/b5p80kp122810kp122810/vector/lp001lp0001_g2_g4_q000_q220_q422_q442_q600_q642/correlators/meson_qcdsf.001.b5p80kp122810kp122810-48x96.00374_0.000_442_-4-4-2_ptsink.lime
/scratch/usr/hhpmbate/chroma_2pt/48x96/b5p80kp122810kp122810/vector/lp001lp0001_g2_g4_q000_q220_q422_q442_q600_q642/correlators/meson_qcdsf.001.b5p80kp122810kp122810-48x96.00374_0.000_442_-4-4-2_smsnk30.lime
/scratch/usr/hhpmbate/chroma_2pt/48x96/b5p80kp122810kp122810/vector/lp001lp0001_g2_g4_q000_q220_q422_q442_q600_q642/correlators/meson_qcdsf.001.b5p80kp122810kp122810-48x96.00374_0.000_600_-600_ptsink.lime
/scratch/usr/hhpmbate/chroma_2pt/48x96/b5p80kp122810kp122810/vector/lp001lp0001_g2_g4_q000_q220_q422_q442_q600_q642/correlators/meson_qcdsf.001.b5p80kp122810kp122810-48x96.00374_0.000_600_-600_smsnk30.lime
/scratch/usr/hhpmbate/chroma_2pt/48x96/b5p80kp122810kp122810/vector/lp001lp0001_g2_g4_q000_q220_q422_q442_q600_q642/correlators/meson_qcdsf.001.b5p80kp122810kp122810-48x96.00375_0.000_000_000_ptsink.lime
/scratch/usr/hhpmbate/chroma_2pt/48x96/b5p80kp122810kp122810/vector/lp001lp0001_g2_g4_q000_q220_q422_q442_q600_q642/correlators/meson_qcdsf.001.b5p80kp122810kp122810-48x96.00375_0.000_000_000_smsnk30.lime
/scratch/usr/hhpmbate/chroma_2pt/48x96/b5p80kp122810kp122810/vector/lp001lp0001_g2_g4_q000_q220_q422_q442_q600_q642/correlators/meson_qcdsf.001.b5p80kp122810kp122810-48x96.00375_0.000_220_-2-20_ptsink.lime
/scratch/usr/hhpmbate/chroma_2pt/48x96/b5p80kp122810kp122810/vector/lp001lp0001_g2_g4_q000_q220_q422_q442_q600_q642/correlators/meson_qcdsf.001.b5p80kp122810kp122810-48x96.00375_0.000_220_-2-20_smsnk30.lime
/scratch/usr/hhpmbate/chroma_2pt/48x96/b5p80kp122810kp122810/vector/lp001lp0001_g2_g4_q000_q220_q422_q442_q600_q642/correlators/meson_qcdsf.001.b5p80kp122810kp122810-48x96.00375_0.000_422_-4-2-2_ptsink.lime
/scratch/usr/hhpmbate/chroma_2pt/48x96/b5p80kp122810kp122810/vector/lp001lp0001_g2_g4_q000_q220_q422_q442_q600_q642/correlators/meson_qcdsf.001.b5p80kp122810kp122810-48x96.00375_0.000_422_-4-2-2_smsnk30.lime
/scratch/usr/hhpmbate/chroma_2pt/48x96/b5p80kp122810kp122810/vector/lp001lp0001_g2_g4_q000_q220_q422_q442_q600_q642/correlators/meson_qcdsf.001.b5p80kp122810kp122810-48x96.00375_0.000_442_-4-4-2_ptsink.lime
/scratch/usr/hhpmbate/chroma_2pt/48x96/b5p80kp122810kp122810/vector/lp001lp0001_g2_g4_q000_q220_q422_q442_q600_q642/correlators/meson_qcdsf.001.b5p80kp122810kp122810-48x96.00375_0.000_442_-4-4-2_smsnk30.lime
/scratch/usr/hhpmbate/chroma_2pt/48x96/b5p80kp122810kp122810/vector/lp001lp0001_g2_g4_q000_q220_q422_q442_q600_q642/correlators/meson_qcdsf.001.b5p80kp122810kp122810-48x96.00375_0.000_600_-600_ptsink.lime
/scratch/usr/hhpmbate/chroma_2pt/48x96/b5p80kp122810kp122810/vector/lp001lp0001_g2_g4_q000_q220_q422_q442_q600_q642/correlators/meson_qcdsf.001.b5p80kp122810kp122810-48x96.00375_0.000_600_-600_smsnk30.lime
/scratch/usr/hhpmbate/chroma_2pt/48x96/b5p80kp122810kp122810/vector/lp001lp0001_g2_g4_q000_q220_q422_q442_q600_q642/correlators/meson_qcdsf.001.b5p80kp122810kp122810-48x96.00376_0.000_000_000_ptsink.lime
/scratch/usr/hhpmbate/chroma_2pt/48x96/b5p80kp122810kp122810/vector/lp001lp0001_g2_g4_q000_q220_q422_q442_q600_q642/correlators/meson_qcdsf.001.b5p80kp122810kp122810-48x96.00376_0.000_000_000_smsnk30.lime
/scratch/usr/hhpmbate/chroma_2pt/48x96/b5p80kp122810kp122810/vector/lp001lp0001_g2_g4_q000_q220_q422_q442_q600_q642/correlators/meson_qcdsf.001.b5p80kp122810kp122810-48x96.00376_0.000_220_-2-20_ptsink.lime
/scratch/usr/hhpmbate/chroma_2pt/48x96/b5p80kp122810kp122810/vector/lp001lp0001_g2_g4_q000_q220_q422_q442_q600_q642/correlators/meson_qcdsf.001.b5p80kp122810kp122810-48x96.00376_0.000_220_-2-20_smsnk30.lime
/scratch/usr/hhpmbate/chroma_2pt/48x96/b5p80kp122810kp122810/vector/lp001lp0001_g2_g4_q000_q220_q422_q442_q600_q642/correlators/meson_qcdsf.001.b5p80kp122810kp122810-48x96.00376_0.000_422_-4-2-2_ptsink.lime
/scratch/usr/hhpmbate/chroma_2pt/48x96/b5p80kp122810kp122810/vector/lp001lp0001_g2_g4_q000_q220_q422_q442_q600_q642/correlators/meson_qcdsf.001.b5p80kp122810kp122810-48x96.00376_0.000_422_-4-2-2_smsnk30.lime
/scratch/usr/hhpmbate/chroma_2pt/48x96/b5p80kp122810kp122810/vector/lp001lp0001_g2_g4_q000_q220_q422_q442_q600_q642/correlators/meson_qcdsf.001.b5p80kp122810kp122810-48x96.00376_0.000_442_-4-4-2_ptsink.lime
/scratch/usr/hhpmbate/chroma_2pt/48x96/b5p80kp122810kp122810/vector/lp001lp0001_g2_g4_q000_q220_q422_q442_q600_q642/correlators/meson_qcdsf.001.b5p80kp122810kp122810-48x96.00376_0.000_442_-4-4-2_smsnk30.lime
/scratch/usr/hhpmbate/chroma_2pt/48x96/b5p80kp122810kp122810/vector/lp001lp0001_g2_g4_q000_q220_q422_q442_q600_q642/correlators/meson_qcdsf.001.b5p80kp122810kp122810-48x96.00376_0.000_600_-600_ptsink.lime
/scratch/usr/hhpmbate/chroma_2pt/48x96/b5p80kp122810kp122810/vector/lp001lp0001_g2_g4_q000_q220_q422_q442_q600_q642/correlators/meson_qcdsf.001.b5p80kp122810kp122810-48x96.00376_0.000_600_-600_smsnk30.lime
/scratch/usr/hhpmbate/chroma_2pt/48x96/b5p80kp122810kp122810/vector/lp001lp0001_g2_g4_q000_q220_q422_q442_q600_q642/correlators/meson_qcdsf.001.b5p80kp122810kp122810-48x96.00377_0.000_000_000_ptsink.lime
/scratch/usr/hhpmbate/chroma_2pt/48x96/b5p80kp122810kp122810/vector/lp001lp0001_g2_g4_q000_q220_q422_q442_q600_q642/correlators/meson_qcdsf.001.b5p80kp122810kp122810-48x96.00377_0.000_000_000_smsnk30.lime
/scratch/usr/hhpmbate/chroma_2pt/48x96/b5p80kp122810kp122810/vector/lp001lp0001_g2_g4_q000_q220_q422_q442_q600_q642/correlators/meson_qcdsf.001.b5p80kp122810kp122810-48x96.00377_0.000_220_-2-20_ptsink.lime
/scratch/usr/hhpmbate/chroma_2pt/48x96/b5p80kp122810kp122810/vector/lp001lp0001_g2_g4_q000_q220_q422_q442_q600_q642/correlators/meson_qcdsf.001.b5p80kp122810kp122810-48x96.00377_0.000_220_-2-20_smsnk30.lime
/scratch/usr/hhpmbate/chroma_2pt/48x96/b5p80kp122810kp122810/vector/lp001lp0001_g2_g4_q000_q220_q422_q442_q600_q642/correlators/meson_qcdsf.001.b5p80kp122810kp122810-48x96.00377_0.000_422_-4-2-2_ptsink.lime
/scratch/usr/hhpmbate/chroma_2pt/48x96/b5p80kp122810kp122810/vector/lp001lp0001_g2_g4_q000_q220_q422_q442_q600_q642/correlators/meson_qcdsf.001.b5p80kp122810kp122810-48x96.00377_0.000_422_-4-2-2_smsnk30.lime
/scratch/usr/hhpmbate/chroma_2pt/48x96/b5p80kp122810kp122810/vector/lp001lp0001_g2_g4_q000_q220_q422_q442_q600_q642/correlators/meson_qcdsf.001.b5p80kp122810kp122810-48x96.00377_0.000_442_-4-4-2_ptsink.lime
/scratch/usr/hhpmbate/chroma_2pt/48x96/b5p80kp122810kp122810/vector/lp001lp0001_g2_g4_q000_q220_q422_q442_q600_q642/correlators/meson_qcdsf.001.b5p80kp122810kp122810-48x96.00377_0.000_442_-4-4-2_smsnk30.lime
/scratch/usr/hhpmbate/chroma_2pt/48x96/b5p80kp122810kp122810/vector/lp001lp0001_g2_g4_q000_q220_q422_q442_q600_q642/correlators/meson_qcdsf.001.b5p80kp122810kp122810-48x96.00377_0.000_600_-600_ptsink.lime
/scratch/usr/hhpmbate/chroma_2pt/48x96/b5p80kp122810kp122810/vector/lp001lp0001_g2_g4_q000_q220_q422_q442_q600_q642/correlators/meson_qcdsf.001.b5p80kp122810kp122810-48x96.00377_0.000_600_-600_smsnk30.lime
/scratch/usr/hhpmbate/chroma_2pt/48x96/b5p80kp122810kp122810/vector/lp001lp0001_g2_g4_q000_q220_q422_q442_q600_q642/correlators/meson_qcdsf.001.b5p80kp122810kp122810-48x96.00378_0.000_000_000_ptsink.lime
/scratch/usr/hhpmbate/chroma_2pt/48x96/b5p80kp122810kp122810/vector/lp001lp0001_g2_g4_q000_q220_q422_q442_q600_q642/correlators/meson_qcdsf.001.b5p80kp122810kp122810-48x96.00378_0.000_000_000_smsnk30.lime
/scratch/usr/hhpmbate/chroma_2pt/48x96/b5p80kp122810kp122810/vector/lp001lp0001_g2_g4_q000_q220_q422_q442_q600_q642/correlators/meson_qcdsf.001.b5p80kp122810kp122810-48x96.00378_0.000_220_-2-20_ptsink.lime
/scratch/usr/hhpmbate/chroma_2pt/48x96/b5p80kp122810kp122810/vector/lp001lp0001_g2_g4_q000_q220_q422_q442_q600_q642/correlators/meson_qcdsf.001.b5p80kp122810kp122810-48x96.00378_0.000_220_-2-20_smsnk30.lime
/scratch/usr/hhpmbate/chroma_2pt/48x96/b5p80kp122810kp122810/vector/lp001lp0001_g2_g4_q000_q220_q422_q442_q600_q642/correlators/meson_qcdsf.001.b5p80kp122810kp122810-48x96.00378_0.000_422_-4-2-2_ptsink.lime
/scratch/usr/hhpmbate/chroma_2pt/48x96/b5p80kp122810kp122810/vector/lp001lp0001_g2_g4_q000_q220_q422_q442_q600_q642/correlators/meson_qcdsf.001.b5p80kp122810kp122810-48x96.00378_0.000_422_-4-2-2_smsnk30.lime
/scratch/usr/hhpmbate/chroma_2pt/48x96/b5p80kp122810kp122810/vector/lp001lp0001_g2_g4_q000_q220_q422_q442_q600_q642/correlators/meson_qcdsf.001.b5p80kp122810kp122810-48x96.00378_0.000_442_-4-4-2_ptsink.lime
/scratch/usr/hhpmbate/chroma_2pt/48x96/b5p80kp122810kp122810/vector/lp001lp0001_g2_g4_q000_q220_q422_q442_q600_q642/correlators/meson_qcdsf.001.b5p80kp122810kp122810-48x96.00378_0.000_442_-4-4-2_smsnk30.lime
/scratch/usr/hhpmbate/chroma_2pt/48x96/b5p80kp122810kp122810/vector/lp001lp0001_g2_g4_q000_q220_q422_q442_q600_q642/correlators/meson_qcdsf.001.b5p80kp122810kp122810-48x96.00378_0.000_600_-600_ptsink.lime
/scratch/usr/hhpmbate/chroma_2pt/48x96/b5p80kp122810kp122810/vector/lp001lp0001_g2_g4_q000_q220_q422_q442_q600_q642/correlators/meson_qcdsf.001.b5p80kp122810kp122810-48x96.00378_0.000_600_-600_smsnk30.lime
/scratch/usr/hhpmbate/chroma_2pt/48x96/b5p80kp122810kp122810/vector/lp001lp0001_g2_g4_q000_q220_q422_q442_q600_q642/correlators/meson_qcdsf.001.b5p80kp122810kp122810-48x96.00379_0.000_000_000_ptsink.lime
/scratch/usr/hhpmbate/chroma_2pt/48x96/b5p80kp122810kp122810/vector/lp001lp0001_g2_g4_q000_q220_q422_q442_q600_q642/correlators/meson_qcdsf.001.b5p80kp122810kp122810-48x96.00379_0.000_000_000_smsnk30.lime
/scratch/usr/hhpmbate/chroma_2pt/48x96/b5p80kp122810kp122810/vector/lp001lp0001_g2_g4_q000_q220_q422_q442_q600_q642/correlators/meson_qcdsf.001.b5p80kp122810kp122810-48x96.00379_0.000_220_-2-20_ptsink.lime
/scratch/usr/hhpmbate/chroma_2pt/48x96/b5p80kp122810kp122810/vector/lp001lp0001_g2_g4_q000_q220_q422_q442_q600_q642/correlators/meson_qcdsf.001.b5p80kp122810kp122810-48x96.00379_0.000_220_-2-20_smsnk30.lime
/scratch/usr/hhpmbate/chroma_2pt/48x96/b5p80kp122810kp122810/vector/lp001lp0001_g2_g4_q000_q220_q422_q442_q600_q642/correlators/meson_qcdsf.001.b5p80kp122810kp122810-48x96.00379_0.000_422_-4-2-2_ptsink.lime
/scratch/usr/hhpmbate/chroma_2pt/48x96/b5p80kp122810kp122810/vector/lp001lp0001_g2_g4_q000_q220_q422_q442_q600_q642/correlators/meson_qcdsf.001.b5p80kp122810kp122810-48x96.00379_0.000_422_-4-2-2_smsnk30.lime
/scratch/usr/hhpmbate/chroma_2pt/48x96/b5p80kp122810kp122810/vector/lp001lp0001_g2_g4_q000_q220_q422_q442_q600_q642/correlators/meson_qcdsf.001.b5p80kp122810kp122810-48x96.00379_0.000_442_-4-4-2_ptsink.lime
/scratch/usr/hhpmbate/chroma_2pt/48x96/b5p80kp122810kp122810/vector/lp001lp0001_g2_g4_q000_q220_q422_q442_q600_q642/correlators/meson_qcdsf.001.b5p80kp122810kp122810-48x96.00379_0.000_442_-4-4-2_smsnk30.lime
/scratch/usr/hhpmbate/chroma_2pt/48x96/b5p80kp122810kp122810/vector/lp001lp0001_g2_g4_q000_q220_q422_q442_q600_q642/correlators/meson_qcdsf.001.b5p80kp122810kp122810-48x96.00379_0.000_600_-600_ptsink.lime
/scratch/usr/hhpmbate/chroma_2pt/48x96/b5p80kp122810kp122810/vector/lp001lp0001_g2_g4_q000_q220_q422_q442_q600_q642/correlators/meson_qcdsf.001.b5p80kp122810kp122810-48x96.00379_0.000_600_-600_smsnk30.lime
/scratch/usr/hhpmbate/chroma_2pt/48x96/b5p80kp122810kp122810/vector/lp001lp0001_g2_g4_q000_q220_q422_q442_q600_q642/correlators/meson_qcdsf.001.b5p80kp122810kp122810-48x96.00380_0.000_000_000_ptsink.lime
/scratch/usr/hhpmbate/chroma_2pt/48x96/b5p80kp122810kp122810/vector/lp001lp0001_g2_g4_q000_q220_q422_q442_q600_q642/correlators/meson_qcdsf.001.b5p80kp122810kp122810-48x96.00380_0.000_000_000_smsnk30.lime
/scratch/usr/hhpmbate/chroma_2pt/48x96/b5p80kp122810kp122810/vector/lp001lp0001_g2_g4_q000_q220_q422_q442_q600_q642/correlators/meson_qcdsf.001.b5p80kp122810kp122810-48x96.00380_0.000_220_-2-20_ptsink.lime
/scratch/usr/hhpmbate/chroma_2pt/48x96/b5p80kp122810kp122810/vector/lp001lp0001_g2_g4_q000_q220_q422_q442_q600_q642/correlators/meson_qcdsf.001.b5p80kp122810kp122810-48x96.00380_0.000_220_-2-20_smsnk30.lime
/scratch/usr/hhpmbate/chroma_2pt/48x96/b5p80kp122810kp122810/vector/lp001lp0001_g2_g4_q000_q220_q422_q442_q600_q642/correlators/meson_qcdsf.001.b5p80kp122810kp122810-48x96.00380_0.000_422_-4-2-2_ptsink.lime
/scratch/usr/hhpmbate/chroma_2pt/48x96/b5p80kp122810kp122810/vector/lp001lp0001_g2_g4_q000_q220_q422_q442_q600_q642/correlators/meson_qcdsf.001.b5p80kp122810kp122810-48x96.00380_0.000_422_-4-2-2_smsnk30.lime
/scratch/usr/hhpmbate/chroma_2pt/48x96/b5p80kp122810kp122810/vector/lp001lp0001_g2_g4_q000_q220_q422_q442_q600_q642/correlators/meson_qcdsf.001.b5p80kp122810kp122810-48x96.00380_0.000_442_-4-4-2_ptsink.lime
/scratch/usr/hhpmbate/chroma_2pt/48x96/b5p80kp122810kp122810/vector/lp001lp0001_g2_g4_q000_q220_q422_q442_q600_q642/correlators/meson_qcdsf.001.b5p80kp122810kp122810-48x96.00380_0.000_442_-4-4-2_smsnk30.lime
/scratch/usr/hhpmbate/chroma_2pt/48x96/b5p80kp122810kp122810/vector/lp001lp0001_g2_g4_q000_q220_q422_q442_q600_q642/correlators/meson_qcdsf.001.b5p80kp122810kp122810-48x96.00380_0.000_600_-600_ptsink.lime
/scratch/usr/hhpmbate/chroma_2pt/48x96/b5p80kp122810kp122810/vector/lp001lp0001_g2_g4_q000_q220_q422_q442_q600_q642/correlators/meson_qcdsf.001.b5p80kp122810kp122810-48x96.00380_0.000_600_-600_smsnk30.lime
/scratch/usr/hhpmbate/chroma_2pt/48x96/b5p80kp122810kp122810/vector/lp001lp0001_g2_g4_q000_q220_q422_q442_q600_q642/correlators/meson_qcdsf.001.b5p80kp122810kp122810-48x96.00381_0.000_000_000_ptsink.lime
/scratch/usr/hhpmbate/chroma_2pt/48x96/b5p80kp122810kp122810/vector/lp001lp0001_g2_g4_q000_q220_q422_q442_q600_q642/correlators/meson_qcdsf.001.b5p80kp122810kp122810-48x96.00381_0.000_000_000_smsnk30.lime
/scratch/usr/hhpmbate/chroma_2pt/48x96/b5p80kp122810kp122810/vector/lp001lp0001_g2_g4_q000_q220_q422_q442_q600_q642/correlators/meson_qcdsf.001.b5p80kp122810kp122810-48x96.00381_0.000_220_-2-20_ptsink.lime
/scratch/usr/hhpmbate/chroma_2pt/48x96/b5p80kp122810kp122810/vector/lp001lp0001_g2_g4_q000_q220_q422_q442_q600_q642/correlators/meson_qcdsf.001.b5p80kp122810kp122810-48x96.00381_0.000_220_-2-20_smsnk30.lime
/scratch/usr/hhpmbate/chroma_2pt/48x96/b5p80kp122810kp122810/vector/lp001lp0001_g2_g4_q000_q220_q422_q442_q600_q642/correlators/meson_qcdsf.001.b5p80kp122810kp122810-48x96.00381_0.000_422_-4-2-2_ptsink.lime
/scratch/usr/hhpmbate/chroma_2pt/48x96/b5p80kp122810kp122810/vector/lp001lp0001_g2_g4_q000_q220_q422_q442_q600_q642/correlators/meson_qcdsf.001.b5p80kp122810kp122810-48x96.00381_0.000_422_-4-2-2_smsnk30.lime
/scratch/usr/hhpmbate/chroma_2pt/48x96/b5p80kp122810kp122810/vector/lp001lp0001_g2_g4_q000_q220_q422_q442_q600_q642/correlators/meson_qcdsf.001.b5p80kp122810kp122810-48x96.00381_0.000_442_-4-4-2_ptsink.lime
/scratch/usr/hhpmbate/chroma_2pt/48x96/b5p80kp122810kp122810/vector/lp001lp0001_g2_g4_q000_q220_q422_q442_q600_q642/correlators/meson_qcdsf.001.b5p80kp122810kp122810-48x96.00381_0.000_442_-4-4-2_smsnk30.lime
/scratch/usr/hhpmbate/chroma_2pt/48x96/b5p80kp122810kp122810/vector/lp001lp0001_g2_g4_q000_q220_q422_q442_q600_q642/correlators/meson_qcdsf.001.b5p80kp122810kp122810-48x96.00381_0.000_600_-600_ptsink.lime
/scratch/usr/hhpmbate/chroma_2pt/48x96/b5p80kp122810kp122810/vector/lp001lp0001_g2_g4_q000_q220_q422_q442_q600_q642/correlators/meson_qcdsf.001.b5p80kp122810kp122810-48x96.00381_0.000_600_-600_smsnk30.lime
/scratch/usr/hhpmbate/chroma_2pt/48x96/b5p80kp122810kp122810/vector/lp001lp0001_g2_g4_q000_q220_q422_q442_q600_q642/correlators/meson_qcdsf.001.b5p80kp122810kp122810-48x96.00382_0.000_000_000_ptsink.lime
/scratch/usr/hhpmbate/chroma_2pt/48x96/b5p80kp122810kp122810/vector/lp001lp0001_g2_g4_q000_q220_q422_q442_q600_q642/correlators/meson_qcdsf.001.b5p80kp122810kp122810-48x96.00382_0.000_000_000_smsnk30.lime
/scratch/usr/hhpmbate/chroma_2pt/48x96/b5p80kp122810kp122810/vector/lp001lp0001_g2_g4_q000_q220_q422_q442_q600_q642/correlators/meson_qcdsf.001.b5p80kp122810kp122810-48x96.00382_0.000_220_-2-20_ptsink.lime
/scratch/usr/hhpmbate/chroma_2pt/48x96/b5p80kp122810kp122810/vector/lp001lp0001_g2_g4_q000_q220_q422_q442_q600_q642/correlators/meson_qcdsf.001.b5p80kp122810kp122810-48x96.00382_0.000_220_-2-20_smsnk30.lime
/scratch/usr/hhpmbate/chroma_2pt/48x96/b5p80kp122810kp122810/vector/lp001lp0001_g2_g4_q000_q220_q422_q442_q600_q642/correlators/meson_qcdsf.001.b5p80kp122810kp122810-48x96.00382_0.000_422_-4-2-2_ptsink.lime
/scratch/usr/hhpmbate/chroma_2pt/48x96/b5p80kp122810kp122810/vector/lp001lp0001_g2_g4_q000_q220_q422_q442_q600_q642/correlators/meson_qcdsf.001.b5p80kp122810kp122810-48x96.00382_0.000_422_-4-2-2_smsnk30.lime
/scratch/usr/hhpmbate/chroma_2pt/48x96/b5p80kp122810kp122810/vector/lp001lp0001_g2_g4_q000_q220_q422_q442_q600_q642/correlators/meson_qcdsf.001.b5p80kp122810kp122810-48x96.00382_0.000_442_-4-4-2_ptsink.lime
/scratch/usr/hhpmbate/chroma_2pt/48x96/b5p80kp122810kp122810/vector/lp001lp0001_g2_g4_q000_q220_q422_q442_q600_q642/correlators/meson_qcdsf.001.b5p80kp122810kp122810-48x96.00382_0.000_442_-4-4-2_smsnk30.lime
/scratch/usr/hhpmbate/chroma_2pt/48x96/b5p80kp122810kp122810/vector/lp001lp0001_g2_g4_q000_q220_q422_q442_q600_q642/correlators/meson_qcdsf.001.b5p80kp122810kp122810-48x96.00382_0.000_600_-600_ptsink.lime
/scratch/usr/hhpmbate/chroma_2pt/48x96/b5p80kp122810kp122810/vector/lp001lp0001_g2_g4_q000_q220_q422_q442_q600_q642/correlators/meson_qcdsf.001.b5p80kp122810kp122810-48x96.00382_0.000_600_-600_smsnk30.lime
/scratch/usr/hhpmbate/chroma_2pt/48x96/b5p80kp122810kp122810/vector/lp001lp0001_g2_g4_q000_q220_q422_q442_q600_q642/correlators/meson_qcdsf.001.b5p80kp122810kp122810-48x96.00383_0.000_000_000_ptsink.lime
/scratch/usr/hhpmbate/chroma_2pt/48x96/b5p80kp122810kp122810/vector/lp001lp0001_g2_g4_q000_q220_q422_q442_q600_q642/correlators/meson_qcdsf.001.b5p80kp122810kp122810-48x96.00383_0.000_000_000_smsnk30.lime
/scratch/usr/hhpmbate/chroma_2pt/48x96/b5p80kp122810kp122810/vector/lp001lp0001_g2_g4_q000_q220_q422_q442_q600_q642/correlators/meson_qcdsf.001.b5p80kp122810kp122810-48x96.00383_0.000_220_-2-20_ptsink.lime
/scratch/usr/hhpmbate/chroma_2pt/48x96/b5p80kp122810kp122810/vector/lp001lp0001_g2_g4_q000_q220_q422_q442_q600_q642/correlators/meson_qcdsf.001.b5p80kp122810kp122810-48x96.00383_0.000_220_-2-20_smsnk30.lime
/scratch/usr/hhpmbate/chroma_2pt/48x96/b5p80kp122810kp122810/vector/lp001lp0001_g2_g4_q000_q220_q422_q442_q600_q642/correlators/meson_qcdsf.001.b5p80kp122810kp122810-48x96.00383_0.000_422_-4-2-2_ptsink.lime
/scratch/usr/hhpmbate/chroma_2pt/48x96/b5p80kp122810kp122810/vector/lp001lp0001_g2_g4_q000_q220_q422_q442_q600_q642/correlators/meson_qcdsf.001.b5p80kp122810kp122810-48x96.00383_0.000_422_-4-2-2_smsnk30.lime
/scratch/usr/hhpmbate/chroma_2pt/48x96/b5p80kp122810kp122810/vector/lp001lp0001_g2_g4_q000_q220_q422_q442_q600_q642/correlators/meson_qcdsf.001.b5p80kp122810kp122810-48x96.00383_0.000_442_-4-4-2_ptsink.lime
/scratch/usr/hhpmbate/chroma_2pt/48x96/b5p80kp122810kp122810/vector/lp001lp0001_g2_g4_q000_q220_q422_q442_q600_q642/correlators/meson_qcdsf.001.b5p80kp122810kp122810-48x96.00383_0.000_442_-4-4-2_smsnk30.lime
/scratch/usr/hhpmbate/chroma_2pt/48x96/b5p80kp122810kp122810/vector/lp001lp0001_g2_g4_q000_q220_q422_q442_q600_q642/correlators/meson_qcdsf.001.b5p80kp122810kp122810-48x96.00383_0.000_600_-600_ptsink.lime
/scratch/usr/hhpmbate/chroma_2pt/48x96/b5p80kp122810kp122810/vector/lp001lp0001_g2_g4_q000_q220_q422_q442_q600_q642/correlators/meson_qcdsf.001.b5p80kp122810kp122810-48x96.00383_0.000_600_-600_smsnk30.lime
/scratch/usr/hhpmbate/chroma_2pt/48x96/b5p80kp122810kp122810/vector/lp001lp0001_g2_g4_q000_q220_q422_q442_q600_q642/correlators/meson_qcdsf.001.b5p80kp122810kp122810-48x96.00384_0.000_000_000_ptsink.lime
/scratch/usr/hhpmbate/chroma_2pt/48x96/b5p80kp122810kp122810/vector/lp001lp0001_g2_g4_q000_q220_q422_q442_q600_q642/correlators/meson_qcdsf.001.b5p80kp122810kp122810-48x96.00384_0.000_000_000_smsnk30.lime
/scratch/usr/hhpmbate/chroma_2pt/48x96/b5p80kp122810kp122810/vector/lp001lp0001_g2_g4_q000_q220_q422_q442_q600_q642/correlators/meson_qcdsf.001.b5p80kp122810kp122810-48x96.00384_0.000_220_-2-20_ptsink.lime
/scratch/usr/hhpmbate/chroma_2pt/48x96/b5p80kp122810kp122810/vector/lp001lp0001_g2_g4_q000_q220_q422_q442_q600_q642/correlators/meson_qcdsf.001.b5p80kp122810kp122810-48x96.00384_0.000_220_-2-20_smsnk30.lime
/scratch/usr/hhpmbate/chroma_2pt/48x96/b5p80kp122810kp122810/vector/lp001lp0001_g2_g4_q000_q220_q422_q442_q600_q642/correlators/meson_qcdsf.001.b5p80kp122810kp122810-48x96.00384_0.000_422_-4-2-2_ptsink.lime
/scratch/usr/hhpmbate/chroma_2pt/48x96/b5p80kp122810kp122810/vector/lp001lp0001_g2_g4_q000_q220_q422_q442_q600_q642/correlators/meson_qcdsf.001.b5p80kp122810kp122810-48x96.00384_0.000_422_-4-2-2_smsnk30.lime
/scratch/usr/hhpmbate/chroma_2pt/48x96/b5p80kp122810kp122810/vector/lp001lp0001_g2_g4_q000_q220_q422_q442_q600_q642/correlators/meson_qcdsf.001.b5p80kp122810kp122810-48x96.00384_0.000_442_-4-4-2_ptsink.lime
/scratch/usr/hhpmbate/chroma_2pt/48x96/b5p80kp122810kp122810/vector/lp001lp0001_g2_g4_q000_q220_q422_q442_q600_q642/correlators/meson_qcdsf.001.b5p80kp122810kp122810-48x96.00384_0.000_442_-4-4-2_smsnk30.lime
/scratch/usr/hhpmbate/chroma_2pt/48x96/b5p80kp122810kp122810/vector/lp001lp0001_g2_g4_q000_q220_q422_q442_q600_q642/correlators/meson_qcdsf.001.b5p80kp122810kp122810-48x96.00384_0.000_600_-600_ptsink.lime
/scratch/usr/hhpmbate/chroma_2pt/48x96/b5p80kp122810kp122810/vector/lp001lp0001_g2_g4_q000_q220_q422_q442_q600_q642/correlators/meson_qcdsf.001.b5p80kp122810kp122810-48x96.00384_0.000_600_-600_smsnk30.lime
/scratch/usr/hhpmbate/chroma_2pt/48x96/b5p80kp122810kp122810/vector/lp001lp0001_g2_g4_q000_q220_q422_q442_q600_q642/correlators/meson_qcdsf.001.b5p80kp122810kp122810-48x96.00385_0.000_000_000_ptsink.lime
/scratch/usr/hhpmbate/chroma_2pt/48x96/b5p80kp122810kp122810/vector/lp001lp0001_g2_g4_q000_q220_q422_q442_q600_q642/correlators/meson_qcdsf.001.b5p80kp122810kp122810-48x96.00385_0.000_000_000_smsnk30.lime
/scratch/usr/hhpmbate/chroma_2pt/48x96/b5p80kp122810kp122810/vector/lp001lp0001_g2_g4_q000_q220_q422_q442_q600_q642/correlators/meson_qcdsf.001.b5p80kp122810kp122810-48x96.00385_0.000_220_-2-20_ptsink.lime
/scratch/usr/hhpmbate/chroma_2pt/48x96/b5p80kp122810kp122810/vector/lp001lp0001_g2_g4_q000_q220_q422_q442_q600_q642/correlators/meson_qcdsf.001.b5p80kp122810kp122810-48x96.00385_0.000_220_-2-20_smsnk30.lime
/scratch/usr/hhpmbate/chroma_2pt/48x96/b5p80kp122810kp122810/vector/lp001lp0001_g2_g4_q000_q220_q422_q442_q600_q642/correlators/meson_qcdsf.001.b5p80kp122810kp122810-48x96.00385_0.000_422_-4-2-2_ptsink.lime
/scratch/usr/hhpmbate/chroma_2pt/48x96/b5p80kp122810kp122810/vector/lp001lp0001_g2_g4_q000_q220_q422_q442_q600_q642/correlators/meson_qcdsf.001.b5p80kp122810kp122810-48x96.00385_0.000_422_-4-2-2_smsnk30.lime
/scratch/usr/hhpmbate/chroma_2pt/48x96/b5p80kp122810kp122810/vector/lp001lp0001_g2_g4_q000_q220_q422_q442_q600_q642/correlators/meson_qcdsf.001.b5p80kp122810kp122810-48x96.00385_0.000_442_-4-4-2_ptsink.lime
/scratch/usr/hhpmbate/chroma_2pt/48x96/b5p80kp122810kp122810/vector/lp001lp0001_g2_g4_q000_q220_q422_q442_q600_q642/correlators/meson_qcdsf.001.b5p80kp122810kp122810-48x96.00385_0.000_442_-4-4-2_smsnk30.lime
/scratch/usr/hhpmbate/chroma_2pt/48x96/b5p80kp122810kp122810/vector/lp001lp0001_g2_g4_q000_q220_q422_q442_q600_q642/correlators/meson_qcdsf.001.b5p80kp122810kp122810-48x96.00385_0.000_600_-600_ptsink.lime
/scratch/usr/hhpmbate/chroma_2pt/48x96/b5p80kp122810kp122810/vector/lp001lp0001_g2_g4_q000_q220_q422_q442_q600_q642/correlators/meson_qcdsf.001.b5p80kp122810kp122810-48x96.00385_0.000_600_-600_smsnk30.lime
/scratch/usr/hhpmbate/chroma_2pt/48x96/b5p80kp122810kp122810/vector/lp001lp0001_g2_g4_q000_q220_q422_q442_q600_q642/correlators/meson_qcdsf.001.b5p80kp122810kp122810-48x96.00386_0.000_000_000_ptsink.lime
/scratch/usr/hhpmbate/chroma_2pt/48x96/b5p80kp122810kp122810/vector/lp001lp0001_g2_g4_q000_q220_q422_q442_q600_q642/correlators/meson_qcdsf.001.b5p80kp122810kp122810-48x96.00386_0.000_000_000_smsnk30.lime
/scratch/usr/hhpmbate/chroma_2pt/48x96/b5p80kp122810kp122810/vector/lp001lp0001_g2_g4_q000_q220_q422_q442_q600_q642/correlators/meson_qcdsf.001.b5p80kp122810kp122810-48x96.00386_0.000_220_-2-20_ptsink.lime
/scratch/usr/hhpmbate/chroma_2pt/48x96/b5p80kp122810kp122810/vector/lp001lp0001_g2_g4_q000_q220_q422_q442_q600_q642/correlators/meson_qcdsf.001.b5p80kp122810kp122810-48x96.00386_0.000_220_-2-20_smsnk30.lime
/scratch/usr/hhpmbate/chroma_2pt/48x96/b5p80kp122810kp122810/vector/lp001lp0001_g2_g4_q000_q220_q422_q442_q600_q642/correlators/meson_qcdsf.001.b5p80kp122810kp122810-48x96.00386_0.000_422_-4-2-2_ptsink.lime
/scratch/usr/hhpmbate/chroma_2pt/48x96/b5p80kp122810kp122810/vector/lp001lp0001_g2_g4_q000_q220_q422_q442_q600_q642/correlators/meson_qcdsf.001.b5p80kp122810kp122810-48x96.00386_0.000_422_-4-2-2_smsnk30.lime
/scratch/usr/hhpmbate/chroma_2pt/48x96/b5p80kp122810kp122810/vector/lp001lp0001_g2_g4_q000_q220_q422_q442_q600_q642/correlators/meson_qcdsf.001.b5p80kp122810kp122810-48x96.00386_0.000_442_-4-4-2_ptsink.lime
/scratch/usr/hhpmbate/chroma_2pt/48x96/b5p80kp122810kp122810/vector/lp001lp0001_g2_g4_q000_q220_q422_q442_q600_q642/correlators/meson_qcdsf.001.b5p80kp122810kp122810-48x96.00386_0.000_442_-4-4-2_smsnk30.lime
/scratch/usr/hhpmbate/chroma_2pt/48x96/b5p80kp122810kp122810/vector/lp001lp0001_g2_g4_q000_q220_q422_q442_q600_q642/correlators/meson_qcdsf.001.b5p80kp122810kp122810-48x96.00386_0.000_600_-600_ptsink.lime
/scratch/usr/hhpmbate/chroma_2pt/48x96/b5p80kp122810kp122810/vector/lp001lp0001_g2_g4_q000_q220_q422_q442_q600_q642/correlators/meson_qcdsf.001.b5p80kp122810kp122810-48x96.00386_0.000_600_-600_smsnk30.lime
/scratch/usr/hhpmbate/chroma_2pt/48x96/b5p80kp122810kp122810/vector/lp001lp0001_g2_g4_q000_q220_q422_q442_q600_q642/correlators/meson_qcdsf.001.b5p80kp122810kp122810-48x96.00387_0.000_000_000_ptsink.lime
/scratch/usr/hhpmbate/chroma_2pt/48x96/b5p80kp122810kp122810/vector/lp001lp0001_g2_g4_q000_q220_q422_q442_q600_q642/correlators/meson_qcdsf.001.b5p80kp122810kp122810-48x96.00387_0.000_000_000_smsnk30.lime
/scratch/usr/hhpmbate/chroma_2pt/48x96/b5p80kp122810kp122810/vector/lp001lp0001_g2_g4_q000_q220_q422_q442_q600_q642/correlators/meson_qcdsf.001.b5p80kp122810kp122810-48x96.00387_0.000_220_-2-20_ptsink.lime
/scratch/usr/hhpmbate/chroma_2pt/48x96/b5p80kp122810kp122810/vector/lp001lp0001_g2_g4_q000_q220_q422_q442_q600_q642/correlators/meson_qcdsf.001.b5p80kp122810kp122810-48x96.00387_0.000_220_-2-20_smsnk30.lime
/scratch/usr/hhpmbate/chroma_2pt/48x96/b5p80kp122810kp122810/vector/lp001lp0001_g2_g4_q000_q220_q422_q442_q600_q642/correlators/meson_qcdsf.001.b5p80kp122810kp122810-48x96.00387_0.000_422_-4-2-2_ptsink.lime
/scratch/usr/hhpmbate/chroma_2pt/48x96/b5p80kp122810kp122810/vector/lp001lp0001_g2_g4_q000_q220_q422_q442_q600_q642/correlators/meson_qcdsf.001.b5p80kp122810kp122810-48x96.00387_0.000_422_-4-2-2_smsnk30.lime
/scratch/usr/hhpmbate/chroma_2pt/48x96/b5p80kp122810kp122810/vector/lp001lp0001_g2_g4_q000_q220_q422_q442_q600_q642/correlators/meson_qcdsf.001.b5p80kp122810kp122810-48x96.00387_0.000_442_-4-4-2_ptsink.lime
/scratch/usr/hhpmbate/chroma_2pt/48x96/b5p80kp122810kp122810/vector/lp001lp0001_g2_g4_q000_q220_q422_q442_q600_q642/correlators/meson_qcdsf.001.b5p80kp122810kp122810-48x96.00387_0.000_442_-4-4-2_smsnk30.lime
/scratch/usr/hhpmbate/chroma_2pt/48x96/b5p80kp122810kp122810/vector/lp001lp0001_g2_g4_q000_q220_q422_q442_q600_q642/correlators/meson_qcdsf.001.b5p80kp122810kp122810-48x96.00387_0.000_600_-600_ptsink.lime
/scratch/usr/hhpmbate/chroma_2pt/48x96/b5p80kp122810kp122810/vector/lp001lp0001_g2_g4_q000_q220_q422_q442_q600_q642/correlators/meson_qcdsf.001.b5p80kp122810kp122810-48x96.00387_0.000_600_-600_smsnk30.lime
/scratch/usr/hhpmbate/chroma_2pt/48x96/b5p80kp122810kp122810/vector/lp001lp0001_g2_g4_q000_q220_q422_q442_q600_q642/correlators/meson_qcdsf.001.b5p80kp122810kp122810-48x96.00388_0.000_000_000_ptsink.lime
/scratch/usr/hhpmbate/chroma_2pt/48x96/b5p80kp122810kp122810/vector/lp001lp0001_g2_g4_q000_q220_q422_q442_q600_q642/correlators/meson_qcdsf.001.b5p80kp122810kp122810-48x96.00388_0.000_000_000_smsnk30.lime
/scratch/usr/hhpmbate/chroma_2pt/48x96/b5p80kp122810kp122810/vector/lp001lp0001_g2_g4_q000_q220_q422_q442_q600_q642/correlators/meson_qcdsf.001.b5p80kp122810kp122810-48x96.00388_0.000_220_-2-20_ptsink.lime
/scratch/usr/hhpmbate/chroma_2pt/48x96/b5p80kp122810kp122810/vector/lp001lp0001_g2_g4_q000_q220_q422_q442_q600_q642/correlators/meson_qcdsf.001.b5p80kp122810kp122810-48x96.00388_0.000_220_-2-20_smsnk30.lime
/scratch/usr/hhpmbate/chroma_2pt/48x96/b5p80kp122810kp122810/vector/lp001lp0001_g2_g4_q000_q220_q422_q442_q600_q642/correlators/meson_qcdsf.001.b5p80kp122810kp122810-48x96.00388_0.000_422_-4-2-2_ptsink.lime
/scratch/usr/hhpmbate/chroma_2pt/48x96/b5p80kp122810kp122810/vector/lp001lp0001_g2_g4_q000_q220_q422_q442_q600_q642/correlators/meson_qcdsf.001.b5p80kp122810kp122810-48x96.00388_0.000_422_-4-2-2_smsnk30.lime
/scratch/usr/hhpmbate/chroma_2pt/48x96/b5p80kp122810kp122810/vector/lp001lp0001_g2_g4_q000_q220_q422_q442_q600_q642/correlators/meson_qcdsf.001.b5p80kp122810kp122810-48x96.00388_0.000_442_-4-4-2_ptsink.lime
/scratch/usr/hhpmbate/chroma_2pt/48x96/b5p80kp122810kp122810/vector/lp001lp0001_g2_g4_q000_q220_q422_q442_q600_q642/correlators/meson_qcdsf.001.b5p80kp122810kp122810-48x96.00388_0.000_442_-4-4-2_smsnk30.lime
/scratch/usr/hhpmbate/chroma_2pt/48x96/b5p80kp122810kp122810/vector/lp001lp0001_g2_g4_q000_q220_q422_q442_q600_q642/correlators/meson_qcdsf.001.b5p80kp122810kp122810-48x96.00388_0.000_600_-600_ptsink.lime
/scratch/usr/hhpmbate/chroma_2pt/48x96/b5p80kp122810kp122810/vector/lp001lp0001_g2_g4_q000_q220_q422_q442_q600_q642/correlators/meson_qcdsf.001.b5p80kp122810kp122810-48x96.00388_0.000_600_-600_smsnk30.lime
/scratch/usr/hhpmbate/chroma_2pt/48x96/b5p80kp122810kp122810/vector/lp001lp0001_g2_g4_q000_q220_q422_q442_q600_q642/correlators/meson_qcdsf.001.b5p80kp122810kp122810-48x96.00389_0.000_000_000_ptsink.lime
/scratch/usr/hhpmbate/chroma_2pt/48x96/b5p80kp122810kp122810/vector/lp001lp0001_g2_g4_q000_q220_q422_q442_q600_q642/correlators/meson_qcdsf.001.b5p80kp122810kp122810-48x96.00389_0.000_000_000_smsnk30.lime
/scratch/usr/hhpmbate/chroma_2pt/48x96/b5p80kp122810kp122810/vector/lp001lp0001_g2_g4_q000_q220_q422_q442_q600_q642/correlators/meson_qcdsf.001.b5p80kp122810kp122810-48x96.00389_0.000_220_-2-20_ptsink.lime
/scratch/usr/hhpmbate/chroma_2pt/48x96/b5p80kp122810kp122810/vector/lp001lp0001_g2_g4_q000_q220_q422_q442_q600_q642/correlators/meson_qcdsf.001.b5p80kp122810kp122810-48x96.00389_0.000_220_-2-20_smsnk30.lime
/scratch/usr/hhpmbate/chroma_2pt/48x96/b5p80kp122810kp122810/vector/lp001lp0001_g2_g4_q000_q220_q422_q442_q600_q642/correlators/meson_qcdsf.001.b5p80kp122810kp122810-48x96.00389_0.000_422_-4-2-2_ptsink.lime
/scratch/usr/hhpmbate/chroma_2pt/48x96/b5p80kp122810kp122810/vector/lp001lp0001_g2_g4_q000_q220_q422_q442_q600_q642/correlators/meson_qcdsf.001.b5p80kp122810kp122810-48x96.00389_0.000_422_-4-2-2_smsnk30.lime
/scratch/usr/hhpmbate/chroma_2pt/48x96/b5p80kp122810kp122810/vector/lp001lp0001_g2_g4_q000_q220_q422_q442_q600_q642/correlators/meson_qcdsf.001.b5p80kp122810kp122810-48x96.00389_0.000_442_-4-4-2_ptsink.lime
/scratch/usr/hhpmbate/chroma_2pt/48x96/b5p80kp122810kp122810/vector/lp001lp0001_g2_g4_q000_q220_q422_q442_q600_q642/correlators/meson_qcdsf.001.b5p80kp122810kp122810-48x96.00389_0.000_442_-4-4-2_smsnk30.lime
/scratch/usr/hhpmbate/chroma_2pt/48x96/b5p80kp122810kp122810/vector/lp001lp0001_g2_g4_q000_q220_q422_q442_q600_q642/correlators/meson_qcdsf.001.b5p80kp122810kp122810-48x96.00389_0.000_600_-600_ptsink.lime
/scratch/usr/hhpmbate/chroma_2pt/48x96/b5p80kp122810kp122810/vector/lp001lp0001_g2_g4_q000_q220_q422_q442_q600_q642/correlators/meson_qcdsf.001.b5p80kp122810kp122810-48x96.00389_0.000_600_-600_smsnk30.lime
/scratch/usr/hhpmbate/chroma_2pt/48x96/b5p80kp122810kp122810/vector/lp001lp0001_g2_g4_q000_q220_q422_q442_q600_q642/correlators/meson_qcdsf.001.b5p80kp122810kp122810-48x96.00390_0.000_000_000_ptsink.lime
/scratch/usr/hhpmbate/chroma_2pt/48x96/b5p80kp122810kp122810/vector/lp001lp0001_g2_g4_q000_q220_q422_q442_q600_q642/correlators/meson_qcdsf.001.b5p80kp122810kp122810-48x96.00390_0.000_000_000_smsnk30.lime
/scratch/usr/hhpmbate/chroma_2pt/48x96/b5p80kp122810kp122810/vector/lp001lp0001_g2_g4_q000_q220_q422_q442_q600_q642/correlators/meson_qcdsf.001.b5p80kp122810kp122810-48x96.00390_0.000_220_-2-20_ptsink.lime
/scratch/usr/hhpmbate/chroma_2pt/48x96/b5p80kp122810kp122810/vector/lp001lp0001_g2_g4_q000_q220_q422_q442_q600_q642/correlators/meson_qcdsf.001.b5p80kp122810kp122810-48x96.00390_0.000_220_-2-20_smsnk30.lime
/scratch/usr/hhpmbate/chroma_2pt/48x96/b5p80kp122810kp122810/vector/lp001lp0001_g2_g4_q000_q220_q422_q442_q600_q642/correlators/meson_qcdsf.001.b5p80kp122810kp122810-48x96.00390_0.000_422_-4-2-2_ptsink.lime
/scratch/usr/hhpmbate/chroma_2pt/48x96/b5p80kp122810kp122810/vector/lp001lp0001_g2_g4_q000_q220_q422_q442_q600_q642/correlators/meson_qcdsf.001.b5p80kp122810kp122810-48x96.00390_0.000_422_-4-2-2_smsnk30.lime
/scratch/usr/hhpmbate/chroma_2pt/48x96/b5p80kp122810kp122810/vector/lp001lp0001_g2_g4_q000_q220_q422_q442_q600_q642/correlators/meson_qcdsf.001.b5p80kp122810kp122810-48x96.00390_0.000_442_-4-4-2_ptsink.lime
/scratch/usr/hhpmbate/chroma_2pt/48x96/b5p80kp122810kp122810/vector/lp001lp0001_g2_g4_q000_q220_q422_q442_q600_q642/correlators/meson_qcdsf.001.b5p80kp122810kp122810-48x96.00390_0.000_442_-4-4-2_smsnk30.lime
/scratch/usr/hhpmbate/chroma_2pt/48x96/b5p80kp122810kp122810/vector/lp001lp0001_g2_g4_q000_q220_q422_q442_q600_q642/correlators/meson_qcdsf.001.b5p80kp122810kp122810-48x96.00390_0.000_600_-600_ptsink.lime
/scratch/usr/hhpmbate/chroma_2pt/48x96/b5p80kp122810kp122810/vector/lp001lp0001_g2_g4_q000_q220_q422_q442_q600_q642/correlators/meson_qcdsf.001.b5p80kp122810kp122810-48x96.00390_0.000_600_-600_smsnk30.lime
/scratch/usr/hhpmbate/chroma_2pt/48x96/b5p80kp122810kp122810/vector/lp001lp0001_g2_g4_q000_q220_q422_q442_q600_q642/correlators/meson_qcdsf.001.b5p80kp122810kp122810-48x96.00391_0.000_000_000_ptsink.lime
/scratch/usr/hhpmbate/chroma_2pt/48x96/b5p80kp122810kp122810/vector/lp001lp0001_g2_g4_q000_q220_q422_q442_q600_q642/correlators/meson_qcdsf.001.b5p80kp122810kp122810-48x96.00391_0.000_000_000_smsnk30.lime
/scratch/usr/hhpmbate/chroma_2pt/48x96/b5p80kp122810kp122810/vector/lp001lp0001_g2_g4_q000_q220_q422_q442_q600_q642/correlators/meson_qcdsf.001.b5p80kp122810kp122810-48x96.00391_0.000_220_-2-20_ptsink.lime
/scratch/usr/hhpmbate/chroma_2pt/48x96/b5p80kp122810kp122810/vector/lp001lp0001_g2_g4_q000_q220_q422_q442_q600_q642/correlators/meson_qcdsf.001.b5p80kp122810kp122810-48x96.00391_0.000_220_-2-20_smsnk30.lime
/scratch/usr/hhpmbate/chroma_2pt/48x96/b5p80kp122810kp122810/vector/lp001lp0001_g2_g4_q000_q220_q422_q442_q600_q642/correlators/meson_qcdsf.001.b5p80kp122810kp122810-48x96.00391_0.000_422_-4-2-2_ptsink.lime
/scratch/usr/hhpmbate/chroma_2pt/48x96/b5p80kp122810kp122810/vector/lp001lp0001_g2_g4_q000_q220_q422_q442_q600_q642/correlators/meson_qcdsf.001.b5p80kp122810kp122810-48x96.00391_0.000_422_-4-2-2_smsnk30.lime
/scratch/usr/hhpmbate/chroma_2pt/48x96/b5p80kp122810kp122810/vector/lp001lp0001_g2_g4_q000_q220_q422_q442_q600_q642/correlators/meson_qcdsf.001.b5p80kp122810kp122810-48x96.00391_0.000_442_-4-4-2_ptsink.lime
/scratch/usr/hhpmbate/chroma_2pt/48x96/b5p80kp122810kp122810/vector/lp001lp0001_g2_g4_q000_q220_q422_q442_q600_q642/correlators/meson_qcdsf.001.b5p80kp122810kp122810-48x96.00391_0.000_442_-4-4-2_smsnk30.lime
/scratch/usr/hhpmbate/chroma_2pt/48x96/b5p80kp122810kp122810/vector/lp001lp0001_g2_g4_q000_q220_q422_q442_q600_q642/correlators/meson_qcdsf.001.b5p80kp122810kp122810-48x96.00391_0.000_600_-600_ptsink.lime
/scratch/usr/hhpmbate/chroma_2pt/48x96/b5p80kp122810kp122810/vector/lp001lp0001_g2_g4_q000_q220_q422_q442_q600_q642/correlators/meson_qcdsf.001.b5p80kp122810kp122810-48x96.00391_0.000_600_-600_smsnk30.lime
/scratch/usr/hhpmbate/chroma_2pt/48x96/b5p80kp122810kp122810/vector/lp001lp0001_g2_g4_q000_q220_q422_q442_q600_q642/correlators/meson_qcdsf.001.b5p80kp122810kp122810-48x96.00392_0.000_000_000_ptsink.lime
/scratch/usr/hhpmbate/chroma_2pt/48x96/b5p80kp122810kp122810/vector/lp001lp0001_g2_g4_q000_q220_q422_q442_q600_q642/correlators/meson_qcdsf.001.b5p80kp122810kp122810-48x96.00392_0.000_000_000_smsnk30.lime
/scratch/usr/hhpmbate/chroma_2pt/48x96/b5p80kp122810kp122810/vector/lp001lp0001_g2_g4_q000_q220_q422_q442_q600_q642/correlators/meson_qcdsf.001.b5p80kp122810kp122810-48x96.00392_0.000_220_-2-20_ptsink.lime
/scratch/usr/hhpmbate/chroma_2pt/48x96/b5p80kp122810kp122810/vector/lp001lp0001_g2_g4_q000_q220_q422_q442_q600_q642/correlators/meson_qcdsf.001.b5p80kp122810kp122810-48x96.00392_0.000_220_-2-20_smsnk30.lime
/scratch/usr/hhpmbate/chroma_2pt/48x96/b5p80kp122810kp122810/vector/lp001lp0001_g2_g4_q000_q220_q422_q442_q600_q642/correlators/meson_qcdsf.001.b5p80kp122810kp122810-48x96.00392_0.000_422_-4-2-2_ptsink.lime
/scratch/usr/hhpmbate/chroma_2pt/48x96/b5p80kp122810kp122810/vector/lp001lp0001_g2_g4_q000_q220_q422_q442_q600_q642/correlators/meson_qcdsf.001.b5p80kp122810kp122810-48x96.00392_0.000_422_-4-2-2_smsnk30.lime
/scratch/usr/hhpmbate/chroma_2pt/48x96/b5p80kp122810kp122810/vector/lp001lp0001_g2_g4_q000_q220_q422_q442_q600_q642/correlators/meson_qcdsf.001.b5p80kp122810kp122810-48x96.00392_0.000_442_-4-4-2_ptsink.lime
/scratch/usr/hhpmbate/chroma_2pt/48x96/b5p80kp122810kp122810/vector/lp001lp0001_g2_g4_q000_q220_q422_q442_q600_q642/correlators/meson_qcdsf.001.b5p80kp122810kp122810-48x96.00392_0.000_442_-4-4-2_smsnk30.lime
/scratch/usr/hhpmbate/chroma_2pt/48x96/b5p80kp122810kp122810/vector/lp001lp0001_g2_g4_q000_q220_q422_q442_q600_q642/correlators/meson_qcdsf.001.b5p80kp122810kp122810-48x96.00392_0.000_600_-600_ptsink.lime
/scratch/usr/hhpmbate/chroma_2pt/48x96/b5p80kp122810kp122810/vector/lp001lp0001_g2_g4_q000_q220_q422_q442_q600_q642/correlators/meson_qcdsf.001.b5p80kp122810kp122810-48x96.00392_0.000_600_-600_smsnk30.lime
/scratch/usr/hhpmbate/chroma_2pt/48x96/b5p80kp122810kp122810/vector/lp001lp0001_g2_g4_q000_q220_q422_q442_q600_q642/correlators/meson_qcdsf.001.b5p80kp122810kp122810-48x96.00393_0.000_000_000_ptsink.lime
/scratch/usr/hhpmbate/chroma_2pt/48x96/b5p80kp122810kp122810/vector/lp001lp0001_g2_g4_q000_q220_q422_q442_q600_q642/correlators/meson_qcdsf.001.b5p80kp122810kp122810-48x96.00393_0.000_000_000_smsnk30.lime
/scratch/usr/hhpmbate/chroma_2pt/48x96/b5p80kp122810kp122810/vector/lp001lp0001_g2_g4_q000_q220_q422_q442_q600_q642/correlators/meson_qcdsf.001.b5p80kp122810kp122810-48x96.00393_0.000_220_-2-20_ptsink.lime
/scratch/usr/hhpmbate/chroma_2pt/48x96/b5p80kp122810kp122810/vector/lp001lp0001_g2_g4_q000_q220_q422_q442_q600_q642/correlators/meson_qcdsf.001.b5p80kp122810kp122810-48x96.00393_0.000_220_-2-20_smsnk30.lime
/scratch/usr/hhpmbate/chroma_2pt/48x96/b5p80kp122810kp122810/vector/lp001lp0001_g2_g4_q000_q220_q422_q442_q600_q642/correlators/meson_qcdsf.001.b5p80kp122810kp122810-48x96.00393_0.000_422_-4-2-2_ptsink.lime
/scratch/usr/hhpmbate/chroma_2pt/48x96/b5p80kp122810kp122810/vector/lp001lp0001_g2_g4_q000_q220_q422_q442_q600_q642/correlators/meson_qcdsf.001.b5p80kp122810kp122810-48x96.00393_0.000_422_-4-2-2_smsnk30.lime
/scratch/usr/hhpmbate/chroma_2pt/48x96/b5p80kp122810kp122810/vector/lp001lp0001_g2_g4_q000_q220_q422_q442_q600_q642/correlators/meson_qcdsf.001.b5p80kp122810kp122810-48x96.00393_0.000_442_-4-4-2_ptsink.lime
/scratch/usr/hhpmbate/chroma_2pt/48x96/b5p80kp122810kp122810/vector/lp001lp0001_g2_g4_q000_q220_q422_q442_q600_q642/correlators/meson_qcdsf.001.b5p80kp122810kp122810-48x96.00393_0.000_442_-4-4-2_smsnk30.lime
/scratch/usr/hhpmbate/chroma_2pt/48x96/b5p80kp122810kp122810/vector/lp001lp0001_g2_g4_q000_q220_q422_q442_q600_q642/correlators/meson_qcdsf.001.b5p80kp122810kp122810-48x96.00393_0.000_600_-600_ptsink.lime
/scratch/usr/hhpmbate/chroma_2pt/48x96/b5p80kp122810kp122810/vector/lp001lp0001_g2_g4_q000_q220_q422_q442_q600_q642/correlators/meson_qcdsf.001.b5p80kp122810kp122810-48x96.00393_0.000_600_-600_smsnk30.lime
/scratch/usr/hhpmbate/chroma_2pt/48x96/b5p80kp122810kp122810/vector/lp001lp0001_g2_g4_q000_q220_q422_q442_q600_q642/correlators/meson_qcdsf.001.b5p80kp122810kp122810-48x96.00394_0.000_000_000_ptsink.lime
/scratch/usr/hhpmbate/chroma_2pt/48x96/b5p80kp122810kp122810/vector/lp001lp0001_g2_g4_q000_q220_q422_q442_q600_q642/correlators/meson_qcdsf.001.b5p80kp122810kp122810-48x96.00394_0.000_000_000_smsnk30.lime
/scratch/usr/hhpmbate/chroma_2pt/48x96/b5p80kp122810kp122810/vector/lp001lp0001_g2_g4_q000_q220_q422_q442_q600_q642/correlators/meson_qcdsf.001.b5p80kp122810kp122810-48x96.00394_0.000_220_-2-20_ptsink.lime
/scratch/usr/hhpmbate/chroma_2pt/48x96/b5p80kp122810kp122810/vector/lp001lp0001_g2_g4_q000_q220_q422_q442_q600_q642/correlators/meson_qcdsf.001.b5p80kp122810kp122810-48x96.00394_0.000_220_-2-20_smsnk30.lime
/scratch/usr/hhpmbate/chroma_2pt/48x96/b5p80kp122810kp122810/vector/lp001lp0001_g2_g4_q000_q220_q422_q442_q600_q642/correlators/meson_qcdsf.001.b5p80kp122810kp122810-48x96.00394_0.000_422_-4-2-2_ptsink.lime
/scratch/usr/hhpmbate/chroma_2pt/48x96/b5p80kp122810kp122810/vector/lp001lp0001_g2_g4_q000_q220_q422_q442_q600_q642/correlators/meson_qcdsf.001.b5p80kp122810kp122810-48x96.00394_0.000_422_-4-2-2_smsnk30.lime
/scratch/usr/hhpmbate/chroma_2pt/48x96/b5p80kp122810kp122810/vector/lp001lp0001_g2_g4_q000_q220_q422_q442_q600_q642/correlators/meson_qcdsf.001.b5p80kp122810kp122810-48x96.00394_0.000_442_-4-4-2_ptsink.lime
/scratch/usr/hhpmbate/chroma_2pt/48x96/b5p80kp122810kp122810/vector/lp001lp0001_g2_g4_q000_q220_q422_q442_q600_q642/correlators/meson_qcdsf.001.b5p80kp122810kp122810-48x96.00394_0.000_442_-4-4-2_smsnk30.lime
/scratch/usr/hhpmbate/chroma_2pt/48x96/b5p80kp122810kp122810/vector/lp001lp0001_g2_g4_q000_q220_q422_q442_q600_q642/correlators/meson_qcdsf.001.b5p80kp122810kp122810-48x96.00394_0.000_600_-600_ptsink.lime
/scratch/usr/hhpmbate/chroma_2pt/48x96/b5p80kp122810kp122810/vector/lp001lp0001_g2_g4_q000_q220_q422_q442_q600_q642/correlators/meson_qcdsf.001.b5p80kp122810kp122810-48x96.00394_0.000_600_-600_smsnk30.lime
/scratch/usr/hhpmbate/chroma_2pt/48x96/b5p80kp122810kp122810/vector/lp001lp0001_g2_g4_q000_q220_q422_q442_q600_q642/correlators/meson_qcdsf.001.b5p80kp122810kp122810-48x96.00395_0.000_000_000_ptsink.lime
/scratch/usr/hhpmbate/chroma_2pt/48x96/b5p80kp122810kp122810/vector/lp001lp0001_g2_g4_q000_q220_q422_q442_q600_q642/correlators/meson_qcdsf.001.b5p80kp122810kp122810-48x96.00395_0.000_000_000_smsnk30.lime
/scratch/usr/hhpmbate/chroma_2pt/48x96/b5p80kp122810kp122810/vector/lp001lp0001_g2_g4_q000_q220_q422_q442_q600_q642/correlators/meson_qcdsf.001.b5p80kp122810kp122810-48x96.00395_0.000_220_-2-20_ptsink.lime
/scratch/usr/hhpmbate/chroma_2pt/48x96/b5p80kp122810kp122810/vector/lp001lp0001_g2_g4_q000_q220_q422_q442_q600_q642/correlators/meson_qcdsf.001.b5p80kp122810kp122810-48x96.00395_0.000_220_-2-20_smsnk30.lime
/scratch/usr/hhpmbate/chroma_2pt/48x96/b5p80kp122810kp122810/vector/lp001lp0001_g2_g4_q000_q220_q422_q442_q600_q642/correlators/meson_qcdsf.001.b5p80kp122810kp122810-48x96.00395_0.000_422_-4-2-2_ptsink.lime
/scratch/usr/hhpmbate/chroma_2pt/48x96/b5p80kp122810kp122810/vector/lp001lp0001_g2_g4_q000_q220_q422_q442_q600_q642/correlators/meson_qcdsf.001.b5p80kp122810kp122810-48x96.00395_0.000_422_-4-2-2_smsnk30.lime
/scratch/usr/hhpmbate/chroma_2pt/48x96/b5p80kp122810kp122810/vector/lp001lp0001_g2_g4_q000_q220_q422_q442_q600_q642/correlators/meson_qcdsf.001.b5p80kp122810kp122810-48x96.00395_0.000_442_-4-4-2_ptsink.lime
/scratch/usr/hhpmbate/chroma_2pt/48x96/b5p80kp122810kp122810/vector/lp001lp0001_g2_g4_q000_q220_q422_q442_q600_q642/correlators/meson_qcdsf.001.b5p80kp122810kp122810-48x96.00395_0.000_442_-4-4-2_smsnk30.lime
/scratch/usr/hhpmbate/chroma_2pt/48x96/b5p80kp122810kp122810/vector/lp001lp0001_g2_g4_q000_q220_q422_q442_q600_q642/correlators/meson_qcdsf.001.b5p80kp122810kp122810-48x96.00395_0.000_600_-600_ptsink.lime
/scratch/usr/hhpmbate/chroma_2pt/48x96/b5p80kp122810kp122810/vector/lp001lp0001_g2_g4_q000_q220_q422_q442_q600_q642/correlators/meson_qcdsf.001.b5p80kp122810kp122810-48x96.00395_0.000_600_-600_smsnk30.lime
/scratch/usr/hhpmbate/chroma_2pt/48x96/b5p80kp122810kp122810/vector/lp001lp0001_g2_g4_q000_q220_q422_q442_q600_q642/correlators/meson_qcdsf.001.b5p80kp122810kp122810-48x96.00396_0.000_000_000_ptsink.lime
/scratch/usr/hhpmbate/chroma_2pt/48x96/b5p80kp122810kp122810/vector/lp001lp0001_g2_g4_q000_q220_q422_q442_q600_q642/correlators/meson_qcdsf.001.b5p80kp122810kp122810-48x96.00396_0.000_000_000_smsnk30.lime
/scratch/usr/hhpmbate/chroma_2pt/48x96/b5p80kp122810kp122810/vector/lp001lp0001_g2_g4_q000_q220_q422_q442_q600_q642/correlators/meson_qcdsf.001.b5p80kp122810kp122810-48x96.00396_0.000_220_-2-20_ptsink.lime
/scratch/usr/hhpmbate/chroma_2pt/48x96/b5p80kp122810kp122810/vector/lp001lp0001_g2_g4_q000_q220_q422_q442_q600_q642/correlators/meson_qcdsf.001.b5p80kp122810kp122810-48x96.00396_0.000_220_-2-20_smsnk30.lime
/scratch/usr/hhpmbate/chroma_2pt/48x96/b5p80kp122810kp122810/vector/lp001lp0001_g2_g4_q000_q220_q422_q442_q600_q642/correlators/meson_qcdsf.001.b5p80kp122810kp122810-48x96.00396_0.000_422_-4-2-2_ptsink.lime
/scratch/usr/hhpmbate/chroma_2pt/48x96/b5p80kp122810kp122810/vector/lp001lp0001_g2_g4_q000_q220_q422_q442_q600_q642/correlators/meson_qcdsf.001.b5p80kp122810kp122810-48x96.00396_0.000_422_-4-2-2_smsnk30.lime
/scratch/usr/hhpmbate/chroma_2pt/48x96/b5p80kp122810kp122810/vector/lp001lp0001_g2_g4_q000_q220_q422_q442_q600_q642/correlators/meson_qcdsf.001.b5p80kp122810kp122810-48x96.00396_0.000_442_-4-4-2_ptsink.lime
/scratch/usr/hhpmbate/chroma_2pt/48x96/b5p80kp122810kp122810/vector/lp001lp0001_g2_g4_q000_q220_q422_q442_q600_q642/correlators/meson_qcdsf.001.b5p80kp122810kp122810-48x96.00396_0.000_442_-4-4-2_smsnk30.lime
/scratch/usr/hhpmbate/chroma_2pt/48x96/b5p80kp122810kp122810/vector/lp001lp0001_g2_g4_q000_q220_q422_q442_q600_q642/correlators/meson_qcdsf.001.b5p80kp122810kp122810-48x96.00396_0.000_600_-600_ptsink.lime
/scratch/usr/hhpmbate/chroma_2pt/48x96/b5p80kp122810kp122810/vector/lp001lp0001_g2_g4_q000_q220_q422_q442_q600_q642/correlators/meson_qcdsf.001.b5p80kp122810kp122810-48x96.00396_0.000_600_-600_smsnk30.lime
/scratch/usr/hhpmbate/chroma_2pt/48x96/b5p80kp122810kp122810/vector/lp001lp0001_g2_g4_q000_q220_q422_q442_q600_q642/correlators/meson_qcdsf.001.b5p80kp122810kp122810-48x96.00397_0.000_000_000_ptsink.lime
/scratch/usr/hhpmbate/chroma_2pt/48x96/b5p80kp122810kp122810/vector/lp001lp0001_g2_g4_q000_q220_q422_q442_q600_q642/correlators/meson_qcdsf.001.b5p80kp122810kp122810-48x96.00397_0.000_000_000_smsnk30.lime
/scratch/usr/hhpmbate/chroma_2pt/48x96/b5p80kp122810kp122810/vector/lp001lp0001_g2_g4_q000_q220_q422_q442_q600_q642/correlators/meson_qcdsf.001.b5p80kp122810kp122810-48x96.00397_0.000_220_-2-20_ptsink.lime
/scratch/usr/hhpmbate/chroma_2pt/48x96/b5p80kp122810kp122810/vector/lp001lp0001_g2_g4_q000_q220_q422_q442_q600_q642/correlators/meson_qcdsf.001.b5p80kp122810kp122810-48x96.00397_0.000_220_-2-20_smsnk30.lime
/scratch/usr/hhpmbate/chroma_2pt/48x96/b5p80kp122810kp122810/vector/lp001lp0001_g2_g4_q000_q220_q422_q442_q600_q642/correlators/meson_qcdsf.001.b5p80kp122810kp122810-48x96.00397_0.000_422_-4-2-2_ptsink.lime
/scratch/usr/hhpmbate/chroma_2pt/48x96/b5p80kp122810kp122810/vector/lp001lp0001_g2_g4_q000_q220_q422_q442_q600_q642/correlators/meson_qcdsf.001.b5p80kp122810kp122810-48x96.00397_0.000_422_-4-2-2_smsnk30.lime
/scratch/usr/hhpmbate/chroma_2pt/48x96/b5p80kp122810kp122810/vector/lp001lp0001_g2_g4_q000_q220_q422_q442_q600_q642/correlators/meson_qcdsf.001.b5p80kp122810kp122810-48x96.00397_0.000_442_-4-4-2_ptsink.lime
/scratch/usr/hhpmbate/chroma_2pt/48x96/b5p80kp122810kp122810/vector/lp001lp0001_g2_g4_q000_q220_q422_q442_q600_q642/correlators/meson_qcdsf.001.b5p80kp122810kp122810-48x96.00397_0.000_442_-4-4-2_smsnk30.lime
/scratch/usr/hhpmbate/chroma_2pt/48x96/b5p80kp122810kp122810/vector/lp001lp0001_g2_g4_q000_q220_q422_q442_q600_q642/correlators/meson_qcdsf.001.b5p80kp122810kp122810-48x96.00397_0.000_600_-600_ptsink.lime
/scratch/usr/hhpmbate/chroma_2pt/48x96/b5p80kp122810kp122810/vector/lp001lp0001_g2_g4_q000_q220_q422_q442_q600_q642/correlators/meson_qcdsf.001.b5p80kp122810kp122810-48x96.00397_0.000_600_-600_smsnk30.lime
/scratch/usr/hhpmbate/chroma_2pt/48x96/b5p80kp122810kp122810/vector/lp001lp0001_g2_g4_q000_q220_q422_q442_q600_q642/correlators/meson_qcdsf.001.b5p80kp122810kp122810-48x96.00398_0.000_000_000_ptsink.lime
/scratch/usr/hhpmbate/chroma_2pt/48x96/b5p80kp122810kp122810/vector/lp001lp0001_g2_g4_q000_q220_q422_q442_q600_q642/correlators/meson_qcdsf.001.b5p80kp122810kp122810-48x96.00398_0.000_000_000_smsnk30.lime
/scratch/usr/hhpmbate/chroma_2pt/48x96/b5p80kp122810kp122810/vector/lp001lp0001_g2_g4_q000_q220_q422_q442_q600_q642/correlators/meson_qcdsf.001.b5p80kp122810kp122810-48x96.00398_0.000_220_-2-20_ptsink.lime
/scratch/usr/hhpmbate/chroma_2pt/48x96/b5p80kp122810kp122810/vector/lp001lp0001_g2_g4_q000_q220_q422_q442_q600_q642/correlators/meson_qcdsf.001.b5p80kp122810kp122810-48x96.00398_0.000_220_-2-20_smsnk30.lime
/scratch/usr/hhpmbate/chroma_2pt/48x96/b5p80kp122810kp122810/vector/lp001lp0001_g2_g4_q000_q220_q422_q442_q600_q642/correlators/meson_qcdsf.001.b5p80kp122810kp122810-48x96.00398_0.000_422_-4-2-2_ptsink.lime
/scratch/usr/hhpmbate/chroma_2pt/48x96/b5p80kp122810kp122810/vector/lp001lp0001_g2_g4_q000_q220_q422_q442_q600_q642/correlators/meson_qcdsf.001.b5p80kp122810kp122810-48x96.00398_0.000_422_-4-2-2_smsnk30.lime
/scratch/usr/hhpmbate/chroma_2pt/48x96/b5p80kp122810kp122810/vector/lp001lp0001_g2_g4_q000_q220_q422_q442_q600_q642/correlators/meson_qcdsf.001.b5p80kp122810kp122810-48x96.00398_0.000_442_-4-4-2_ptsink.lime
/scratch/usr/hhpmbate/chroma_2pt/48x96/b5p80kp122810kp122810/vector/lp001lp0001_g2_g4_q000_q220_q422_q442_q600_q642/correlators/meson_qcdsf.001.b5p80kp122810kp122810-48x96.00398_0.000_442_-4-4-2_smsnk30.lime
/scratch/usr/hhpmbate/chroma_2pt/48x96/b5p80kp122810kp122810/vector/lp001lp0001_g2_g4_q000_q220_q422_q442_q600_q642/correlators/meson_qcdsf.001.b5p80kp122810kp122810-48x96.00398_0.000_600_-600_ptsink.lime
/scratch/usr/hhpmbate/chroma_2pt/48x96/b5p80kp122810kp122810/vector/lp001lp0001_g2_g4_q000_q220_q422_q442_q600_q642/correlators/meson_qcdsf.001.b5p80kp122810kp122810-48x96.00398_0.000_600_-600_smsnk30.lime
/scratch/usr/hhpmbate/chroma_2pt/48x96/b5p80kp122810kp122810/vector/lp001lp0001_g2_g4_q000_q220_q422_q442_q600_q642/correlators/meson_qcdsf.001.b5p80kp122810kp122810-48x96.00399_0.000_000_000_ptsink.lime
/scratch/usr/hhpmbate/chroma_2pt/48x96/b5p80kp122810kp122810/vector/lp001lp0001_g2_g4_q000_q220_q422_q442_q600_q642/correlators/meson_qcdsf.001.b5p80kp122810kp122810-48x96.00399_0.000_000_000_smsnk30.lime
/scratch/usr/hhpmbate/chroma_2pt/48x96/b5p80kp122810kp122810/vector/lp001lp0001_g2_g4_q000_q220_q422_q442_q600_q642/correlators/meson_qcdsf.001.b5p80kp122810kp122810-48x96.00399_0.000_220_-2-20_ptsink.lime
/scratch/usr/hhpmbate/chroma_2pt/48x96/b5p80kp122810kp122810/vector/lp001lp0001_g2_g4_q000_q220_q422_q442_q600_q642/correlators/meson_qcdsf.001.b5p80kp122810kp122810-48x96.00399_0.000_220_-2-20_smsnk30.lime
/scratch/usr/hhpmbate/chroma_2pt/48x96/b5p80kp122810kp122810/vector/lp001lp0001_g2_g4_q000_q220_q422_q442_q600_q642/correlators/meson_qcdsf.001.b5p80kp122810kp122810-48x96.00399_0.000_422_-4-2-2_ptsink.lime
/scratch/usr/hhpmbate/chroma_2pt/48x96/b5p80kp122810kp122810/vector/lp001lp0001_g2_g4_q000_q220_q422_q442_q600_q642/correlators/meson_qcdsf.001.b5p80kp122810kp122810-48x96.00399_0.000_422_-4-2-2_smsnk30.lime
/scratch/usr/hhpmbate/chroma_2pt/48x96/b5p80kp122810kp122810/vector/lp001lp0001_g2_g4_q000_q220_q422_q442_q600_q642/correlators/meson_qcdsf.001.b5p80kp122810kp122810-48x96.00399_0.000_442_-4-4-2_ptsink.lime
/scratch/usr/hhpmbate/chroma_2pt/48x96/b5p80kp122810kp122810/vector/lp001lp0001_g2_g4_q000_q220_q422_q442_q600_q642/correlators/meson_qcdsf.001.b5p80kp122810kp122810-48x96.00399_0.000_442_-4-4-2_smsnk30.lime
/scratch/usr/hhpmbate/chroma_2pt/48x96/b5p80kp122810kp122810/vector/lp001lp0001_g2_g4_q000_q220_q422_q442_q600_q642/correlators/meson_qcdsf.001.b5p80kp122810kp122810-48x96.00399_0.000_600_-600_ptsink.lime
/scratch/usr/hhpmbate/chroma_2pt/48x96/b5p80kp122810kp122810/vector/lp001lp0001_g2_g4_q000_q220_q422_q442_q600_q642/correlators/meson_qcdsf.001.b5p80kp122810kp122810-48x96.00399_0.000_600_-600_smsnk30.lime
/scratch/usr/hhpmbate/chroma_2pt/48x96/b5p80kp122810kp122810/vector/lp001lp0001_g2_g4_q000_q220_q422_q442_q600_q642/correlators/meson_qcdsf.001.b5p80kp122810kp122810-48x96.00400_0.000_000_000_ptsink.lime
/scratch/usr/hhpmbate/chroma_2pt/48x96/b5p80kp122810kp122810/vector/lp001lp0001_g2_g4_q000_q220_q422_q442_q600_q642/correlators/meson_qcdsf.001.b5p80kp122810kp122810-48x96.00400_0.000_000_000_smsnk30.lime
/scratch/usr/hhpmbate/chroma_2pt/48x96/b5p80kp122810kp122810/vector/lp001lp0001_g2_g4_q000_q220_q422_q442_q600_q642/correlators/meson_qcdsf.001.b5p80kp122810kp122810-48x96.00400_0.000_220_-2-20_ptsink.lime
/scratch/usr/hhpmbate/chroma_2pt/48x96/b5p80kp122810kp122810/vector/lp001lp0001_g2_g4_q000_q220_q422_q442_q600_q642/correlators/meson_qcdsf.001.b5p80kp122810kp122810-48x96.00400_0.000_220_-2-20_smsnk30.lime
/scratch/usr/hhpmbate/chroma_2pt/48x96/b5p80kp122810kp122810/vector/lp001lp0001_g2_g4_q000_q220_q422_q442_q600_q642/correlators/meson_qcdsf.001.b5p80kp122810kp122810-48x96.00400_0.000_422_-4-2-2_ptsink.lime
/scratch/usr/hhpmbate/chroma_2pt/48x96/b5p80kp122810kp122810/vector/lp001lp0001_g2_g4_q000_q220_q422_q442_q600_q642/correlators/meson_qcdsf.001.b5p80kp122810kp122810-48x96.00400_0.000_422_-4-2-2_smsnk30.lime
/scratch/usr/hhpmbate/chroma_2pt/48x96/b5p80kp122810kp122810/vector/lp001lp0001_g2_g4_q000_q220_q422_q442_q600_q642/correlators/meson_qcdsf.001.b5p80kp122810kp122810-48x96.00400_0.000_442_-4-4-2_ptsink.lime
/scratch/usr/hhpmbate/chroma_2pt/48x96/b5p80kp122810kp122810/vector/lp001lp0001_g2_g4_q000_q220_q422_q442_q600_q642/correlators/meson_qcdsf.001.b5p80kp122810kp122810-48x96.00400_0.000_442_-4-4-2_smsnk30.lime
/scratch/usr/hhpmbate/chroma_2pt/48x96/b5p80kp122810kp122810/vector/lp001lp0001_g2_g4_q000_q220_q422_q442_q600_q642/correlators/meson_qcdsf.001.b5p80kp122810kp122810-48x96.00400_0.000_600_-600_ptsink.lime
/scratch/usr/hhpmbate/chroma_2pt/48x96/b5p80kp122810kp122810/vector/lp001lp0001_g2_g4_q000_q220_q422_q442_q600_q642/correlators/meson_qcdsf.001.b5p80kp122810kp122810-48x96.00400_0.000_600_-600_smsnk30.lime
/scratch/usr/hhpmbate/chroma_2pt/48x96/b5p80kp122810kp122810/vector/lp001lp0001_g2_g4_q000_q220_q422_q442_q600_q642/correlators/meson_qcdsf.001.b5p80kp122810kp122810-48x96.00401_0.000_000_000_ptsink.lime
/scratch/usr/hhpmbate/chroma_2pt/48x96/b5p80kp122810kp122810/vector/lp001lp0001_g2_g4_q000_q220_q422_q442_q600_q642/correlators/meson_qcdsf.001.b5p80kp122810kp122810-48x96.00401_0.000_000_000_smsnk30.lime
/scratch/usr/hhpmbate/chroma_2pt/48x96/b5p80kp122810kp122810/vector/lp001lp0001_g2_g4_q000_q220_q422_q442_q600_q642/correlators/meson_qcdsf.001.b5p80kp122810kp122810-48x96.00401_0.000_220_-2-20_ptsink.lime
/scratch/usr/hhpmbate/chroma_2pt/48x96/b5p80kp122810kp122810/vector/lp001lp0001_g2_g4_q000_q220_q422_q442_q600_q642/correlators/meson_qcdsf.001.b5p80kp122810kp122810-48x96.00401_0.000_220_-2-20_smsnk30.lime
/scratch/usr/hhpmbate/chroma_2pt/48x96/b5p80kp122810kp122810/vector/lp001lp0001_g2_g4_q000_q220_q422_q442_q600_q642/correlators/meson_qcdsf.001.b5p80kp122810kp122810-48x96.00401_0.000_422_-4-2-2_ptsink.lime
/scratch/usr/hhpmbate/chroma_2pt/48x96/b5p80kp122810kp122810/vector/lp001lp0001_g2_g4_q000_q220_q422_q442_q600_q642/correlators/meson_qcdsf.001.b5p80kp122810kp122810-48x96.00401_0.000_422_-4-2-2_smsnk30.lime
/scratch/usr/hhpmbate/chroma_2pt/48x96/b5p80kp122810kp122810/vector/lp001lp0001_g2_g4_q000_q220_q422_q442_q600_q642/correlators/meson_qcdsf.001.b5p80kp122810kp122810-48x96.00401_0.000_442_-4-4-2_ptsink.lime
/scratch/usr/hhpmbate/chroma_2pt/48x96/b5p80kp122810kp122810/vector/lp001lp0001_g2_g4_q000_q220_q422_q442_q600_q642/correlators/meson_qcdsf.001.b5p80kp122810kp122810-48x96.00401_0.000_442_-4-4-2_smsnk30.lime
/scratch/usr/hhpmbate/chroma_2pt/48x96/b5p80kp122810kp122810/vector/lp001lp0001_g2_g4_q000_q220_q422_q442_q600_q642/correlators/meson_qcdsf.001.b5p80kp122810kp122810-48x96.00401_0.000_600_-600_ptsink.lime
/scratch/usr/hhpmbate/chroma_2pt/48x96/b5p80kp122810kp122810/vector/lp001lp0001_g2_g4_q000_q220_q422_q442_q600_q642/correlators/meson_qcdsf.001.b5p80kp122810kp122810-48x96.00401_0.000_600_-600_smsnk30.lime
/scratch/usr/hhpmbate/chroma_2pt/48x96/b5p80kp122810kp122810/vector/lp001lp0001_g2_g4_q000_q220_q422_q442_q600_q642/correlators/meson_qcdsf.001.b5p80kp122810kp122810-48x96.00402_0.000_000_000_ptsink.lime
/scratch/usr/hhpmbate/chroma_2pt/48x96/b5p80kp122810kp122810/vector/lp001lp0001_g2_g4_q000_q220_q422_q442_q600_q642/correlators/meson_qcdsf.001.b5p80kp122810kp122810-48x96.00402_0.000_000_000_smsnk30.lime
/scratch/usr/hhpmbate/chroma_2pt/48x96/b5p80kp122810kp122810/vector/lp001lp0001_g2_g4_q000_q220_q422_q442_q600_q642/correlators/meson_qcdsf.001.b5p80kp122810kp122810-48x96.00402_0.000_220_-2-20_ptsink.lime
/scratch/usr/hhpmbate/chroma_2pt/48x96/b5p80kp122810kp122810/vector/lp001lp0001_g2_g4_q000_q220_q422_q442_q600_q642/correlators/meson_qcdsf.001.b5p80kp122810kp122810-48x96.00402_0.000_220_-2-20_smsnk30.lime
/scratch/usr/hhpmbate/chroma_2pt/48x96/b5p80kp122810kp122810/vector/lp001lp0001_g2_g4_q000_q220_q422_q442_q600_q642/correlators/meson_qcdsf.001.b5p80kp122810kp122810-48x96.00402_0.000_422_-4-2-2_ptsink.lime
/scratch/usr/hhpmbate/chroma_2pt/48x96/b5p80kp122810kp122810/vector/lp001lp0001_g2_g4_q000_q220_q422_q442_q600_q642/correlators/meson_qcdsf.001.b5p80kp122810kp122810-48x96.00402_0.000_422_-4-2-2_smsnk30.lime
/scratch/usr/hhpmbate/chroma_2pt/48x96/b5p80kp122810kp122810/vector/lp001lp0001_g2_g4_q000_q220_q422_q442_q600_q642/correlators/meson_qcdsf.001.b5p80kp122810kp122810-48x96.00402_0.000_442_-4-4-2_ptsink.lime
/scratch/usr/hhpmbate/chroma_2pt/48x96/b5p80kp122810kp122810/vector/lp001lp0001_g2_g4_q000_q220_q422_q442_q600_q642/correlators/meson_qcdsf.001.b5p80kp122810kp122810-48x96.00402_0.000_442_-4-4-2_smsnk30.lime
/scratch/usr/hhpmbate/chroma_2pt/48x96/b5p80kp122810kp122810/vector/lp001lp0001_g2_g4_q000_q220_q422_q442_q600_q642/correlators/meson_qcdsf.001.b5p80kp122810kp122810-48x96.00402_0.000_600_-600_ptsink.lime
/scratch/usr/hhpmbate/chroma_2pt/48x96/b5p80kp122810kp122810/vector/lp001lp0001_g2_g4_q000_q220_q422_q442_q600_q642/correlators/meson_qcdsf.001.b5p80kp122810kp122810-48x96.00402_0.000_600_-600_smsnk30.lime
/scratch/usr/hhpmbate/chroma_2pt/48x96/b5p80kp122810kp122810/vector/lp001lp0001_g2_g4_q000_q220_q422_q442_q600_q642/correlators/meson_qcdsf.001.b5p80kp122810kp122810-48x96.00403_0.000_000_000_ptsink.lime
/scratch/usr/hhpmbate/chroma_2pt/48x96/b5p80kp122810kp122810/vector/lp001lp0001_g2_g4_q000_q220_q422_q442_q600_q642/correlators/meson_qcdsf.001.b5p80kp122810kp122810-48x96.00403_0.000_000_000_smsnk30.lime
/scratch/usr/hhpmbate/chroma_2pt/48x96/b5p80kp122810kp122810/vector/lp001lp0001_g2_g4_q000_q220_q422_q442_q600_q642/correlators/meson_qcdsf.001.b5p80kp122810kp122810-48x96.00403_0.000_220_-2-20_ptsink.lime
/scratch/usr/hhpmbate/chroma_2pt/48x96/b5p80kp122810kp122810/vector/lp001lp0001_g2_g4_q000_q220_q422_q442_q600_q642/correlators/meson_qcdsf.001.b5p80kp122810kp122810-48x96.00403_0.000_220_-2-20_smsnk30.lime
/scratch/usr/hhpmbate/chroma_2pt/48x96/b5p80kp122810kp122810/vector/lp001lp0001_g2_g4_q000_q220_q422_q442_q600_q642/correlators/meson_qcdsf.001.b5p80kp122810kp122810-48x96.00403_0.000_422_-4-2-2_ptsink.lime
/scratch/usr/hhpmbate/chroma_2pt/48x96/b5p80kp122810kp122810/vector/lp001lp0001_g2_g4_q000_q220_q422_q442_q600_q642/correlators/meson_qcdsf.001.b5p80kp122810kp122810-48x96.00403_0.000_422_-4-2-2_smsnk30.lime
/scratch/usr/hhpmbate/chroma_2pt/48x96/b5p80kp122810kp122810/vector/lp001lp0001_g2_g4_q000_q220_q422_q442_q600_q642/correlators/meson_qcdsf.001.b5p80kp122810kp122810-48x96.00403_0.000_442_-4-4-2_ptsink.lime
/scratch/usr/hhpmbate/chroma_2pt/48x96/b5p80kp122810kp122810/vector/lp001lp0001_g2_g4_q000_q220_q422_q442_q600_q642/correlators/meson_qcdsf.001.b5p80kp122810kp122810-48x96.00403_0.000_442_-4-4-2_smsnk30.lime
/scratch/usr/hhpmbate/chroma_2pt/48x96/b5p80kp122810kp122810/vector/lp001lp0001_g2_g4_q000_q220_q422_q442_q600_q642/correlators/meson_qcdsf.001.b5p80kp122810kp122810-48x96.00403_0.000_600_-600_ptsink.lime
/scratch/usr/hhpmbate/chroma_2pt/48x96/b5p80kp122810kp122810/vector/lp001lp0001_g2_g4_q000_q220_q422_q442_q600_q642/correlators/meson_qcdsf.001.b5p80kp122810kp122810-48x96.00403_0.000_600_-600_smsnk30.lime
/scratch/usr/hhpmbate/chroma_2pt/48x96/b5p80kp122810kp122810/vector/lp001lp0001_g2_g4_q000_q220_q422_q442_q600_q642/correlators/meson_qcdsf.001.b5p80kp122810kp122810-48x96.00404_0.000_000_000_ptsink.lime
/scratch/usr/hhpmbate/chroma_2pt/48x96/b5p80kp122810kp122810/vector/lp001lp0001_g2_g4_q000_q220_q422_q442_q600_q642/correlators/meson_qcdsf.001.b5p80kp122810kp122810-48x96.00404_0.000_000_000_smsnk30.lime
/scratch/usr/hhpmbate/chroma_2pt/48x96/b5p80kp122810kp122810/vector/lp001lp0001_g2_g4_q000_q220_q422_q442_q600_q642/correlators/meson_qcdsf.001.b5p80kp122810kp122810-48x96.00404_0.000_220_-2-20_ptsink.lime
/scratch/usr/hhpmbate/chroma_2pt/48x96/b5p80kp122810kp122810/vector/lp001lp0001_g2_g4_q000_q220_q422_q442_q600_q642/correlators/meson_qcdsf.001.b5p80kp122810kp122810-48x96.00404_0.000_220_-2-20_smsnk30.lime
/scratch/usr/hhpmbate/chroma_2pt/48x96/b5p80kp122810kp122810/vector/lp001lp0001_g2_g4_q000_q220_q422_q442_q600_q642/correlators/meson_qcdsf.001.b5p80kp122810kp122810-48x96.00404_0.000_422_-4-2-2_ptsink.lime
/scratch/usr/hhpmbate/chroma_2pt/48x96/b5p80kp122810kp122810/vector/lp001lp0001_g2_g4_q000_q220_q422_q442_q600_q642/correlators/meson_qcdsf.001.b5p80kp122810kp122810-48x96.00404_0.000_422_-4-2-2_smsnk30.lime
/scratch/usr/hhpmbate/chroma_2pt/48x96/b5p80kp122810kp122810/vector/lp001lp0001_g2_g4_q000_q220_q422_q442_q600_q642/correlators/meson_qcdsf.001.b5p80kp122810kp122810-48x96.00404_0.000_442_-4-4-2_ptsink.lime
/scratch/usr/hhpmbate/chroma_2pt/48x96/b5p80kp122810kp122810/vector/lp001lp0001_g2_g4_q000_q220_q422_q442_q600_q642/correlators/meson_qcdsf.001.b5p80kp122810kp122810-48x96.00404_0.000_442_-4-4-2_smsnk30.lime
/scratch/usr/hhpmbate/chroma_2pt/48x96/b5p80kp122810kp122810/vector/lp001lp0001_g2_g4_q000_q220_q422_q442_q600_q642/correlators/meson_qcdsf.001.b5p80kp122810kp122810-48x96.00404_0.000_600_-600_ptsink.lime
/scratch/usr/hhpmbate/chroma_2pt/48x96/b5p80kp122810kp122810/vector/lp001lp0001_g2_g4_q000_q220_q422_q442_q600_q642/correlators/meson_qcdsf.001.b5p80kp122810kp122810-48x96.00404_0.000_600_-600_smsnk30.lime
/scratch/usr/hhpmbate/chroma_2pt/48x96/b5p80kp122810kp122810/vector/lp001lp0001_g2_g4_q000_q220_q422_q442_q600_q642/correlators/meson_qcdsf.001.b5p80kp122810kp122810-48x96.00405_0.000_000_000_ptsink.lime
/scratch/usr/hhpmbate/chroma_2pt/48x96/b5p80kp122810kp122810/vector/lp001lp0001_g2_g4_q000_q220_q422_q442_q600_q642/correlators/meson_qcdsf.001.b5p80kp122810kp122810-48x96.00405_0.000_000_000_smsnk30.lime
/scratch/usr/hhpmbate/chroma_2pt/48x96/b5p80kp122810kp122810/vector/lp001lp0001_g2_g4_q000_q220_q422_q442_q600_q642/correlators/meson_qcdsf.001.b5p80kp122810kp122810-48x96.00405_0.000_220_-2-20_ptsink.lime
/scratch/usr/hhpmbate/chroma_2pt/48x96/b5p80kp122810kp122810/vector/lp001lp0001_g2_g4_q000_q220_q422_q442_q600_q642/correlators/meson_qcdsf.001.b5p80kp122810kp122810-48x96.00405_0.000_220_-2-20_smsnk30.lime
/scratch/usr/hhpmbate/chroma_2pt/48x96/b5p80kp122810kp122810/vector/lp001lp0001_g2_g4_q000_q220_q422_q442_q600_q642/correlators/meson_qcdsf.001.b5p80kp122810kp122810-48x96.00405_0.000_422_-4-2-2_ptsink.lime
/scratch/usr/hhpmbate/chroma_2pt/48x96/b5p80kp122810kp122810/vector/lp001lp0001_g2_g4_q000_q220_q422_q442_q600_q642/correlators/meson_qcdsf.001.b5p80kp122810kp122810-48x96.00405_0.000_422_-4-2-2_smsnk30.lime
/scratch/usr/hhpmbate/chroma_2pt/48x96/b5p80kp122810kp122810/vector/lp001lp0001_g2_g4_q000_q220_q422_q442_q600_q642/correlators/meson_qcdsf.001.b5p80kp122810kp122810-48x96.00405_0.000_442_-4-4-2_ptsink.lime
/scratch/usr/hhpmbate/chroma_2pt/48x96/b5p80kp122810kp122810/vector/lp001lp0001_g2_g4_q000_q220_q422_q442_q600_q642/correlators/meson_qcdsf.001.b5p80kp122810kp122810-48x96.00405_0.000_442_-4-4-2_smsnk30.lime
/scratch/usr/hhpmbate/chroma_2pt/48x96/b5p80kp122810kp122810/vector/lp001lp0001_g2_g4_q000_q220_q422_q442_q600_q642/correlators/meson_qcdsf.001.b5p80kp122810kp122810-48x96.00405_0.000_600_-600_ptsink.lime
/scratch/usr/hhpmbate/chroma_2pt/48x96/b5p80kp122810kp122810/vector/lp001lp0001_g2_g4_q000_q220_q422_q442_q600_q642/correlators/meson_qcdsf.001.b5p80kp122810kp122810-48x96.00405_0.000_600_-600_smsnk30.lime
/scratch/usr/hhpmbate/chroma_2pt/48x96/b5p80kp122810kp122810/vector/lp001lp0001_g2_g4_q000_q220_q422_q442_q600_q642/correlators/meson_qcdsf.001.b5p80kp122810kp122810-48x96.00406_0.000_000_000_ptsink.lime
/scratch/usr/hhpmbate/chroma_2pt/48x96/b5p80kp122810kp122810/vector/lp001lp0001_g2_g4_q000_q220_q422_q442_q600_q642/correlators/meson_qcdsf.001.b5p80kp122810kp122810-48x96.00406_0.000_000_000_smsnk30.lime
/scratch/usr/hhpmbate/chroma_2pt/48x96/b5p80kp122810kp122810/vector/lp001lp0001_g2_g4_q000_q220_q422_q442_q600_q642/correlators/meson_qcdsf.001.b5p80kp122810kp122810-48x96.00406_0.000_220_-2-20_ptsink.lime
/scratch/usr/hhpmbate/chroma_2pt/48x96/b5p80kp122810kp122810/vector/lp001lp0001_g2_g4_q000_q220_q422_q442_q600_q642/correlators/meson_qcdsf.001.b5p80kp122810kp122810-48x96.00406_0.000_220_-2-20_smsnk30.lime
/scratch/usr/hhpmbate/chroma_2pt/48x96/b5p80kp122810kp122810/vector/lp001lp0001_g2_g4_q000_q220_q422_q442_q600_q642/correlators/meson_qcdsf.001.b5p80kp122810kp122810-48x96.00406_0.000_422_-4-2-2_ptsink.lime
/scratch/usr/hhpmbate/chroma_2pt/48x96/b5p80kp122810kp122810/vector/lp001lp0001_g2_g4_q000_q220_q422_q442_q600_q642/correlators/meson_qcdsf.001.b5p80kp122810kp122810-48x96.00406_0.000_422_-4-2-2_smsnk30.lime
/scratch/usr/hhpmbate/chroma_2pt/48x96/b5p80kp122810kp122810/vector/lp001lp0001_g2_g4_q000_q220_q422_q442_q600_q642/correlators/meson_qcdsf.001.b5p80kp122810kp122810-48x96.00406_0.000_442_-4-4-2_ptsink.lime
/scratch/usr/hhpmbate/chroma_2pt/48x96/b5p80kp122810kp122810/vector/lp001lp0001_g2_g4_q000_q220_q422_q442_q600_q642/correlators/meson_qcdsf.001.b5p80kp122810kp122810-48x96.00406_0.000_442_-4-4-2_smsnk30.lime
/scratch/usr/hhpmbate/chroma_2pt/48x96/b5p80kp122810kp122810/vector/lp001lp0001_g2_g4_q000_q220_q422_q442_q600_q642/correlators/meson_qcdsf.001.b5p80kp122810kp122810-48x96.00406_0.000_600_-600_ptsink.lime
/scratch/usr/hhpmbate/chroma_2pt/48x96/b5p80kp122810kp122810/vector/lp001lp0001_g2_g4_q000_q220_q422_q442_q600_q642/correlators/meson_qcdsf.001.b5p80kp122810kp122810-48x96.00406_0.000_600_-600_smsnk30.lime
/scratch/usr/hhpmbate/chroma_2pt/48x96/b5p80kp122810kp122810/vector/lp001lp0001_g2_g4_q000_q220_q422_q442_q600_q642/correlators/meson_qcdsf.001.b5p80kp122810kp122810-48x96.00407_0.000_000_000_ptsink.lime
/scratch/usr/hhpmbate/chroma_2pt/48x96/b5p80kp122810kp122810/vector/lp001lp0001_g2_g4_q000_q220_q422_q442_q600_q642/correlators/meson_qcdsf.001.b5p80kp122810kp122810-48x96.00407_0.000_000_000_smsnk30.lime
/scratch/usr/hhpmbate/chroma_2pt/48x96/b5p80kp122810kp122810/vector/lp001lp0001_g2_g4_q000_q220_q422_q442_q600_q642/correlators/meson_qcdsf.001.b5p80kp122810kp122810-48x96.00407_0.000_220_-2-20_ptsink.lime
/scratch/usr/hhpmbate/chroma_2pt/48x96/b5p80kp122810kp122810/vector/lp001lp0001_g2_g4_q000_q220_q422_q442_q600_q642/correlators/meson_qcdsf.001.b5p80kp122810kp122810-48x96.00407_0.000_220_-2-20_smsnk30.lime
/scratch/usr/hhpmbate/chroma_2pt/48x96/b5p80kp122810kp122810/vector/lp001lp0001_g2_g4_q000_q220_q422_q442_q600_q642/correlators/meson_qcdsf.001.b5p80kp122810kp122810-48x96.00407_0.000_422_-4-2-2_ptsink.lime
/scratch/usr/hhpmbate/chroma_2pt/48x96/b5p80kp122810kp122810/vector/lp001lp0001_g2_g4_q000_q220_q422_q442_q600_q642/correlators/meson_qcdsf.001.b5p80kp122810kp122810-48x96.00407_0.000_422_-4-2-2_smsnk30.lime
/scratch/usr/hhpmbate/chroma_2pt/48x96/b5p80kp122810kp122810/vector/lp001lp0001_g2_g4_q000_q220_q422_q442_q600_q642/correlators/meson_qcdsf.001.b5p80kp122810kp122810-48x96.00407_0.000_442_-4-4-2_ptsink.lime
/scratch/usr/hhpmbate/chroma_2pt/48x96/b5p80kp122810kp122810/vector/lp001lp0001_g2_g4_q000_q220_q422_q442_q600_q642/correlators/meson_qcdsf.001.b5p80kp122810kp122810-48x96.00407_0.000_442_-4-4-2_smsnk30.lime
/scratch/usr/hhpmbate/chroma_2pt/48x96/b5p80kp122810kp122810/vector/lp001lp0001_g2_g4_q000_q220_q422_q442_q600_q642/correlators/meson_qcdsf.001.b5p80kp122810kp122810-48x96.00407_0.000_600_-600_ptsink.lime
/scratch/usr/hhpmbate/chroma_2pt/48x96/b5p80kp122810kp122810/vector/lp001lp0001_g2_g4_q000_q220_q422_q442_q600_q642/correlators/meson_qcdsf.001.b5p80kp122810kp122810-48x96.00407_0.000_600_-600_smsnk30.lime
/scratch/usr/hhpmbate/chroma_2pt/48x96/b5p80kp122810kp122810/vector/lp001lp0001_g2_g4_q000_q220_q422_q442_q600_q642/correlators/meson_qcdsf.001.b5p80kp122810kp122810-48x96.00408_0.000_000_000_ptsink.lime
/scratch/usr/hhpmbate/chroma_2pt/48x96/b5p80kp122810kp122810/vector/lp001lp0001_g2_g4_q000_q220_q422_q442_q600_q642/correlators/meson_qcdsf.001.b5p80kp122810kp122810-48x96.00408_0.000_000_000_smsnk30.lime
/scratch/usr/hhpmbate/chroma_2pt/48x96/b5p80kp122810kp122810/vector/lp001lp0001_g2_g4_q000_q220_q422_q442_q600_q642/correlators/meson_qcdsf.001.b5p80kp122810kp122810-48x96.00408_0.000_220_-2-20_ptsink.lime
/scratch/usr/hhpmbate/chroma_2pt/48x96/b5p80kp122810kp122810/vector/lp001lp0001_g2_g4_q000_q220_q422_q442_q600_q642/correlators/meson_qcdsf.001.b5p80kp122810kp122810-48x96.00408_0.000_220_-2-20_smsnk30.lime
/scratch/usr/hhpmbate/chroma_2pt/48x96/b5p80kp122810kp122810/vector/lp001lp0001_g2_g4_q000_q220_q422_q442_q600_q642/correlators/meson_qcdsf.001.b5p80kp122810kp122810-48x96.00408_0.000_422_-4-2-2_ptsink.lime
/scratch/usr/hhpmbate/chroma_2pt/48x96/b5p80kp122810kp122810/vector/lp001lp0001_g2_g4_q000_q220_q422_q442_q600_q642/correlators/meson_qcdsf.001.b5p80kp122810kp122810-48x96.00408_0.000_422_-4-2-2_smsnk30.lime
/scratch/usr/hhpmbate/chroma_2pt/48x96/b5p80kp122810kp122810/vector/lp001lp0001_g2_g4_q000_q220_q422_q442_q600_q642/correlators/meson_qcdsf.001.b5p80kp122810kp122810-48x96.00408_0.000_442_-4-4-2_ptsink.lime
/scratch/usr/hhpmbate/chroma_2pt/48x96/b5p80kp122810kp122810/vector/lp001lp0001_g2_g4_q000_q220_q422_q442_q600_q642/correlators/meson_qcdsf.001.b5p80kp122810kp122810-48x96.00408_0.000_442_-4-4-2_smsnk30.lime
/scratch/usr/hhpmbate/chroma_2pt/48x96/b5p80kp122810kp122810/vector/lp001lp0001_g2_g4_q000_q220_q422_q442_q600_q642/correlators/meson_qcdsf.001.b5p80kp122810kp122810-48x96.00408_0.000_600_-600_ptsink.lime
/scratch/usr/hhpmbate/chroma_2pt/48x96/b5p80kp122810kp122810/vector/lp001lp0001_g2_g4_q000_q220_q422_q442_q600_q642/correlators/meson_qcdsf.001.b5p80kp122810kp122810-48x96.00408_0.000_600_-600_smsnk30.lime
/scratch/usr/hhpmbate/chroma_2pt/48x96/b5p80kp122810kp122810/vector/lp001lp0001_g2_g4_q000_q220_q422_q442_q600_q642/correlators/meson_qcdsf.001.b5p80kp122810kp122810-48x96.00409_0.000_000_000_ptsink.lime
/scratch/usr/hhpmbate/chroma_2pt/48x96/b5p80kp122810kp122810/vector/lp001lp0001_g2_g4_q000_q220_q422_q442_q600_q642/correlators/meson_qcdsf.001.b5p80kp122810kp122810-48x96.00409_0.000_000_000_smsnk30.lime
/scratch/usr/hhpmbate/chroma_2pt/48x96/b5p80kp122810kp122810/vector/lp001lp0001_g2_g4_q000_q220_q422_q442_q600_q642/correlators/meson_qcdsf.001.b5p80kp122810kp122810-48x96.00409_0.000_220_-2-20_ptsink.lime
/scratch/usr/hhpmbate/chroma_2pt/48x96/b5p80kp122810kp122810/vector/lp001lp0001_g2_g4_q000_q220_q422_q442_q600_q642/correlators/meson_qcdsf.001.b5p80kp122810kp122810-48x96.00409_0.000_220_-2-20_smsnk30.lime
/scratch/usr/hhpmbate/chroma_2pt/48x96/b5p80kp122810kp122810/vector/lp001lp0001_g2_g4_q000_q220_q422_q442_q600_q642/correlators/meson_qcdsf.001.b5p80kp122810kp122810-48x96.00409_0.000_422_-4-2-2_ptsink.lime
/scratch/usr/hhpmbate/chroma_2pt/48x96/b5p80kp122810kp122810/vector/lp001lp0001_g2_g4_q000_q220_q422_q442_q600_q642/correlators/meson_qcdsf.001.b5p80kp122810kp122810-48x96.00409_0.000_422_-4-2-2_smsnk30.lime
/scratch/usr/hhpmbate/chroma_2pt/48x96/b5p80kp122810kp122810/vector/lp001lp0001_g2_g4_q000_q220_q422_q442_q600_q642/correlators/meson_qcdsf.001.b5p80kp122810kp122810-48x96.00409_0.000_442_-4-4-2_ptsink.lime
/scratch/usr/hhpmbate/chroma_2pt/48x96/b5p80kp122810kp122810/vector/lp001lp0001_g2_g4_q000_q220_q422_q442_q600_q642/correlators/meson_qcdsf.001.b5p80kp122810kp122810-48x96.00409_0.000_442_-4-4-2_smsnk30.lime
/scratch/usr/hhpmbate/chroma_2pt/48x96/b5p80kp122810kp122810/vector/lp001lp0001_g2_g4_q000_q220_q422_q442_q600_q642/correlators/meson_qcdsf.001.b5p80kp122810kp122810-48x96.00409_0.000_600_-600_ptsink.lime
/scratch/usr/hhpmbate/chroma_2pt/48x96/b5p80kp122810kp122810/vector/lp001lp0001_g2_g4_q000_q220_q422_q442_q600_q642/correlators/meson_qcdsf.001.b5p80kp122810kp122810-48x96.00409_0.000_600_-600_smsnk30.lime
/scratch/usr/hhpmbate/chroma_2pt/48x96/b5p80kp122810kp122810/vector/lp001lp0001_g2_g4_q000_q220_q422_q442_q600_q642/correlators/meson_qcdsf.001.b5p80kp122810kp122810-48x96.00410_0.000_000_000_ptsink.lime
/scratch/usr/hhpmbate/chroma_2pt/48x96/b5p80kp122810kp122810/vector/lp001lp0001_g2_g4_q000_q220_q422_q442_q600_q642/correlators/meson_qcdsf.001.b5p80kp122810kp122810-48x96.00410_0.000_000_000_smsnk30.lime
/scratch/usr/hhpmbate/chroma_2pt/48x96/b5p80kp122810kp122810/vector/lp001lp0001_g2_g4_q000_q220_q422_q442_q600_q642/correlators/meson_qcdsf.001.b5p80kp122810kp122810-48x96.00410_0.000_220_-2-20_ptsink.lime
/scratch/usr/hhpmbate/chroma_2pt/48x96/b5p80kp122810kp122810/vector/lp001lp0001_g2_g4_q000_q220_q422_q442_q600_q642/correlators/meson_qcdsf.001.b5p80kp122810kp122810-48x96.00410_0.000_220_-2-20_smsnk30.lime
/scratch/usr/hhpmbate/chroma_2pt/48x96/b5p80kp122810kp122810/vector/lp001lp0001_g2_g4_q000_q220_q422_q442_q600_q642/correlators/meson_qcdsf.001.b5p80kp122810kp122810-48x96.00410_0.000_422_-4-2-2_ptsink.lime
/scratch/usr/hhpmbate/chroma_2pt/48x96/b5p80kp122810kp122810/vector/lp001lp0001_g2_g4_q000_q220_q422_q442_q600_q642/correlators/meson_qcdsf.001.b5p80kp122810kp122810-48x96.00410_0.000_422_-4-2-2_smsnk30.lime
/scratch/usr/hhpmbate/chroma_2pt/48x96/b5p80kp122810kp122810/vector/lp001lp0001_g2_g4_q000_q220_q422_q442_q600_q642/correlators/meson_qcdsf.001.b5p80kp122810kp122810-48x96.00410_0.000_442_-4-4-2_ptsink.lime
/scratch/usr/hhpmbate/chroma_2pt/48x96/b5p80kp122810kp122810/vector/lp001lp0001_g2_g4_q000_q220_q422_q442_q600_q642/correlators/meson_qcdsf.001.b5p80kp122810kp122810-48x96.00410_0.000_442_-4-4-2_smsnk30.lime
/scratch/usr/hhpmbate/chroma_2pt/48x96/b5p80kp122810kp122810/vector/lp001lp0001_g2_g4_q000_q220_q422_q442_q600_q642/correlators/meson_qcdsf.001.b5p80kp122810kp122810-48x96.00410_0.000_600_-600_ptsink.lime
/scratch/usr/hhpmbate/chroma_2pt/48x96/b5p80kp122810kp122810/vector/lp001lp0001_g2_g4_q000_q220_q422_q442_q600_q642/correlators/meson_qcdsf.001.b5p80kp122810kp122810-48x96.00410_0.000_600_-600_smsnk30.lime
/scratch/usr/hhpmbate/chroma_2pt/48x96/b5p80kp122810kp122810/vector/lp001lp0001_g2_g4_q000_q220_q422_q442_q600_q642/correlators/meson_qcdsf.001.b5p80kp122810kp122810-48x96.00411_0.000_000_000_ptsink.lime
/scratch/usr/hhpmbate/chroma_2pt/48x96/b5p80kp122810kp122810/vector/lp001lp0001_g2_g4_q000_q220_q422_q442_q600_q642/correlators/meson_qcdsf.001.b5p80kp122810kp122810-48x96.00411_0.000_000_000_smsnk30.lime
/scratch/usr/hhpmbate/chroma_2pt/48x96/b5p80kp122810kp122810/vector/lp001lp0001_g2_g4_q000_q220_q422_q442_q600_q642/correlators/meson_qcdsf.001.b5p80kp122810kp122810-48x96.00411_0.000_220_-2-20_ptsink.lime
/scratch/usr/hhpmbate/chroma_2pt/48x96/b5p80kp122810kp122810/vector/lp001lp0001_g2_g4_q000_q220_q422_q442_q600_q642/correlators/meson_qcdsf.001.b5p80kp122810kp122810-48x96.00411_0.000_220_-2-20_smsnk30.lime
/scratch/usr/hhpmbate/chroma_2pt/48x96/b5p80kp122810kp122810/vector/lp001lp0001_g2_g4_q000_q220_q422_q442_q600_q642/correlators/meson_qcdsf.001.b5p80kp122810kp122810-48x96.00411_0.000_422_-4-2-2_ptsink.lime
/scratch/usr/hhpmbate/chroma_2pt/48x96/b5p80kp122810kp122810/vector/lp001lp0001_g2_g4_q000_q220_q422_q442_q600_q642/correlators/meson_qcdsf.001.b5p80kp122810kp122810-48x96.00411_0.000_422_-4-2-2_smsnk30.lime
/scratch/usr/hhpmbate/chroma_2pt/48x96/b5p80kp122810kp122810/vector/lp001lp0001_g2_g4_q000_q220_q422_q442_q600_q642/correlators/meson_qcdsf.001.b5p80kp122810kp122810-48x96.00411_0.000_442_-4-4-2_ptsink.lime
/scratch/usr/hhpmbate/chroma_2pt/48x96/b5p80kp122810kp122810/vector/lp001lp0001_g2_g4_q000_q220_q422_q442_q600_q642/correlators/meson_qcdsf.001.b5p80kp122810kp122810-48x96.00411_0.000_442_-4-4-2_smsnk30.lime
/scratch/usr/hhpmbate/chroma_2pt/48x96/b5p80kp122810kp122810/vector/lp001lp0001_g2_g4_q000_q220_q422_q442_q600_q642/correlators/meson_qcdsf.001.b5p80kp122810kp122810-48x96.00411_0.000_600_-600_ptsink.lime
/scratch/usr/hhpmbate/chroma_2pt/48x96/b5p80kp122810kp122810/vector/lp001lp0001_g2_g4_q000_q220_q422_q442_q600_q642/correlators/meson_qcdsf.001.b5p80kp122810kp122810-48x96.00411_0.000_600_-600_smsnk30.lime
/scratch/usr/hhpmbate/chroma_2pt/48x96/b5p80kp122810kp122810/vector/lp001lp0001_g2_g4_q000_q220_q422_q442_q600_q642/correlators/meson_qcdsf.001.b5p80kp122810kp122810-48x96.00412_0.000_000_000_ptsink.lime
/scratch/usr/hhpmbate/chroma_2pt/48x96/b5p80kp122810kp122810/vector/lp001lp0001_g2_g4_q000_q220_q422_q442_q600_q642/correlators/meson_qcdsf.001.b5p80kp122810kp122810-48x96.00412_0.000_000_000_smsnk30.lime
/scratch/usr/hhpmbate/chroma_2pt/48x96/b5p80kp122810kp122810/vector/lp001lp0001_g2_g4_q000_q220_q422_q442_q600_q642/correlators/meson_qcdsf.001.b5p80kp122810kp122810-48x96.00412_0.000_220_-2-20_ptsink.lime
/scratch/usr/hhpmbate/chroma_2pt/48x96/b5p80kp122810kp122810/vector/lp001lp0001_g2_g4_q000_q220_q422_q442_q600_q642/correlators/meson_qcdsf.001.b5p80kp122810kp122810-48x96.00412_0.000_220_-2-20_smsnk30.lime
/scratch/usr/hhpmbate/chroma_2pt/48x96/b5p80kp122810kp122810/vector/lp001lp0001_g2_g4_q000_q220_q422_q442_q600_q642/correlators/meson_qcdsf.001.b5p80kp122810kp122810-48x96.00412_0.000_422_-4-2-2_ptsink.lime
/scratch/usr/hhpmbate/chroma_2pt/48x96/b5p80kp122810kp122810/vector/lp001lp0001_g2_g4_q000_q220_q422_q442_q600_q642/correlators/meson_qcdsf.001.b5p80kp122810kp122810-48x96.00412_0.000_422_-4-2-2_smsnk30.lime
/scratch/usr/hhpmbate/chroma_2pt/48x96/b5p80kp122810kp122810/vector/lp001lp0001_g2_g4_q000_q220_q422_q442_q600_q642/correlators/meson_qcdsf.001.b5p80kp122810kp122810-48x96.00412_0.000_442_-4-4-2_ptsink.lime
/scratch/usr/hhpmbate/chroma_2pt/48x96/b5p80kp122810kp122810/vector/lp001lp0001_g2_g4_q000_q220_q422_q442_q600_q642/correlators/meson_qcdsf.001.b5p80kp122810kp122810-48x96.00412_0.000_442_-4-4-2_smsnk30.lime
/scratch/usr/hhpmbate/chroma_2pt/48x96/b5p80kp122810kp122810/vector/lp001lp0001_g2_g4_q000_q220_q422_q442_q600_q642/correlators/meson_qcdsf.001.b5p80kp122810kp122810-48x96.00412_0.000_600_-600_ptsink.lime
/scratch/usr/hhpmbate/chroma_2pt/48x96/b5p80kp122810kp122810/vector/lp001lp0001_g2_g4_q000_q220_q422_q442_q600_q642/correlators/meson_qcdsf.001.b5p80kp122810kp122810-48x96.00412_0.000_600_-600_smsnk30.lime
/scratch/usr/hhpmbate/chroma_2pt/48x96/b5p80kp122810kp122810/vector/lp001lp0001_g2_g4_q000_q220_q422_q442_q600_q642/correlators/meson_qcdsf.001.b5p80kp122810kp122810-48x96.00413_0.000_000_000_ptsink.lime
/scratch/usr/hhpmbate/chroma_2pt/48x96/b5p80kp122810kp122810/vector/lp001lp0001_g2_g4_q000_q220_q422_q442_q600_q642/correlators/meson_qcdsf.001.b5p80kp122810kp122810-48x96.00413_0.000_000_000_smsnk30.lime
/scratch/usr/hhpmbate/chroma_2pt/48x96/b5p80kp122810kp122810/vector/lp001lp0001_g2_g4_q000_q220_q422_q442_q600_q642/correlators/meson_qcdsf.001.b5p80kp122810kp122810-48x96.00413_0.000_220_-2-20_ptsink.lime
/scratch/usr/hhpmbate/chroma_2pt/48x96/b5p80kp122810kp122810/vector/lp001lp0001_g2_g4_q000_q220_q422_q442_q600_q642/correlators/meson_qcdsf.001.b5p80kp122810kp122810-48x96.00413_0.000_220_-2-20_smsnk30.lime
/scratch/usr/hhpmbate/chroma_2pt/48x96/b5p80kp122810kp122810/vector/lp001lp0001_g2_g4_q000_q220_q422_q442_q600_q642/correlators/meson_qcdsf.001.b5p80kp122810kp122810-48x96.00413_0.000_422_-4-2-2_ptsink.lime
/scratch/usr/hhpmbate/chroma_2pt/48x96/b5p80kp122810kp122810/vector/lp001lp0001_g2_g4_q000_q220_q422_q442_q600_q642/correlators/meson_qcdsf.001.b5p80kp122810kp122810-48x96.00413_0.000_422_-4-2-2_smsnk30.lime
/scratch/usr/hhpmbate/chroma_2pt/48x96/b5p80kp122810kp122810/vector/lp001lp0001_g2_g4_q000_q220_q422_q442_q600_q642/correlators/meson_qcdsf.001.b5p80kp122810kp122810-48x96.00413_0.000_442_-4-4-2_ptsink.lime
/scratch/usr/hhpmbate/chroma_2pt/48x96/b5p80kp122810kp122810/vector/lp001lp0001_g2_g4_q000_q220_q422_q442_q600_q642/correlators/meson_qcdsf.001.b5p80kp122810kp122810-48x96.00413_0.000_442_-4-4-2_smsnk30.lime
/scratch/usr/hhpmbate/chroma_2pt/48x96/b5p80kp122810kp122810/vector/lp001lp0001_g2_g4_q000_q220_q422_q442_q600_q642/correlators/meson_qcdsf.001.b5p80kp122810kp122810-48x96.00413_0.000_600_-600_ptsink.lime
/scratch/usr/hhpmbate/chroma_2pt/48x96/b5p80kp122810kp122810/vector/lp001lp0001_g2_g4_q000_q220_q422_q442_q600_q642/correlators/meson_qcdsf.001.b5p80kp122810kp122810-48x96.00413_0.000_600_-600_smsnk30.lime
/scratch/usr/hhpmbate/chroma_2pt/48x96/b5p80kp122810kp122810/vector/lp001lp0001_g2_g4_q000_q220_q422_q442_q600_q642/correlators/meson_qcdsf.001.b5p80kp122810kp122810-48x96.00414_0.000_000_000_ptsink.lime
/scratch/usr/hhpmbate/chroma_2pt/48x96/b5p80kp122810kp122810/vector/lp001lp0001_g2_g4_q000_q220_q422_q442_q600_q642/correlators/meson_qcdsf.001.b5p80kp122810kp122810-48x96.00414_0.000_000_000_smsnk30.lime
/scratch/usr/hhpmbate/chroma_2pt/48x96/b5p80kp122810kp122810/vector/lp001lp0001_g2_g4_q000_q220_q422_q442_q600_q642/correlators/meson_qcdsf.001.b5p80kp122810kp122810-48x96.00414_0.000_220_-2-20_ptsink.lime
/scratch/usr/hhpmbate/chroma_2pt/48x96/b5p80kp122810kp122810/vector/lp001lp0001_g2_g4_q000_q220_q422_q442_q600_q642/correlators/meson_qcdsf.001.b5p80kp122810kp122810-48x96.00414_0.000_220_-2-20_smsnk30.lime
/scratch/usr/hhpmbate/chroma_2pt/48x96/b5p80kp122810kp122810/vector/lp001lp0001_g2_g4_q000_q220_q422_q442_q600_q642/correlators/meson_qcdsf.001.b5p80kp122810kp122810-48x96.00414_0.000_422_-4-2-2_ptsink.lime
/scratch/usr/hhpmbate/chroma_2pt/48x96/b5p80kp122810kp122810/vector/lp001lp0001_g2_g4_q000_q220_q422_q442_q600_q642/correlators/meson_qcdsf.001.b5p80kp122810kp122810-48x96.00414_0.000_422_-4-2-2_smsnk30.lime
/scratch/usr/hhpmbate/chroma_2pt/48x96/b5p80kp122810kp122810/vector/lp001lp0001_g2_g4_q000_q220_q422_q442_q600_q642/correlators/meson_qcdsf.001.b5p80kp122810kp122810-48x96.00414_0.000_442_-4-4-2_ptsink.lime
/scratch/usr/hhpmbate/chroma_2pt/48x96/b5p80kp122810kp122810/vector/lp001lp0001_g2_g4_q000_q220_q422_q442_q600_q642/correlators/meson_qcdsf.001.b5p80kp122810kp122810-48x96.00414_0.000_442_-4-4-2_smsnk30.lime
/scratch/usr/hhpmbate/chroma_2pt/48x96/b5p80kp122810kp122810/vector/lp001lp0001_g2_g4_q000_q220_q422_q442_q600_q642/correlators/meson_qcdsf.001.b5p80kp122810kp122810-48x96.00414_0.000_600_-600_ptsink.lime
/scratch/usr/hhpmbate/chroma_2pt/48x96/b5p80kp122810kp122810/vector/lp001lp0001_g2_g4_q000_q220_q422_q442_q600_q642/correlators/meson_qcdsf.001.b5p80kp122810kp122810-48x96.00414_0.000_600_-600_smsnk30.lime
/scratch/usr/hhpmbate/chroma_2pt/48x96/b5p80kp122810kp122810/vector/lp001lp0001_g2_g4_q000_q220_q422_q442_q600_q642/correlators/meson_qcdsf.001.b5p80kp122810kp122810-48x96.00415_0.000_000_000_ptsink.lime
/scratch/usr/hhpmbate/chroma_2pt/48x96/b5p80kp122810kp122810/vector/lp001lp0001_g2_g4_q000_q220_q422_q442_q600_q642/correlators/meson_qcdsf.001.b5p80kp122810kp122810-48x96.00415_0.000_000_000_smsnk30.lime
/scratch/usr/hhpmbate/chroma_2pt/48x96/b5p80kp122810kp122810/vector/lp001lp0001_g2_g4_q000_q220_q422_q442_q600_q642/correlators/meson_qcdsf.001.b5p80kp122810kp122810-48x96.00415_0.000_220_-2-20_ptsink.lime
/scratch/usr/hhpmbate/chroma_2pt/48x96/b5p80kp122810kp122810/vector/lp001lp0001_g2_g4_q000_q220_q422_q442_q600_q642/correlators/meson_qcdsf.001.b5p80kp122810kp122810-48x96.00415_0.000_220_-2-20_smsnk30.lime
/scratch/usr/hhpmbate/chroma_2pt/48x96/b5p80kp122810kp122810/vector/lp001lp0001_g2_g4_q000_q220_q422_q442_q600_q642/correlators/meson_qcdsf.001.b5p80kp122810kp122810-48x96.00415_0.000_422_-4-2-2_ptsink.lime
/scratch/usr/hhpmbate/chroma_2pt/48x96/b5p80kp122810kp122810/vector/lp001lp0001_g2_g4_q000_q220_q422_q442_q600_q642/correlators/meson_qcdsf.001.b5p80kp122810kp122810-48x96.00415_0.000_422_-4-2-2_smsnk30.lime
/scratch/usr/hhpmbate/chroma_2pt/48x96/b5p80kp122810kp122810/vector/lp001lp0001_g2_g4_q000_q220_q422_q442_q600_q642/correlators/meson_qcdsf.001.b5p80kp122810kp122810-48x96.00415_0.000_442_-4-4-2_ptsink.lime
/scratch/usr/hhpmbate/chroma_2pt/48x96/b5p80kp122810kp122810/vector/lp001lp0001_g2_g4_q000_q220_q422_q442_q600_q642/correlators/meson_qcdsf.001.b5p80kp122810kp122810-48x96.00415_0.000_442_-4-4-2_smsnk30.lime
/scratch/usr/hhpmbate/chroma_2pt/48x96/b5p80kp122810kp122810/vector/lp001lp0001_g2_g4_q000_q220_q422_q442_q600_q642/correlators/meson_qcdsf.001.b5p80kp122810kp122810-48x96.00415_0.000_600_-600_ptsink.lime
/scratch/usr/hhpmbate/chroma_2pt/48x96/b5p80kp122810kp122810/vector/lp001lp0001_g2_g4_q000_q220_q422_q442_q600_q642/correlators/meson_qcdsf.001.b5p80kp122810kp122810-48x96.00415_0.000_600_-600_smsnk30.lime
/scratch/usr/hhpmbate/chroma_2pt/48x96/b5p80kp122810kp122810/vector/lp001lp0001_g2_g4_q000_q220_q422_q442_q600_q642/correlators/meson_qcdsf.001.b5p80kp122810kp122810-48x96.00416_0.000_000_000_ptsink.lime
/scratch/usr/hhpmbate/chroma_2pt/48x96/b5p80kp122810kp122810/vector/lp001lp0001_g2_g4_q000_q220_q422_q442_q600_q642/correlators/meson_qcdsf.001.b5p80kp122810kp122810-48x96.00416_0.000_000_000_smsnk30.lime
/scratch/usr/hhpmbate/chroma_2pt/48x96/b5p80kp122810kp122810/vector/lp001lp0001_g2_g4_q000_q220_q422_q442_q600_q642/correlators/meson_qcdsf.001.b5p80kp122810kp122810-48x96.00416_0.000_220_-2-20_ptsink.lime
/scratch/usr/hhpmbate/chroma_2pt/48x96/b5p80kp122810kp122810/vector/lp001lp0001_g2_g4_q000_q220_q422_q442_q600_q642/correlators/meson_qcdsf.001.b5p80kp122810kp122810-48x96.00416_0.000_220_-2-20_smsnk30.lime
/scratch/usr/hhpmbate/chroma_2pt/48x96/b5p80kp122810kp122810/vector/lp001lp0001_g2_g4_q000_q220_q422_q442_q600_q642/correlators/meson_qcdsf.001.b5p80kp122810kp122810-48x96.00416_0.000_422_-4-2-2_ptsink.lime
/scratch/usr/hhpmbate/chroma_2pt/48x96/b5p80kp122810kp122810/vector/lp001lp0001_g2_g4_q000_q220_q422_q442_q600_q642/correlators/meson_qcdsf.001.b5p80kp122810kp122810-48x96.00416_0.000_422_-4-2-2_smsnk30.lime
/scratch/usr/hhpmbate/chroma_2pt/48x96/b5p80kp122810kp122810/vector/lp001lp0001_g2_g4_q000_q220_q422_q442_q600_q642/correlators/meson_qcdsf.001.b5p80kp122810kp122810-48x96.00416_0.000_442_-4-4-2_ptsink.lime
/scratch/usr/hhpmbate/chroma_2pt/48x96/b5p80kp122810kp122810/vector/lp001lp0001_g2_g4_q000_q220_q422_q442_q600_q642/correlators/meson_qcdsf.001.b5p80kp122810kp122810-48x96.00416_0.000_442_-4-4-2_smsnk30.lime
/scratch/usr/hhpmbate/chroma_2pt/48x96/b5p80kp122810kp122810/vector/lp001lp0001_g2_g4_q000_q220_q422_q442_q600_q642/correlators/meson_qcdsf.001.b5p80kp122810kp122810-48x96.00416_0.000_600_-600_ptsink.lime
/scratch/usr/hhpmbate/chroma_2pt/48x96/b5p80kp122810kp122810/vector/lp001lp0001_g2_g4_q000_q220_q422_q442_q600_q642/correlators/meson_qcdsf.001.b5p80kp122810kp122810-48x96.00416_0.000_600_-600_smsnk30.lime
/scratch/usr/hhpmbate/chroma_2pt/48x96/b5p80kp122810kp122810/vector/lp001lp0001_g2_g4_q000_q220_q422_q442_q600_q642/correlators/meson_qcdsf.001.b5p80kp122810kp122810-48x96.00417_0.000_000_000_ptsink.lime
/scratch/usr/hhpmbate/chroma_2pt/48x96/b5p80kp122810kp122810/vector/lp001lp0001_g2_g4_q000_q220_q422_q442_q600_q642/correlators/meson_qcdsf.001.b5p80kp122810kp122810-48x96.00417_0.000_000_000_smsnk30.lime
/scratch/usr/hhpmbate/chroma_2pt/48x96/b5p80kp122810kp122810/vector/lp001lp0001_g2_g4_q000_q220_q422_q442_q600_q642/correlators/meson_qcdsf.001.b5p80kp122810kp122810-48x96.00417_0.000_220_-2-20_ptsink.lime
/scratch/usr/hhpmbate/chroma_2pt/48x96/b5p80kp122810kp122810/vector/lp001lp0001_g2_g4_q000_q220_q422_q442_q600_q642/correlators/meson_qcdsf.001.b5p80kp122810kp122810-48x96.00417_0.000_220_-2-20_smsnk30.lime
/scratch/usr/hhpmbate/chroma_2pt/48x96/b5p80kp122810kp122810/vector/lp001lp0001_g2_g4_q000_q220_q422_q442_q600_q642/correlators/meson_qcdsf.001.b5p80kp122810kp122810-48x96.00417_0.000_422_-4-2-2_ptsink.lime
/scratch/usr/hhpmbate/chroma_2pt/48x96/b5p80kp122810kp122810/vector/lp001lp0001_g2_g4_q000_q220_q422_q442_q600_q642/correlators/meson_qcdsf.001.b5p80kp122810kp122810-48x96.00417_0.000_422_-4-2-2_smsnk30.lime
/scratch/usr/hhpmbate/chroma_2pt/48x96/b5p80kp122810kp122810/vector/lp001lp0001_g2_g4_q000_q220_q422_q442_q600_q642/correlators/meson_qcdsf.001.b5p80kp122810kp122810-48x96.00417_0.000_442_-4-4-2_ptsink.lime
/scratch/usr/hhpmbate/chroma_2pt/48x96/b5p80kp122810kp122810/vector/lp001lp0001_g2_g4_q000_q220_q422_q442_q600_q642/correlators/meson_qcdsf.001.b5p80kp122810kp122810-48x96.00417_0.000_442_-4-4-2_smsnk30.lime
/scratch/usr/hhpmbate/chroma_2pt/48x96/b5p80kp122810kp122810/vector/lp001lp0001_g2_g4_q000_q220_q422_q442_q600_q642/correlators/meson_qcdsf.001.b5p80kp122810kp122810-48x96.00417_0.000_600_-600_ptsink.lime
/scratch/usr/hhpmbate/chroma_2pt/48x96/b5p80kp122810kp122810/vector/lp001lp0001_g2_g4_q000_q220_q422_q442_q600_q642/correlators/meson_qcdsf.001.b5p80kp122810kp122810-48x96.00417_0.000_600_-600_smsnk30.lime
/scratch/usr/hhpmbate/chroma_2pt/48x96/b5p80kp122810kp122810/vector/lp001lp0001_g2_g4_q000_q220_q422_q442_q600_q642/correlators/meson_qcdsf.001.b5p80kp122810kp122810-48x96.00418_0.000_000_000_ptsink.lime
/scratch/usr/hhpmbate/chroma_2pt/48x96/b5p80kp122810kp122810/vector/lp001lp0001_g2_g4_q000_q220_q422_q442_q600_q642/correlators/meson_qcdsf.001.b5p80kp122810kp122810-48x96.00418_0.000_000_000_smsnk30.lime
/scratch/usr/hhpmbate/chroma_2pt/48x96/b5p80kp122810kp122810/vector/lp001lp0001_g2_g4_q000_q220_q422_q442_q600_q642/correlators/meson_qcdsf.001.b5p80kp122810kp122810-48x96.00418_0.000_220_-2-20_ptsink.lime
/scratch/usr/hhpmbate/chroma_2pt/48x96/b5p80kp122810kp122810/vector/lp001lp0001_g2_g4_q000_q220_q422_q442_q600_q642/correlators/meson_qcdsf.001.b5p80kp122810kp122810-48x96.00418_0.000_220_-2-20_smsnk30.lime
/scratch/usr/hhpmbate/chroma_2pt/48x96/b5p80kp122810kp122810/vector/lp001lp0001_g2_g4_q000_q220_q422_q442_q600_q642/correlators/meson_qcdsf.001.b5p80kp122810kp122810-48x96.00418_0.000_422_-4-2-2_ptsink.lime
/scratch/usr/hhpmbate/chroma_2pt/48x96/b5p80kp122810kp122810/vector/lp001lp0001_g2_g4_q000_q220_q422_q442_q600_q642/correlators/meson_qcdsf.001.b5p80kp122810kp122810-48x96.00418_0.000_422_-4-2-2_smsnk30.lime
/scratch/usr/hhpmbate/chroma_2pt/48x96/b5p80kp122810kp122810/vector/lp001lp0001_g2_g4_q000_q220_q422_q442_q600_q642/correlators/meson_qcdsf.001.b5p80kp122810kp122810-48x96.00418_0.000_442_-4-4-2_ptsink.lime
/scratch/usr/hhpmbate/chroma_2pt/48x96/b5p80kp122810kp122810/vector/lp001lp0001_g2_g4_q000_q220_q422_q442_q600_q642/correlators/meson_qcdsf.001.b5p80kp122810kp122810-48x96.00418_0.000_442_-4-4-2_smsnk30.lime
/scratch/usr/hhpmbate/chroma_2pt/48x96/b5p80kp122810kp122810/vector/lp001lp0001_g2_g4_q000_q220_q422_q442_q600_q642/correlators/meson_qcdsf.001.b5p80kp122810kp122810-48x96.00418_0.000_600_-600_ptsink.lime
/scratch/usr/hhpmbate/chroma_2pt/48x96/b5p80kp122810kp122810/vector/lp001lp0001_g2_g4_q000_q220_q422_q442_q600_q642/correlators/meson_qcdsf.001.b5p80kp122810kp122810-48x96.00418_0.000_600_-600_smsnk30.lime
/scratch/usr/hhpmbate/chroma_2pt/48x96/b5p80kp122810kp122810/vector/lp001lp0001_g2_g4_q000_q220_q422_q442_q600_q642/correlators/meson_qcdsf.001.b5p80kp122810kp122810-48x96.00419_0.000_000_000_ptsink.lime
/scratch/usr/hhpmbate/chroma_2pt/48x96/b5p80kp122810kp122810/vector/lp001lp0001_g2_g4_q000_q220_q422_q442_q600_q642/correlators/meson_qcdsf.001.b5p80kp122810kp122810-48x96.00419_0.000_000_000_smsnk30.lime
/scratch/usr/hhpmbate/chroma_2pt/48x96/b5p80kp122810kp122810/vector/lp001lp0001_g2_g4_q000_q220_q422_q442_q600_q642/correlators/meson_qcdsf.001.b5p80kp122810kp122810-48x96.00419_0.000_220_-2-20_ptsink.lime
/scratch/usr/hhpmbate/chroma_2pt/48x96/b5p80kp122810kp122810/vector/lp001lp0001_g2_g4_q000_q220_q422_q442_q600_q642/correlators/meson_qcdsf.001.b5p80kp122810kp122810-48x96.00419_0.000_220_-2-20_smsnk30.lime
/scratch/usr/hhpmbate/chroma_2pt/48x96/b5p80kp122810kp122810/vector/lp001lp0001_g2_g4_q000_q220_q422_q442_q600_q642/correlators/meson_qcdsf.001.b5p80kp122810kp122810-48x96.00419_0.000_422_-4-2-2_ptsink.lime
/scratch/usr/hhpmbate/chroma_2pt/48x96/b5p80kp122810kp122810/vector/lp001lp0001_g2_g4_q000_q220_q422_q442_q600_q642/correlators/meson_qcdsf.001.b5p80kp122810kp122810-48x96.00419_0.000_422_-4-2-2_smsnk30.lime
/scratch/usr/hhpmbate/chroma_2pt/48x96/b5p80kp122810kp122810/vector/lp001lp0001_g2_g4_q000_q220_q422_q442_q600_q642/correlators/meson_qcdsf.001.b5p80kp122810kp122810-48x96.00419_0.000_442_-4-4-2_ptsink.lime
/scratch/usr/hhpmbate/chroma_2pt/48x96/b5p80kp122810kp122810/vector/lp001lp0001_g2_g4_q000_q220_q422_q442_q600_q642/correlators/meson_qcdsf.001.b5p80kp122810kp122810-48x96.00419_0.000_442_-4-4-2_smsnk30.lime
/scratch/usr/hhpmbate/chroma_2pt/48x96/b5p80kp122810kp122810/vector/lp001lp0001_g2_g4_q000_q220_q422_q442_q600_q642/correlators/meson_qcdsf.001.b5p80kp122810kp122810-48x96.00419_0.000_600_-600_ptsink.lime
/scratch/usr/hhpmbate/chroma_2pt/48x96/b5p80kp122810kp122810/vector/lp001lp0001_g2_g4_q000_q220_q422_q442_q600_q642/correlators/meson_qcdsf.001.b5p80kp122810kp122810-48x96.00419_0.000_600_-600_smsnk30.lime
/scratch/usr/hhpmbate/chroma_2pt/48x96/b5p80kp122810kp122810/vector/lp001lp0001_g2_g4_q000_q220_q422_q442_q600_q642/correlators/meson_qcdsf.001.b5p80kp122810kp122810-48x96.00420_0.000_000_000_ptsink.lime
/scratch/usr/hhpmbate/chroma_2pt/48x96/b5p80kp122810kp122810/vector/lp001lp0001_g2_g4_q000_q220_q422_q442_q600_q642/correlators/meson_qcdsf.001.b5p80kp122810kp122810-48x96.00420_0.000_000_000_smsnk30.lime
/scratch/usr/hhpmbate/chroma_2pt/48x96/b5p80kp122810kp122810/vector/lp001lp0001_g2_g4_q000_q220_q422_q442_q600_q642/correlators/meson_qcdsf.001.b5p80kp122810kp122810-48x96.00420_0.000_220_-2-20_ptsink.lime
/scratch/usr/hhpmbate/chroma_2pt/48x96/b5p80kp122810kp122810/vector/lp001lp0001_g2_g4_q000_q220_q422_q442_q600_q642/correlators/meson_qcdsf.001.b5p80kp122810kp122810-48x96.00420_0.000_220_-2-20_smsnk30.lime
/scratch/usr/hhpmbate/chroma_2pt/48x96/b5p80kp122810kp122810/vector/lp001lp0001_g2_g4_q000_q220_q422_q442_q600_q642/correlators/meson_qcdsf.001.b5p80kp122810kp122810-48x96.00420_0.000_422_-4-2-2_ptsink.lime
/scratch/usr/hhpmbate/chroma_2pt/48x96/b5p80kp122810kp122810/vector/lp001lp0001_g2_g4_q000_q220_q422_q442_q600_q642/correlators/meson_qcdsf.001.b5p80kp122810kp122810-48x96.00420_0.000_422_-4-2-2_smsnk30.lime
/scratch/usr/hhpmbate/chroma_2pt/48x96/b5p80kp122810kp122810/vector/lp001lp0001_g2_g4_q000_q220_q422_q442_q600_q642/correlators/meson_qcdsf.001.b5p80kp122810kp122810-48x96.00420_0.000_442_-4-4-2_ptsink.lime
/scratch/usr/hhpmbate/chroma_2pt/48x96/b5p80kp122810kp122810/vector/lp001lp0001_g2_g4_q000_q220_q422_q442_q600_q642/correlators/meson_qcdsf.001.b5p80kp122810kp122810-48x96.00420_0.000_442_-4-4-2_smsnk30.lime
/scratch/usr/hhpmbate/chroma_2pt/48x96/b5p80kp122810kp122810/vector/lp001lp0001_g2_g4_q000_q220_q422_q442_q600_q642/correlators/meson_qcdsf.001.b5p80kp122810kp122810-48x96.00420_0.000_600_-600_ptsink.lime
/scratch/usr/hhpmbate/chroma_2pt/48x96/b5p80kp122810kp122810/vector/lp001lp0001_g2_g4_q000_q220_q422_q442_q600_q642/correlators/meson_qcdsf.001.b5p80kp122810kp122810-48x96.00420_0.000_600_-600_smsnk30.lime
/scratch/usr/hhpmbate/chroma_2pt/48x96/b5p80kp122810kp122810/vector/lp001lp0001_g2_g4_q000_q220_q422_q442_q600_q642/correlators/meson_qcdsf.001.b5p80kp122810kp122810-48x96.00421_0.000_000_000_ptsink.lime
/scratch/usr/hhpmbate/chroma_2pt/48x96/b5p80kp122810kp122810/vector/lp001lp0001_g2_g4_q000_q220_q422_q442_q600_q642/correlators/meson_qcdsf.001.b5p80kp122810kp122810-48x96.00421_0.000_000_000_smsnk30.lime
/scratch/usr/hhpmbate/chroma_2pt/48x96/b5p80kp122810kp122810/vector/lp001lp0001_g2_g4_q000_q220_q422_q442_q600_q642/correlators/meson_qcdsf.001.b5p80kp122810kp122810-48x96.00421_0.000_220_-2-20_ptsink.lime
/scratch/usr/hhpmbate/chroma_2pt/48x96/b5p80kp122810kp122810/vector/lp001lp0001_g2_g4_q000_q220_q422_q442_q600_q642/correlators/meson_qcdsf.001.b5p80kp122810kp122810-48x96.00421_0.000_220_-2-20_smsnk30.lime
/scratch/usr/hhpmbate/chroma_2pt/48x96/b5p80kp122810kp122810/vector/lp001lp0001_g2_g4_q000_q220_q422_q442_q600_q642/correlators/meson_qcdsf.001.b5p80kp122810kp122810-48x96.00421_0.000_422_-4-2-2_ptsink.lime
/scratch/usr/hhpmbate/chroma_2pt/48x96/b5p80kp122810kp122810/vector/lp001lp0001_g2_g4_q000_q220_q422_q442_q600_q642/correlators/meson_qcdsf.001.b5p80kp122810kp122810-48x96.00421_0.000_422_-4-2-2_smsnk30.lime
/scratch/usr/hhpmbate/chroma_2pt/48x96/b5p80kp122810kp122810/vector/lp001lp0001_g2_g4_q000_q220_q422_q442_q600_q642/correlators/meson_qcdsf.001.b5p80kp122810kp122810-48x96.00421_0.000_442_-4-4-2_ptsink.lime
/scratch/usr/hhpmbate/chroma_2pt/48x96/b5p80kp122810kp122810/vector/lp001lp0001_g2_g4_q000_q220_q422_q442_q600_q642/correlators/meson_qcdsf.001.b5p80kp122810kp122810-48x96.00421_0.000_442_-4-4-2_smsnk30.lime
/scratch/usr/hhpmbate/chroma_2pt/48x96/b5p80kp122810kp122810/vector/lp001lp0001_g2_g4_q000_q220_q422_q442_q600_q642/correlators/meson_qcdsf.001.b5p80kp122810kp122810-48x96.00421_0.000_600_-600_ptsink.lime
/scratch/usr/hhpmbate/chroma_2pt/48x96/b5p80kp122810kp122810/vector/lp001lp0001_g2_g4_q000_q220_q422_q442_q600_q642/correlators/meson_qcdsf.001.b5p80kp122810kp122810-48x96.00421_0.000_600_-600_smsnk30.lime
/scratch/usr/hhpmbate/chroma_2pt/48x96/b5p80kp122810kp122810/vector/lp001lp0001_g2_g4_q000_q220_q422_q442_q600_q642/correlators/meson_qcdsf.001.b5p80kp122810kp122810-48x96.00422_0.000_000_000_ptsink.lime
/scratch/usr/hhpmbate/chroma_2pt/48x96/b5p80kp122810kp122810/vector/lp001lp0001_g2_g4_q000_q220_q422_q442_q600_q642/correlators/meson_qcdsf.001.b5p80kp122810kp122810-48x96.00422_0.000_000_000_smsnk30.lime
/scratch/usr/hhpmbate/chroma_2pt/48x96/b5p80kp122810kp122810/vector/lp001lp0001_g2_g4_q000_q220_q422_q442_q600_q642/correlators/meson_qcdsf.001.b5p80kp122810kp122810-48x96.00422_0.000_220_-2-20_ptsink.lime
/scratch/usr/hhpmbate/chroma_2pt/48x96/b5p80kp122810kp122810/vector/lp001lp0001_g2_g4_q000_q220_q422_q442_q600_q642/correlators/meson_qcdsf.001.b5p80kp122810kp122810-48x96.00422_0.000_220_-2-20_smsnk30.lime
/scratch/usr/hhpmbate/chroma_2pt/48x96/b5p80kp122810kp122810/vector/lp001lp0001_g2_g4_q000_q220_q422_q442_q600_q642/correlators/meson_qcdsf.001.b5p80kp122810kp122810-48x96.00422_0.000_422_-4-2-2_ptsink.lime
/scratch/usr/hhpmbate/chroma_2pt/48x96/b5p80kp122810kp122810/vector/lp001lp0001_g2_g4_q000_q220_q422_q442_q600_q642/correlators/meson_qcdsf.001.b5p80kp122810kp122810-48x96.00422_0.000_422_-4-2-2_smsnk30.lime
/scratch/usr/hhpmbate/chroma_2pt/48x96/b5p80kp122810kp122810/vector/lp001lp0001_g2_g4_q000_q220_q422_q442_q600_q642/correlators/meson_qcdsf.001.b5p80kp122810kp122810-48x96.00422_0.000_442_-4-4-2_ptsink.lime
/scratch/usr/hhpmbate/chroma_2pt/48x96/b5p80kp122810kp122810/vector/lp001lp0001_g2_g4_q000_q220_q422_q442_q600_q642/correlators/meson_qcdsf.001.b5p80kp122810kp122810-48x96.00422_0.000_442_-4-4-2_smsnk30.lime
/scratch/usr/hhpmbate/chroma_2pt/48x96/b5p80kp122810kp122810/vector/lp001lp0001_g2_g4_q000_q220_q422_q442_q600_q642/correlators/meson_qcdsf.001.b5p80kp122810kp122810-48x96.00422_0.000_600_-600_ptsink.lime
/scratch/usr/hhpmbate/chroma_2pt/48x96/b5p80kp122810kp122810/vector/lp001lp0001_g2_g4_q000_q220_q422_q442_q600_q642/correlators/meson_qcdsf.001.b5p80kp122810kp122810-48x96.00422_0.000_600_-600_smsnk30.lime
/scratch/usr/hhpmbate/chroma_2pt/48x96/b5p80kp122810kp122810/vector/lp001lp0001_g2_g4_q000_q220_q422_q442_q600_q642/correlators/meson_qcdsf.001.b5p80kp122810kp122810-48x96.00423_0.000_000_000_ptsink.lime
/scratch/usr/hhpmbate/chroma_2pt/48x96/b5p80kp122810kp122810/vector/lp001lp0001_g2_g4_q000_q220_q422_q442_q600_q642/correlators/meson_qcdsf.001.b5p80kp122810kp122810-48x96.00423_0.000_000_000_smsnk30.lime
/scratch/usr/hhpmbate/chroma_2pt/48x96/b5p80kp122810kp122810/vector/lp001lp0001_g2_g4_q000_q220_q422_q442_q600_q642/correlators/meson_qcdsf.001.b5p80kp122810kp122810-48x96.00423_0.000_220_-2-20_ptsink.lime
/scratch/usr/hhpmbate/chroma_2pt/48x96/b5p80kp122810kp122810/vector/lp001lp0001_g2_g4_q000_q220_q422_q442_q600_q642/correlators/meson_qcdsf.001.b5p80kp122810kp122810-48x96.00423_0.000_220_-2-20_smsnk30.lime
/scratch/usr/hhpmbate/chroma_2pt/48x96/b5p80kp122810kp122810/vector/lp001lp0001_g2_g4_q000_q220_q422_q442_q600_q642/correlators/meson_qcdsf.001.b5p80kp122810kp122810-48x96.00423_0.000_422_-4-2-2_ptsink.lime
/scratch/usr/hhpmbate/chroma_2pt/48x96/b5p80kp122810kp122810/vector/lp001lp0001_g2_g4_q000_q220_q422_q442_q600_q642/correlators/meson_qcdsf.001.b5p80kp122810kp122810-48x96.00423_0.000_422_-4-2-2_smsnk30.lime
/scratch/usr/hhpmbate/chroma_2pt/48x96/b5p80kp122810kp122810/vector/lp001lp0001_g2_g4_q000_q220_q422_q442_q600_q642/correlators/meson_qcdsf.001.b5p80kp122810kp122810-48x96.00423_0.000_442_-4-4-2_ptsink.lime
/scratch/usr/hhpmbate/chroma_2pt/48x96/b5p80kp122810kp122810/vector/lp001lp0001_g2_g4_q000_q220_q422_q442_q600_q642/correlators/meson_qcdsf.001.b5p80kp122810kp122810-48x96.00423_0.000_442_-4-4-2_smsnk30.lime
/scratch/usr/hhpmbate/chroma_2pt/48x96/b5p80kp122810kp122810/vector/lp001lp0001_g2_g4_q000_q220_q422_q442_q600_q642/correlators/meson_qcdsf.001.b5p80kp122810kp122810-48x96.00423_0.000_600_-600_ptsink.lime
/scratch/usr/hhpmbate/chroma_2pt/48x96/b5p80kp122810kp122810/vector/lp001lp0001_g2_g4_q000_q220_q422_q442_q600_q642/correlators/meson_qcdsf.001.b5p80kp122810kp122810-48x96.00423_0.000_600_-600_smsnk30.lime
/scratch/usr/hhpmbate/chroma_2pt/48x96/b5p80kp122810kp122810/vector/lp001lp0001_g2_g4_q000_q220_q422_q442_q600_q642/correlators/meson_qcdsf.001.b5p80kp122810kp122810-48x96.00424_0.000_000_000_ptsink.lime
/scratch/usr/hhpmbate/chroma_2pt/48x96/b5p80kp122810kp122810/vector/lp001lp0001_g2_g4_q000_q220_q422_q442_q600_q642/correlators/meson_qcdsf.001.b5p80kp122810kp122810-48x96.00424_0.000_000_000_smsnk30.lime
/scratch/usr/hhpmbate/chroma_2pt/48x96/b5p80kp122810kp122810/vector/lp001lp0001_g2_g4_q000_q220_q422_q442_q600_q642/correlators/meson_qcdsf.001.b5p80kp122810kp122810-48x96.00424_0.000_220_-2-20_ptsink.lime
/scratch/usr/hhpmbate/chroma_2pt/48x96/b5p80kp122810kp122810/vector/lp001lp0001_g2_g4_q000_q220_q422_q442_q600_q642/correlators/meson_qcdsf.001.b5p80kp122810kp122810-48x96.00424_0.000_220_-2-20_smsnk30.lime
/scratch/usr/hhpmbate/chroma_2pt/48x96/b5p80kp122810kp122810/vector/lp001lp0001_g2_g4_q000_q220_q422_q442_q600_q642/correlators/meson_qcdsf.001.b5p80kp122810kp122810-48x96.00424_0.000_422_-4-2-2_ptsink.lime
/scratch/usr/hhpmbate/chroma_2pt/48x96/b5p80kp122810kp122810/vector/lp001lp0001_g2_g4_q000_q220_q422_q442_q600_q642/correlators/meson_qcdsf.001.b5p80kp122810kp122810-48x96.00424_0.000_422_-4-2-2_smsnk30.lime
/scratch/usr/hhpmbate/chroma_2pt/48x96/b5p80kp122810kp122810/vector/lp001lp0001_g2_g4_q000_q220_q422_q442_q600_q642/correlators/meson_qcdsf.001.b5p80kp122810kp122810-48x96.00424_0.000_442_-4-4-2_ptsink.lime
/scratch/usr/hhpmbate/chroma_2pt/48x96/b5p80kp122810kp122810/vector/lp001lp0001_g2_g4_q000_q220_q422_q442_q600_q642/correlators/meson_qcdsf.001.b5p80kp122810kp122810-48x96.00424_0.000_442_-4-4-2_smsnk30.lime
/scratch/usr/hhpmbate/chroma_2pt/48x96/b5p80kp122810kp122810/vector/lp001lp0001_g2_g4_q000_q220_q422_q442_q600_q642/correlators/meson_qcdsf.001.b5p80kp122810kp122810-48x96.00424_0.000_600_-600_ptsink.lime
/scratch/usr/hhpmbate/chroma_2pt/48x96/b5p80kp122810kp122810/vector/lp001lp0001_g2_g4_q000_q220_q422_q442_q600_q642/correlators/meson_qcdsf.001.b5p80kp122810kp122810-48x96.00424_0.000_600_-600_smsnk30.lime
/scratch/usr/hhpmbate/chroma_2pt/48x96/b5p80kp122810kp122810/vector/lp001lp0001_g2_g4_q000_q220_q422_q442_q600_q642/correlators/meson_qcdsf.001.b5p80kp122810kp122810-48x96.00425_0.000_000_000_ptsink.lime
/scratch/usr/hhpmbate/chroma_2pt/48x96/b5p80kp122810kp122810/vector/lp001lp0001_g2_g4_q000_q220_q422_q442_q600_q642/correlators/meson_qcdsf.001.b5p80kp122810kp122810-48x96.00425_0.000_000_000_smsnk30.lime
/scratch/usr/hhpmbate/chroma_2pt/48x96/b5p80kp122810kp122810/vector/lp001lp0001_g2_g4_q000_q220_q422_q442_q600_q642/correlators/meson_qcdsf.001.b5p80kp122810kp122810-48x96.00425_0.000_220_-2-20_ptsink.lime
/scratch/usr/hhpmbate/chroma_2pt/48x96/b5p80kp122810kp122810/vector/lp001lp0001_g2_g4_q000_q220_q422_q442_q600_q642/correlators/meson_qcdsf.001.b5p80kp122810kp122810-48x96.00425_0.000_220_-2-20_smsnk30.lime
/scratch/usr/hhpmbate/chroma_2pt/48x96/b5p80kp122810kp122810/vector/lp001lp0001_g2_g4_q000_q220_q422_q442_q600_q642/correlators/meson_qcdsf.001.b5p80kp122810kp122810-48x96.00425_0.000_422_-4-2-2_ptsink.lime
/scratch/usr/hhpmbate/chroma_2pt/48x96/b5p80kp122810kp122810/vector/lp001lp0001_g2_g4_q000_q220_q422_q442_q600_q642/correlators/meson_qcdsf.001.b5p80kp122810kp122810-48x96.00425_0.000_422_-4-2-2_smsnk30.lime
/scratch/usr/hhpmbate/chroma_2pt/48x96/b5p80kp122810kp122810/vector/lp001lp0001_g2_g4_q000_q220_q422_q442_q600_q642/correlators/meson_qcdsf.001.b5p80kp122810kp122810-48x96.00425_0.000_442_-4-4-2_ptsink.lime
/scratch/usr/hhpmbate/chroma_2pt/48x96/b5p80kp122810kp122810/vector/lp001lp0001_g2_g4_q000_q220_q422_q442_q600_q642/correlators/meson_qcdsf.001.b5p80kp122810kp122810-48x96.00425_0.000_442_-4-4-2_smsnk30.lime
/scratch/usr/hhpmbate/chroma_2pt/48x96/b5p80kp122810kp122810/vector/lp001lp0001_g2_g4_q000_q220_q422_q442_q600_q642/correlators/meson_qcdsf.001.b5p80kp122810kp122810-48x96.00425_0.000_600_-600_ptsink.lime
/scratch/usr/hhpmbate/chroma_2pt/48x96/b5p80kp122810kp122810/vector/lp001lp0001_g2_g4_q000_q220_q422_q442_q600_q642/correlators/meson_qcdsf.001.b5p80kp122810kp122810-48x96.00425_0.000_600_-600_smsnk30.lime
/scratch/usr/hhpmbate/chroma_2pt/48x96/b5p80kp122810kp122810/vector/lp001lp0001_g2_g4_q000_q220_q422_q442_q600_q642/correlators/meson_qcdsf.001.b5p80kp122810kp122810-48x96.00426_0.000_000_000_ptsink.lime
/scratch/usr/hhpmbate/chroma_2pt/48x96/b5p80kp122810kp122810/vector/lp001lp0001_g2_g4_q000_q220_q422_q442_q600_q642/correlators/meson_qcdsf.001.b5p80kp122810kp122810-48x96.00426_0.000_000_000_smsnk30.lime
/scratch/usr/hhpmbate/chroma_2pt/48x96/b5p80kp122810kp122810/vector/lp001lp0001_g2_g4_q000_q220_q422_q442_q600_q642/correlators/meson_qcdsf.001.b5p80kp122810kp122810-48x96.00426_0.000_220_-2-20_ptsink.lime
/scratch/usr/hhpmbate/chroma_2pt/48x96/b5p80kp122810kp122810/vector/lp001lp0001_g2_g4_q000_q220_q422_q442_q600_q642/correlators/meson_qcdsf.001.b5p80kp122810kp122810-48x96.00426_0.000_220_-2-20_smsnk30.lime
/scratch/usr/hhpmbate/chroma_2pt/48x96/b5p80kp122810kp122810/vector/lp001lp0001_g2_g4_q000_q220_q422_q442_q600_q642/correlators/meson_qcdsf.001.b5p80kp122810kp122810-48x96.00426_0.000_422_-4-2-2_ptsink.lime
/scratch/usr/hhpmbate/chroma_2pt/48x96/b5p80kp122810kp122810/vector/lp001lp0001_g2_g4_q000_q220_q422_q442_q600_q642/correlators/meson_qcdsf.001.b5p80kp122810kp122810-48x96.00426_0.000_422_-4-2-2_smsnk30.lime
/scratch/usr/hhpmbate/chroma_2pt/48x96/b5p80kp122810kp122810/vector/lp001lp0001_g2_g4_q000_q220_q422_q442_q600_q642/correlators/meson_qcdsf.001.b5p80kp122810kp122810-48x96.00426_0.000_442_-4-4-2_ptsink.lime
/scratch/usr/hhpmbate/chroma_2pt/48x96/b5p80kp122810kp122810/vector/lp001lp0001_g2_g4_q000_q220_q422_q442_q600_q642/correlators/meson_qcdsf.001.b5p80kp122810kp122810-48x96.00426_0.000_442_-4-4-2_smsnk30.lime
/scratch/usr/hhpmbate/chroma_2pt/48x96/b5p80kp122810kp122810/vector/lp001lp0001_g2_g4_q000_q220_q422_q442_q600_q642/correlators/meson_qcdsf.001.b5p80kp122810kp122810-48x96.00426_0.000_600_-600_ptsink.lime
/scratch/usr/hhpmbate/chroma_2pt/48x96/b5p80kp122810kp122810/vector/lp001lp0001_g2_g4_q000_q220_q422_q442_q600_q642/correlators/meson_qcdsf.001.b5p80kp122810kp122810-48x96.00426_0.000_600_-600_smsnk30.lime
/scratch/usr/hhpmbate/chroma_2pt/48x96/b5p80kp122810kp122810/vector/lp001lp0001_g2_g4_q000_q220_q422_q442_q600_q642/correlators/meson_qcdsf.001.b5p80kp122810kp122810-48x96.00427_0.000_000_000_ptsink.lime
/scratch/usr/hhpmbate/chroma_2pt/48x96/b5p80kp122810kp122810/vector/lp001lp0001_g2_g4_q000_q220_q422_q442_q600_q642/correlators/meson_qcdsf.001.b5p80kp122810kp122810-48x96.00427_0.000_000_000_smsnk30.lime
/scratch/usr/hhpmbate/chroma_2pt/48x96/b5p80kp122810kp122810/vector/lp001lp0001_g2_g4_q000_q220_q422_q442_q600_q642/correlators/meson_qcdsf.001.b5p80kp122810kp122810-48x96.00427_0.000_220_-2-20_ptsink.lime
/scratch/usr/hhpmbate/chroma_2pt/48x96/b5p80kp122810kp122810/vector/lp001lp0001_g2_g4_q000_q220_q422_q442_q600_q642/correlators/meson_qcdsf.001.b5p80kp122810kp122810-48x96.00427_0.000_220_-2-20_smsnk30.lime
/scratch/usr/hhpmbate/chroma_2pt/48x96/b5p80kp122810kp122810/vector/lp001lp0001_g2_g4_q000_q220_q422_q442_q600_q642/correlators/meson_qcdsf.001.b5p80kp122810kp122810-48x96.00427_0.000_422_-4-2-2_ptsink.lime
/scratch/usr/hhpmbate/chroma_2pt/48x96/b5p80kp122810kp122810/vector/lp001lp0001_g2_g4_q000_q220_q422_q442_q600_q642/correlators/meson_qcdsf.001.b5p80kp122810kp122810-48x96.00427_0.000_422_-4-2-2_smsnk30.lime
/scratch/usr/hhpmbate/chroma_2pt/48x96/b5p80kp122810kp122810/vector/lp001lp0001_g2_g4_q000_q220_q422_q442_q600_q642/correlators/meson_qcdsf.001.b5p80kp122810kp122810-48x96.00427_0.000_442_-4-4-2_ptsink.lime
/scratch/usr/hhpmbate/chroma_2pt/48x96/b5p80kp122810kp122810/vector/lp001lp0001_g2_g4_q000_q220_q422_q442_q600_q642/correlators/meson_qcdsf.001.b5p80kp122810kp122810-48x96.00427_0.000_442_-4-4-2_smsnk30.lime
/scratch/usr/hhpmbate/chroma_2pt/48x96/b5p80kp122810kp122810/vector/lp001lp0001_g2_g4_q000_q220_q422_q442_q600_q642/correlators/meson_qcdsf.001.b5p80kp122810kp122810-48x96.00427_0.000_600_-600_ptsink.lime
/scratch/usr/hhpmbate/chroma_2pt/48x96/b5p80kp122810kp122810/vector/lp001lp0001_g2_g4_q000_q220_q422_q442_q600_q642/correlators/meson_qcdsf.001.b5p80kp122810kp122810-48x96.00427_0.000_600_-600_smsnk30.lime
/scratch/usr/hhpmbate/chroma_2pt/48x96/b5p80kp122810kp122810/vector/lp001lp0001_g2_g4_q000_q220_q422_q442_q600_q642/correlators/meson_qcdsf.001.b5p80kp122810kp122810-48x96.00428_0.000_000_000_ptsink.lime
/scratch/usr/hhpmbate/chroma_2pt/48x96/b5p80kp122810kp122810/vector/lp001lp0001_g2_g4_q000_q220_q422_q442_q600_q642/correlators/meson_qcdsf.001.b5p80kp122810kp122810-48x96.00428_0.000_000_000_smsnk30.lime
/scratch/usr/hhpmbate/chroma_2pt/48x96/b5p80kp122810kp122810/vector/lp001lp0001_g2_g4_q000_q220_q422_q442_q600_q642/correlators/meson_qcdsf.001.b5p80kp122810kp122810-48x96.00428_0.000_220_-2-20_ptsink.lime
/scratch/usr/hhpmbate/chroma_2pt/48x96/b5p80kp122810kp122810/vector/lp001lp0001_g2_g4_q000_q220_q422_q442_q600_q642/correlators/meson_qcdsf.001.b5p80kp122810kp122810-48x96.00428_0.000_220_-2-20_smsnk30.lime
/scratch/usr/hhpmbate/chroma_2pt/48x96/b5p80kp122810kp122810/vector/lp001lp0001_g2_g4_q000_q220_q422_q442_q600_q642/correlators/meson_qcdsf.001.b5p80kp122810kp122810-48x96.00428_0.000_422_-4-2-2_ptsink.lime
/scratch/usr/hhpmbate/chroma_2pt/48x96/b5p80kp122810kp122810/vector/lp001lp0001_g2_g4_q000_q220_q422_q442_q600_q642/correlators/meson_qcdsf.001.b5p80kp122810kp122810-48x96.00428_0.000_422_-4-2-2_smsnk30.lime
/scratch/usr/hhpmbate/chroma_2pt/48x96/b5p80kp122810kp122810/vector/lp001lp0001_g2_g4_q000_q220_q422_q442_q600_q642/correlators/meson_qcdsf.001.b5p80kp122810kp122810-48x96.00428_0.000_442_-4-4-2_ptsink.lime
/scratch/usr/hhpmbate/chroma_2pt/48x96/b5p80kp122810kp122810/vector/lp001lp0001_g2_g4_q000_q220_q422_q442_q600_q642/correlators/meson_qcdsf.001.b5p80kp122810kp122810-48x96.00428_0.000_442_-4-4-2_smsnk30.lime
/scratch/usr/hhpmbate/chroma_2pt/48x96/b5p80kp122810kp122810/vector/lp001lp0001_g2_g4_q000_q220_q422_q442_q600_q642/correlators/meson_qcdsf.001.b5p80kp122810kp122810-48x96.00428_0.000_600_-600_ptsink.lime
/scratch/usr/hhpmbate/chroma_2pt/48x96/b5p80kp122810kp122810/vector/lp001lp0001_g2_g4_q000_q220_q422_q442_q600_q642/correlators/meson_qcdsf.001.b5p80kp122810kp122810-48x96.00428_0.000_600_-600_smsnk30.lime
/scratch/usr/hhpmbate/chroma_2pt/48x96/b5p80kp122810kp122810/vector/lp001lp0001_g2_g4_q000_q220_q422_q442_q600_q642/correlators/meson_qcdsf.001.b5p80kp122810kp122810-48x96.00429_0.000_000_000_ptsink.lime
/scratch/usr/hhpmbate/chroma_2pt/48x96/b5p80kp122810kp122810/vector/lp001lp0001_g2_g4_q000_q220_q422_q442_q600_q642/correlators/meson_qcdsf.001.b5p80kp122810kp122810-48x96.00429_0.000_000_000_smsnk30.lime
/scratch/usr/hhpmbate/chroma_2pt/48x96/b5p80kp122810kp122810/vector/lp001lp0001_g2_g4_q000_q220_q422_q442_q600_q642/correlators/meson_qcdsf.001.b5p80kp122810kp122810-48x96.00429_0.000_220_-2-20_ptsink.lime
/scratch/usr/hhpmbate/chroma_2pt/48x96/b5p80kp122810kp122810/vector/lp001lp0001_g2_g4_q000_q220_q422_q442_q600_q642/correlators/meson_qcdsf.001.b5p80kp122810kp122810-48x96.00429_0.000_220_-2-20_smsnk30.lime
/scratch/usr/hhpmbate/chroma_2pt/48x96/b5p80kp122810kp122810/vector/lp001lp0001_g2_g4_q000_q220_q422_q442_q600_q642/correlators/meson_qcdsf.001.b5p80kp122810kp122810-48x96.00429_0.000_422_-4-2-2_ptsink.lime
/scratch/usr/hhpmbate/chroma_2pt/48x96/b5p80kp122810kp122810/vector/lp001lp0001_g2_g4_q000_q220_q422_q442_q600_q642/correlators/meson_qcdsf.001.b5p80kp122810kp122810-48x96.00429_0.000_422_-4-2-2_smsnk30.lime
/scratch/usr/hhpmbate/chroma_2pt/48x96/b5p80kp122810kp122810/vector/lp001lp0001_g2_g4_q000_q220_q422_q442_q600_q642/correlators/meson_qcdsf.001.b5p80kp122810kp122810-48x96.00429_0.000_442_-4-4-2_ptsink.lime
/scratch/usr/hhpmbate/chroma_2pt/48x96/b5p80kp122810kp122810/vector/lp001lp0001_g2_g4_q000_q220_q422_q442_q600_q642/correlators/meson_qcdsf.001.b5p80kp122810kp122810-48x96.00429_0.000_442_-4-4-2_smsnk30.lime
/scratch/usr/hhpmbate/chroma_2pt/48x96/b5p80kp122810kp122810/vector/lp001lp0001_g2_g4_q000_q220_q422_q442_q600_q642/correlators/meson_qcdsf.001.b5p80kp122810kp122810-48x96.00429_0.000_600_-600_ptsink.lime
/scratch/usr/hhpmbate/chroma_2pt/48x96/b5p80kp122810kp122810/vector/lp001lp0001_g2_g4_q000_q220_q422_q442_q600_q642/correlators/meson_qcdsf.001.b5p80kp122810kp122810-48x96.00429_0.000_600_-600_smsnk30.lime
/scratch/usr/hhpmbate/chroma_2pt/48x96/b5p80kp122810kp122810/vector/lp001lp0001_g2_g4_q000_q220_q422_q442_q600_q642/correlators/meson_qcdsf.001.b5p80kp122810kp122810-48x96.00430_0.000_000_000_ptsink.lime
/scratch/usr/hhpmbate/chroma_2pt/48x96/b5p80kp122810kp122810/vector/lp001lp0001_g2_g4_q000_q220_q422_q442_q600_q642/correlators/meson_qcdsf.001.b5p80kp122810kp122810-48x96.00430_0.000_000_000_smsnk30.lime
/scratch/usr/hhpmbate/chroma_2pt/48x96/b5p80kp122810kp122810/vector/lp001lp0001_g2_g4_q000_q220_q422_q442_q600_q642/correlators/meson_qcdsf.001.b5p80kp122810kp122810-48x96.00430_0.000_220_-2-20_ptsink.lime
/scratch/usr/hhpmbate/chroma_2pt/48x96/b5p80kp122810kp122810/vector/lp001lp0001_g2_g4_q000_q220_q422_q442_q600_q642/correlators/meson_qcdsf.001.b5p80kp122810kp122810-48x96.00430_0.000_220_-2-20_smsnk30.lime
/scratch/usr/hhpmbate/chroma_2pt/48x96/b5p80kp122810kp122810/vector/lp001lp0001_g2_g4_q000_q220_q422_q442_q600_q642/correlators/meson_qcdsf.001.b5p80kp122810kp122810-48x96.00430_0.000_422_-4-2-2_ptsink.lime
/scratch/usr/hhpmbate/chroma_2pt/48x96/b5p80kp122810kp122810/vector/lp001lp0001_g2_g4_q000_q220_q422_q442_q600_q642/correlators/meson_qcdsf.001.b5p80kp122810kp122810-48x96.00430_0.000_422_-4-2-2_smsnk30.lime
/scratch/usr/hhpmbate/chroma_2pt/48x96/b5p80kp122810kp122810/vector/lp001lp0001_g2_g4_q000_q220_q422_q442_q600_q642/correlators/meson_qcdsf.001.b5p80kp122810kp122810-48x96.00430_0.000_442_-4-4-2_ptsink.lime
/scratch/usr/hhpmbate/chroma_2pt/48x96/b5p80kp122810kp122810/vector/lp001lp0001_g2_g4_q000_q220_q422_q442_q600_q642/correlators/meson_qcdsf.001.b5p80kp122810kp122810-48x96.00430_0.000_442_-4-4-2_smsnk30.lime
/scratch/usr/hhpmbate/chroma_2pt/48x96/b5p80kp122810kp122810/vector/lp001lp0001_g2_g4_q000_q220_q422_q442_q600_q642/correlators/meson_qcdsf.001.b5p80kp122810kp122810-48x96.00430_0.000_600_-600_ptsink.lime
/scratch/usr/hhpmbate/chroma_2pt/48x96/b5p80kp122810kp122810/vector/lp001lp0001_g2_g4_q000_q220_q422_q442_q600_q642/correlators/meson_qcdsf.001.b5p80kp122810kp122810-48x96.00430_0.000_600_-600_smsnk30.lime
/scratch/usr/hhpmbate/chroma_2pt/48x96/b5p80kp122810kp122810/vector/lp001lp0001_g2_g4_q000_q220_q422_q442_q600_q642/correlators/meson_qcdsf.001.b5p80kp122810kp122810-48x96.00431_0.000_000_000_ptsink.lime
/scratch/usr/hhpmbate/chroma_2pt/48x96/b5p80kp122810kp122810/vector/lp001lp0001_g2_g4_q000_q220_q422_q442_q600_q642/correlators/meson_qcdsf.001.b5p80kp122810kp122810-48x96.00431_0.000_000_000_smsnk30.lime
/scratch/usr/hhpmbate/chroma_2pt/48x96/b5p80kp122810kp122810/vector/lp001lp0001_g2_g4_q000_q220_q422_q442_q600_q642/correlators/meson_qcdsf.001.b5p80kp122810kp122810-48x96.00431_0.000_220_-2-20_ptsink.lime
/scratch/usr/hhpmbate/chroma_2pt/48x96/b5p80kp122810kp122810/vector/lp001lp0001_g2_g4_q000_q220_q422_q442_q600_q642/correlators/meson_qcdsf.001.b5p80kp122810kp122810-48x96.00431_0.000_220_-2-20_smsnk30.lime
/scratch/usr/hhpmbate/chroma_2pt/48x96/b5p80kp122810kp122810/vector/lp001lp0001_g2_g4_q000_q220_q422_q442_q600_q642/correlators/meson_qcdsf.001.b5p80kp122810kp122810-48x96.00431_0.000_422_-4-2-2_ptsink.lime
/scratch/usr/hhpmbate/chroma_2pt/48x96/b5p80kp122810kp122810/vector/lp001lp0001_g2_g4_q000_q220_q422_q442_q600_q642/correlators/meson_qcdsf.001.b5p80kp122810kp122810-48x96.00431_0.000_422_-4-2-2_smsnk30.lime
/scratch/usr/hhpmbate/chroma_2pt/48x96/b5p80kp122810kp122810/vector/lp001lp0001_g2_g4_q000_q220_q422_q442_q600_q642/correlators/meson_qcdsf.001.b5p80kp122810kp122810-48x96.00431_0.000_442_-4-4-2_ptsink.lime
/scratch/usr/hhpmbate/chroma_2pt/48x96/b5p80kp122810kp122810/vector/lp001lp0001_g2_g4_q000_q220_q422_q442_q600_q642/correlators/meson_qcdsf.001.b5p80kp122810kp122810-48x96.00431_0.000_442_-4-4-2_smsnk30.lime
/scratch/usr/hhpmbate/chroma_2pt/48x96/b5p80kp122810kp122810/vector/lp001lp0001_g2_g4_q000_q220_q422_q442_q600_q642/correlators/meson_qcdsf.001.b5p80kp122810kp122810-48x96.00431_0.000_600_-600_ptsink.lime
/scratch/usr/hhpmbate/chroma_2pt/48x96/b5p80kp122810kp122810/vector/lp001lp0001_g2_g4_q000_q220_q422_q442_q600_q642/correlators/meson_qcdsf.001.b5p80kp122810kp122810-48x96.00431_0.000_600_-600_smsnk30.lime
/scratch/usr/hhpmbate/chroma_2pt/48x96/b5p80kp122810kp122810/vector/lp001lp0001_g2_g4_q000_q220_q422_q442_q600_q642/correlators/meson_qcdsf.001.b5p80kp122810kp122810-48x96.00432_0.000_000_000_ptsink.lime
/scratch/usr/hhpmbate/chroma_2pt/48x96/b5p80kp122810kp122810/vector/lp001lp0001_g2_g4_q000_q220_q422_q442_q600_q642/correlators/meson_qcdsf.001.b5p80kp122810kp122810-48x96.00432_0.000_000_000_smsnk30.lime
/scratch/usr/hhpmbate/chroma_2pt/48x96/b5p80kp122810kp122810/vector/lp001lp0001_g2_g4_q000_q220_q422_q442_q600_q642/correlators/meson_qcdsf.001.b5p80kp122810kp122810-48x96.00432_0.000_220_-2-20_ptsink.lime
/scratch/usr/hhpmbate/chroma_2pt/48x96/b5p80kp122810kp122810/vector/lp001lp0001_g2_g4_q000_q220_q422_q442_q600_q642/correlators/meson_qcdsf.001.b5p80kp122810kp122810-48x96.00432_0.000_220_-2-20_smsnk30.lime
/scratch/usr/hhpmbate/chroma_2pt/48x96/b5p80kp122810kp122810/vector/lp001lp0001_g2_g4_q000_q220_q422_q442_q600_q642/correlators/meson_qcdsf.001.b5p80kp122810kp122810-48x96.00432_0.000_422_-4-2-2_ptsink.lime
/scratch/usr/hhpmbate/chroma_2pt/48x96/b5p80kp122810kp122810/vector/lp001lp0001_g2_g4_q000_q220_q422_q442_q600_q642/correlators/meson_qcdsf.001.b5p80kp122810kp122810-48x96.00432_0.000_422_-4-2-2_smsnk30.lime
/scratch/usr/hhpmbate/chroma_2pt/48x96/b5p80kp122810kp122810/vector/lp001lp0001_g2_g4_q000_q220_q422_q442_q600_q642/correlators/meson_qcdsf.001.b5p80kp122810kp122810-48x96.00432_0.000_442_-4-4-2_ptsink.lime
/scratch/usr/hhpmbate/chroma_2pt/48x96/b5p80kp122810kp122810/vector/lp001lp0001_g2_g4_q000_q220_q422_q442_q600_q642/correlators/meson_qcdsf.001.b5p80kp122810kp122810-48x96.00432_0.000_442_-4-4-2_smsnk30.lime
/scratch/usr/hhpmbate/chroma_2pt/48x96/b5p80kp122810kp122810/vector/lp001lp0001_g2_g4_q000_q220_q422_q442_q600_q642/correlators/meson_qcdsf.001.b5p80kp122810kp122810-48x96.00432_0.000_600_-600_ptsink.lime
/scratch/usr/hhpmbate/chroma_2pt/48x96/b5p80kp122810kp122810/vector/lp001lp0001_g2_g4_q000_q220_q422_q442_q600_q642/correlators/meson_qcdsf.001.b5p80kp122810kp122810-48x96.00432_0.000_600_-600_smsnk30.lime
/scratch/usr/hhpmbate/chroma_2pt/48x96/b5p80kp122810kp122810/vector/lp001lp0001_g2_g4_q000_q220_q422_q442_q600_q642/correlators/meson_qcdsf.001.b5p80kp122810kp122810-48x96.00433_0.000_000_000_ptsink.lime
/scratch/usr/hhpmbate/chroma_2pt/48x96/b5p80kp122810kp122810/vector/lp001lp0001_g2_g4_q000_q220_q422_q442_q600_q642/correlators/meson_qcdsf.001.b5p80kp122810kp122810-48x96.00433_0.000_000_000_smsnk30.lime
/scratch/usr/hhpmbate/chroma_2pt/48x96/b5p80kp122810kp122810/vector/lp001lp0001_g2_g4_q000_q220_q422_q442_q600_q642/correlators/meson_qcdsf.001.b5p80kp122810kp122810-48x96.00433_0.000_220_-2-20_ptsink.lime
/scratch/usr/hhpmbate/chroma_2pt/48x96/b5p80kp122810kp122810/vector/lp001lp0001_g2_g4_q000_q220_q422_q442_q600_q642/correlators/meson_qcdsf.001.b5p80kp122810kp122810-48x96.00433_0.000_220_-2-20_smsnk30.lime
/scratch/usr/hhpmbate/chroma_2pt/48x96/b5p80kp122810kp122810/vector/lp001lp0001_g2_g4_q000_q220_q422_q442_q600_q642/correlators/meson_qcdsf.001.b5p80kp122810kp122810-48x96.00433_0.000_422_-4-2-2_ptsink.lime
/scratch/usr/hhpmbate/chroma_2pt/48x96/b5p80kp122810kp122810/vector/lp001lp0001_g2_g4_q000_q220_q422_q442_q600_q642/correlators/meson_qcdsf.001.b5p80kp122810kp122810-48x96.00433_0.000_422_-4-2-2_smsnk30.lime
/scratch/usr/hhpmbate/chroma_2pt/48x96/b5p80kp122810kp122810/vector/lp001lp0001_g2_g4_q000_q220_q422_q442_q600_q642/correlators/meson_qcdsf.001.b5p80kp122810kp122810-48x96.00433_0.000_442_-4-4-2_ptsink.lime
/scratch/usr/hhpmbate/chroma_2pt/48x96/b5p80kp122810kp122810/vector/lp001lp0001_g2_g4_q000_q220_q422_q442_q600_q642/correlators/meson_qcdsf.001.b5p80kp122810kp122810-48x96.00433_0.000_442_-4-4-2_smsnk30.lime
/scratch/usr/hhpmbate/chroma_2pt/48x96/b5p80kp122810kp122810/vector/lp001lp0001_g2_g4_q000_q220_q422_q442_q600_q642/correlators/meson_qcdsf.001.b5p80kp122810kp122810-48x96.00433_0.000_600_-600_ptsink.lime
/scratch/usr/hhpmbate/chroma_2pt/48x96/b5p80kp122810kp122810/vector/lp001lp0001_g2_g4_q000_q220_q422_q442_q600_q642/correlators/meson_qcdsf.001.b5p80kp122810kp122810-48x96.00433_0.000_600_-600_smsnk30.lime
/scratch/usr/hhpmbate/chroma_2pt/48x96/b5p80kp122810kp122810/vector/lp001lp0001_g2_g4_q000_q220_q422_q442_q600_q642/correlators/meson_qcdsf.001.b5p80kp122810kp122810-48x96.00434_0.000_000_000_ptsink.lime
/scratch/usr/hhpmbate/chroma_2pt/48x96/b5p80kp122810kp122810/vector/lp001lp0001_g2_g4_q000_q220_q422_q442_q600_q642/correlators/meson_qcdsf.001.b5p80kp122810kp122810-48x96.00434_0.000_000_000_smsnk30.lime
/scratch/usr/hhpmbate/chroma_2pt/48x96/b5p80kp122810kp122810/vector/lp001lp0001_g2_g4_q000_q220_q422_q442_q600_q642/correlators/meson_qcdsf.001.b5p80kp122810kp122810-48x96.00434_0.000_220_-2-20_ptsink.lime
/scratch/usr/hhpmbate/chroma_2pt/48x96/b5p80kp122810kp122810/vector/lp001lp0001_g2_g4_q000_q220_q422_q442_q600_q642/correlators/meson_qcdsf.001.b5p80kp122810kp122810-48x96.00434_0.000_220_-2-20_smsnk30.lime
/scratch/usr/hhpmbate/chroma_2pt/48x96/b5p80kp122810kp122810/vector/lp001lp0001_g2_g4_q000_q220_q422_q442_q600_q642/correlators/meson_qcdsf.001.b5p80kp122810kp122810-48x96.00434_0.000_422_-4-2-2_ptsink.lime
/scratch/usr/hhpmbate/chroma_2pt/48x96/b5p80kp122810kp122810/vector/lp001lp0001_g2_g4_q000_q220_q422_q442_q600_q642/correlators/meson_qcdsf.001.b5p80kp122810kp122810-48x96.00434_0.000_422_-4-2-2_smsnk30.lime
/scratch/usr/hhpmbate/chroma_2pt/48x96/b5p80kp122810kp122810/vector/lp001lp0001_g2_g4_q000_q220_q422_q442_q600_q642/correlators/meson_qcdsf.001.b5p80kp122810kp122810-48x96.00434_0.000_442_-4-4-2_ptsink.lime
/scratch/usr/hhpmbate/chroma_2pt/48x96/b5p80kp122810kp122810/vector/lp001lp0001_g2_g4_q000_q220_q422_q442_q600_q642/correlators/meson_qcdsf.001.b5p80kp122810kp122810-48x96.00434_0.000_442_-4-4-2_smsnk30.lime
/scratch/usr/hhpmbate/chroma_2pt/48x96/b5p80kp122810kp122810/vector/lp001lp0001_g2_g4_q000_q220_q422_q442_q600_q642/correlators/meson_qcdsf.001.b5p80kp122810kp122810-48x96.00434_0.000_600_-600_ptsink.lime
/scratch/usr/hhpmbate/chroma_2pt/48x96/b5p80kp122810kp122810/vector/lp001lp0001_g2_g4_q000_q220_q422_q442_q600_q642/correlators/meson_qcdsf.001.b5p80kp122810kp122810-48x96.00434_0.000_600_-600_smsnk30.lime
/scratch/usr/hhpmbate/chroma_2pt/48x96/b5p80kp122810kp122810/vector/lp001lp0001_g2_g4_q000_q220_q422_q442_q600_q642/correlators/meson_qcdsf.001.b5p80kp122810kp122810-48x96.00435_0.000_000_000_ptsink.lime
/scratch/usr/hhpmbate/chroma_2pt/48x96/b5p80kp122810kp122810/vector/lp001lp0001_g2_g4_q000_q220_q422_q442_q600_q642/correlators/meson_qcdsf.001.b5p80kp122810kp122810-48x96.00435_0.000_000_000_smsnk30.lime
/scratch/usr/hhpmbate/chroma_2pt/48x96/b5p80kp122810kp122810/vector/lp001lp0001_g2_g4_q000_q220_q422_q442_q600_q642/correlators/meson_qcdsf.001.b5p80kp122810kp122810-48x96.00435_0.000_220_-2-20_ptsink.lime
/scratch/usr/hhpmbate/chroma_2pt/48x96/b5p80kp122810kp122810/vector/lp001lp0001_g2_g4_q000_q220_q422_q442_q600_q642/correlators/meson_qcdsf.001.b5p80kp122810kp122810-48x96.00435_0.000_220_-2-20_smsnk30.lime
/scratch/usr/hhpmbate/chroma_2pt/48x96/b5p80kp122810kp122810/vector/lp001lp0001_g2_g4_q000_q220_q422_q442_q600_q642/correlators/meson_qcdsf.001.b5p80kp122810kp122810-48x96.00435_0.000_422_-4-2-2_ptsink.lime
/scratch/usr/hhpmbate/chroma_2pt/48x96/b5p80kp122810kp122810/vector/lp001lp0001_g2_g4_q000_q220_q422_q442_q600_q642/correlators/meson_qcdsf.001.b5p80kp122810kp122810-48x96.00435_0.000_422_-4-2-2_smsnk30.lime
/scratch/usr/hhpmbate/chroma_2pt/48x96/b5p80kp122810kp122810/vector/lp001lp0001_g2_g4_q000_q220_q422_q442_q600_q642/correlators/meson_qcdsf.001.b5p80kp122810kp122810-48x96.00435_0.000_442_-4-4-2_ptsink.lime
/scratch/usr/hhpmbate/chroma_2pt/48x96/b5p80kp122810kp122810/vector/lp001lp0001_g2_g4_q000_q220_q422_q442_q600_q642/correlators/meson_qcdsf.001.b5p80kp122810kp122810-48x96.00435_0.000_442_-4-4-2_smsnk30.lime
/scratch/usr/hhpmbate/chroma_2pt/48x96/b5p80kp122810kp122810/vector/lp001lp0001_g2_g4_q000_q220_q422_q442_q600_q642/correlators/meson_qcdsf.001.b5p80kp122810kp122810-48x96.00435_0.000_600_-600_ptsink.lime
/scratch/usr/hhpmbate/chroma_2pt/48x96/b5p80kp122810kp122810/vector/lp001lp0001_g2_g4_q000_q220_q422_q442_q600_q642/correlators/meson_qcdsf.001.b5p80kp122810kp122810-48x96.00435_0.000_600_-600_smsnk30.lime
/scratch/usr/hhpmbate/chroma_2pt/48x96/b5p80kp122810kp122810/vector/lp001lp0001_g2_g4_q000_q220_q422_q442_q600_q642/correlators/meson_qcdsf.001.b5p80kp122810kp122810-48x96.00436_0.000_000_000_ptsink.lime
/scratch/usr/hhpmbate/chroma_2pt/48x96/b5p80kp122810kp122810/vector/lp001lp0001_g2_g4_q000_q220_q422_q442_q600_q642/correlators/meson_qcdsf.001.b5p80kp122810kp122810-48x96.00436_0.000_000_000_smsnk30.lime
/scratch/usr/hhpmbate/chroma_2pt/48x96/b5p80kp122810kp122810/vector/lp001lp0001_g2_g4_q000_q220_q422_q442_q600_q642/correlators/meson_qcdsf.001.b5p80kp122810kp122810-48x96.00436_0.000_220_-2-20_ptsink.lime
/scratch/usr/hhpmbate/chroma_2pt/48x96/b5p80kp122810kp122810/vector/lp001lp0001_g2_g4_q000_q220_q422_q442_q600_q642/correlators/meson_qcdsf.001.b5p80kp122810kp122810-48x96.00436_0.000_220_-2-20_smsnk30.lime
/scratch/usr/hhpmbate/chroma_2pt/48x96/b5p80kp122810kp122810/vector/lp001lp0001_g2_g4_q000_q220_q422_q442_q600_q642/correlators/meson_qcdsf.001.b5p80kp122810kp122810-48x96.00436_0.000_422_-4-2-2_ptsink.lime
/scratch/usr/hhpmbate/chroma_2pt/48x96/b5p80kp122810kp122810/vector/lp001lp0001_g2_g4_q000_q220_q422_q442_q600_q642/correlators/meson_qcdsf.001.b5p80kp122810kp122810-48x96.00436_0.000_422_-4-2-2_smsnk30.lime
/scratch/usr/hhpmbate/chroma_2pt/48x96/b5p80kp122810kp122810/vector/lp001lp0001_g2_g4_q000_q220_q422_q442_q600_q642/correlators/meson_qcdsf.001.b5p80kp122810kp122810-48x96.00436_0.000_442_-4-4-2_ptsink.lime
/scratch/usr/hhpmbate/chroma_2pt/48x96/b5p80kp122810kp122810/vector/lp001lp0001_g2_g4_q000_q220_q422_q442_q600_q642/correlators/meson_qcdsf.001.b5p80kp122810kp122810-48x96.00436_0.000_442_-4-4-2_smsnk30.lime
/scratch/usr/hhpmbate/chroma_2pt/48x96/b5p80kp122810kp122810/vector/lp001lp0001_g2_g4_q000_q220_q422_q442_q600_q642/correlators/meson_qcdsf.001.b5p80kp122810kp122810-48x96.00436_0.000_600_-600_ptsink.lime
/scratch/usr/hhpmbate/chroma_2pt/48x96/b5p80kp122810kp122810/vector/lp001lp0001_g2_g4_q000_q220_q422_q442_q600_q642/correlators/meson_qcdsf.001.b5p80kp122810kp122810-48x96.00436_0.000_600_-600_smsnk30.lime
/scratch/usr/hhpmbate/chroma_2pt/48x96/b5p80kp122810kp122810/vector/lp001lp0001_g2_g4_q000_q220_q422_q442_q600_q642/correlators/meson_qcdsf.001.b5p80kp122810kp122810-48x96.00437_0.000_000_000_ptsink.lime
/scratch/usr/hhpmbate/chroma_2pt/48x96/b5p80kp122810kp122810/vector/lp001lp0001_g2_g4_q000_q220_q422_q442_q600_q642/correlators/meson_qcdsf.001.b5p80kp122810kp122810-48x96.00437_0.000_000_000_smsnk30.lime
/scratch/usr/hhpmbate/chroma_2pt/48x96/b5p80kp122810kp122810/vector/lp001lp0001_g2_g4_q000_q220_q422_q442_q600_q642/correlators/meson_qcdsf.001.b5p80kp122810kp122810-48x96.00437_0.000_220_-2-20_ptsink.lime
/scratch/usr/hhpmbate/chroma_2pt/48x96/b5p80kp122810kp122810/vector/lp001lp0001_g2_g4_q000_q220_q422_q442_q600_q642/correlators/meson_qcdsf.001.b5p80kp122810kp122810-48x96.00437_0.000_220_-2-20_smsnk30.lime
/scratch/usr/hhpmbate/chroma_2pt/48x96/b5p80kp122810kp122810/vector/lp001lp0001_g2_g4_q000_q220_q422_q442_q600_q642/correlators/meson_qcdsf.001.b5p80kp122810kp122810-48x96.00437_0.000_422_-4-2-2_ptsink.lime
/scratch/usr/hhpmbate/chroma_2pt/48x96/b5p80kp122810kp122810/vector/lp001lp0001_g2_g4_q000_q220_q422_q442_q600_q642/correlators/meson_qcdsf.001.b5p80kp122810kp122810-48x96.00437_0.000_422_-4-2-2_smsnk30.lime
/scratch/usr/hhpmbate/chroma_2pt/48x96/b5p80kp122810kp122810/vector/lp001lp0001_g2_g4_q000_q220_q422_q442_q600_q642/correlators/meson_qcdsf.001.b5p80kp122810kp122810-48x96.00437_0.000_442_-4-4-2_ptsink.lime
/scratch/usr/hhpmbate/chroma_2pt/48x96/b5p80kp122810kp122810/vector/lp001lp0001_g2_g4_q000_q220_q422_q442_q600_q642/correlators/meson_qcdsf.001.b5p80kp122810kp122810-48x96.00437_0.000_442_-4-4-2_smsnk30.lime
/scratch/usr/hhpmbate/chroma_2pt/48x96/b5p80kp122810kp122810/vector/lp001lp0001_g2_g4_q000_q220_q422_q442_q600_q642/correlators/meson_qcdsf.001.b5p80kp122810kp122810-48x96.00437_0.000_600_-600_ptsink.lime
/scratch/usr/hhpmbate/chroma_2pt/48x96/b5p80kp122810kp122810/vector/lp001lp0001_g2_g4_q000_q220_q422_q442_q600_q642/correlators/meson_qcdsf.001.b5p80kp122810kp122810-48x96.00437_0.000_600_-600_smsnk30.lime
/scratch/usr/hhpmbate/chroma_2pt/48x96/b5p80kp122810kp122810/vector/lp001lp0001_g2_g4_q000_q220_q422_q442_q600_q642/correlators/meson_qcdsf.001.b5p80kp122810kp122810-48x96.00438_0.000_000_000_ptsink.lime
/scratch/usr/hhpmbate/chroma_2pt/48x96/b5p80kp122810kp122810/vector/lp001lp0001_g2_g4_q000_q220_q422_q442_q600_q642/correlators/meson_qcdsf.001.b5p80kp122810kp122810-48x96.00438_0.000_000_000_smsnk30.lime
/scratch/usr/hhpmbate/chroma_2pt/48x96/b5p80kp122810kp122810/vector/lp001lp0001_g2_g4_q000_q220_q422_q442_q600_q642/correlators/meson_qcdsf.001.b5p80kp122810kp122810-48x96.00438_0.000_220_-2-20_ptsink.lime
/scratch/usr/hhpmbate/chroma_2pt/48x96/b5p80kp122810kp122810/vector/lp001lp0001_g2_g4_q000_q220_q422_q442_q600_q642/correlators/meson_qcdsf.001.b5p80kp122810kp122810-48x96.00438_0.000_220_-2-20_smsnk30.lime
/scratch/usr/hhpmbate/chroma_2pt/48x96/b5p80kp122810kp122810/vector/lp001lp0001_g2_g4_q000_q220_q422_q442_q600_q642/correlators/meson_qcdsf.001.b5p80kp122810kp122810-48x96.00438_0.000_422_-4-2-2_ptsink.lime
/scratch/usr/hhpmbate/chroma_2pt/48x96/b5p80kp122810kp122810/vector/lp001lp0001_g2_g4_q000_q220_q422_q442_q600_q642/correlators/meson_qcdsf.001.b5p80kp122810kp122810-48x96.00438_0.000_422_-4-2-2_smsnk30.lime
/scratch/usr/hhpmbate/chroma_2pt/48x96/b5p80kp122810kp122810/vector/lp001lp0001_g2_g4_q000_q220_q422_q442_q600_q642/correlators/meson_qcdsf.001.b5p80kp122810kp122810-48x96.00438_0.000_442_-4-4-2_ptsink.lime
/scratch/usr/hhpmbate/chroma_2pt/48x96/b5p80kp122810kp122810/vector/lp001lp0001_g2_g4_q000_q220_q422_q442_q600_q642/correlators/meson_qcdsf.001.b5p80kp122810kp122810-48x96.00438_0.000_442_-4-4-2_smsnk30.lime
/scratch/usr/hhpmbate/chroma_2pt/48x96/b5p80kp122810kp122810/vector/lp001lp0001_g2_g4_q000_q220_q422_q442_q600_q642/correlators/meson_qcdsf.001.b5p80kp122810kp122810-48x96.00438_0.000_600_-600_ptsink.lime
/scratch/usr/hhpmbate/chroma_2pt/48x96/b5p80kp122810kp122810/vector/lp001lp0001_g2_g4_q000_q220_q422_q442_q600_q642/correlators/meson_qcdsf.001.b5p80kp122810kp122810-48x96.00438_0.000_600_-600_smsnk30.lime
/scratch/usr/hhpmbate/chroma_2pt/48x96/b5p80kp122810kp122810/vector/lp001lp0001_g2_g4_q000_q220_q422_q442_q600_q642/correlators/meson_qcdsf.001.b5p80kp122810kp122810-48x96.00439_0.000_000_000_ptsink.lime
/scratch/usr/hhpmbate/chroma_2pt/48x96/b5p80kp122810kp122810/vector/lp001lp0001_g2_g4_q000_q220_q422_q442_q600_q642/correlators/meson_qcdsf.001.b5p80kp122810kp122810-48x96.00439_0.000_000_000_smsnk30.lime
/scratch/usr/hhpmbate/chroma_2pt/48x96/b5p80kp122810kp122810/vector/lp001lp0001_g2_g4_q000_q220_q422_q442_q600_q642/correlators/meson_qcdsf.001.b5p80kp122810kp122810-48x96.00439_0.000_220_-2-20_ptsink.lime
/scratch/usr/hhpmbate/chroma_2pt/48x96/b5p80kp122810kp122810/vector/lp001lp0001_g2_g4_q000_q220_q422_q442_q600_q642/correlators/meson_qcdsf.001.b5p80kp122810kp122810-48x96.00439_0.000_220_-2-20_smsnk30.lime
/scratch/usr/hhpmbate/chroma_2pt/48x96/b5p80kp122810kp122810/vector/lp001lp0001_g2_g4_q000_q220_q422_q442_q600_q642/correlators/meson_qcdsf.001.b5p80kp122810kp122810-48x96.00439_0.000_422_-4-2-2_ptsink.lime
/scratch/usr/hhpmbate/chroma_2pt/48x96/b5p80kp122810kp122810/vector/lp001lp0001_g2_g4_q000_q220_q422_q442_q600_q642/correlators/meson_qcdsf.001.b5p80kp122810kp122810-48x96.00439_0.000_422_-4-2-2_smsnk30.lime
/scratch/usr/hhpmbate/chroma_2pt/48x96/b5p80kp122810kp122810/vector/lp001lp0001_g2_g4_q000_q220_q422_q442_q600_q642/correlators/meson_qcdsf.001.b5p80kp122810kp122810-48x96.00439_0.000_442_-4-4-2_ptsink.lime
/scratch/usr/hhpmbate/chroma_2pt/48x96/b5p80kp122810kp122810/vector/lp001lp0001_g2_g4_q000_q220_q422_q442_q600_q642/correlators/meson_qcdsf.001.b5p80kp122810kp122810-48x96.00439_0.000_442_-4-4-2_smsnk30.lime
/scratch/usr/hhpmbate/chroma_2pt/48x96/b5p80kp122810kp122810/vector/lp001lp0001_g2_g4_q000_q220_q422_q442_q600_q642/correlators/meson_qcdsf.001.b5p80kp122810kp122810-48x96.00439_0.000_600_-600_ptsink.lime
/scratch/usr/hhpmbate/chroma_2pt/48x96/b5p80kp122810kp122810/vector/lp001lp0001_g2_g4_q000_q220_q422_q442_q600_q642/correlators/meson_qcdsf.001.b5p80kp122810kp122810-48x96.00439_0.000_600_-600_smsnk30.lime
/scratch/usr/hhpmbate/chroma_2pt/48x96/b5p80kp122810kp122810/vector/lp001lp0001_g2_g4_q000_q220_q422_q442_q600_q642/correlators/meson_qcdsf.001.b5p80kp122810kp122810-48x96.00440_0.000_000_000_ptsink.lime
/scratch/usr/hhpmbate/chroma_2pt/48x96/b5p80kp122810kp122810/vector/lp001lp0001_g2_g4_q000_q220_q422_q442_q600_q642/correlators/meson_qcdsf.001.b5p80kp122810kp122810-48x96.00440_0.000_000_000_smsnk30.lime
/scratch/usr/hhpmbate/chroma_2pt/48x96/b5p80kp122810kp122810/vector/lp001lp0001_g2_g4_q000_q220_q422_q442_q600_q642/correlators/meson_qcdsf.001.b5p80kp122810kp122810-48x96.00440_0.000_220_-2-20_ptsink.lime
/scratch/usr/hhpmbate/chroma_2pt/48x96/b5p80kp122810kp122810/vector/lp001lp0001_g2_g4_q000_q220_q422_q442_q600_q642/correlators/meson_qcdsf.001.b5p80kp122810kp122810-48x96.00440_0.000_220_-2-20_smsnk30.lime
/scratch/usr/hhpmbate/chroma_2pt/48x96/b5p80kp122810kp122810/vector/lp001lp0001_g2_g4_q000_q220_q422_q442_q600_q642/correlators/meson_qcdsf.001.b5p80kp122810kp122810-48x96.00440_0.000_422_-4-2-2_ptsink.lime
/scratch/usr/hhpmbate/chroma_2pt/48x96/b5p80kp122810kp122810/vector/lp001lp0001_g2_g4_q000_q220_q422_q442_q600_q642/correlators/meson_qcdsf.001.b5p80kp122810kp122810-48x96.00440_0.000_422_-4-2-2_smsnk30.lime
/scratch/usr/hhpmbate/chroma_2pt/48x96/b5p80kp122810kp122810/vector/lp001lp0001_g2_g4_q000_q220_q422_q442_q600_q642/correlators/meson_qcdsf.001.b5p80kp122810kp122810-48x96.00440_0.000_442_-4-4-2_ptsink.lime
/scratch/usr/hhpmbate/chroma_2pt/48x96/b5p80kp122810kp122810/vector/lp001lp0001_g2_g4_q000_q220_q422_q442_q600_q642/correlators/meson_qcdsf.001.b5p80kp122810kp122810-48x96.00440_0.000_442_-4-4-2_smsnk30.lime
/scratch/usr/hhpmbate/chroma_2pt/48x96/b5p80kp122810kp122810/vector/lp001lp0001_g2_g4_q000_q220_q422_q442_q600_q642/correlators/meson_qcdsf.001.b5p80kp122810kp122810-48x96.00440_0.000_600_-600_ptsink.lime
/scratch/usr/hhpmbate/chroma_2pt/48x96/b5p80kp122810kp122810/vector/lp001lp0001_g2_g4_q000_q220_q422_q442_q600_q642/correlators/meson_qcdsf.001.b5p80kp122810kp122810-48x96.00440_0.000_600_-600_smsnk30.lime
/scratch/usr/hhpmbate/chroma_2pt/48x96/b5p80kp122810kp122810/vector/lp001lp0001_g2_g4_q000_q220_q422_q442_q600_q642/correlators/meson_qcdsf.001.b5p80kp122810kp122810-48x96.00441_0.000_000_000_ptsink.lime
/scratch/usr/hhpmbate/chroma_2pt/48x96/b5p80kp122810kp122810/vector/lp001lp0001_g2_g4_q000_q220_q422_q442_q600_q642/correlators/meson_qcdsf.001.b5p80kp122810kp122810-48x96.00441_0.000_000_000_smsnk30.lime
/scratch/usr/hhpmbate/chroma_2pt/48x96/b5p80kp122810kp122810/vector/lp001lp0001_g2_g4_q000_q220_q422_q442_q600_q642/correlators/meson_qcdsf.001.b5p80kp122810kp122810-48x96.00441_0.000_220_-2-20_ptsink.lime
/scratch/usr/hhpmbate/chroma_2pt/48x96/b5p80kp122810kp122810/vector/lp001lp0001_g2_g4_q000_q220_q422_q442_q600_q642/correlators/meson_qcdsf.001.b5p80kp122810kp122810-48x96.00441_0.000_220_-2-20_smsnk30.lime
/scratch/usr/hhpmbate/chroma_2pt/48x96/b5p80kp122810kp122810/vector/lp001lp0001_g2_g4_q000_q220_q422_q442_q600_q642/correlators/meson_qcdsf.001.b5p80kp122810kp122810-48x96.00441_0.000_422_-4-2-2_ptsink.lime
/scratch/usr/hhpmbate/chroma_2pt/48x96/b5p80kp122810kp122810/vector/lp001lp0001_g2_g4_q000_q220_q422_q442_q600_q642/correlators/meson_qcdsf.001.b5p80kp122810kp122810-48x96.00441_0.000_422_-4-2-2_smsnk30.lime
/scratch/usr/hhpmbate/chroma_2pt/48x96/b5p80kp122810kp122810/vector/lp001lp0001_g2_g4_q000_q220_q422_q442_q600_q642/correlators/meson_qcdsf.001.b5p80kp122810kp122810-48x96.00441_0.000_442_-4-4-2_ptsink.lime
/scratch/usr/hhpmbate/chroma_2pt/48x96/b5p80kp122810kp122810/vector/lp001lp0001_g2_g4_q000_q220_q422_q442_q600_q642/correlators/meson_qcdsf.001.b5p80kp122810kp122810-48x96.00441_0.000_442_-4-4-2_smsnk30.lime
/scratch/usr/hhpmbate/chroma_2pt/48x96/b5p80kp122810kp122810/vector/lp001lp0001_g2_g4_q000_q220_q422_q442_q600_q642/correlators/meson_qcdsf.001.b5p80kp122810kp122810-48x96.00441_0.000_600_-600_ptsink.lime
/scratch/usr/hhpmbate/chroma_2pt/48x96/b5p80kp122810kp122810/vector/lp001lp0001_g2_g4_q000_q220_q422_q442_q600_q642/correlators/meson_qcdsf.001.b5p80kp122810kp122810-48x96.00441_0.000_600_-600_smsnk30.lime
/scratch/usr/hhpmbate/chroma_2pt/48x96/b5p80kp122810kp122810/vector/lp001lp0001_g2_g4_q000_q220_q422_q442_q600_q642/correlators/meson_qcdsf.001.b5p80kp122810kp122810-48x96.00442_0.000_000_000_ptsink.lime
/scratch/usr/hhpmbate/chroma_2pt/48x96/b5p80kp122810kp122810/vector/lp001lp0001_g2_g4_q000_q220_q422_q442_q600_q642/correlators/meson_qcdsf.001.b5p80kp122810kp122810-48x96.00442_0.000_000_000_smsnk30.lime
/scratch/usr/hhpmbate/chroma_2pt/48x96/b5p80kp122810kp122810/vector/lp001lp0001_g2_g4_q000_q220_q422_q442_q600_q642/correlators/meson_qcdsf.001.b5p80kp122810kp122810-48x96.00442_0.000_220_-2-20_ptsink.lime
/scratch/usr/hhpmbate/chroma_2pt/48x96/b5p80kp122810kp122810/vector/lp001lp0001_g2_g4_q000_q220_q422_q442_q600_q642/correlators/meson_qcdsf.001.b5p80kp122810kp122810-48x96.00442_0.000_220_-2-20_smsnk30.lime
/scratch/usr/hhpmbate/chroma_2pt/48x96/b5p80kp122810kp122810/vector/lp001lp0001_g2_g4_q000_q220_q422_q442_q600_q642/correlators/meson_qcdsf.001.b5p80kp122810kp122810-48x96.00442_0.000_422_-4-2-2_ptsink.lime
/scratch/usr/hhpmbate/chroma_2pt/48x96/b5p80kp122810kp122810/vector/lp001lp0001_g2_g4_q000_q220_q422_q442_q600_q642/correlators/meson_qcdsf.001.b5p80kp122810kp122810-48x96.00442_0.000_422_-4-2-2_smsnk30.lime
/scratch/usr/hhpmbate/chroma_2pt/48x96/b5p80kp122810kp122810/vector/lp001lp0001_g2_g4_q000_q220_q422_q442_q600_q642/correlators/meson_qcdsf.001.b5p80kp122810kp122810-48x96.00442_0.000_442_-4-4-2_ptsink.lime
/scratch/usr/hhpmbate/chroma_2pt/48x96/b5p80kp122810kp122810/vector/lp001lp0001_g2_g4_q000_q220_q422_q442_q600_q642/correlators/meson_qcdsf.001.b5p80kp122810kp122810-48x96.00442_0.000_442_-4-4-2_smsnk30.lime
/scratch/usr/hhpmbate/chroma_2pt/48x96/b5p80kp122810kp122810/vector/lp001lp0001_g2_g4_q000_q220_q422_q442_q600_q642/correlators/meson_qcdsf.001.b5p80kp122810kp122810-48x96.00442_0.000_600_-600_ptsink.lime
/scratch/usr/hhpmbate/chroma_2pt/48x96/b5p80kp122810kp122810/vector/lp001lp0001_g2_g4_q000_q220_q422_q442_q600_q642/correlators/meson_qcdsf.001.b5p80kp122810kp122810-48x96.00442_0.000_600_-600_smsnk30.lime
/scratch/usr/hhpmbate/chroma_2pt/48x96/b5p80kp122810kp122810/vector/lp001lp0001_g2_g4_q000_q220_q422_q442_q600_q642/correlators/meson_qcdsf.001.b5p80kp122810kp122810-48x96.00443_0.000_000_000_ptsink.lime
/scratch/usr/hhpmbate/chroma_2pt/48x96/b5p80kp122810kp122810/vector/lp001lp0001_g2_g4_q000_q220_q422_q442_q600_q642/correlators/meson_qcdsf.001.b5p80kp122810kp122810-48x96.00443_0.000_000_000_smsnk30.lime
/scratch/usr/hhpmbate/chroma_2pt/48x96/b5p80kp122810kp122810/vector/lp001lp0001_g2_g4_q000_q220_q422_q442_q600_q642/correlators/meson_qcdsf.001.b5p80kp122810kp122810-48x96.00443_0.000_220_-2-20_ptsink.lime
/scratch/usr/hhpmbate/chroma_2pt/48x96/b5p80kp122810kp122810/vector/lp001lp0001_g2_g4_q000_q220_q422_q442_q600_q642/correlators/meson_qcdsf.001.b5p80kp122810kp122810-48x96.00443_0.000_220_-2-20_smsnk30.lime
/scratch/usr/hhpmbate/chroma_2pt/48x96/b5p80kp122810kp122810/vector/lp001lp0001_g2_g4_q000_q220_q422_q442_q600_q642/correlators/meson_qcdsf.001.b5p80kp122810kp122810-48x96.00443_0.000_422_-4-2-2_ptsink.lime
/scratch/usr/hhpmbate/chroma_2pt/48x96/b5p80kp122810kp122810/vector/lp001lp0001_g2_g4_q000_q220_q422_q442_q600_q642/correlators/meson_qcdsf.001.b5p80kp122810kp122810-48x96.00443_0.000_422_-4-2-2_smsnk30.lime
/scratch/usr/hhpmbate/chroma_2pt/48x96/b5p80kp122810kp122810/vector/lp001lp0001_g2_g4_q000_q220_q422_q442_q600_q642/correlators/meson_qcdsf.001.b5p80kp122810kp122810-48x96.00443_0.000_442_-4-4-2_ptsink.lime
/scratch/usr/hhpmbate/chroma_2pt/48x96/b5p80kp122810kp122810/vector/lp001lp0001_g2_g4_q000_q220_q422_q442_q600_q642/correlators/meson_qcdsf.001.b5p80kp122810kp122810-48x96.00443_0.000_442_-4-4-2_smsnk30.lime
/scratch/usr/hhpmbate/chroma_2pt/48x96/b5p80kp122810kp122810/vector/lp001lp0001_g2_g4_q000_q220_q422_q442_q600_q642/correlators/meson_qcdsf.001.b5p80kp122810kp122810-48x96.00443_0.000_600_-600_ptsink.lime
/scratch/usr/hhpmbate/chroma_2pt/48x96/b5p80kp122810kp122810/vector/lp001lp0001_g2_g4_q000_q220_q422_q442_q600_q642/correlators/meson_qcdsf.001.b5p80kp122810kp122810-48x96.00443_0.000_600_-600_smsnk30.lime
/scratch/usr/hhpmbate/chroma_2pt/48x96/b5p80kp122810kp122810/vector/lp001lp0001_g2_g4_q000_q220_q422_q442_q600_q642/correlators/meson_qcdsf.001.b5p80kp122810kp122810-48x96.00444_0.000_000_000_ptsink.lime
/scratch/usr/hhpmbate/chroma_2pt/48x96/b5p80kp122810kp122810/vector/lp001lp0001_g2_g4_q000_q220_q422_q442_q600_q642/correlators/meson_qcdsf.001.b5p80kp122810kp122810-48x96.00444_0.000_000_000_smsnk30.lime
/scratch/usr/hhpmbate/chroma_2pt/48x96/b5p80kp122810kp122810/vector/lp001lp0001_g2_g4_q000_q220_q422_q442_q600_q642/correlators/meson_qcdsf.001.b5p80kp122810kp122810-48x96.00444_0.000_220_-2-20_ptsink.lime
/scratch/usr/hhpmbate/chroma_2pt/48x96/b5p80kp122810kp122810/vector/lp001lp0001_g2_g4_q000_q220_q422_q442_q600_q642/correlators/meson_qcdsf.001.b5p80kp122810kp122810-48x96.00444_0.000_220_-2-20_smsnk30.lime
/scratch/usr/hhpmbate/chroma_2pt/48x96/b5p80kp122810kp122810/vector/lp001lp0001_g2_g4_q000_q220_q422_q442_q600_q642/correlators/meson_qcdsf.001.b5p80kp122810kp122810-48x96.00444_0.000_422_-4-2-2_ptsink.lime
/scratch/usr/hhpmbate/chroma_2pt/48x96/b5p80kp122810kp122810/vector/lp001lp0001_g2_g4_q000_q220_q422_q442_q600_q642/correlators/meson_qcdsf.001.b5p80kp122810kp122810-48x96.00444_0.000_422_-4-2-2_smsnk30.lime
/scratch/usr/hhpmbate/chroma_2pt/48x96/b5p80kp122810kp122810/vector/lp001lp0001_g2_g4_q000_q220_q422_q442_q600_q642/correlators/meson_qcdsf.001.b5p80kp122810kp122810-48x96.00444_0.000_442_-4-4-2_ptsink.lime
/scratch/usr/hhpmbate/chroma_2pt/48x96/b5p80kp122810kp122810/vector/lp001lp0001_g2_g4_q000_q220_q422_q442_q600_q642/correlators/meson_qcdsf.001.b5p80kp122810kp122810-48x96.00444_0.000_442_-4-4-2_smsnk30.lime
/scratch/usr/hhpmbate/chroma_2pt/48x96/b5p80kp122810kp122810/vector/lp001lp0001_g2_g4_q000_q220_q422_q442_q600_q642/correlators/meson_qcdsf.001.b5p80kp122810kp122810-48x96.00444_0.000_600_-600_ptsink.lime
/scratch/usr/hhpmbate/chroma_2pt/48x96/b5p80kp122810kp122810/vector/lp001lp0001_g2_g4_q000_q220_q422_q442_q600_q642/correlators/meson_qcdsf.001.b5p80kp122810kp122810-48x96.00444_0.000_600_-600_smsnk30.lime
/scratch/usr/hhpmbate/chroma_2pt/48x96/b5p80kp122810kp122810/vector/lp001lp0001_g2_g4_q000_q220_q422_q442_q600_q642/correlators/meson_qcdsf.001.b5p80kp122810kp122810-48x96.00445_0.000_000_000_ptsink.lime
/scratch/usr/hhpmbate/chroma_2pt/48x96/b5p80kp122810kp122810/vector/lp001lp0001_g2_g4_q000_q220_q422_q442_q600_q642/correlators/meson_qcdsf.001.b5p80kp122810kp122810-48x96.00445_0.000_000_000_smsnk30.lime
/scratch/usr/hhpmbate/chroma_2pt/48x96/b5p80kp122810kp122810/vector/lp001lp0001_g2_g4_q000_q220_q422_q442_q600_q642/correlators/meson_qcdsf.001.b5p80kp122810kp122810-48x96.00445_0.000_220_-2-20_ptsink.lime
/scratch/usr/hhpmbate/chroma_2pt/48x96/b5p80kp122810kp122810/vector/lp001lp0001_g2_g4_q000_q220_q422_q442_q600_q642/correlators/meson_qcdsf.001.b5p80kp122810kp122810-48x96.00445_0.000_220_-2-20_smsnk30.lime
/scratch/usr/hhpmbate/chroma_2pt/48x96/b5p80kp122810kp122810/vector/lp001lp0001_g2_g4_q000_q220_q422_q442_q600_q642/correlators/meson_qcdsf.001.b5p80kp122810kp122810-48x96.00445_0.000_422_-4-2-2_ptsink.lime
/scratch/usr/hhpmbate/chroma_2pt/48x96/b5p80kp122810kp122810/vector/lp001lp0001_g2_g4_q000_q220_q422_q442_q600_q642/correlators/meson_qcdsf.001.b5p80kp122810kp122810-48x96.00445_0.000_422_-4-2-2_smsnk30.lime
/scratch/usr/hhpmbate/chroma_2pt/48x96/b5p80kp122810kp122810/vector/lp001lp0001_g2_g4_q000_q220_q422_q442_q600_q642/correlators/meson_qcdsf.001.b5p80kp122810kp122810-48x96.00445_0.000_442_-4-4-2_ptsink.lime
/scratch/usr/hhpmbate/chroma_2pt/48x96/b5p80kp122810kp122810/vector/lp001lp0001_g2_g4_q000_q220_q422_q442_q600_q642/correlators/meson_qcdsf.001.b5p80kp122810kp122810-48x96.00445_0.000_442_-4-4-2_smsnk30.lime
/scratch/usr/hhpmbate/chroma_2pt/48x96/b5p80kp122810kp122810/vector/lp001lp0001_g2_g4_q000_q220_q422_q442_q600_q642/correlators/meson_qcdsf.001.b5p80kp122810kp122810-48x96.00445_0.000_600_-600_ptsink.lime
/scratch/usr/hhpmbate/chroma_2pt/48x96/b5p80kp122810kp122810/vector/lp001lp0001_g2_g4_q000_q220_q422_q442_q600_q642/correlators/meson_qcdsf.001.b5p80kp122810kp122810-48x96.00445_0.000_600_-600_smsnk30.lime
/scratch/usr/hhpmbate/chroma_2pt/48x96/b5p80kp122810kp122810/vector/lp001lp0001_g2_g4_q000_q220_q422_q442_q600_q642/correlators/meson_qcdsf.001.b5p80kp122810kp122810-48x96.00446_0.000_000_000_ptsink.lime
/scratch/usr/hhpmbate/chroma_2pt/48x96/b5p80kp122810kp122810/vector/lp001lp0001_g2_g4_q000_q220_q422_q442_q600_q642/correlators/meson_qcdsf.001.b5p80kp122810kp122810-48x96.00446_0.000_000_000_smsnk30.lime
/scratch/usr/hhpmbate/chroma_2pt/48x96/b5p80kp122810kp122810/vector/lp001lp0001_g2_g4_q000_q220_q422_q442_q600_q642/correlators/meson_qcdsf.001.b5p80kp122810kp122810-48x96.00446_0.000_220_-2-20_ptsink.lime
/scratch/usr/hhpmbate/chroma_2pt/48x96/b5p80kp122810kp122810/vector/lp001lp0001_g2_g4_q000_q220_q422_q442_q600_q642/correlators/meson_qcdsf.001.b5p80kp122810kp122810-48x96.00446_0.000_220_-2-20_smsnk30.lime
/scratch/usr/hhpmbate/chroma_2pt/48x96/b5p80kp122810kp122810/vector/lp001lp0001_g2_g4_q000_q220_q422_q442_q600_q642/correlators/meson_qcdsf.001.b5p80kp122810kp122810-48x96.00446_0.000_422_-4-2-2_ptsink.lime
/scratch/usr/hhpmbate/chroma_2pt/48x96/b5p80kp122810kp122810/vector/lp001lp0001_g2_g4_q000_q220_q422_q442_q600_q642/correlators/meson_qcdsf.001.b5p80kp122810kp122810-48x96.00446_0.000_422_-4-2-2_smsnk30.lime
/scratch/usr/hhpmbate/chroma_2pt/48x96/b5p80kp122810kp122810/vector/lp001lp0001_g2_g4_q000_q220_q422_q442_q600_q642/correlators/meson_qcdsf.001.b5p80kp122810kp122810-48x96.00446_0.000_442_-4-4-2_ptsink.lime
/scratch/usr/hhpmbate/chroma_2pt/48x96/b5p80kp122810kp122810/vector/lp001lp0001_g2_g4_q000_q220_q422_q442_q600_q642/correlators/meson_qcdsf.001.b5p80kp122810kp122810-48x96.00446_0.000_442_-4-4-2_smsnk30.lime
/scratch/usr/hhpmbate/chroma_2pt/48x96/b5p80kp122810kp122810/vector/lp001lp0001_g2_g4_q000_q220_q422_q442_q600_q642/correlators/meson_qcdsf.001.b5p80kp122810kp122810-48x96.00446_0.000_600_-600_ptsink.lime
/scratch/usr/hhpmbate/chroma_2pt/48x96/b5p80kp122810kp122810/vector/lp001lp0001_g2_g4_q000_q220_q422_q442_q600_q642/correlators/meson_qcdsf.001.b5p80kp122810kp122810-48x96.00446_0.000_600_-600_smsnk30.lime
/scratch/usr/hhpmbate/chroma_2pt/48x96/b5p80kp122810kp122810/vector/lp001lp0001_g2_g4_q000_q220_q422_q442_q600_q642/correlators/meson_qcdsf.001.b5p80kp122810kp122810-48x96.00447_0.000_000_000_ptsink.lime
/scratch/usr/hhpmbate/chroma_2pt/48x96/b5p80kp122810kp122810/vector/lp001lp0001_g2_g4_q000_q220_q422_q442_q600_q642/correlators/meson_qcdsf.001.b5p80kp122810kp122810-48x96.00447_0.000_000_000_smsnk30.lime
/scratch/usr/hhpmbate/chroma_2pt/48x96/b5p80kp122810kp122810/vector/lp001lp0001_g2_g4_q000_q220_q422_q442_q600_q642/correlators/meson_qcdsf.001.b5p80kp122810kp122810-48x96.00447_0.000_220_-2-20_ptsink.lime
/scratch/usr/hhpmbate/chroma_2pt/48x96/b5p80kp122810kp122810/vector/lp001lp0001_g2_g4_q000_q220_q422_q442_q600_q642/correlators/meson_qcdsf.001.b5p80kp122810kp122810-48x96.00447_0.000_220_-2-20_smsnk30.lime
/scratch/usr/hhpmbate/chroma_2pt/48x96/b5p80kp122810kp122810/vector/lp001lp0001_g2_g4_q000_q220_q422_q442_q600_q642/correlators/meson_qcdsf.001.b5p80kp122810kp122810-48x96.00447_0.000_422_-4-2-2_ptsink.lime
/scratch/usr/hhpmbate/chroma_2pt/48x96/b5p80kp122810kp122810/vector/lp001lp0001_g2_g4_q000_q220_q422_q442_q600_q642/correlators/meson_qcdsf.001.b5p80kp122810kp122810-48x96.00447_0.000_422_-4-2-2_smsnk30.lime
/scratch/usr/hhpmbate/chroma_2pt/48x96/b5p80kp122810kp122810/vector/lp001lp0001_g2_g4_q000_q220_q422_q442_q600_q642/correlators/meson_qcdsf.001.b5p80kp122810kp122810-48x96.00447_0.000_442_-4-4-2_ptsink.lime
/scratch/usr/hhpmbate/chroma_2pt/48x96/b5p80kp122810kp122810/vector/lp001lp0001_g2_g4_q000_q220_q422_q442_q600_q642/correlators/meson_qcdsf.001.b5p80kp122810kp122810-48x96.00447_0.000_442_-4-4-2_smsnk30.lime
/scratch/usr/hhpmbate/chroma_2pt/48x96/b5p80kp122810kp122810/vector/lp001lp0001_g2_g4_q000_q220_q422_q442_q600_q642/correlators/meson_qcdsf.001.b5p80kp122810kp122810-48x96.00447_0.000_600_-600_ptsink.lime
/scratch/usr/hhpmbate/chroma_2pt/48x96/b5p80kp122810kp122810/vector/lp001lp0001_g2_g4_q000_q220_q422_q442_q600_q642/correlators/meson_qcdsf.001.b5p80kp122810kp122810-48x96.00447_0.000_600_-600_smsnk30.lime
/scratch/usr/hhpmbate/chroma_2pt/48x96/b5p80kp122810kp122810/vector/lp001lp0001_g2_g4_q000_q220_q422_q442_q600_q642/correlators/meson_qcdsf.001.b5p80kp122810kp122810-48x96.00448_0.000_000_000_ptsink.lime
/scratch/usr/hhpmbate/chroma_2pt/48x96/b5p80kp122810kp122810/vector/lp001lp0001_g2_g4_q000_q220_q422_q442_q600_q642/correlators/meson_qcdsf.001.b5p80kp122810kp122810-48x96.00448_0.000_000_000_smsnk30.lime
/scratch/usr/hhpmbate/chroma_2pt/48x96/b5p80kp122810kp122810/vector/lp001lp0001_g2_g4_q000_q220_q422_q442_q600_q642/correlators/meson_qcdsf.001.b5p80kp122810kp122810-48x96.00448_0.000_220_-2-20_ptsink.lime
/scratch/usr/hhpmbate/chroma_2pt/48x96/b5p80kp122810kp122810/vector/lp001lp0001_g2_g4_q000_q220_q422_q442_q600_q642/correlators/meson_qcdsf.001.b5p80kp122810kp122810-48x96.00448_0.000_220_-2-20_smsnk30.lime
/scratch/usr/hhpmbate/chroma_2pt/48x96/b5p80kp122810kp122810/vector/lp001lp0001_g2_g4_q000_q220_q422_q442_q600_q642/correlators/meson_qcdsf.001.b5p80kp122810kp122810-48x96.00448_0.000_422_-4-2-2_ptsink.lime
/scratch/usr/hhpmbate/chroma_2pt/48x96/b5p80kp122810kp122810/vector/lp001lp0001_g2_g4_q000_q220_q422_q442_q600_q642/correlators/meson_qcdsf.001.b5p80kp122810kp122810-48x96.00448_0.000_422_-4-2-2_smsnk30.lime
/scratch/usr/hhpmbate/chroma_2pt/48x96/b5p80kp122810kp122810/vector/lp001lp0001_g2_g4_q000_q220_q422_q442_q600_q642/correlators/meson_qcdsf.001.b5p80kp122810kp122810-48x96.00448_0.000_442_-4-4-2_ptsink.lime
/scratch/usr/hhpmbate/chroma_2pt/48x96/b5p80kp122810kp122810/vector/lp001lp0001_g2_g4_q000_q220_q422_q442_q600_q642/correlators/meson_qcdsf.001.b5p80kp122810kp122810-48x96.00448_0.000_442_-4-4-2_smsnk30.lime
/scratch/usr/hhpmbate/chroma_2pt/48x96/b5p80kp122810kp122810/vector/lp001lp0001_g2_g4_q000_q220_q422_q442_q600_q642/correlators/meson_qcdsf.001.b5p80kp122810kp122810-48x96.00448_0.000_600_-600_ptsink.lime
/scratch/usr/hhpmbate/chroma_2pt/48x96/b5p80kp122810kp122810/vector/lp001lp0001_g2_g4_q000_q220_q422_q442_q600_q642/correlators/meson_qcdsf.001.b5p80kp122810kp122810-48x96.00448_0.000_600_-600_smsnk30.lime
/scratch/usr/hhpmbate/chroma_2pt/48x96/b5p80kp122810kp122810/vector/lp001lp0001_g2_g4_q000_q220_q422_q442_q600_q642/correlators/meson_qcdsf.001.b5p80kp122810kp122810-48x96.00449_0.000_000_000_ptsink.lime
/scratch/usr/hhpmbate/chroma_2pt/48x96/b5p80kp122810kp122810/vector/lp001lp0001_g2_g4_q000_q220_q422_q442_q600_q642/correlators/meson_qcdsf.001.b5p80kp122810kp122810-48x96.00449_0.000_000_000_smsnk30.lime
/scratch/usr/hhpmbate/chroma_2pt/48x96/b5p80kp122810kp122810/vector/lp001lp0001_g2_g4_q000_q220_q422_q442_q600_q642/correlators/meson_qcdsf.001.b5p80kp122810kp122810-48x96.00449_0.000_220_-2-20_ptsink.lime
/scratch/usr/hhpmbate/chroma_2pt/48x96/b5p80kp122810kp122810/vector/lp001lp0001_g2_g4_q000_q220_q422_q442_q600_q642/correlators/meson_qcdsf.001.b5p80kp122810kp122810-48x96.00449_0.000_220_-2-20_smsnk30.lime
/scratch/usr/hhpmbate/chroma_2pt/48x96/b5p80kp122810kp122810/vector/lp001lp0001_g2_g4_q000_q220_q422_q442_q600_q642/correlators/meson_qcdsf.001.b5p80kp122810kp122810-48x96.00449_0.000_422_-4-2-2_ptsink.lime
/scratch/usr/hhpmbate/chroma_2pt/48x96/b5p80kp122810kp122810/vector/lp001lp0001_g2_g4_q000_q220_q422_q442_q600_q642/correlators/meson_qcdsf.001.b5p80kp122810kp122810-48x96.00449_0.000_422_-4-2-2_smsnk30.lime
/scratch/usr/hhpmbate/chroma_2pt/48x96/b5p80kp122810kp122810/vector/lp001lp0001_g2_g4_q000_q220_q422_q442_q600_q642/correlators/meson_qcdsf.001.b5p80kp122810kp122810-48x96.00449_0.000_442_-4-4-2_ptsink.lime
/scratch/usr/hhpmbate/chroma_2pt/48x96/b5p80kp122810kp122810/vector/lp001lp0001_g2_g4_q000_q220_q422_q442_q600_q642/correlators/meson_qcdsf.001.b5p80kp122810kp122810-48x96.00449_0.000_442_-4-4-2_smsnk30.lime
/scratch/usr/hhpmbate/chroma_2pt/48x96/b5p80kp122810kp122810/vector/lp001lp0001_g2_g4_q000_q220_q422_q442_q600_q642/correlators/meson_qcdsf.001.b5p80kp122810kp122810-48x96.00449_0.000_600_-600_ptsink.lime
/scratch/usr/hhpmbate/chroma_2pt/48x96/b5p80kp122810kp122810/vector/lp001lp0001_g2_g4_q000_q220_q422_q442_q600_q642/correlators/meson_qcdsf.001.b5p80kp122810kp122810-48x96.00449_0.000_600_-600_smsnk30.lime
/scratch/usr/hhpmbate/chroma_2pt/48x96/b5p80kp122810kp122810/vector/lp001lp0001_g2_g4_q000_q220_q422_q442_q600_q642/correlators/meson_qcdsf.001.b5p80kp122810kp122810-48x96.00450_0.000_000_000_ptsink.lime
/scratch/usr/hhpmbate/chroma_2pt/48x96/b5p80kp122810kp122810/vector/lp001lp0001_g2_g4_q000_q220_q422_q442_q600_q642/correlators/meson_qcdsf.001.b5p80kp122810kp122810-48x96.00450_0.000_000_000_smsnk30.lime
/scratch/usr/hhpmbate/chroma_2pt/48x96/b5p80kp122810kp122810/vector/lp001lp0001_g2_g4_q000_q220_q422_q442_q600_q642/correlators/meson_qcdsf.001.b5p80kp122810kp122810-48x96.00450_0.000_220_-2-20_ptsink.lime
/scratch/usr/hhpmbate/chroma_2pt/48x96/b5p80kp122810kp122810/vector/lp001lp0001_g2_g4_q000_q220_q422_q442_q600_q642/correlators/meson_qcdsf.001.b5p80kp122810kp122810-48x96.00450_0.000_220_-2-20_smsnk30.lime
/scratch/usr/hhpmbate/chroma_2pt/48x96/b5p80kp122810kp122810/vector/lp001lp0001_g2_g4_q000_q220_q422_q442_q600_q642/correlators/meson_qcdsf.001.b5p80kp122810kp122810-48x96.00450_0.000_422_-4-2-2_ptsink.lime
/scratch/usr/hhpmbate/chroma_2pt/48x96/b5p80kp122810kp122810/vector/lp001lp0001_g2_g4_q000_q220_q422_q442_q600_q642/correlators/meson_qcdsf.001.b5p80kp122810kp122810-48x96.00450_0.000_422_-4-2-2_smsnk30.lime
/scratch/usr/hhpmbate/chroma_2pt/48x96/b5p80kp122810kp122810/vector/lp001lp0001_g2_g4_q000_q220_q422_q442_q600_q642/correlators/meson_qcdsf.001.b5p80kp122810kp122810-48x96.00450_0.000_442_-4-4-2_ptsink.lime
/scratch/usr/hhpmbate/chroma_2pt/48x96/b5p80kp122810kp122810/vector/lp001lp0001_g2_g4_q000_q220_q422_q442_q600_q642/correlators/meson_qcdsf.001.b5p80kp122810kp122810-48x96.00450_0.000_442_-4-4-2_smsnk30.lime
/scratch/usr/hhpmbate/chroma_2pt/48x96/b5p80kp122810kp122810/vector/lp001lp0001_g2_g4_q000_q220_q422_q442_q600_q642/correlators/meson_qcdsf.001.b5p80kp122810kp122810-48x96.00450_0.000_600_-600_ptsink.lime
/scratch/usr/hhpmbate/chroma_2pt/48x96/b5p80kp122810kp122810/vector/lp001lp0001_g2_g4_q000_q220_q422_q442_q600_q642/correlators/meson_qcdsf.001.b5p80kp122810kp122810-48x96.00450_0.000_600_-600_smsnk30.lime
/scratch/usr/hhpmbate/chroma_2pt/48x96/b5p80kp122810kp122810/vector/lp001lp0001_g2_g4_q000_q220_q422_q442_q600_q642/correlators/meson_qcdsf.001.b5p80kp122810kp122810-48x96.00451_0.000_000_000_ptsink.lime
/scratch/usr/hhpmbate/chroma_2pt/48x96/b5p80kp122810kp122810/vector/lp001lp0001_g2_g4_q000_q220_q422_q442_q600_q642/correlators/meson_qcdsf.001.b5p80kp122810kp122810-48x96.00451_0.000_000_000_smsnk30.lime
/scratch/usr/hhpmbate/chroma_2pt/48x96/b5p80kp122810kp122810/vector/lp001lp0001_g2_g4_q000_q220_q422_q442_q600_q642/correlators/meson_qcdsf.001.b5p80kp122810kp122810-48x96.00451_0.000_220_-2-20_ptsink.lime
/scratch/usr/hhpmbate/chroma_2pt/48x96/b5p80kp122810kp122810/vector/lp001lp0001_g2_g4_q000_q220_q422_q442_q600_q642/correlators/meson_qcdsf.001.b5p80kp122810kp122810-48x96.00451_0.000_220_-2-20_smsnk30.lime
/scratch/usr/hhpmbate/chroma_2pt/48x96/b5p80kp122810kp122810/vector/lp001lp0001_g2_g4_q000_q220_q422_q442_q600_q642/correlators/meson_qcdsf.001.b5p80kp122810kp122810-48x96.00451_0.000_422_-4-2-2_ptsink.lime
/scratch/usr/hhpmbate/chroma_2pt/48x96/b5p80kp122810kp122810/vector/lp001lp0001_g2_g4_q000_q220_q422_q442_q600_q642/correlators/meson_qcdsf.001.b5p80kp122810kp122810-48x96.00451_0.000_422_-4-2-2_smsnk30.lime
/scratch/usr/hhpmbate/chroma_2pt/48x96/b5p80kp122810kp122810/vector/lp001lp0001_g2_g4_q000_q220_q422_q442_q600_q642/correlators/meson_qcdsf.001.b5p80kp122810kp122810-48x96.00451_0.000_442_-4-4-2_ptsink.lime
/scratch/usr/hhpmbate/chroma_2pt/48x96/b5p80kp122810kp122810/vector/lp001lp0001_g2_g4_q000_q220_q422_q442_q600_q642/correlators/meson_qcdsf.001.b5p80kp122810kp122810-48x96.00451_0.000_442_-4-4-2_smsnk30.lime
/scratch/usr/hhpmbate/chroma_2pt/48x96/b5p80kp122810kp122810/vector/lp001lp0001_g2_g4_q000_q220_q422_q442_q600_q642/correlators/meson_qcdsf.001.b5p80kp122810kp122810-48x96.00451_0.000_600_-600_ptsink.lime
/scratch/usr/hhpmbate/chroma_2pt/48x96/b5p80kp122810kp122810/vector/lp001lp0001_g2_g4_q000_q220_q422_q442_q600_q642/correlators/meson_qcdsf.001.b5p80kp122810kp122810-48x96.00451_0.000_600_-600_smsnk30.lime
/scratch/usr/hhpmbate/chroma_2pt/48x96/b5p80kp122810kp122810/vector/lp001lp0001_g2_g4_q000_q220_q422_q442_q600_q642/correlators/meson_qcdsf.001.b5p80kp122810kp122810-48x96.00452_0.000_000_000_ptsink.lime
/scratch/usr/hhpmbate/chroma_2pt/48x96/b5p80kp122810kp122810/vector/lp001lp0001_g2_g4_q000_q220_q422_q442_q600_q642/correlators/meson_qcdsf.001.b5p80kp122810kp122810-48x96.00452_0.000_000_000_smsnk30.lime
/scratch/usr/hhpmbate/chroma_2pt/48x96/b5p80kp122810kp122810/vector/lp001lp0001_g2_g4_q000_q220_q422_q442_q600_q642/correlators/meson_qcdsf.001.b5p80kp122810kp122810-48x96.00452_0.000_220_-2-20_ptsink.lime
/scratch/usr/hhpmbate/chroma_2pt/48x96/b5p80kp122810kp122810/vector/lp001lp0001_g2_g4_q000_q220_q422_q442_q600_q642/correlators/meson_qcdsf.001.b5p80kp122810kp122810-48x96.00452_0.000_220_-2-20_smsnk30.lime
/scratch/usr/hhpmbate/chroma_2pt/48x96/b5p80kp122810kp122810/vector/lp001lp0001_g2_g4_q000_q220_q422_q442_q600_q642/correlators/meson_qcdsf.001.b5p80kp122810kp122810-48x96.00452_0.000_422_-4-2-2_ptsink.lime
/scratch/usr/hhpmbate/chroma_2pt/48x96/b5p80kp122810kp122810/vector/lp001lp0001_g2_g4_q000_q220_q422_q442_q600_q642/correlators/meson_qcdsf.001.b5p80kp122810kp122810-48x96.00452_0.000_422_-4-2-2_smsnk30.lime
/scratch/usr/hhpmbate/chroma_2pt/48x96/b5p80kp122810kp122810/vector/lp001lp0001_g2_g4_q000_q220_q422_q442_q600_q642/correlators/meson_qcdsf.001.b5p80kp122810kp122810-48x96.00452_0.000_442_-4-4-2_ptsink.lime
/scratch/usr/hhpmbate/chroma_2pt/48x96/b5p80kp122810kp122810/vector/lp001lp0001_g2_g4_q000_q220_q422_q442_q600_q642/correlators/meson_qcdsf.001.b5p80kp122810kp122810-48x96.00452_0.000_442_-4-4-2_smsnk30.lime
/scratch/usr/hhpmbate/chroma_2pt/48x96/b5p80kp122810kp122810/vector/lp001lp0001_g2_g4_q000_q220_q422_q442_q600_q642/correlators/meson_qcdsf.001.b5p80kp122810kp122810-48x96.00452_0.000_600_-600_ptsink.lime
/scratch/usr/hhpmbate/chroma_2pt/48x96/b5p80kp122810kp122810/vector/lp001lp0001_g2_g4_q000_q220_q422_q442_q600_q642/correlators/meson_qcdsf.001.b5p80kp122810kp122810-48x96.00452_0.000_600_-600_smsnk30.lime
/scratch/usr/hhpmbate/chroma_2pt/48x96/b5p80kp122810kp122810/vector/lp001lp0001_g2_g4_q000_q220_q422_q442_q600_q642/correlators/meson_qcdsf.001.b5p80kp122810kp122810-48x96.00453_0.000_000_000_ptsink.lime
/scratch/usr/hhpmbate/chroma_2pt/48x96/b5p80kp122810kp122810/vector/lp001lp0001_g2_g4_q000_q220_q422_q442_q600_q642/correlators/meson_qcdsf.001.b5p80kp122810kp122810-48x96.00453_0.000_000_000_smsnk30.lime
/scratch/usr/hhpmbate/chroma_2pt/48x96/b5p80kp122810kp122810/vector/lp001lp0001_g2_g4_q000_q220_q422_q442_q600_q642/correlators/meson_qcdsf.001.b5p80kp122810kp122810-48x96.00453_0.000_220_-2-20_ptsink.lime
/scratch/usr/hhpmbate/chroma_2pt/48x96/b5p80kp122810kp122810/vector/lp001lp0001_g2_g4_q000_q220_q422_q442_q600_q642/correlators/meson_qcdsf.001.b5p80kp122810kp122810-48x96.00453_0.000_220_-2-20_smsnk30.lime
/scratch/usr/hhpmbate/chroma_2pt/48x96/b5p80kp122810kp122810/vector/lp001lp0001_g2_g4_q000_q220_q422_q442_q600_q642/correlators/meson_qcdsf.001.b5p80kp122810kp122810-48x96.00453_0.000_422_-4-2-2_ptsink.lime
/scratch/usr/hhpmbate/chroma_2pt/48x96/b5p80kp122810kp122810/vector/lp001lp0001_g2_g4_q000_q220_q422_q442_q600_q642/correlators/meson_qcdsf.001.b5p80kp122810kp122810-48x96.00453_0.000_422_-4-2-2_smsnk30.lime
/scratch/usr/hhpmbate/chroma_2pt/48x96/b5p80kp122810kp122810/vector/lp001lp0001_g2_g4_q000_q220_q422_q442_q600_q642/correlators/meson_qcdsf.001.b5p80kp122810kp122810-48x96.00453_0.000_442_-4-4-2_ptsink.lime
/scratch/usr/hhpmbate/chroma_2pt/48x96/b5p80kp122810kp122810/vector/lp001lp0001_g2_g4_q000_q220_q422_q442_q600_q642/correlators/meson_qcdsf.001.b5p80kp122810kp122810-48x96.00453_0.000_442_-4-4-2_smsnk30.lime
/scratch/usr/hhpmbate/chroma_2pt/48x96/b5p80kp122810kp122810/vector/lp001lp0001_g2_g4_q000_q220_q422_q442_q600_q642/correlators/meson_qcdsf.001.b5p80kp122810kp122810-48x96.00453_0.000_600_-600_ptsink.lime
/scratch/usr/hhpmbate/chroma_2pt/48x96/b5p80kp122810kp122810/vector/lp001lp0001_g2_g4_q000_q220_q422_q442_q600_q642/correlators/meson_qcdsf.001.b5p80kp122810kp122810-48x96.00453_0.000_600_-600_smsnk30.lime
/scratch/usr/hhpmbate/chroma_2pt/48x96/b5p80kp122810kp122810/vector/lp001lp0001_g2_g4_q000_q220_q422_q442_q600_q642/correlators/meson_qcdsf.001.b5p80kp122810kp122810-48x96.00454_0.000_000_000_ptsink.lime
/scratch/usr/hhpmbate/chroma_2pt/48x96/b5p80kp122810kp122810/vector/lp001lp0001_g2_g4_q000_q220_q422_q442_q600_q642/correlators/meson_qcdsf.001.b5p80kp122810kp122810-48x96.00454_0.000_000_000_smsnk30.lime
/scratch/usr/hhpmbate/chroma_2pt/48x96/b5p80kp122810kp122810/vector/lp001lp0001_g2_g4_q000_q220_q422_q442_q600_q642/correlators/meson_qcdsf.001.b5p80kp122810kp122810-48x96.00454_0.000_220_-2-20_ptsink.lime
/scratch/usr/hhpmbate/chroma_2pt/48x96/b5p80kp122810kp122810/vector/lp001lp0001_g2_g4_q000_q220_q422_q442_q600_q642/correlators/meson_qcdsf.001.b5p80kp122810kp122810-48x96.00454_0.000_220_-2-20_smsnk30.lime
/scratch/usr/hhpmbate/chroma_2pt/48x96/b5p80kp122810kp122810/vector/lp001lp0001_g2_g4_q000_q220_q422_q442_q600_q642/correlators/meson_qcdsf.001.b5p80kp122810kp122810-48x96.00454_0.000_422_-4-2-2_ptsink.lime
/scratch/usr/hhpmbate/chroma_2pt/48x96/b5p80kp122810kp122810/vector/lp001lp0001_g2_g4_q000_q220_q422_q442_q600_q642/correlators/meson_qcdsf.001.b5p80kp122810kp122810-48x96.00454_0.000_422_-4-2-2_smsnk30.lime
/scratch/usr/hhpmbate/chroma_2pt/48x96/b5p80kp122810kp122810/vector/lp001lp0001_g2_g4_q000_q220_q422_q442_q600_q642/correlators/meson_qcdsf.001.b5p80kp122810kp122810-48x96.00454_0.000_442_-4-4-2_ptsink.lime
/scratch/usr/hhpmbate/chroma_2pt/48x96/b5p80kp122810kp122810/vector/lp001lp0001_g2_g4_q000_q220_q422_q442_q600_q642/correlators/meson_qcdsf.001.b5p80kp122810kp122810-48x96.00454_0.000_442_-4-4-2_smsnk30.lime
/scratch/usr/hhpmbate/chroma_2pt/48x96/b5p80kp122810kp122810/vector/lp001lp0001_g2_g4_q000_q220_q422_q442_q600_q642/correlators/meson_qcdsf.001.b5p80kp122810kp122810-48x96.00454_0.000_600_-600_ptsink.lime
/scratch/usr/hhpmbate/chroma_2pt/48x96/b5p80kp122810kp122810/vector/lp001lp0001_g2_g4_q000_q220_q422_q442_q600_q642/correlators/meson_qcdsf.001.b5p80kp122810kp122810-48x96.00454_0.000_600_-600_smsnk30.lime
/scratch/usr/hhpmbate/chroma_2pt/48x96/b5p80kp122810kp122810/vector/lp001lp0001_g2_g4_q000_q220_q422_q442_q600_q642/correlators/meson_qcdsf.001.b5p80kp122810kp122810-48x96.00455_0.000_000_000_ptsink.lime
/scratch/usr/hhpmbate/chroma_2pt/48x96/b5p80kp122810kp122810/vector/lp001lp0001_g2_g4_q000_q220_q422_q442_q600_q642/correlators/meson_qcdsf.001.b5p80kp122810kp122810-48x96.00455_0.000_000_000_smsnk30.lime
/scratch/usr/hhpmbate/chroma_2pt/48x96/b5p80kp122810kp122810/vector/lp001lp0001_g2_g4_q000_q220_q422_q442_q600_q642/correlators/meson_qcdsf.001.b5p80kp122810kp122810-48x96.00455_0.000_220_-2-20_ptsink.lime
/scratch/usr/hhpmbate/chroma_2pt/48x96/b5p80kp122810kp122810/vector/lp001lp0001_g2_g4_q000_q220_q422_q442_q600_q642/correlators/meson_qcdsf.001.b5p80kp122810kp122810-48x96.00455_0.000_220_-2-20_smsnk30.lime
/scratch/usr/hhpmbate/chroma_2pt/48x96/b5p80kp122810kp122810/vector/lp001lp0001_g2_g4_q000_q220_q422_q442_q600_q642/correlators/meson_qcdsf.001.b5p80kp122810kp122810-48x96.00455_0.000_422_-4-2-2_ptsink.lime
/scratch/usr/hhpmbate/chroma_2pt/48x96/b5p80kp122810kp122810/vector/lp001lp0001_g2_g4_q000_q220_q422_q442_q600_q642/correlators/meson_qcdsf.001.b5p80kp122810kp122810-48x96.00455_0.000_422_-4-2-2_smsnk30.lime
/scratch/usr/hhpmbate/chroma_2pt/48x96/b5p80kp122810kp122810/vector/lp001lp0001_g2_g4_q000_q220_q422_q442_q600_q642/correlators/meson_qcdsf.001.b5p80kp122810kp122810-48x96.00455_0.000_442_-4-4-2_ptsink.lime
/scratch/usr/hhpmbate/chroma_2pt/48x96/b5p80kp122810kp122810/vector/lp001lp0001_g2_g4_q000_q220_q422_q442_q600_q642/correlators/meson_qcdsf.001.b5p80kp122810kp122810-48x96.00455_0.000_442_-4-4-2_smsnk30.lime
/scratch/usr/hhpmbate/chroma_2pt/48x96/b5p80kp122810kp122810/vector/lp001lp0001_g2_g4_q000_q220_q422_q442_q600_q642/correlators/meson_qcdsf.001.b5p80kp122810kp122810-48x96.00455_0.000_600_-600_ptsink.lime
/scratch/usr/hhpmbate/chroma_2pt/48x96/b5p80kp122810kp122810/vector/lp001lp0001_g2_g4_q000_q220_q422_q442_q600_q642/correlators/meson_qcdsf.001.b5p80kp122810kp122810-48x96.00455_0.000_600_-600_smsnk30.lime
/scratch/usr/hhpmbate/chroma_2pt/48x96/b5p80kp122810kp122810/vector/lp001lp0001_g2_g4_q000_q220_q422_q442_q600_q642/correlators/meson_qcdsf.001.b5p80kp122810kp122810-48x96.00456_0.000_000_000_ptsink.lime
/scratch/usr/hhpmbate/chroma_2pt/48x96/b5p80kp122810kp122810/vector/lp001lp0001_g2_g4_q000_q220_q422_q442_q600_q642/correlators/meson_qcdsf.001.b5p80kp122810kp122810-48x96.00456_0.000_000_000_smsnk30.lime
/scratch/usr/hhpmbate/chroma_2pt/48x96/b5p80kp122810kp122810/vector/lp001lp0001_g2_g4_q000_q220_q422_q442_q600_q642/correlators/meson_qcdsf.001.b5p80kp122810kp122810-48x96.00456_0.000_220_-2-20_ptsink.lime
/scratch/usr/hhpmbate/chroma_2pt/48x96/b5p80kp122810kp122810/vector/lp001lp0001_g2_g4_q000_q220_q422_q442_q600_q642/correlators/meson_qcdsf.001.b5p80kp122810kp122810-48x96.00456_0.000_220_-2-20_smsnk30.lime
/scratch/usr/hhpmbate/chroma_2pt/48x96/b5p80kp122810kp122810/vector/lp001lp0001_g2_g4_q000_q220_q422_q442_q600_q642/correlators/meson_qcdsf.001.b5p80kp122810kp122810-48x96.00456_0.000_422_-4-2-2_ptsink.lime
/scratch/usr/hhpmbate/chroma_2pt/48x96/b5p80kp122810kp122810/vector/lp001lp0001_g2_g4_q000_q220_q422_q442_q600_q642/correlators/meson_qcdsf.001.b5p80kp122810kp122810-48x96.00456_0.000_422_-4-2-2_smsnk30.lime
/scratch/usr/hhpmbate/chroma_2pt/48x96/b5p80kp122810kp122810/vector/lp001lp0001_g2_g4_q000_q220_q422_q442_q600_q642/correlators/meson_qcdsf.001.b5p80kp122810kp122810-48x96.00456_0.000_442_-4-4-2_ptsink.lime
/scratch/usr/hhpmbate/chroma_2pt/48x96/b5p80kp122810kp122810/vector/lp001lp0001_g2_g4_q000_q220_q422_q442_q600_q642/correlators/meson_qcdsf.001.b5p80kp122810kp122810-48x96.00456_0.000_442_-4-4-2_smsnk30.lime
/scratch/usr/hhpmbate/chroma_2pt/48x96/b5p80kp122810kp122810/vector/lp001lp0001_g2_g4_q000_q220_q422_q442_q600_q642/correlators/meson_qcdsf.001.b5p80kp122810kp122810-48x96.00456_0.000_600_-600_ptsink.lime
/scratch/usr/hhpmbate/chroma_2pt/48x96/b5p80kp122810kp122810/vector/lp001lp0001_g2_g4_q000_q220_q422_q442_q600_q642/correlators/meson_qcdsf.001.b5p80kp122810kp122810-48x96.00456_0.000_600_-600_smsnk30.lime
/scratch/usr/hhpmbate/chroma_2pt/48x96/b5p80kp122810kp122810/vector/lp001lp0001_g2_g4_q000_q220_q422_q442_q600_q642/correlators/meson_qcdsf.001.b5p80kp122810kp122810-48x96.00457_0.000_000_000_ptsink.lime
/scratch/usr/hhpmbate/chroma_2pt/48x96/b5p80kp122810kp122810/vector/lp001lp0001_g2_g4_q000_q220_q422_q442_q600_q642/correlators/meson_qcdsf.001.b5p80kp122810kp122810-48x96.00457_0.000_000_000_smsnk30.lime
/scratch/usr/hhpmbate/chroma_2pt/48x96/b5p80kp122810kp122810/vector/lp001lp0001_g2_g4_q000_q220_q422_q442_q600_q642/correlators/meson_qcdsf.001.b5p80kp122810kp122810-48x96.00457_0.000_220_-2-20_ptsink.lime
/scratch/usr/hhpmbate/chroma_2pt/48x96/b5p80kp122810kp122810/vector/lp001lp0001_g2_g4_q000_q220_q422_q442_q600_q642/correlators/meson_qcdsf.001.b5p80kp122810kp122810-48x96.00457_0.000_220_-2-20_smsnk30.lime
/scratch/usr/hhpmbate/chroma_2pt/48x96/b5p80kp122810kp122810/vector/lp001lp0001_g2_g4_q000_q220_q422_q442_q600_q642/correlators/meson_qcdsf.001.b5p80kp122810kp122810-48x96.00457_0.000_422_-4-2-2_ptsink.lime
/scratch/usr/hhpmbate/chroma_2pt/48x96/b5p80kp122810kp122810/vector/lp001lp0001_g2_g4_q000_q220_q422_q442_q600_q642/correlators/meson_qcdsf.001.b5p80kp122810kp122810-48x96.00457_0.000_422_-4-2-2_smsnk30.lime
/scratch/usr/hhpmbate/chroma_2pt/48x96/b5p80kp122810kp122810/vector/lp001lp0001_g2_g4_q000_q220_q422_q442_q600_q642/correlators/meson_qcdsf.001.b5p80kp122810kp122810-48x96.00457_0.000_442_-4-4-2_ptsink.lime
/scratch/usr/hhpmbate/chroma_2pt/48x96/b5p80kp122810kp122810/vector/lp001lp0001_g2_g4_q000_q220_q422_q442_q600_q642/correlators/meson_qcdsf.001.b5p80kp122810kp122810-48x96.00457_0.000_442_-4-4-2_smsnk30.lime
/scratch/usr/hhpmbate/chroma_2pt/48x96/b5p80kp122810kp122810/vector/lp001lp0001_g2_g4_q000_q220_q422_q442_q600_q642/correlators/meson_qcdsf.001.b5p80kp122810kp122810-48x96.00457_0.000_600_-600_ptsink.lime
/scratch/usr/hhpmbate/chroma_2pt/48x96/b5p80kp122810kp122810/vector/lp001lp0001_g2_g4_q000_q220_q422_q442_q600_q642/correlators/meson_qcdsf.001.b5p80kp122810kp122810-48x96.00457_0.000_600_-600_smsnk30.lime
/scratch/usr/hhpmbate/chroma_2pt/48x96/b5p80kp122810kp122810/vector/lp001lp0001_g2_g4_q000_q220_q422_q442_q600_q642/correlators/meson_qcdsf.001.b5p80kp122810kp122810-48x96.00458_0.000_000_000_ptsink.lime
/scratch/usr/hhpmbate/chroma_2pt/48x96/b5p80kp122810kp122810/vector/lp001lp0001_g2_g4_q000_q220_q422_q442_q600_q642/correlators/meson_qcdsf.001.b5p80kp122810kp122810-48x96.00458_0.000_000_000_smsnk30.lime
/scratch/usr/hhpmbate/chroma_2pt/48x96/b5p80kp122810kp122810/vector/lp001lp0001_g2_g4_q000_q220_q422_q442_q600_q642/correlators/meson_qcdsf.001.b5p80kp122810kp122810-48x96.00458_0.000_220_-2-20_ptsink.lime
/scratch/usr/hhpmbate/chroma_2pt/48x96/b5p80kp122810kp122810/vector/lp001lp0001_g2_g4_q000_q220_q422_q442_q600_q642/correlators/meson_qcdsf.001.b5p80kp122810kp122810-48x96.00458_0.000_220_-2-20_smsnk30.lime
/scratch/usr/hhpmbate/chroma_2pt/48x96/b5p80kp122810kp122810/vector/lp001lp0001_g2_g4_q000_q220_q422_q442_q600_q642/correlators/meson_qcdsf.001.b5p80kp122810kp122810-48x96.00458_0.000_422_-4-2-2_ptsink.lime
/scratch/usr/hhpmbate/chroma_2pt/48x96/b5p80kp122810kp122810/vector/lp001lp0001_g2_g4_q000_q220_q422_q442_q600_q642/correlators/meson_qcdsf.001.b5p80kp122810kp122810-48x96.00458_0.000_422_-4-2-2_smsnk30.lime
/scratch/usr/hhpmbate/chroma_2pt/48x96/b5p80kp122810kp122810/vector/lp001lp0001_g2_g4_q000_q220_q422_q442_q600_q642/correlators/meson_qcdsf.001.b5p80kp122810kp122810-48x96.00458_0.000_442_-4-4-2_ptsink.lime
/scratch/usr/hhpmbate/chroma_2pt/48x96/b5p80kp122810kp122810/vector/lp001lp0001_g2_g4_q000_q220_q422_q442_q600_q642/correlators/meson_qcdsf.001.b5p80kp122810kp122810-48x96.00458_0.000_442_-4-4-2_smsnk30.lime
/scratch/usr/hhpmbate/chroma_2pt/48x96/b5p80kp122810kp122810/vector/lp001lp0001_g2_g4_q000_q220_q422_q442_q600_q642/correlators/meson_qcdsf.001.b5p80kp122810kp122810-48x96.00458_0.000_600_-600_ptsink.lime
/scratch/usr/hhpmbate/chroma_2pt/48x96/b5p80kp122810kp122810/vector/lp001lp0001_g2_g4_q000_q220_q422_q442_q600_q642/correlators/meson_qcdsf.001.b5p80kp122810kp122810-48x96.00458_0.000_600_-600_smsnk30.lime
/scratch/usr/hhpmbate/chroma_2pt/48x96/b5p80kp122810kp122810/vector/lp001lp0001_g2_g4_q000_q220_q422_q442_q600_q642/correlators/meson_qcdsf.001.b5p80kp122810kp122810-48x96.00459_0.000_000_000_ptsink.lime
/scratch/usr/hhpmbate/chroma_2pt/48x96/b5p80kp122810kp122810/vector/lp001lp0001_g2_g4_q000_q220_q422_q442_q600_q642/correlators/meson_qcdsf.001.b5p80kp122810kp122810-48x96.00459_0.000_000_000_smsnk30.lime
/scratch/usr/hhpmbate/chroma_2pt/48x96/b5p80kp122810kp122810/vector/lp001lp0001_g2_g4_q000_q220_q422_q442_q600_q642/correlators/meson_qcdsf.001.b5p80kp122810kp122810-48x96.00459_0.000_220_-2-20_ptsink.lime
/scratch/usr/hhpmbate/chroma_2pt/48x96/b5p80kp122810kp122810/vector/lp001lp0001_g2_g4_q000_q220_q422_q442_q600_q642/correlators/meson_qcdsf.001.b5p80kp122810kp122810-48x96.00459_0.000_220_-2-20_smsnk30.lime
/scratch/usr/hhpmbate/chroma_2pt/48x96/b5p80kp122810kp122810/vector/lp001lp0001_g2_g4_q000_q220_q422_q442_q600_q642/correlators/meson_qcdsf.001.b5p80kp122810kp122810-48x96.00459_0.000_422_-4-2-2_ptsink.lime
/scratch/usr/hhpmbate/chroma_2pt/48x96/b5p80kp122810kp122810/vector/lp001lp0001_g2_g4_q000_q220_q422_q442_q600_q642/correlators/meson_qcdsf.001.b5p80kp122810kp122810-48x96.00459_0.000_422_-4-2-2_smsnk30.lime
/scratch/usr/hhpmbate/chroma_2pt/48x96/b5p80kp122810kp122810/vector/lp001lp0001_g2_g4_q000_q220_q422_q442_q600_q642/correlators/meson_qcdsf.001.b5p80kp122810kp122810-48x96.00459_0.000_442_-4-4-2_ptsink.lime
/scratch/usr/hhpmbate/chroma_2pt/48x96/b5p80kp122810kp122810/vector/lp001lp0001_g2_g4_q000_q220_q422_q442_q600_q642/correlators/meson_qcdsf.001.b5p80kp122810kp122810-48x96.00459_0.000_442_-4-4-2_smsnk30.lime
/scratch/usr/hhpmbate/chroma_2pt/48x96/b5p80kp122810kp122810/vector/lp001lp0001_g2_g4_q000_q220_q422_q442_q600_q642/correlators/meson_qcdsf.001.b5p80kp122810kp122810-48x96.00459_0.000_600_-600_ptsink.lime
/scratch/usr/hhpmbate/chroma_2pt/48x96/b5p80kp122810kp122810/vector/lp001lp0001_g2_g4_q000_q220_q422_q442_q600_q642/correlators/meson_qcdsf.001.b5p80kp122810kp122810-48x96.00459_0.000_600_-600_smsnk30.lime
/scratch/usr/hhpmbate/chroma_2pt/48x96/b5p80kp122810kp122810/vector/lp001lp0001_g2_g4_q000_q220_q422_q442_q600_q642/correlators/meson_qcdsf.001.b5p80kp122810kp122810-48x96.00460_0.000_000_000_ptsink.lime
/scratch/usr/hhpmbate/chroma_2pt/48x96/b5p80kp122810kp122810/vector/lp001lp0001_g2_g4_q000_q220_q422_q442_q600_q642/correlators/meson_qcdsf.001.b5p80kp122810kp122810-48x96.00460_0.000_000_000_smsnk30.lime
/scratch/usr/hhpmbate/chroma_2pt/48x96/b5p80kp122810kp122810/vector/lp001lp0001_g2_g4_q000_q220_q422_q442_q600_q642/correlators/meson_qcdsf.001.b5p80kp122810kp122810-48x96.00460_0.000_220_-2-20_ptsink.lime
/scratch/usr/hhpmbate/chroma_2pt/48x96/b5p80kp122810kp122810/vector/lp001lp0001_g2_g4_q000_q220_q422_q442_q600_q642/correlators/meson_qcdsf.001.b5p80kp122810kp122810-48x96.00460_0.000_220_-2-20_smsnk30.lime
/scratch/usr/hhpmbate/chroma_2pt/48x96/b5p80kp122810kp122810/vector/lp001lp0001_g2_g4_q000_q220_q422_q442_q600_q642/correlators/meson_qcdsf.001.b5p80kp122810kp122810-48x96.00460_0.000_422_-4-2-2_ptsink.lime
/scratch/usr/hhpmbate/chroma_2pt/48x96/b5p80kp122810kp122810/vector/lp001lp0001_g2_g4_q000_q220_q422_q442_q600_q642/correlators/meson_qcdsf.001.b5p80kp122810kp122810-48x96.00460_0.000_422_-4-2-2_smsnk30.lime
/scratch/usr/hhpmbate/chroma_2pt/48x96/b5p80kp122810kp122810/vector/lp001lp0001_g2_g4_q000_q220_q422_q442_q600_q642/correlators/meson_qcdsf.001.b5p80kp122810kp122810-48x96.00460_0.000_442_-4-4-2_ptsink.lime
/scratch/usr/hhpmbate/chroma_2pt/48x96/b5p80kp122810kp122810/vector/lp001lp0001_g2_g4_q000_q220_q422_q442_q600_q642/correlators/meson_qcdsf.001.b5p80kp122810kp122810-48x96.00460_0.000_442_-4-4-2_smsnk30.lime
/scratch/usr/hhpmbate/chroma_2pt/48x96/b5p80kp122810kp122810/vector/lp001lp0001_g2_g4_q000_q220_q422_q442_q600_q642/correlators/meson_qcdsf.001.b5p80kp122810kp122810-48x96.00460_0.000_600_-600_ptsink.lime
/scratch/usr/hhpmbate/chroma_2pt/48x96/b5p80kp122810kp122810/vector/lp001lp0001_g2_g4_q000_q220_q422_q442_q600_q642/correlators/meson_qcdsf.001.b5p80kp122810kp122810-48x96.00460_0.000_600_-600_smsnk30.lime
/scratch/usr/hhpmbate/chroma_2pt/48x96/b5p80kp122810kp122810/vector/lp001lp0001_g2_g4_q000_q220_q422_q442_q600_q642/correlators/meson_qcdsf.001.b5p80kp122810kp122810-48x96.00461_0.000_000_000_ptsink.lime
/scratch/usr/hhpmbate/chroma_2pt/48x96/b5p80kp122810kp122810/vector/lp001lp0001_g2_g4_q000_q220_q422_q442_q600_q642/correlators/meson_qcdsf.001.b5p80kp122810kp122810-48x96.00461_0.000_000_000_smsnk30.lime
/scratch/usr/hhpmbate/chroma_2pt/48x96/b5p80kp122810kp122810/vector/lp001lp0001_g2_g4_q000_q220_q422_q442_q600_q642/correlators/meson_qcdsf.001.b5p80kp122810kp122810-48x96.00461_0.000_220_-2-20_ptsink.lime
/scratch/usr/hhpmbate/chroma_2pt/48x96/b5p80kp122810kp122810/vector/lp001lp0001_g2_g4_q000_q220_q422_q442_q600_q642/correlators/meson_qcdsf.001.b5p80kp122810kp122810-48x96.00461_0.000_220_-2-20_smsnk30.lime
/scratch/usr/hhpmbate/chroma_2pt/48x96/b5p80kp122810kp122810/vector/lp001lp0001_g2_g4_q000_q220_q422_q442_q600_q642/correlators/meson_qcdsf.001.b5p80kp122810kp122810-48x96.00461_0.000_422_-4-2-2_ptsink.lime
/scratch/usr/hhpmbate/chroma_2pt/48x96/b5p80kp122810kp122810/vector/lp001lp0001_g2_g4_q000_q220_q422_q442_q600_q642/correlators/meson_qcdsf.001.b5p80kp122810kp122810-48x96.00461_0.000_422_-4-2-2_smsnk30.lime
/scratch/usr/hhpmbate/chroma_2pt/48x96/b5p80kp122810kp122810/vector/lp001lp0001_g2_g4_q000_q220_q422_q442_q600_q642/correlators/meson_qcdsf.001.b5p80kp122810kp122810-48x96.00461_0.000_442_-4-4-2_ptsink.lime
/scratch/usr/hhpmbate/chroma_2pt/48x96/b5p80kp122810kp122810/vector/lp001lp0001_g2_g4_q000_q220_q422_q442_q600_q642/correlators/meson_qcdsf.001.b5p80kp122810kp122810-48x96.00461_0.000_442_-4-4-2_smsnk30.lime
/scratch/usr/hhpmbate/chroma_2pt/48x96/b5p80kp122810kp122810/vector/lp001lp0001_g2_g4_q000_q220_q422_q442_q600_q642/correlators/meson_qcdsf.001.b5p80kp122810kp122810-48x96.00461_0.000_600_-600_ptsink.lime
/scratch/usr/hhpmbate/chroma_2pt/48x96/b5p80kp122810kp122810/vector/lp001lp0001_g2_g4_q000_q220_q422_q442_q600_q642/correlators/meson_qcdsf.001.b5p80kp122810kp122810-48x96.00461_0.000_600_-600_smsnk30.lime
/scratch/usr/hhpmbate/chroma_2pt/48x96/b5p80kp122810kp122810/vector/lp001lp0001_g2_g4_q000_q220_q422_q442_q600_q642/correlators/meson_qcdsf.001.b5p80kp122810kp122810-48x96.00462_0.000_000_000_ptsink.lime
/scratch/usr/hhpmbate/chroma_2pt/48x96/b5p80kp122810kp122810/vector/lp001lp0001_g2_g4_q000_q220_q422_q442_q600_q642/correlators/meson_qcdsf.001.b5p80kp122810kp122810-48x96.00462_0.000_000_000_smsnk30.lime
/scratch/usr/hhpmbate/chroma_2pt/48x96/b5p80kp122810kp122810/vector/lp001lp0001_g2_g4_q000_q220_q422_q442_q600_q642/correlators/meson_qcdsf.001.b5p80kp122810kp122810-48x96.00462_0.000_220_-2-20_ptsink.lime
/scratch/usr/hhpmbate/chroma_2pt/48x96/b5p80kp122810kp122810/vector/lp001lp0001_g2_g4_q000_q220_q422_q442_q600_q642/correlators/meson_qcdsf.001.b5p80kp122810kp122810-48x96.00462_0.000_220_-2-20_smsnk30.lime
/scratch/usr/hhpmbate/chroma_2pt/48x96/b5p80kp122810kp122810/vector/lp001lp0001_g2_g4_q000_q220_q422_q442_q600_q642/correlators/meson_qcdsf.001.b5p80kp122810kp122810-48x96.00462_0.000_422_-4-2-2_ptsink.lime
/scratch/usr/hhpmbate/chroma_2pt/48x96/b5p80kp122810kp122810/vector/lp001lp0001_g2_g4_q000_q220_q422_q442_q600_q642/correlators/meson_qcdsf.001.b5p80kp122810kp122810-48x96.00462_0.000_422_-4-2-2_smsnk30.lime
/scratch/usr/hhpmbate/chroma_2pt/48x96/b5p80kp122810kp122810/vector/lp001lp0001_g2_g4_q000_q220_q422_q442_q600_q642/correlators/meson_qcdsf.001.b5p80kp122810kp122810-48x96.00462_0.000_442_-4-4-2_ptsink.lime
/scratch/usr/hhpmbate/chroma_2pt/48x96/b5p80kp122810kp122810/vector/lp001lp0001_g2_g4_q000_q220_q422_q442_q600_q642/correlators/meson_qcdsf.001.b5p80kp122810kp122810-48x96.00462_0.000_442_-4-4-2_smsnk30.lime
/scratch/usr/hhpmbate/chroma_2pt/48x96/b5p80kp122810kp122810/vector/lp001lp0001_g2_g4_q000_q220_q422_q442_q600_q642/correlators/meson_qcdsf.001.b5p80kp122810kp122810-48x96.00462_0.000_600_-600_ptsink.lime
/scratch/usr/hhpmbate/chroma_2pt/48x96/b5p80kp122810kp122810/vector/lp001lp0001_g2_g4_q000_q220_q422_q442_q600_q642/correlators/meson_qcdsf.001.b5p80kp122810kp122810-48x96.00462_0.000_600_-600_smsnk30.lime
/scratch/usr/hhpmbate/chroma_2pt/48x96/b5p80kp122810kp122810/vector/lp001lp0001_g2_g4_q000_q220_q422_q442_q600_q642/correlators/meson_qcdsf.001.b5p80kp122810kp122810-48x96.00463_0.000_000_000_ptsink.lime
/scratch/usr/hhpmbate/chroma_2pt/48x96/b5p80kp122810kp122810/vector/lp001lp0001_g2_g4_q000_q220_q422_q442_q600_q642/correlators/meson_qcdsf.001.b5p80kp122810kp122810-48x96.00463_0.000_000_000_smsnk30.lime
/scratch/usr/hhpmbate/chroma_2pt/48x96/b5p80kp122810kp122810/vector/lp001lp0001_g2_g4_q000_q220_q422_q442_q600_q642/correlators/meson_qcdsf.001.b5p80kp122810kp122810-48x96.00463_0.000_220_-2-20_ptsink.lime
/scratch/usr/hhpmbate/chroma_2pt/48x96/b5p80kp122810kp122810/vector/lp001lp0001_g2_g4_q000_q220_q422_q442_q600_q642/correlators/meson_qcdsf.001.b5p80kp122810kp122810-48x96.00463_0.000_220_-2-20_smsnk30.lime
/scratch/usr/hhpmbate/chroma_2pt/48x96/b5p80kp122810kp122810/vector/lp001lp0001_g2_g4_q000_q220_q422_q442_q600_q642/correlators/meson_qcdsf.001.b5p80kp122810kp122810-48x96.00463_0.000_422_-4-2-2_ptsink.lime
/scratch/usr/hhpmbate/chroma_2pt/48x96/b5p80kp122810kp122810/vector/lp001lp0001_g2_g4_q000_q220_q422_q442_q600_q642/correlators/meson_qcdsf.001.b5p80kp122810kp122810-48x96.00463_0.000_422_-4-2-2_smsnk30.lime
/scratch/usr/hhpmbate/chroma_2pt/48x96/b5p80kp122810kp122810/vector/lp001lp0001_g2_g4_q000_q220_q422_q442_q600_q642/correlators/meson_qcdsf.001.b5p80kp122810kp122810-48x96.00463_0.000_442_-4-4-2_ptsink.lime
/scratch/usr/hhpmbate/chroma_2pt/48x96/b5p80kp122810kp122810/vector/lp001lp0001_g2_g4_q000_q220_q422_q442_q600_q642/correlators/meson_qcdsf.001.b5p80kp122810kp122810-48x96.00463_0.000_442_-4-4-2_smsnk30.lime
/scratch/usr/hhpmbate/chroma_2pt/48x96/b5p80kp122810kp122810/vector/lp001lp0001_g2_g4_q000_q220_q422_q442_q600_q642/correlators/meson_qcdsf.001.b5p80kp122810kp122810-48x96.00463_0.000_600_-600_ptsink.lime
/scratch/usr/hhpmbate/chroma_2pt/48x96/b5p80kp122810kp122810/vector/lp001lp0001_g2_g4_q000_q220_q422_q442_q600_q642/correlators/meson_qcdsf.001.b5p80kp122810kp122810-48x96.00463_0.000_600_-600_smsnk30.lime
/scratch/usr/hhpmbate/chroma_2pt/48x96/b5p80kp122810kp122810/vector/lp001lp0001_g2_g4_q000_q220_q422_q442_q600_q642/correlators/meson_qcdsf.001.b5p80kp122810kp122810-48x96.00464_0.000_000_000_ptsink.lime
/scratch/usr/hhpmbate/chroma_2pt/48x96/b5p80kp122810kp122810/vector/lp001lp0001_g2_g4_q000_q220_q422_q442_q600_q642/correlators/meson_qcdsf.001.b5p80kp122810kp122810-48x96.00464_0.000_000_000_smsnk30.lime
/scratch/usr/hhpmbate/chroma_2pt/48x96/b5p80kp122810kp122810/vector/lp001lp0001_g2_g4_q000_q220_q422_q442_q600_q642/correlators/meson_qcdsf.001.b5p80kp122810kp122810-48x96.00464_0.000_220_-2-20_ptsink.lime
/scratch/usr/hhpmbate/chroma_2pt/48x96/b5p80kp122810kp122810/vector/lp001lp0001_g2_g4_q000_q220_q422_q442_q600_q642/correlators/meson_qcdsf.001.b5p80kp122810kp122810-48x96.00464_0.000_220_-2-20_smsnk30.lime
/scratch/usr/hhpmbate/chroma_2pt/48x96/b5p80kp122810kp122810/vector/lp001lp0001_g2_g4_q000_q220_q422_q442_q600_q642/correlators/meson_qcdsf.001.b5p80kp122810kp122810-48x96.00464_0.000_422_-4-2-2_ptsink.lime
/scratch/usr/hhpmbate/chroma_2pt/48x96/b5p80kp122810kp122810/vector/lp001lp0001_g2_g4_q000_q220_q422_q442_q600_q642/correlators/meson_qcdsf.001.b5p80kp122810kp122810-48x96.00464_0.000_422_-4-2-2_smsnk30.lime
/scratch/usr/hhpmbate/chroma_2pt/48x96/b5p80kp122810kp122810/vector/lp001lp0001_g2_g4_q000_q220_q422_q442_q600_q642/correlators/meson_qcdsf.001.b5p80kp122810kp122810-48x96.00464_0.000_442_-4-4-2_ptsink.lime
/scratch/usr/hhpmbate/chroma_2pt/48x96/b5p80kp122810kp122810/vector/lp001lp0001_g2_g4_q000_q220_q422_q442_q600_q642/correlators/meson_qcdsf.001.b5p80kp122810kp122810-48x96.00464_0.000_442_-4-4-2_smsnk30.lime
/scratch/usr/hhpmbate/chroma_2pt/48x96/b5p80kp122810kp122810/vector/lp001lp0001_g2_g4_q000_q220_q422_q442_q600_q642/correlators/meson_qcdsf.001.b5p80kp122810kp122810-48x96.00464_0.000_600_-600_ptsink.lime
/scratch/usr/hhpmbate/chroma_2pt/48x96/b5p80kp122810kp122810/vector/lp001lp0001_g2_g4_q000_q220_q422_q442_q600_q642/correlators/meson_qcdsf.001.b5p80kp122810kp122810-48x96.00464_0.000_600_-600_smsnk30.lime
/scratch/usr/hhpmbate/chroma_2pt/48x96/b5p80kp122810kp122810/vector/lp001lp0001_g2_g4_q000_q220_q422_q442_q600_q642/correlators/meson_qcdsf.001.b5p80kp122810kp122810-48x96.00465_0.000_000_000_ptsink.lime
/scratch/usr/hhpmbate/chroma_2pt/48x96/b5p80kp122810kp122810/vector/lp001lp0001_g2_g4_q000_q220_q422_q442_q600_q642/correlators/meson_qcdsf.001.b5p80kp122810kp122810-48x96.00465_0.000_000_000_smsnk30.lime
/scratch/usr/hhpmbate/chroma_2pt/48x96/b5p80kp122810kp122810/vector/lp001lp0001_g2_g4_q000_q220_q422_q442_q600_q642/correlators/meson_qcdsf.001.b5p80kp122810kp122810-48x96.00465_0.000_220_-2-20_ptsink.lime
/scratch/usr/hhpmbate/chroma_2pt/48x96/b5p80kp122810kp122810/vector/lp001lp0001_g2_g4_q000_q220_q422_q442_q600_q642/correlators/meson_qcdsf.001.b5p80kp122810kp122810-48x96.00465_0.000_220_-2-20_smsnk30.lime
/scratch/usr/hhpmbate/chroma_2pt/48x96/b5p80kp122810kp122810/vector/lp001lp0001_g2_g4_q000_q220_q422_q442_q600_q642/correlators/meson_qcdsf.001.b5p80kp122810kp122810-48x96.00465_0.000_422_-4-2-2_ptsink.lime
/scratch/usr/hhpmbate/chroma_2pt/48x96/b5p80kp122810kp122810/vector/lp001lp0001_g2_g4_q000_q220_q422_q442_q600_q642/correlators/meson_qcdsf.001.b5p80kp122810kp122810-48x96.00465_0.000_422_-4-2-2_smsnk30.lime
/scratch/usr/hhpmbate/chroma_2pt/48x96/b5p80kp122810kp122810/vector/lp001lp0001_g2_g4_q000_q220_q422_q442_q600_q642/correlators/meson_qcdsf.001.b5p80kp122810kp122810-48x96.00465_0.000_442_-4-4-2_ptsink.lime
/scratch/usr/hhpmbate/chroma_2pt/48x96/b5p80kp122810kp122810/vector/lp001lp0001_g2_g4_q000_q220_q422_q442_q600_q642/correlators/meson_qcdsf.001.b5p80kp122810kp122810-48x96.00465_0.000_442_-4-4-2_smsnk30.lime
/scratch/usr/hhpmbate/chroma_2pt/48x96/b5p80kp122810kp122810/vector/lp001lp0001_g2_g4_q000_q220_q422_q442_q600_q642/correlators/meson_qcdsf.001.b5p80kp122810kp122810-48x96.00465_0.000_600_-600_ptsink.lime
/scratch/usr/hhpmbate/chroma_2pt/48x96/b5p80kp122810kp122810/vector/lp001lp0001_g2_g4_q000_q220_q422_q442_q600_q642/correlators/meson_qcdsf.001.b5p80kp122810kp122810-48x96.00465_0.000_600_-600_smsnk30.lime
/scratch/usr/hhpmbate/chroma_2pt/48x96/b5p80kp122810kp122810/vector/lp001lp0001_g2_g4_q000_q220_q422_q442_q600_q642/correlators/meson_qcdsf.001.b5p80kp122810kp122810-48x96.00466_0.000_000_000_ptsink.lime
/scratch/usr/hhpmbate/chroma_2pt/48x96/b5p80kp122810kp122810/vector/lp001lp0001_g2_g4_q000_q220_q422_q442_q600_q642/correlators/meson_qcdsf.001.b5p80kp122810kp122810-48x96.00466_0.000_000_000_smsnk30.lime
/scratch/usr/hhpmbate/chroma_2pt/48x96/b5p80kp122810kp122810/vector/lp001lp0001_g2_g4_q000_q220_q422_q442_q600_q642/correlators/meson_qcdsf.001.b5p80kp122810kp122810-48x96.00466_0.000_220_-2-20_ptsink.lime
/scratch/usr/hhpmbate/chroma_2pt/48x96/b5p80kp122810kp122810/vector/lp001lp0001_g2_g4_q000_q220_q422_q442_q600_q642/correlators/meson_qcdsf.001.b5p80kp122810kp122810-48x96.00466_0.000_220_-2-20_smsnk30.lime
/scratch/usr/hhpmbate/chroma_2pt/48x96/b5p80kp122810kp122810/vector/lp001lp0001_g2_g4_q000_q220_q422_q442_q600_q642/correlators/meson_qcdsf.001.b5p80kp122810kp122810-48x96.00466_0.000_422_-4-2-2_ptsink.lime
/scratch/usr/hhpmbate/chroma_2pt/48x96/b5p80kp122810kp122810/vector/lp001lp0001_g2_g4_q000_q220_q422_q442_q600_q642/correlators/meson_qcdsf.001.b5p80kp122810kp122810-48x96.00466_0.000_422_-4-2-2_smsnk30.lime
/scratch/usr/hhpmbate/chroma_2pt/48x96/b5p80kp122810kp122810/vector/lp001lp0001_g2_g4_q000_q220_q422_q442_q600_q642/correlators/meson_qcdsf.001.b5p80kp122810kp122810-48x96.00466_0.000_442_-4-4-2_ptsink.lime
/scratch/usr/hhpmbate/chroma_2pt/48x96/b5p80kp122810kp122810/vector/lp001lp0001_g2_g4_q000_q220_q422_q442_q600_q642/correlators/meson_qcdsf.001.b5p80kp122810kp122810-48x96.00466_0.000_442_-4-4-2_smsnk30.lime
/scratch/usr/hhpmbate/chroma_2pt/48x96/b5p80kp122810kp122810/vector/lp001lp0001_g2_g4_q000_q220_q422_q442_q600_q642/correlators/meson_qcdsf.001.b5p80kp122810kp122810-48x96.00466_0.000_600_-600_ptsink.lime
/scratch/usr/hhpmbate/chroma_2pt/48x96/b5p80kp122810kp122810/vector/lp001lp0001_g2_g4_q000_q220_q422_q442_q600_q642/correlators/meson_qcdsf.001.b5p80kp122810kp122810-48x96.00466_0.000_600_-600_smsnk30.lime
/scratch/usr/hhpmbate/chroma_2pt/48x96/b5p80kp122810kp122810/vector/lp001lp0001_g2_g4_q000_q220_q422_q442_q600_q642/correlators/meson_qcdsf.001.b5p80kp122810kp122810-48x96.00467_0.000_000_000_ptsink.lime
/scratch/usr/hhpmbate/chroma_2pt/48x96/b5p80kp122810kp122810/vector/lp001lp0001_g2_g4_q000_q220_q422_q442_q600_q642/correlators/meson_qcdsf.001.b5p80kp122810kp122810-48x96.00467_0.000_000_000_smsnk30.lime
/scratch/usr/hhpmbate/chroma_2pt/48x96/b5p80kp122810kp122810/vector/lp001lp0001_g2_g4_q000_q220_q422_q442_q600_q642/correlators/meson_qcdsf.001.b5p80kp122810kp122810-48x96.00467_0.000_220_-2-20_ptsink.lime
/scratch/usr/hhpmbate/chroma_2pt/48x96/b5p80kp122810kp122810/vector/lp001lp0001_g2_g4_q000_q220_q422_q442_q600_q642/correlators/meson_qcdsf.001.b5p80kp122810kp122810-48x96.00467_0.000_220_-2-20_smsnk30.lime
/scratch/usr/hhpmbate/chroma_2pt/48x96/b5p80kp122810kp122810/vector/lp001lp0001_g2_g4_q000_q220_q422_q442_q600_q642/correlators/meson_qcdsf.001.b5p80kp122810kp122810-48x96.00467_0.000_422_-4-2-2_ptsink.lime
/scratch/usr/hhpmbate/chroma_2pt/48x96/b5p80kp122810kp122810/vector/lp001lp0001_g2_g4_q000_q220_q422_q442_q600_q642/correlators/meson_qcdsf.001.b5p80kp122810kp122810-48x96.00467_0.000_422_-4-2-2_smsnk30.lime
/scratch/usr/hhpmbate/chroma_2pt/48x96/b5p80kp122810kp122810/vector/lp001lp0001_g2_g4_q000_q220_q422_q442_q600_q642/correlators/meson_qcdsf.001.b5p80kp122810kp122810-48x96.00467_0.000_442_-4-4-2_ptsink.lime
/scratch/usr/hhpmbate/chroma_2pt/48x96/b5p80kp122810kp122810/vector/lp001lp0001_g2_g4_q000_q220_q422_q442_q600_q642/correlators/meson_qcdsf.001.b5p80kp122810kp122810-48x96.00467_0.000_442_-4-4-2_smsnk30.lime
/scratch/usr/hhpmbate/chroma_2pt/48x96/b5p80kp122810kp122810/vector/lp001lp0001_g2_g4_q000_q220_q422_q442_q600_q642/correlators/meson_qcdsf.001.b5p80kp122810kp122810-48x96.00467_0.000_600_-600_ptsink.lime
/scratch/usr/hhpmbate/chroma_2pt/48x96/b5p80kp122810kp122810/vector/lp001lp0001_g2_g4_q000_q220_q422_q442_q600_q642/correlators/meson_qcdsf.001.b5p80kp122810kp122810-48x96.00467_0.000_600_-600_smsnk30.lime
/scratch/usr/hhpmbate/chroma_2pt/48x96/b5p80kp122810kp122810/vector/lp001lp0001_g2_g4_q000_q220_q422_q442_q600_q642/correlators/meson_qcdsf.001.b5p80kp122810kp122810-48x96.00468_0.000_000_000_ptsink.lime
/scratch/usr/hhpmbate/chroma_2pt/48x96/b5p80kp122810kp122810/vector/lp001lp0001_g2_g4_q000_q220_q422_q442_q600_q642/correlators/meson_qcdsf.001.b5p80kp122810kp122810-48x96.00468_0.000_000_000_smsnk30.lime
/scratch/usr/hhpmbate/chroma_2pt/48x96/b5p80kp122810kp122810/vector/lp001lp0001_g2_g4_q000_q220_q422_q442_q600_q642/correlators/meson_qcdsf.001.b5p80kp122810kp122810-48x96.00468_0.000_220_-2-20_ptsink.lime
/scratch/usr/hhpmbate/chroma_2pt/48x96/b5p80kp122810kp122810/vector/lp001lp0001_g2_g4_q000_q220_q422_q442_q600_q642/correlators/meson_qcdsf.001.b5p80kp122810kp122810-48x96.00468_0.000_220_-2-20_smsnk30.lime
/scratch/usr/hhpmbate/chroma_2pt/48x96/b5p80kp122810kp122810/vector/lp001lp0001_g2_g4_q000_q220_q422_q442_q600_q642/correlators/meson_qcdsf.001.b5p80kp122810kp122810-48x96.00468_0.000_422_-4-2-2_ptsink.lime
/scratch/usr/hhpmbate/chroma_2pt/48x96/b5p80kp122810kp122810/vector/lp001lp0001_g2_g4_q000_q220_q422_q442_q600_q642/correlators/meson_qcdsf.001.b5p80kp122810kp122810-48x96.00468_0.000_422_-4-2-2_smsnk30.lime
/scratch/usr/hhpmbate/chroma_2pt/48x96/b5p80kp122810kp122810/vector/lp001lp0001_g2_g4_q000_q220_q422_q442_q600_q642/correlators/meson_qcdsf.001.b5p80kp122810kp122810-48x96.00468_0.000_442_-4-4-2_ptsink.lime
/scratch/usr/hhpmbate/chroma_2pt/48x96/b5p80kp122810kp122810/vector/lp001lp0001_g2_g4_q000_q220_q422_q442_q600_q642/correlators/meson_qcdsf.001.b5p80kp122810kp122810-48x96.00468_0.000_442_-4-4-2_smsnk30.lime
/scratch/usr/hhpmbate/chroma_2pt/48x96/b5p80kp122810kp122810/vector/lp001lp0001_g2_g4_q000_q220_q422_q442_q600_q642/correlators/meson_qcdsf.001.b5p80kp122810kp122810-48x96.00468_0.000_600_-600_ptsink.lime
/scratch/usr/hhpmbate/chroma_2pt/48x96/b5p80kp122810kp122810/vector/lp001lp0001_g2_g4_q000_q220_q422_q442_q600_q642/correlators/meson_qcdsf.001.b5p80kp122810kp122810-48x96.00468_0.000_600_-600_smsnk30.lime
/scratch/usr/hhpmbate/chroma_2pt/48x96/b5p80kp122810kp122810/vector/lp001lp0001_g2_g4_q000_q220_q422_q442_q600_q642/correlators/meson_qcdsf.001.b5p80kp122810kp122810-48x96.00469_0.000_000_000_ptsink.lime
/scratch/usr/hhpmbate/chroma_2pt/48x96/b5p80kp122810kp122810/vector/lp001lp0001_g2_g4_q000_q220_q422_q442_q600_q642/correlators/meson_qcdsf.001.b5p80kp122810kp122810-48x96.00469_0.000_000_000_smsnk30.lime
/scratch/usr/hhpmbate/chroma_2pt/48x96/b5p80kp122810kp122810/vector/lp001lp0001_g2_g4_q000_q220_q422_q442_q600_q642/correlators/meson_qcdsf.001.b5p80kp122810kp122810-48x96.00469_0.000_220_-2-20_ptsink.lime
/scratch/usr/hhpmbate/chroma_2pt/48x96/b5p80kp122810kp122810/vector/lp001lp0001_g2_g4_q000_q220_q422_q442_q600_q642/correlators/meson_qcdsf.001.b5p80kp122810kp122810-48x96.00469_0.000_220_-2-20_smsnk30.lime
/scratch/usr/hhpmbate/chroma_2pt/48x96/b5p80kp122810kp122810/vector/lp001lp0001_g2_g4_q000_q220_q422_q442_q600_q642/correlators/meson_qcdsf.001.b5p80kp122810kp122810-48x96.00469_0.000_422_-4-2-2_ptsink.lime
/scratch/usr/hhpmbate/chroma_2pt/48x96/b5p80kp122810kp122810/vector/lp001lp0001_g2_g4_q000_q220_q422_q442_q600_q642/correlators/meson_qcdsf.001.b5p80kp122810kp122810-48x96.00469_0.000_422_-4-2-2_smsnk30.lime
/scratch/usr/hhpmbate/chroma_2pt/48x96/b5p80kp122810kp122810/vector/lp001lp0001_g2_g4_q000_q220_q422_q442_q600_q642/correlators/meson_qcdsf.001.b5p80kp122810kp122810-48x96.00469_0.000_442_-4-4-2_ptsink.lime
/scratch/usr/hhpmbate/chroma_2pt/48x96/b5p80kp122810kp122810/vector/lp001lp0001_g2_g4_q000_q220_q422_q442_q600_q642/correlators/meson_qcdsf.001.b5p80kp122810kp122810-48x96.00469_0.000_442_-4-4-2_smsnk30.lime
/scratch/usr/hhpmbate/chroma_2pt/48x96/b5p80kp122810kp122810/vector/lp001lp0001_g2_g4_q000_q220_q422_q442_q600_q642/correlators/meson_qcdsf.001.b5p80kp122810kp122810-48x96.00469_0.000_600_-600_ptsink.lime
/scratch/usr/hhpmbate/chroma_2pt/48x96/b5p80kp122810kp122810/vector/lp001lp0001_g2_g4_q000_q220_q422_q442_q600_q642/correlators/meson_qcdsf.001.b5p80kp122810kp122810-48x96.00469_0.000_600_-600_smsnk30.lime
/scratch/usr/hhpmbate/chroma_2pt/48x96/b5p80kp122810kp122810/vector/lp001lp0001_g2_g4_q000_q220_q422_q442_q600_q642/correlators/meson_qcdsf.001.b5p80kp122810kp122810-48x96.00470_0.000_000_000_ptsink.lime
/scratch/usr/hhpmbate/chroma_2pt/48x96/b5p80kp122810kp122810/vector/lp001lp0001_g2_g4_q000_q220_q422_q442_q600_q642/correlators/meson_qcdsf.001.b5p80kp122810kp122810-48x96.00470_0.000_000_000_smsnk30.lime
/scratch/usr/hhpmbate/chroma_2pt/48x96/b5p80kp122810kp122810/vector/lp001lp0001_g2_g4_q000_q220_q422_q442_q600_q642/correlators/meson_qcdsf.001.b5p80kp122810kp122810-48x96.00470_0.000_220_-2-20_ptsink.lime
/scratch/usr/hhpmbate/chroma_2pt/48x96/b5p80kp122810kp122810/vector/lp001lp0001_g2_g4_q000_q220_q422_q442_q600_q642/correlators/meson_qcdsf.001.b5p80kp122810kp122810-48x96.00470_0.000_220_-2-20_smsnk30.lime
/scratch/usr/hhpmbate/chroma_2pt/48x96/b5p80kp122810kp122810/vector/lp001lp0001_g2_g4_q000_q220_q422_q442_q600_q642/correlators/meson_qcdsf.001.b5p80kp122810kp122810-48x96.00470_0.000_422_-4-2-2_ptsink.lime
/scratch/usr/hhpmbate/chroma_2pt/48x96/b5p80kp122810kp122810/vector/lp001lp0001_g2_g4_q000_q220_q422_q442_q600_q642/correlators/meson_qcdsf.001.b5p80kp122810kp122810-48x96.00470_0.000_422_-4-2-2_smsnk30.lime
/scratch/usr/hhpmbate/chroma_2pt/48x96/b5p80kp122810kp122810/vector/lp001lp0001_g2_g4_q000_q220_q422_q442_q600_q642/correlators/meson_qcdsf.001.b5p80kp122810kp122810-48x96.00470_0.000_442_-4-4-2_ptsink.lime
/scratch/usr/hhpmbate/chroma_2pt/48x96/b5p80kp122810kp122810/vector/lp001lp0001_g2_g4_q000_q220_q422_q442_q600_q642/correlators/meson_qcdsf.001.b5p80kp122810kp122810-48x96.00470_0.000_442_-4-4-2_smsnk30.lime
/scratch/usr/hhpmbate/chroma_2pt/48x96/b5p80kp122810kp122810/vector/lp001lp0001_g2_g4_q000_q220_q422_q442_q600_q642/correlators/meson_qcdsf.001.b5p80kp122810kp122810-48x96.00470_0.000_600_-600_ptsink.lime
/scratch/usr/hhpmbate/chroma_2pt/48x96/b5p80kp122810kp122810/vector/lp001lp0001_g2_g4_q000_q220_q422_q442_q600_q642/correlators/meson_qcdsf.001.b5p80kp122810kp122810-48x96.00470_0.000_600_-600_smsnk30.lime
/scratch/usr/hhpmbate/chroma_2pt/48x96/b5p80kp122810kp122810/vector/lp001lp0001_g2_g4_q000_q220_q422_q442_q600_q642/correlators/meson_qcdsf.001.b5p80kp122810kp122810-48x96.00471_0.000_000_000_ptsink.lime
/scratch/usr/hhpmbate/chroma_2pt/48x96/b5p80kp122810kp122810/vector/lp001lp0001_g2_g4_q000_q220_q422_q442_q600_q642/correlators/meson_qcdsf.001.b5p80kp122810kp122810-48x96.00471_0.000_000_000_smsnk30.lime
/scratch/usr/hhpmbate/chroma_2pt/48x96/b5p80kp122810kp122810/vector/lp001lp0001_g2_g4_q000_q220_q422_q442_q600_q642/correlators/meson_qcdsf.001.b5p80kp122810kp122810-48x96.00471_0.000_220_-2-20_ptsink.lime
/scratch/usr/hhpmbate/chroma_2pt/48x96/b5p80kp122810kp122810/vector/lp001lp0001_g2_g4_q000_q220_q422_q442_q600_q642/correlators/meson_qcdsf.001.b5p80kp122810kp122810-48x96.00471_0.000_220_-2-20_smsnk30.lime
/scratch/usr/hhpmbate/chroma_2pt/48x96/b5p80kp122810kp122810/vector/lp001lp0001_g2_g4_q000_q220_q422_q442_q600_q642/correlators/meson_qcdsf.001.b5p80kp122810kp122810-48x96.00471_0.000_422_-4-2-2_ptsink.lime
/scratch/usr/hhpmbate/chroma_2pt/48x96/b5p80kp122810kp122810/vector/lp001lp0001_g2_g4_q000_q220_q422_q442_q600_q642/correlators/meson_qcdsf.001.b5p80kp122810kp122810-48x96.00471_0.000_422_-4-2-2_smsnk30.lime
/scratch/usr/hhpmbate/chroma_2pt/48x96/b5p80kp122810kp122810/vector/lp001lp0001_g2_g4_q000_q220_q422_q442_q600_q642/correlators/meson_qcdsf.001.b5p80kp122810kp122810-48x96.00471_0.000_442_-4-4-2_ptsink.lime
/scratch/usr/hhpmbate/chroma_2pt/48x96/b5p80kp122810kp122810/vector/lp001lp0001_g2_g4_q000_q220_q422_q442_q600_q642/correlators/meson_qcdsf.001.b5p80kp122810kp122810-48x96.00471_0.000_442_-4-4-2_smsnk30.lime
/scratch/usr/hhpmbate/chroma_2pt/48x96/b5p80kp122810kp122810/vector/lp001lp0001_g2_g4_q000_q220_q422_q442_q600_q642/correlators/meson_qcdsf.001.b5p80kp122810kp122810-48x96.00471_0.000_600_-600_ptsink.lime
/scratch/usr/hhpmbate/chroma_2pt/48x96/b5p80kp122810kp122810/vector/lp001lp0001_g2_g4_q000_q220_q422_q442_q600_q642/correlators/meson_qcdsf.001.b5p80kp122810kp122810-48x96.00471_0.000_600_-600_smsnk30.lime
/scratch/usr/hhpmbate/chroma_2pt/48x96/b5p80kp122810kp122810/vector/lp001lp0001_g2_g4_q000_q220_q422_q442_q600_q642/correlators/meson_qcdsf.001.b5p80kp122810kp122810-48x96.00472_0.000_000_000_ptsink.lime
/scratch/usr/hhpmbate/chroma_2pt/48x96/b5p80kp122810kp122810/vector/lp001lp0001_g2_g4_q000_q220_q422_q442_q600_q642/correlators/meson_qcdsf.001.b5p80kp122810kp122810-48x96.00472_0.000_000_000_smsnk30.lime
/scratch/usr/hhpmbate/chroma_2pt/48x96/b5p80kp122810kp122810/vector/lp001lp0001_g2_g4_q000_q220_q422_q442_q600_q642/correlators/meson_qcdsf.001.b5p80kp122810kp122810-48x96.00472_0.000_220_-2-20_ptsink.lime
/scratch/usr/hhpmbate/chroma_2pt/48x96/b5p80kp122810kp122810/vector/lp001lp0001_g2_g4_q000_q220_q422_q442_q600_q642/correlators/meson_qcdsf.001.b5p80kp122810kp122810-48x96.00472_0.000_220_-2-20_smsnk30.lime
/scratch/usr/hhpmbate/chroma_2pt/48x96/b5p80kp122810kp122810/vector/lp001lp0001_g2_g4_q000_q220_q422_q442_q600_q642/correlators/meson_qcdsf.001.b5p80kp122810kp122810-48x96.00472_0.000_422_-4-2-2_ptsink.lime
/scratch/usr/hhpmbate/chroma_2pt/48x96/b5p80kp122810kp122810/vector/lp001lp0001_g2_g4_q000_q220_q422_q442_q600_q642/correlators/meson_qcdsf.001.b5p80kp122810kp122810-48x96.00472_0.000_422_-4-2-2_smsnk30.lime
/scratch/usr/hhpmbate/chroma_2pt/48x96/b5p80kp122810kp122810/vector/lp001lp0001_g2_g4_q000_q220_q422_q442_q600_q642/correlators/meson_qcdsf.001.b5p80kp122810kp122810-48x96.00472_0.000_442_-4-4-2_ptsink.lime
/scratch/usr/hhpmbate/chroma_2pt/48x96/b5p80kp122810kp122810/vector/lp001lp0001_g2_g4_q000_q220_q422_q442_q600_q642/correlators/meson_qcdsf.001.b5p80kp122810kp122810-48x96.00472_0.000_442_-4-4-2_smsnk30.lime
/scratch/usr/hhpmbate/chroma_2pt/48x96/b5p80kp122810kp122810/vector/lp001lp0001_g2_g4_q000_q220_q422_q442_q600_q642/correlators/meson_qcdsf.001.b5p80kp122810kp122810-48x96.00472_0.000_600_-600_ptsink.lime
/scratch/usr/hhpmbate/chroma_2pt/48x96/b5p80kp122810kp122810/vector/lp001lp0001_g2_g4_q000_q220_q422_q442_q600_q642/correlators/meson_qcdsf.001.b5p80kp122810kp122810-48x96.00472_0.000_600_-600_smsnk30.lime
/scratch/usr/hhpmbate/chroma_2pt/48x96/b5p80kp122810kp122810/vector/lp001lp0001_g2_g4_q000_q220_q422_q442_q600_q642/correlators/meson_qcdsf.001.b5p80kp122810kp122810-48x96.00473_0.000_000_000_ptsink.lime
/scratch/usr/hhpmbate/chroma_2pt/48x96/b5p80kp122810kp122810/vector/lp001lp0001_g2_g4_q000_q220_q422_q442_q600_q642/correlators/meson_qcdsf.001.b5p80kp122810kp122810-48x96.00473_0.000_000_000_smsnk30.lime
/scratch/usr/hhpmbate/chroma_2pt/48x96/b5p80kp122810kp122810/vector/lp001lp0001_g2_g4_q000_q220_q422_q442_q600_q642/correlators/meson_qcdsf.001.b5p80kp122810kp122810-48x96.00473_0.000_220_-2-20_ptsink.lime
/scratch/usr/hhpmbate/chroma_2pt/48x96/b5p80kp122810kp122810/vector/lp001lp0001_g2_g4_q000_q220_q422_q442_q600_q642/correlators/meson_qcdsf.001.b5p80kp122810kp122810-48x96.00473_0.000_220_-2-20_smsnk30.lime
/scratch/usr/hhpmbate/chroma_2pt/48x96/b5p80kp122810kp122810/vector/lp001lp0001_g2_g4_q000_q220_q422_q442_q600_q642/correlators/meson_qcdsf.001.b5p80kp122810kp122810-48x96.00473_0.000_422_-4-2-2_ptsink.lime
/scratch/usr/hhpmbate/chroma_2pt/48x96/b5p80kp122810kp122810/vector/lp001lp0001_g2_g4_q000_q220_q422_q442_q600_q642/correlators/meson_qcdsf.001.b5p80kp122810kp122810-48x96.00473_0.000_422_-4-2-2_smsnk30.lime
/scratch/usr/hhpmbate/chroma_2pt/48x96/b5p80kp122810kp122810/vector/lp001lp0001_g2_g4_q000_q220_q422_q442_q600_q642/correlators/meson_qcdsf.001.b5p80kp122810kp122810-48x96.00473_0.000_442_-4-4-2_ptsink.lime
/scratch/usr/hhpmbate/chroma_2pt/48x96/b5p80kp122810kp122810/vector/lp001lp0001_g2_g4_q000_q220_q422_q442_q600_q642/correlators/meson_qcdsf.001.b5p80kp122810kp122810-48x96.00473_0.000_442_-4-4-2_smsnk30.lime
/scratch/usr/hhpmbate/chroma_2pt/48x96/b5p80kp122810kp122810/vector/lp001lp0001_g2_g4_q000_q220_q422_q442_q600_q642/correlators/meson_qcdsf.001.b5p80kp122810kp122810-48x96.00473_0.000_600_-600_ptsink.lime
/scratch/usr/hhpmbate/chroma_2pt/48x96/b5p80kp122810kp122810/vector/lp001lp0001_g2_g4_q000_q220_q422_q442_q600_q642/correlators/meson_qcdsf.001.b5p80kp122810kp122810-48x96.00473_0.000_600_-600_smsnk30.lime
/scratch/usr/hhpmbate/chroma_2pt/48x96/b5p80kp122810kp122810/vector/lp001lp0001_g2_g4_q000_q220_q422_q442_q600_q642/correlators/meson_qcdsf.001.b5p80kp122810kp122810-48x96.00474_0.000_000_000_ptsink.lime
/scratch/usr/hhpmbate/chroma_2pt/48x96/b5p80kp122810kp122810/vector/lp001lp0001_g2_g4_q000_q220_q422_q442_q600_q642/correlators/meson_qcdsf.001.b5p80kp122810kp122810-48x96.00474_0.000_000_000_smsnk30.lime
/scratch/usr/hhpmbate/chroma_2pt/48x96/b5p80kp122810kp122810/vector/lp001lp0001_g2_g4_q000_q220_q422_q442_q600_q642/correlators/meson_qcdsf.001.b5p80kp122810kp122810-48x96.00474_0.000_220_-2-20_ptsink.lime
/scratch/usr/hhpmbate/chroma_2pt/48x96/b5p80kp122810kp122810/vector/lp001lp0001_g2_g4_q000_q220_q422_q442_q600_q642/correlators/meson_qcdsf.001.b5p80kp122810kp122810-48x96.00474_0.000_220_-2-20_smsnk30.lime
/scratch/usr/hhpmbate/chroma_2pt/48x96/b5p80kp122810kp122810/vector/lp001lp0001_g2_g4_q000_q220_q422_q442_q600_q642/correlators/meson_qcdsf.001.b5p80kp122810kp122810-48x96.00474_0.000_422_-4-2-2_ptsink.lime
/scratch/usr/hhpmbate/chroma_2pt/48x96/b5p80kp122810kp122810/vector/lp001lp0001_g2_g4_q000_q220_q422_q442_q600_q642/correlators/meson_qcdsf.001.b5p80kp122810kp122810-48x96.00474_0.000_422_-4-2-2_smsnk30.lime
/scratch/usr/hhpmbate/chroma_2pt/48x96/b5p80kp122810kp122810/vector/lp001lp0001_g2_g4_q000_q220_q422_q442_q600_q642/correlators/meson_qcdsf.001.b5p80kp122810kp122810-48x96.00474_0.000_442_-4-4-2_ptsink.lime
/scratch/usr/hhpmbate/chroma_2pt/48x96/b5p80kp122810kp122810/vector/lp001lp0001_g2_g4_q000_q220_q422_q442_q600_q642/correlators/meson_qcdsf.001.b5p80kp122810kp122810-48x96.00474_0.000_442_-4-4-2_smsnk30.lime
/scratch/usr/hhpmbate/chroma_2pt/48x96/b5p80kp122810kp122810/vector/lp001lp0001_g2_g4_q000_q220_q422_q442_q600_q642/correlators/meson_qcdsf.001.b5p80kp122810kp122810-48x96.00474_0.000_600_-600_ptsink.lime
/scratch/usr/hhpmbate/chroma_2pt/48x96/b5p80kp122810kp122810/vector/lp001lp0001_g2_g4_q000_q220_q422_q442_q600_q642/correlators/meson_qcdsf.001.b5p80kp122810kp122810-48x96.00474_0.000_600_-600_smsnk30.lime
/scratch/usr/hhpmbate/chroma_2pt/48x96/b5p80kp122810kp122810/vector/lp001lp0001_g2_g4_q000_q220_q422_q442_q600_q642/correlators/meson_qcdsf.001.b5p80kp122810kp122810-48x96.00475_0.000_000_000_ptsink.lime
/scratch/usr/hhpmbate/chroma_2pt/48x96/b5p80kp122810kp122810/vector/lp001lp0001_g2_g4_q000_q220_q422_q442_q600_q642/correlators/meson_qcdsf.001.b5p80kp122810kp122810-48x96.00475_0.000_000_000_smsnk30.lime
/scratch/usr/hhpmbate/chroma_2pt/48x96/b5p80kp122810kp122810/vector/lp001lp0001_g2_g4_q000_q220_q422_q442_q600_q642/correlators/meson_qcdsf.001.b5p80kp122810kp122810-48x96.00475_0.000_220_-2-20_ptsink.lime
/scratch/usr/hhpmbate/chroma_2pt/48x96/b5p80kp122810kp122810/vector/lp001lp0001_g2_g4_q000_q220_q422_q442_q600_q642/correlators/meson_qcdsf.001.b5p80kp122810kp122810-48x96.00475_0.000_220_-2-20_smsnk30.lime
/scratch/usr/hhpmbate/chroma_2pt/48x96/b5p80kp122810kp122810/vector/lp001lp0001_g2_g4_q000_q220_q422_q442_q600_q642/correlators/meson_qcdsf.001.b5p80kp122810kp122810-48x96.00475_0.000_422_-4-2-2_ptsink.lime
/scratch/usr/hhpmbate/chroma_2pt/48x96/b5p80kp122810kp122810/vector/lp001lp0001_g2_g4_q000_q220_q422_q442_q600_q642/correlators/meson_qcdsf.001.b5p80kp122810kp122810-48x96.00475_0.000_422_-4-2-2_smsnk30.lime
/scratch/usr/hhpmbate/chroma_2pt/48x96/b5p80kp122810kp122810/vector/lp001lp0001_g2_g4_q000_q220_q422_q442_q600_q642/correlators/meson_qcdsf.001.b5p80kp122810kp122810-48x96.00475_0.000_442_-4-4-2_ptsink.lime
/scratch/usr/hhpmbate/chroma_2pt/48x96/b5p80kp122810kp122810/vector/lp001lp0001_g2_g4_q000_q220_q422_q442_q600_q642/correlators/meson_qcdsf.001.b5p80kp122810kp122810-48x96.00475_0.000_442_-4-4-2_smsnk30.lime
/scratch/usr/hhpmbate/chroma_2pt/48x96/b5p80kp122810kp122810/vector/lp001lp0001_g2_g4_q000_q220_q422_q442_q600_q642/correlators/meson_qcdsf.001.b5p80kp122810kp122810-48x96.00475_0.000_600_-600_ptsink.lime
/scratch/usr/hhpmbate/chroma_2pt/48x96/b5p80kp122810kp122810/vector/lp001lp0001_g2_g4_q000_q220_q422_q442_q600_q642/correlators/meson_qcdsf.001.b5p80kp122810kp122810-48x96.00475_0.000_600_-600_smsnk30.lime
/scratch/usr/hhpmbate/chroma_2pt/48x96/b5p80kp122810kp122810/vector/lp001lp0001_g2_g4_q000_q220_q422_q442_q600_q642/correlators/meson_qcdsf.001.b5p80kp122810kp122810-48x96.00476_0.000_000_000_ptsink.lime
/scratch/usr/hhpmbate/chroma_2pt/48x96/b5p80kp122810kp122810/vector/lp001lp0001_g2_g4_q000_q220_q422_q442_q600_q642/correlators/meson_qcdsf.001.b5p80kp122810kp122810-48x96.00476_0.000_000_000_smsnk30.lime
/scratch/usr/hhpmbate/chroma_2pt/48x96/b5p80kp122810kp122810/vector/lp001lp0001_g2_g4_q000_q220_q422_q442_q600_q642/correlators/meson_qcdsf.001.b5p80kp122810kp122810-48x96.00476_0.000_220_-2-20_ptsink.lime
/scratch/usr/hhpmbate/chroma_2pt/48x96/b5p80kp122810kp122810/vector/lp001lp0001_g2_g4_q000_q220_q422_q442_q600_q642/correlators/meson_qcdsf.001.b5p80kp122810kp122810-48x96.00476_0.000_220_-2-20_smsnk30.lime
/scratch/usr/hhpmbate/chroma_2pt/48x96/b5p80kp122810kp122810/vector/lp001lp0001_g2_g4_q000_q220_q422_q442_q600_q642/correlators/meson_qcdsf.001.b5p80kp122810kp122810-48x96.00476_0.000_422_-4-2-2_ptsink.lime
/scratch/usr/hhpmbate/chroma_2pt/48x96/b5p80kp122810kp122810/vector/lp001lp0001_g2_g4_q000_q220_q422_q442_q600_q642/correlators/meson_qcdsf.001.b5p80kp122810kp122810-48x96.00476_0.000_422_-4-2-2_smsnk30.lime
/scratch/usr/hhpmbate/chroma_2pt/48x96/b5p80kp122810kp122810/vector/lp001lp0001_g2_g4_q000_q220_q422_q442_q600_q642/correlators/meson_qcdsf.001.b5p80kp122810kp122810-48x96.00476_0.000_442_-4-4-2_ptsink.lime
/scratch/usr/hhpmbate/chroma_2pt/48x96/b5p80kp122810kp122810/vector/lp001lp0001_g2_g4_q000_q220_q422_q442_q600_q642/correlators/meson_qcdsf.001.b5p80kp122810kp122810-48x96.00476_0.000_442_-4-4-2_smsnk30.lime
/scratch/usr/hhpmbate/chroma_2pt/48x96/b5p80kp122810kp122810/vector/lp001lp0001_g2_g4_q000_q220_q422_q442_q600_q642/correlators/meson_qcdsf.001.b5p80kp122810kp122810-48x96.00476_0.000_600_-600_ptsink.lime
/scratch/usr/hhpmbate/chroma_2pt/48x96/b5p80kp122810kp122810/vector/lp001lp0001_g2_g4_q000_q220_q422_q442_q600_q642/correlators/meson_qcdsf.001.b5p80kp122810kp122810-48x96.00476_0.000_600_-600_smsnk30.lime
/scratch/usr/hhpmbate/chroma_2pt/48x96/b5p80kp122810kp122810/vector/lp001lp0001_g2_g4_q000_q220_q422_q442_q600_q642/correlators/meson_qcdsf.001.b5p80kp122810kp122810-48x96.00477_0.000_000_000_ptsink.lime
/scratch/usr/hhpmbate/chroma_2pt/48x96/b5p80kp122810kp122810/vector/lp001lp0001_g2_g4_q000_q220_q422_q442_q600_q642/correlators/meson_qcdsf.001.b5p80kp122810kp122810-48x96.00477_0.000_000_000_smsnk30.lime
/scratch/usr/hhpmbate/chroma_2pt/48x96/b5p80kp122810kp122810/vector/lp001lp0001_g2_g4_q000_q220_q422_q442_q600_q642/correlators/meson_qcdsf.001.b5p80kp122810kp122810-48x96.00477_0.000_220_-2-20_ptsink.lime
/scratch/usr/hhpmbate/chroma_2pt/48x96/b5p80kp122810kp122810/vector/lp001lp0001_g2_g4_q000_q220_q422_q442_q600_q642/correlators/meson_qcdsf.001.b5p80kp122810kp122810-48x96.00477_0.000_220_-2-20_smsnk30.lime
/scratch/usr/hhpmbate/chroma_2pt/48x96/b5p80kp122810kp122810/vector/lp001lp0001_g2_g4_q000_q220_q422_q442_q600_q642/correlators/meson_qcdsf.001.b5p80kp122810kp122810-48x96.00477_0.000_422_-4-2-2_ptsink.lime
/scratch/usr/hhpmbate/chroma_2pt/48x96/b5p80kp122810kp122810/vector/lp001lp0001_g2_g4_q000_q220_q422_q442_q600_q642/correlators/meson_qcdsf.001.b5p80kp122810kp122810-48x96.00477_0.000_422_-4-2-2_smsnk30.lime
/scratch/usr/hhpmbate/chroma_2pt/48x96/b5p80kp122810kp122810/vector/lp001lp0001_g2_g4_q000_q220_q422_q442_q600_q642/correlators/meson_qcdsf.001.b5p80kp122810kp122810-48x96.00477_0.000_442_-4-4-2_ptsink.lime
/scratch/usr/hhpmbate/chroma_2pt/48x96/b5p80kp122810kp122810/vector/lp001lp0001_g2_g4_q000_q220_q422_q442_q600_q642/correlators/meson_qcdsf.001.b5p80kp122810kp122810-48x96.00477_0.000_442_-4-4-2_smsnk30.lime
/scratch/usr/hhpmbate/chroma_2pt/48x96/b5p80kp122810kp122810/vector/lp001lp0001_g2_g4_q000_q220_q422_q442_q600_q642/correlators/meson_qcdsf.001.b5p80kp122810kp122810-48x96.00477_0.000_600_-600_ptsink.lime
/scratch/usr/hhpmbate/chroma_2pt/48x96/b5p80kp122810kp122810/vector/lp001lp0001_g2_g4_q000_q220_q422_q442_q600_q642/correlators/meson_qcdsf.001.b5p80kp122810kp122810-48x96.00477_0.000_600_-600_smsnk30.lime
/scratch/usr/hhpmbate/chroma_2pt/48x96/b5p80kp122810kp122810/vector/lp001lp0001_g2_g4_q000_q220_q422_q442_q600_q642/correlators/meson_qcdsf.001.b5p80kp122810kp122810-48x96.00478_0.000_000_000_ptsink.lime
/scratch/usr/hhpmbate/chroma_2pt/48x96/b5p80kp122810kp122810/vector/lp001lp0001_g2_g4_q000_q220_q422_q442_q600_q642/correlators/meson_qcdsf.001.b5p80kp122810kp122810-48x96.00478_0.000_000_000_smsnk30.lime
/scratch/usr/hhpmbate/chroma_2pt/48x96/b5p80kp122810kp122810/vector/lp001lp0001_g2_g4_q000_q220_q422_q442_q600_q642/correlators/meson_qcdsf.001.b5p80kp122810kp122810-48x96.00478_0.000_220_-2-20_ptsink.lime
/scratch/usr/hhpmbate/chroma_2pt/48x96/b5p80kp122810kp122810/vector/lp001lp0001_g2_g4_q000_q220_q422_q442_q600_q642/correlators/meson_qcdsf.001.b5p80kp122810kp122810-48x96.00478_0.000_220_-2-20_smsnk30.lime
/scratch/usr/hhpmbate/chroma_2pt/48x96/b5p80kp122810kp122810/vector/lp001lp0001_g2_g4_q000_q220_q422_q442_q600_q642/correlators/meson_qcdsf.001.b5p80kp122810kp122810-48x96.00478_0.000_422_-4-2-2_ptsink.lime
/scratch/usr/hhpmbate/chroma_2pt/48x96/b5p80kp122810kp122810/vector/lp001lp0001_g2_g4_q000_q220_q422_q442_q600_q642/correlators/meson_qcdsf.001.b5p80kp122810kp122810-48x96.00478_0.000_422_-4-2-2_smsnk30.lime
/scratch/usr/hhpmbate/chroma_2pt/48x96/b5p80kp122810kp122810/vector/lp001lp0001_g2_g4_q000_q220_q422_q442_q600_q642/correlators/meson_qcdsf.001.b5p80kp122810kp122810-48x96.00478_0.000_442_-4-4-2_ptsink.lime
/scratch/usr/hhpmbate/chroma_2pt/48x96/b5p80kp122810kp122810/vector/lp001lp0001_g2_g4_q000_q220_q422_q442_q600_q642/correlators/meson_qcdsf.001.b5p80kp122810kp122810-48x96.00478_0.000_442_-4-4-2_smsnk30.lime
/scratch/usr/hhpmbate/chroma_2pt/48x96/b5p80kp122810kp122810/vector/lp001lp0001_g2_g4_q000_q220_q422_q442_q600_q642/correlators/meson_qcdsf.001.b5p80kp122810kp122810-48x96.00478_0.000_600_-600_ptsink.lime
/scratch/usr/hhpmbate/chroma_2pt/48x96/b5p80kp122810kp122810/vector/lp001lp0001_g2_g4_q000_q220_q422_q442_q600_q642/correlators/meson_qcdsf.001.b5p80kp122810kp122810-48x96.00478_0.000_600_-600_smsnk30.lime
/scratch/usr/hhpmbate/chroma_2pt/48x96/b5p80kp122810kp122810/vector/lp001lp0001_g2_g4_q000_q220_q422_q442_q600_q642/correlators/meson_qcdsf.001.b5p80kp122810kp122810-48x96.00479_0.000_000_000_ptsink.lime
/scratch/usr/hhpmbate/chroma_2pt/48x96/b5p80kp122810kp122810/vector/lp001lp0001_g2_g4_q000_q220_q422_q442_q600_q642/correlators/meson_qcdsf.001.b5p80kp122810kp122810-48x96.00479_0.000_000_000_smsnk30.lime
/scratch/usr/hhpmbate/chroma_2pt/48x96/b5p80kp122810kp122810/vector/lp001lp0001_g2_g4_q000_q220_q422_q442_q600_q642/correlators/meson_qcdsf.001.b5p80kp122810kp122810-48x96.00479_0.000_220_-2-20_ptsink.lime
/scratch/usr/hhpmbate/chroma_2pt/48x96/b5p80kp122810kp122810/vector/lp001lp0001_g2_g4_q000_q220_q422_q442_q600_q642/correlators/meson_qcdsf.001.b5p80kp122810kp122810-48x96.00479_0.000_220_-2-20_smsnk30.lime
/scratch/usr/hhpmbate/chroma_2pt/48x96/b5p80kp122810kp122810/vector/lp001lp0001_g2_g4_q000_q220_q422_q442_q600_q642/correlators/meson_qcdsf.001.b5p80kp122810kp122810-48x96.00479_0.000_422_-4-2-2_ptsink.lime
/scratch/usr/hhpmbate/chroma_2pt/48x96/b5p80kp122810kp122810/vector/lp001lp0001_g2_g4_q000_q220_q422_q442_q600_q642/correlators/meson_qcdsf.001.b5p80kp122810kp122810-48x96.00479_0.000_422_-4-2-2_smsnk30.lime
/scratch/usr/hhpmbate/chroma_2pt/48x96/b5p80kp122810kp122810/vector/lp001lp0001_g2_g4_q000_q220_q422_q442_q600_q642/correlators/meson_qcdsf.001.b5p80kp122810kp122810-48x96.00479_0.000_442_-4-4-2_ptsink.lime
/scratch/usr/hhpmbate/chroma_2pt/48x96/b5p80kp122810kp122810/vector/lp001lp0001_g2_g4_q000_q220_q422_q442_q600_q642/correlators/meson_qcdsf.001.b5p80kp122810kp122810-48x96.00479_0.000_442_-4-4-2_smsnk30.lime
/scratch/usr/hhpmbate/chroma_2pt/48x96/b5p80kp122810kp122810/vector/lp001lp0001_g2_g4_q000_q220_q422_q442_q600_q642/correlators/meson_qcdsf.001.b5p80kp122810kp122810-48x96.00479_0.000_600_-600_ptsink.lime
/scratch/usr/hhpmbate/chroma_2pt/48x96/b5p80kp122810kp122810/vector/lp001lp0001_g2_g4_q000_q220_q422_q442_q600_q642/correlators/meson_qcdsf.001.b5p80kp122810kp122810-48x96.00479_0.000_600_-600_smsnk30.lime
/scratch/usr/hhpmbate/chroma_2pt/48x96/b5p80kp122810kp122810/vector/lp001lp0001_g2_g4_q000_q220_q422_q442_q600_q642/correlators/meson_qcdsf.001.b5p80kp122810kp122810-48x96.00480_0.000_000_000_ptsink.lime
/scratch/usr/hhpmbate/chroma_2pt/48x96/b5p80kp122810kp122810/vector/lp001lp0001_g2_g4_q000_q220_q422_q442_q600_q642/correlators/meson_qcdsf.001.b5p80kp122810kp122810-48x96.00480_0.000_000_000_smsnk30.lime
/scratch/usr/hhpmbate/chroma_2pt/48x96/b5p80kp122810kp122810/vector/lp001lp0001_g2_g4_q000_q220_q422_q442_q600_q642/correlators/meson_qcdsf.001.b5p80kp122810kp122810-48x96.00480_0.000_220_-2-20_ptsink.lime
/scratch/usr/hhpmbate/chroma_2pt/48x96/b5p80kp122810kp122810/vector/lp001lp0001_g2_g4_q000_q220_q422_q442_q600_q642/correlators/meson_qcdsf.001.b5p80kp122810kp122810-48x96.00480_0.000_220_-2-20_smsnk30.lime
/scratch/usr/hhpmbate/chroma_2pt/48x96/b5p80kp122810kp122810/vector/lp001lp0001_g2_g4_q000_q220_q422_q442_q600_q642/correlators/meson_qcdsf.001.b5p80kp122810kp122810-48x96.00480_0.000_422_-4-2-2_ptsink.lime
/scratch/usr/hhpmbate/chroma_2pt/48x96/b5p80kp122810kp122810/vector/lp001lp0001_g2_g4_q000_q220_q422_q442_q600_q642/correlators/meson_qcdsf.001.b5p80kp122810kp122810-48x96.00480_0.000_422_-4-2-2_smsnk30.lime
/scratch/usr/hhpmbate/chroma_2pt/48x96/b5p80kp122810kp122810/vector/lp001lp0001_g2_g4_q000_q220_q422_q442_q600_q642/correlators/meson_qcdsf.001.b5p80kp122810kp122810-48x96.00480_0.000_442_-4-4-2_ptsink.lime
/scratch/usr/hhpmbate/chroma_2pt/48x96/b5p80kp122810kp122810/vector/lp001lp0001_g2_g4_q000_q220_q422_q442_q600_q642/correlators/meson_qcdsf.001.b5p80kp122810kp122810-48x96.00480_0.000_442_-4-4-2_smsnk30.lime
/scratch/usr/hhpmbate/chroma_2pt/48x96/b5p80kp122810kp122810/vector/lp001lp0001_g2_g4_q000_q220_q422_q442_q600_q642/correlators/meson_qcdsf.001.b5p80kp122810kp122810-48x96.00480_0.000_600_-600_ptsink.lime
/scratch/usr/hhpmbate/chroma_2pt/48x96/b5p80kp122810kp122810/vector/lp001lp0001_g2_g4_q000_q220_q422_q442_q600_q642/correlators/meson_qcdsf.001.b5p80kp122810kp122810-48x96.00480_0.000_600_-600_smsnk30.lime
/scratch/usr/hhpmbate/chroma_2pt/48x96/b5p80kp122810kp122810/vector/lp001lp0001_g2_g4_q000_q220_q422_q442_q600_q642/correlators/meson_qcdsf.001.b5p80kp122810kp122810-48x96.00481_0.000_000_000_ptsink.lime
/scratch/usr/hhpmbate/chroma_2pt/48x96/b5p80kp122810kp122810/vector/lp001lp0001_g2_g4_q000_q220_q422_q442_q600_q642/correlators/meson_qcdsf.001.b5p80kp122810kp122810-48x96.00481_0.000_000_000_smsnk30.lime
/scratch/usr/hhpmbate/chroma_2pt/48x96/b5p80kp122810kp122810/vector/lp001lp0001_g2_g4_q000_q220_q422_q442_q600_q642/correlators/meson_qcdsf.001.b5p80kp122810kp122810-48x96.00481_0.000_220_-2-20_ptsink.lime
/scratch/usr/hhpmbate/chroma_2pt/48x96/b5p80kp122810kp122810/vector/lp001lp0001_g2_g4_q000_q220_q422_q442_q600_q642/correlators/meson_qcdsf.001.b5p80kp122810kp122810-48x96.00481_0.000_220_-2-20_smsnk30.lime
/scratch/usr/hhpmbate/chroma_2pt/48x96/b5p80kp122810kp122810/vector/lp001lp0001_g2_g4_q000_q220_q422_q442_q600_q642/correlators/meson_qcdsf.001.b5p80kp122810kp122810-48x96.00481_0.000_422_-4-2-2_ptsink.lime
/scratch/usr/hhpmbate/chroma_2pt/48x96/b5p80kp122810kp122810/vector/lp001lp0001_g2_g4_q000_q220_q422_q442_q600_q642/correlators/meson_qcdsf.001.b5p80kp122810kp122810-48x96.00481_0.000_422_-4-2-2_smsnk30.lime
/scratch/usr/hhpmbate/chroma_2pt/48x96/b5p80kp122810kp122810/vector/lp001lp0001_g2_g4_q000_q220_q422_q442_q600_q642/correlators/meson_qcdsf.001.b5p80kp122810kp122810-48x96.00481_0.000_442_-4-4-2_ptsink.lime
/scratch/usr/hhpmbate/chroma_2pt/48x96/b5p80kp122810kp122810/vector/lp001lp0001_g2_g4_q000_q220_q422_q442_q600_q642/correlators/meson_qcdsf.001.b5p80kp122810kp122810-48x96.00481_0.000_442_-4-4-2_smsnk30.lime
/scratch/usr/hhpmbate/chroma_2pt/48x96/b5p80kp122810kp122810/vector/lp001lp0001_g2_g4_q000_q220_q422_q442_q600_q642/correlators/meson_qcdsf.001.b5p80kp122810kp122810-48x96.00481_0.000_600_-600_ptsink.lime
/scratch/usr/hhpmbate/chroma_2pt/48x96/b5p80kp122810kp122810/vector/lp001lp0001_g2_g4_q000_q220_q422_q442_q600_q642/correlators/meson_qcdsf.001.b5p80kp122810kp122810-48x96.00481_0.000_600_-600_smsnk30.lime
/scratch/usr/hhpmbate/chroma_2pt/48x96/b5p80kp122810kp122810/vector/lp001lp0001_g2_g4_q000_q220_q422_q442_q600_q642/correlators/meson_qcdsf.001.b5p80kp122810kp122810-48x96.00482_0.000_000_000_ptsink.lime
/scratch/usr/hhpmbate/chroma_2pt/48x96/b5p80kp122810kp122810/vector/lp001lp0001_g2_g4_q000_q220_q422_q442_q600_q642/correlators/meson_qcdsf.001.b5p80kp122810kp122810-48x96.00482_0.000_000_000_smsnk30.lime
/scratch/usr/hhpmbate/chroma_2pt/48x96/b5p80kp122810kp122810/vector/lp001lp0001_g2_g4_q000_q220_q422_q442_q600_q642/correlators/meson_qcdsf.001.b5p80kp122810kp122810-48x96.00482_0.000_220_-2-20_ptsink.lime
/scratch/usr/hhpmbate/chroma_2pt/48x96/b5p80kp122810kp122810/vector/lp001lp0001_g2_g4_q000_q220_q422_q442_q600_q642/correlators/meson_qcdsf.001.b5p80kp122810kp122810-48x96.00482_0.000_220_-2-20_smsnk30.lime
/scratch/usr/hhpmbate/chroma_2pt/48x96/b5p80kp122810kp122810/vector/lp001lp0001_g2_g4_q000_q220_q422_q442_q600_q642/correlators/meson_qcdsf.001.b5p80kp122810kp122810-48x96.00482_0.000_422_-4-2-2_ptsink.lime
/scratch/usr/hhpmbate/chroma_2pt/48x96/b5p80kp122810kp122810/vector/lp001lp0001_g2_g4_q000_q220_q422_q442_q600_q642/correlators/meson_qcdsf.001.b5p80kp122810kp122810-48x96.00482_0.000_422_-4-2-2_smsnk30.lime
/scratch/usr/hhpmbate/chroma_2pt/48x96/b5p80kp122810kp122810/vector/lp001lp0001_g2_g4_q000_q220_q422_q442_q600_q642/correlators/meson_qcdsf.001.b5p80kp122810kp122810-48x96.00482_0.000_442_-4-4-2_ptsink.lime
/scratch/usr/hhpmbate/chroma_2pt/48x96/b5p80kp122810kp122810/vector/lp001lp0001_g2_g4_q000_q220_q422_q442_q600_q642/correlators/meson_qcdsf.001.b5p80kp122810kp122810-48x96.00482_0.000_442_-4-4-2_smsnk30.lime
/scratch/usr/hhpmbate/chroma_2pt/48x96/b5p80kp122810kp122810/vector/lp001lp0001_g2_g4_q000_q220_q422_q442_q600_q642/correlators/meson_qcdsf.001.b5p80kp122810kp122810-48x96.00482_0.000_600_-600_ptsink.lime
/scratch/usr/hhpmbate/chroma_2pt/48x96/b5p80kp122810kp122810/vector/lp001lp0001_g2_g4_q000_q220_q422_q442_q600_q642/correlators/meson_qcdsf.001.b5p80kp122810kp122810-48x96.00482_0.000_600_-600_smsnk30.lime
/scratch/usr/hhpmbate/chroma_2pt/48x96/b5p80kp122810kp122810/vector/lp001lp0001_g2_g4_q000_q220_q422_q442_q600_q642/correlators/meson_qcdsf.001.b5p80kp122810kp122810-48x96.00483_0.000_000_000_ptsink.lime
/scratch/usr/hhpmbate/chroma_2pt/48x96/b5p80kp122810kp122810/vector/lp001lp0001_g2_g4_q000_q220_q422_q442_q600_q642/correlators/meson_qcdsf.001.b5p80kp122810kp122810-48x96.00483_0.000_000_000_smsnk30.lime
/scratch/usr/hhpmbate/chroma_2pt/48x96/b5p80kp122810kp122810/vector/lp001lp0001_g2_g4_q000_q220_q422_q442_q600_q642/correlators/meson_qcdsf.001.b5p80kp122810kp122810-48x96.00483_0.000_220_-2-20_ptsink.lime
/scratch/usr/hhpmbate/chroma_2pt/48x96/b5p80kp122810kp122810/vector/lp001lp0001_g2_g4_q000_q220_q422_q442_q600_q642/correlators/meson_qcdsf.001.b5p80kp122810kp122810-48x96.00483_0.000_220_-2-20_smsnk30.lime
/scratch/usr/hhpmbate/chroma_2pt/48x96/b5p80kp122810kp122810/vector/lp001lp0001_g2_g4_q000_q220_q422_q442_q600_q642/correlators/meson_qcdsf.001.b5p80kp122810kp122810-48x96.00483_0.000_422_-4-2-2_ptsink.lime
/scratch/usr/hhpmbate/chroma_2pt/48x96/b5p80kp122810kp122810/vector/lp001lp0001_g2_g4_q000_q220_q422_q442_q600_q642/correlators/meson_qcdsf.001.b5p80kp122810kp122810-48x96.00483_0.000_422_-4-2-2_smsnk30.lime
/scratch/usr/hhpmbate/chroma_2pt/48x96/b5p80kp122810kp122810/vector/lp001lp0001_g2_g4_q000_q220_q422_q442_q600_q642/correlators/meson_qcdsf.001.b5p80kp122810kp122810-48x96.00483_0.000_442_-4-4-2_ptsink.lime
/scratch/usr/hhpmbate/chroma_2pt/48x96/b5p80kp122810kp122810/vector/lp001lp0001_g2_g4_q000_q220_q422_q442_q600_q642/correlators/meson_qcdsf.001.b5p80kp122810kp122810-48x96.00483_0.000_442_-4-4-2_smsnk30.lime
/scratch/usr/hhpmbate/chroma_2pt/48x96/b5p80kp122810kp122810/vector/lp001lp0001_g2_g4_q000_q220_q422_q442_q600_q642/correlators/meson_qcdsf.001.b5p80kp122810kp122810-48x96.00483_0.000_600_-600_ptsink.lime
/scratch/usr/hhpmbate/chroma_2pt/48x96/b5p80kp122810kp122810/vector/lp001lp0001_g2_g4_q000_q220_q422_q442_q600_q642/correlators/meson_qcdsf.001.b5p80kp122810kp122810-48x96.00483_0.000_600_-600_smsnk30.lime
/scratch/usr/hhpmbate/chroma_2pt/48x96/b5p80kp122810kp122810/vector/lp001lp0001_g2_g4_q000_q220_q422_q442_q600_q642/correlators/meson_qcdsf.001.b5p80kp122810kp122810-48x96.00484_0.000_000_000_ptsink.lime
/scratch/usr/hhpmbate/chroma_2pt/48x96/b5p80kp122810kp122810/vector/lp001lp0001_g2_g4_q000_q220_q422_q442_q600_q642/correlators/meson_qcdsf.001.b5p80kp122810kp122810-48x96.00484_0.000_000_000_smsnk30.lime
/scratch/usr/hhpmbate/chroma_2pt/48x96/b5p80kp122810kp122810/vector/lp001lp0001_g2_g4_q000_q220_q422_q442_q600_q642/correlators/meson_qcdsf.001.b5p80kp122810kp122810-48x96.00484_0.000_220_-2-20_ptsink.lime
/scratch/usr/hhpmbate/chroma_2pt/48x96/b5p80kp122810kp122810/vector/lp001lp0001_g2_g4_q000_q220_q422_q442_q600_q642/correlators/meson_qcdsf.001.b5p80kp122810kp122810-48x96.00484_0.000_220_-2-20_smsnk30.lime
/scratch/usr/hhpmbate/chroma_2pt/48x96/b5p80kp122810kp122810/vector/lp001lp0001_g2_g4_q000_q220_q422_q442_q600_q642/correlators/meson_qcdsf.001.b5p80kp122810kp122810-48x96.00484_0.000_422_-4-2-2_ptsink.lime
/scratch/usr/hhpmbate/chroma_2pt/48x96/b5p80kp122810kp122810/vector/lp001lp0001_g2_g4_q000_q220_q422_q442_q600_q642/correlators/meson_qcdsf.001.b5p80kp122810kp122810-48x96.00484_0.000_422_-4-2-2_smsnk30.lime
/scratch/usr/hhpmbate/chroma_2pt/48x96/b5p80kp122810kp122810/vector/lp001lp0001_g2_g4_q000_q220_q422_q442_q600_q642/correlators/meson_qcdsf.001.b5p80kp122810kp122810-48x96.00484_0.000_442_-4-4-2_ptsink.lime
/scratch/usr/hhpmbate/chroma_2pt/48x96/b5p80kp122810kp122810/vector/lp001lp0001_g2_g4_q000_q220_q422_q442_q600_q642/correlators/meson_qcdsf.001.b5p80kp122810kp122810-48x96.00484_0.000_442_-4-4-2_smsnk30.lime
/scratch/usr/hhpmbate/chroma_2pt/48x96/b5p80kp122810kp122810/vector/lp001lp0001_g2_g4_q000_q220_q422_q442_q600_q642/correlators/meson_qcdsf.001.b5p80kp122810kp122810-48x96.00484_0.000_600_-600_ptsink.lime
/scratch/usr/hhpmbate/chroma_2pt/48x96/b5p80kp122810kp122810/vector/lp001lp0001_g2_g4_q000_q220_q422_q442_q600_q642/correlators/meson_qcdsf.001.b5p80kp122810kp122810-48x96.00484_0.000_600_-600_smsnk30.lime
/scratch/usr/hhpmbate/chroma_2pt/48x96/b5p80kp122810kp122810/vector/lp001lp0001_g2_g4_q000_q220_q422_q442_q600_q642/correlators/meson_qcdsf.001.b5p80kp122810kp122810-48x96.00485_0.000_000_000_ptsink.lime
/scratch/usr/hhpmbate/chroma_2pt/48x96/b5p80kp122810kp122810/vector/lp001lp0001_g2_g4_q000_q220_q422_q442_q600_q642/correlators/meson_qcdsf.001.b5p80kp122810kp122810-48x96.00485_0.000_000_000_smsnk30.lime
/scratch/usr/hhpmbate/chroma_2pt/48x96/b5p80kp122810kp122810/vector/lp001lp0001_g2_g4_q000_q220_q422_q442_q600_q642/correlators/meson_qcdsf.001.b5p80kp122810kp122810-48x96.00485_0.000_220_-2-20_ptsink.lime
/scratch/usr/hhpmbate/chroma_2pt/48x96/b5p80kp122810kp122810/vector/lp001lp0001_g2_g4_q000_q220_q422_q442_q600_q642/correlators/meson_qcdsf.001.b5p80kp122810kp122810-48x96.00485_0.000_220_-2-20_smsnk30.lime
/scratch/usr/hhpmbate/chroma_2pt/48x96/b5p80kp122810kp122810/vector/lp001lp0001_g2_g4_q000_q220_q422_q442_q600_q642/correlators/meson_qcdsf.001.b5p80kp122810kp122810-48x96.00485_0.000_422_-4-2-2_ptsink.lime
/scratch/usr/hhpmbate/chroma_2pt/48x96/b5p80kp122810kp122810/vector/lp001lp0001_g2_g4_q000_q220_q422_q442_q600_q642/correlators/meson_qcdsf.001.b5p80kp122810kp122810-48x96.00485_0.000_422_-4-2-2_smsnk30.lime
/scratch/usr/hhpmbate/chroma_2pt/48x96/b5p80kp122810kp122810/vector/lp001lp0001_g2_g4_q000_q220_q422_q442_q600_q642/correlators/meson_qcdsf.001.b5p80kp122810kp122810-48x96.00485_0.000_442_-4-4-2_ptsink.lime
/scratch/usr/hhpmbate/chroma_2pt/48x96/b5p80kp122810kp122810/vector/lp001lp0001_g2_g4_q000_q220_q422_q442_q600_q642/correlators/meson_qcdsf.001.b5p80kp122810kp122810-48x96.00485_0.000_442_-4-4-2_smsnk30.lime
/scratch/usr/hhpmbate/chroma_2pt/48x96/b5p80kp122810kp122810/vector/lp001lp0001_g2_g4_q000_q220_q422_q442_q600_q642/correlators/meson_qcdsf.001.b5p80kp122810kp122810-48x96.00485_0.000_600_-600_ptsink.lime
/scratch/usr/hhpmbate/chroma_2pt/48x96/b5p80kp122810kp122810/vector/lp001lp0001_g2_g4_q000_q220_q422_q442_q600_q642/correlators/meson_qcdsf.001.b5p80kp122810kp122810-48x96.00485_0.000_600_-600_smsnk30.lime
/scratch/usr/hhpmbate/chroma_2pt/48x96/b5p80kp122810kp122810/vector/lp001lp0001_g2_g4_q000_q220_q422_q442_q600_q642/correlators/meson_qcdsf.001.b5p80kp122810kp122810-48x96.00486_0.000_000_000_ptsink.lime
/scratch/usr/hhpmbate/chroma_2pt/48x96/b5p80kp122810kp122810/vector/lp001lp0001_g2_g4_q000_q220_q422_q442_q600_q642/correlators/meson_qcdsf.001.b5p80kp122810kp122810-48x96.00486_0.000_000_000_smsnk30.lime
/scratch/usr/hhpmbate/chroma_2pt/48x96/b5p80kp122810kp122810/vector/lp001lp0001_g2_g4_q000_q220_q422_q442_q600_q642/correlators/meson_qcdsf.001.b5p80kp122810kp122810-48x96.00486_0.000_220_-2-20_ptsink.lime
/scratch/usr/hhpmbate/chroma_2pt/48x96/b5p80kp122810kp122810/vector/lp001lp0001_g2_g4_q000_q220_q422_q442_q600_q642/correlators/meson_qcdsf.001.b5p80kp122810kp122810-48x96.00486_0.000_220_-2-20_smsnk30.lime
/scratch/usr/hhpmbate/chroma_2pt/48x96/b5p80kp122810kp122810/vector/lp001lp0001_g2_g4_q000_q220_q422_q442_q600_q642/correlators/meson_qcdsf.001.b5p80kp122810kp122810-48x96.00486_0.000_422_-4-2-2_ptsink.lime
/scratch/usr/hhpmbate/chroma_2pt/48x96/b5p80kp122810kp122810/vector/lp001lp0001_g2_g4_q000_q220_q422_q442_q600_q642/correlators/meson_qcdsf.001.b5p80kp122810kp122810-48x96.00486_0.000_422_-4-2-2_smsnk30.lime
/scratch/usr/hhpmbate/chroma_2pt/48x96/b5p80kp122810kp122810/vector/lp001lp0001_g2_g4_q000_q220_q422_q442_q600_q642/correlators/meson_qcdsf.001.b5p80kp122810kp122810-48x96.00486_0.000_442_-4-4-2_ptsink.lime
/scratch/usr/hhpmbate/chroma_2pt/48x96/b5p80kp122810kp122810/vector/lp001lp0001_g2_g4_q000_q220_q422_q442_q600_q642/correlators/meson_qcdsf.001.b5p80kp122810kp122810-48x96.00486_0.000_442_-4-4-2_smsnk30.lime
/scratch/usr/hhpmbate/chroma_2pt/48x96/b5p80kp122810kp122810/vector/lp001lp0001_g2_g4_q000_q220_q422_q442_q600_q642/correlators/meson_qcdsf.001.b5p80kp122810kp122810-48x96.00486_0.000_600_-600_ptsink.lime
/scratch/usr/hhpmbate/chroma_2pt/48x96/b5p80kp122810kp122810/vector/lp001lp0001_g2_g4_q000_q220_q422_q442_q600_q642/correlators/meson_qcdsf.001.b5p80kp122810kp122810-48x96.00486_0.000_600_-600_smsnk30.lime
/scratch/usr/hhpmbate/chroma_2pt/48x96/b5p80kp122810kp122810/vector/lp001lp0001_g2_g4_q000_q220_q422_q442_q600_q642/correlators/meson_qcdsf.001.b5p80kp122810kp122810-48x96.00487_0.000_000_000_ptsink.lime
/scratch/usr/hhpmbate/chroma_2pt/48x96/b5p80kp122810kp122810/vector/lp001lp0001_g2_g4_q000_q220_q422_q442_q600_q642/correlators/meson_qcdsf.001.b5p80kp122810kp122810-48x96.00487_0.000_000_000_smsnk30.lime
/scratch/usr/hhpmbate/chroma_2pt/48x96/b5p80kp122810kp122810/vector/lp001lp0001_g2_g4_q000_q220_q422_q442_q600_q642/correlators/meson_qcdsf.001.b5p80kp122810kp122810-48x96.00487_0.000_220_-2-20_ptsink.lime
/scratch/usr/hhpmbate/chroma_2pt/48x96/b5p80kp122810kp122810/vector/lp001lp0001_g2_g4_q000_q220_q422_q442_q600_q642/correlators/meson_qcdsf.001.b5p80kp122810kp122810-48x96.00487_0.000_220_-2-20_smsnk30.lime
/scratch/usr/hhpmbate/chroma_2pt/48x96/b5p80kp122810kp122810/vector/lp001lp0001_g2_g4_q000_q220_q422_q442_q600_q642/correlators/meson_qcdsf.001.b5p80kp122810kp122810-48x96.00487_0.000_422_-4-2-2_ptsink.lime
/scratch/usr/hhpmbate/chroma_2pt/48x96/b5p80kp122810kp122810/vector/lp001lp0001_g2_g4_q000_q220_q422_q442_q600_q642/correlators/meson_qcdsf.001.b5p80kp122810kp122810-48x96.00487_0.000_422_-4-2-2_smsnk30.lime
/scratch/usr/hhpmbate/chroma_2pt/48x96/b5p80kp122810kp122810/vector/lp001lp0001_g2_g4_q000_q220_q422_q442_q600_q642/correlators/meson_qcdsf.001.b5p80kp122810kp122810-48x96.00487_0.000_442_-4-4-2_ptsink.lime
/scratch/usr/hhpmbate/chroma_2pt/48x96/b5p80kp122810kp122810/vector/lp001lp0001_g2_g4_q000_q220_q422_q442_q600_q642/correlators/meson_qcdsf.001.b5p80kp122810kp122810-48x96.00487_0.000_442_-4-4-2_smsnk30.lime
/scratch/usr/hhpmbate/chroma_2pt/48x96/b5p80kp122810kp122810/vector/lp001lp0001_g2_g4_q000_q220_q422_q442_q600_q642/correlators/meson_qcdsf.001.b5p80kp122810kp122810-48x96.00487_0.000_600_-600_ptsink.lime
/scratch/usr/hhpmbate/chroma_2pt/48x96/b5p80kp122810kp122810/vector/lp001lp0001_g2_g4_q000_q220_q422_q442_q600_q642/correlators/meson_qcdsf.001.b5p80kp122810kp122810-48x96.00487_0.000_600_-600_smsnk30.lime
/scratch/usr/hhpmbate/chroma_2pt/48x96/b5p80kp122810kp122810/vector/lp001lp0001_g2_g4_q000_q220_q422_q442_q600_q642/correlators/meson_qcdsf.001.b5p80kp122810kp122810-48x96.00488_0.000_000_000_ptsink.lime
/scratch/usr/hhpmbate/chroma_2pt/48x96/b5p80kp122810kp122810/vector/lp001lp0001_g2_g4_q000_q220_q422_q442_q600_q642/correlators/meson_qcdsf.001.b5p80kp122810kp122810-48x96.00488_0.000_000_000_smsnk30.lime
/scratch/usr/hhpmbate/chroma_2pt/48x96/b5p80kp122810kp122810/vector/lp001lp0001_g2_g4_q000_q220_q422_q442_q600_q642/correlators/meson_qcdsf.001.b5p80kp122810kp122810-48x96.00488_0.000_220_-2-20_ptsink.lime
/scratch/usr/hhpmbate/chroma_2pt/48x96/b5p80kp122810kp122810/vector/lp001lp0001_g2_g4_q000_q220_q422_q442_q600_q642/correlators/meson_qcdsf.001.b5p80kp122810kp122810-48x96.00488_0.000_220_-2-20_smsnk30.lime
/scratch/usr/hhpmbate/chroma_2pt/48x96/b5p80kp122810kp122810/vector/lp001lp0001_g2_g4_q000_q220_q422_q442_q600_q642/correlators/meson_qcdsf.001.b5p80kp122810kp122810-48x96.00488_0.000_422_-4-2-2_ptsink.lime
/scratch/usr/hhpmbate/chroma_2pt/48x96/b5p80kp122810kp122810/vector/lp001lp0001_g2_g4_q000_q220_q422_q442_q600_q642/correlators/meson_qcdsf.001.b5p80kp122810kp122810-48x96.00488_0.000_422_-4-2-2_smsnk30.lime
/scratch/usr/hhpmbate/chroma_2pt/48x96/b5p80kp122810kp122810/vector/lp001lp0001_g2_g4_q000_q220_q422_q442_q600_q642/correlators/meson_qcdsf.001.b5p80kp122810kp122810-48x96.00488_0.000_442_-4-4-2_ptsink.lime
/scratch/usr/hhpmbate/chroma_2pt/48x96/b5p80kp122810kp122810/vector/lp001lp0001_g2_g4_q000_q220_q422_q442_q600_q642/correlators/meson_qcdsf.001.b5p80kp122810kp122810-48x96.00488_0.000_442_-4-4-2_smsnk30.lime
/scratch/usr/hhpmbate/chroma_2pt/48x96/b5p80kp122810kp122810/vector/lp001lp0001_g2_g4_q000_q220_q422_q442_q600_q642/correlators/meson_qcdsf.001.b5p80kp122810kp122810-48x96.00488_0.000_600_-600_ptsink.lime
/scratch/usr/hhpmbate/chroma_2pt/48x96/b5p80kp122810kp122810/vector/lp001lp0001_g2_g4_q000_q220_q422_q442_q600_q642/correlators/meson_qcdsf.001.b5p80kp122810kp122810-48x96.00488_0.000_600_-600_smsnk30.lime
/scratch/usr/hhpmbate/chroma_2pt/48x96/b5p80kp122810kp122810/vector/lp001lp0001_g2_g4_q000_q220_q422_q442_q600_q642/correlators/meson_qcdsf.001.b5p80kp122810kp122810-48x96.00489_0.000_000_000_ptsink.lime
/scratch/usr/hhpmbate/chroma_2pt/48x96/b5p80kp122810kp122810/vector/lp001lp0001_g2_g4_q000_q220_q422_q442_q600_q642/correlators/meson_qcdsf.001.b5p80kp122810kp122810-48x96.00489_0.000_000_000_smsnk30.lime
/scratch/usr/hhpmbate/chroma_2pt/48x96/b5p80kp122810kp122810/vector/lp001lp0001_g2_g4_q000_q220_q422_q442_q600_q642/correlators/meson_qcdsf.001.b5p80kp122810kp122810-48x96.00489_0.000_220_-2-20_ptsink.lime
/scratch/usr/hhpmbate/chroma_2pt/48x96/b5p80kp122810kp122810/vector/lp001lp0001_g2_g4_q000_q220_q422_q442_q600_q642/correlators/meson_qcdsf.001.b5p80kp122810kp122810-48x96.00489_0.000_220_-2-20_smsnk30.lime
/scratch/usr/hhpmbate/chroma_2pt/48x96/b5p80kp122810kp122810/vector/lp001lp0001_g2_g4_q000_q220_q422_q442_q600_q642/correlators/meson_qcdsf.001.b5p80kp122810kp122810-48x96.00489_0.000_422_-4-2-2_ptsink.lime
/scratch/usr/hhpmbate/chroma_2pt/48x96/b5p80kp122810kp122810/vector/lp001lp0001_g2_g4_q000_q220_q422_q442_q600_q642/correlators/meson_qcdsf.001.b5p80kp122810kp122810-48x96.00489_0.000_422_-4-2-2_smsnk30.lime
/scratch/usr/hhpmbate/chroma_2pt/48x96/b5p80kp122810kp122810/vector/lp001lp0001_g2_g4_q000_q220_q422_q442_q600_q642/correlators/meson_qcdsf.001.b5p80kp122810kp122810-48x96.00489_0.000_442_-4-4-2_ptsink.lime
/scratch/usr/hhpmbate/chroma_2pt/48x96/b5p80kp122810kp122810/vector/lp001lp0001_g2_g4_q000_q220_q422_q442_q600_q642/correlators/meson_qcdsf.001.b5p80kp122810kp122810-48x96.00489_0.000_442_-4-4-2_smsnk30.lime
/scratch/usr/hhpmbate/chroma_2pt/48x96/b5p80kp122810kp122810/vector/lp001lp0001_g2_g4_q000_q220_q422_q442_q600_q642/correlators/meson_qcdsf.001.b5p80kp122810kp122810-48x96.00489_0.000_600_-600_ptsink.lime
/scratch/usr/hhpmbate/chroma_2pt/48x96/b5p80kp122810kp122810/vector/lp001lp0001_g2_g4_q000_q220_q422_q442_q600_q642/correlators/meson_qcdsf.001.b5p80kp122810kp122810-48x96.00489_0.000_600_-600_smsnk30.lime
/scratch/usr/hhpmbate/chroma_2pt/48x96/b5p80kp122810kp122810/vector/lp001lp0001_g2_g4_q000_q220_q422_q442_q600_q642/correlators/meson_qcdsf.001.b5p80kp122810kp122810-48x96.00490_0.000_000_000_ptsink.lime
/scratch/usr/hhpmbate/chroma_2pt/48x96/b5p80kp122810kp122810/vector/lp001lp0001_g2_g4_q000_q220_q422_q442_q600_q642/correlators/meson_qcdsf.001.b5p80kp122810kp122810-48x96.00490_0.000_000_000_smsnk30.lime
/scratch/usr/hhpmbate/chroma_2pt/48x96/b5p80kp122810kp122810/vector/lp001lp0001_g2_g4_q000_q220_q422_q442_q600_q642/correlators/meson_qcdsf.001.b5p80kp122810kp122810-48x96.00490_0.000_220_-2-20_ptsink.lime
/scratch/usr/hhpmbate/chroma_2pt/48x96/b5p80kp122810kp122810/vector/lp001lp0001_g2_g4_q000_q220_q422_q442_q600_q642/correlators/meson_qcdsf.001.b5p80kp122810kp122810-48x96.00490_0.000_220_-2-20_smsnk30.lime
/scratch/usr/hhpmbate/chroma_2pt/48x96/b5p80kp122810kp122810/vector/lp001lp0001_g2_g4_q000_q220_q422_q442_q600_q642/correlators/meson_qcdsf.001.b5p80kp122810kp122810-48x96.00490_0.000_422_-4-2-2_ptsink.lime
/scratch/usr/hhpmbate/chroma_2pt/48x96/b5p80kp122810kp122810/vector/lp001lp0001_g2_g4_q000_q220_q422_q442_q600_q642/correlators/meson_qcdsf.001.b5p80kp122810kp122810-48x96.00490_0.000_422_-4-2-2_smsnk30.lime
/scratch/usr/hhpmbate/chroma_2pt/48x96/b5p80kp122810kp122810/vector/lp001lp0001_g2_g4_q000_q220_q422_q442_q600_q642/correlators/meson_qcdsf.001.b5p80kp122810kp122810-48x96.00490_0.000_442_-4-4-2_ptsink.lime
/scratch/usr/hhpmbate/chroma_2pt/48x96/b5p80kp122810kp122810/vector/lp001lp0001_g2_g4_q000_q220_q422_q442_q600_q642/correlators/meson_qcdsf.001.b5p80kp122810kp122810-48x96.00490_0.000_442_-4-4-2_smsnk30.lime
/scratch/usr/hhpmbate/chroma_2pt/48x96/b5p80kp122810kp122810/vector/lp001lp0001_g2_g4_q000_q220_q422_q442_q600_q642/correlators/meson_qcdsf.001.b5p80kp122810kp122810-48x96.00490_0.000_600_-600_ptsink.lime
/scratch/usr/hhpmbate/chroma_2pt/48x96/b5p80kp122810kp122810/vector/lp001lp0001_g2_g4_q000_q220_q422_q442_q600_q642/correlators/meson_qcdsf.001.b5p80kp122810kp122810-48x96.00490_0.000_600_-600_smsnk30.lime
/scratch/usr/hhpmbate/chroma_2pt/48x96/b5p80kp122810kp122810/vector/lp001lp0001_g2_g4_q000_q220_q422_q442_q600_q642/correlators/meson_qcdsf.001.b5p80kp122810kp122810-48x96.00491_0.000_000_000_ptsink.lime
/scratch/usr/hhpmbate/chroma_2pt/48x96/b5p80kp122810kp122810/vector/lp001lp0001_g2_g4_q000_q220_q422_q442_q600_q642/correlators/meson_qcdsf.001.b5p80kp122810kp122810-48x96.00491_0.000_000_000_smsnk30.lime
/scratch/usr/hhpmbate/chroma_2pt/48x96/b5p80kp122810kp122810/vector/lp001lp0001_g2_g4_q000_q220_q422_q442_q600_q642/correlators/meson_qcdsf.001.b5p80kp122810kp122810-48x96.00491_0.000_220_-2-20_ptsink.lime
/scratch/usr/hhpmbate/chroma_2pt/48x96/b5p80kp122810kp122810/vector/lp001lp0001_g2_g4_q000_q220_q422_q442_q600_q642/correlators/meson_qcdsf.001.b5p80kp122810kp122810-48x96.00491_0.000_220_-2-20_smsnk30.lime
/scratch/usr/hhpmbate/chroma_2pt/48x96/b5p80kp122810kp122810/vector/lp001lp0001_g2_g4_q000_q220_q422_q442_q600_q642/correlators/meson_qcdsf.001.b5p80kp122810kp122810-48x96.00491_0.000_422_-4-2-2_ptsink.lime
/scratch/usr/hhpmbate/chroma_2pt/48x96/b5p80kp122810kp122810/vector/lp001lp0001_g2_g4_q000_q220_q422_q442_q600_q642/correlators/meson_qcdsf.001.b5p80kp122810kp122810-48x96.00491_0.000_422_-4-2-2_smsnk30.lime
/scratch/usr/hhpmbate/chroma_2pt/48x96/b5p80kp122810kp122810/vector/lp001lp0001_g2_g4_q000_q220_q422_q442_q600_q642/correlators/meson_qcdsf.001.b5p80kp122810kp122810-48x96.00491_0.000_442_-4-4-2_ptsink.lime
/scratch/usr/hhpmbate/chroma_2pt/48x96/b5p80kp122810kp122810/vector/lp001lp0001_g2_g4_q000_q220_q422_q442_q600_q642/correlators/meson_qcdsf.001.b5p80kp122810kp122810-48x96.00491_0.000_442_-4-4-2_smsnk30.lime
/scratch/usr/hhpmbate/chroma_2pt/48x96/b5p80kp122810kp122810/vector/lp001lp0001_g2_g4_q000_q220_q422_q442_q600_q642/correlators/meson_qcdsf.001.b5p80kp122810kp122810-48x96.00491_0.000_600_-600_ptsink.lime
/scratch/usr/hhpmbate/chroma_2pt/48x96/b5p80kp122810kp122810/vector/lp001lp0001_g2_g4_q000_q220_q422_q442_q600_q642/correlators/meson_qcdsf.001.b5p80kp122810kp122810-48x96.00491_0.000_600_-600_smsnk30.lime
/scratch/usr/hhpmbate/chroma_2pt/48x96/b5p80kp122810kp122810/vector/lp001lp0001_g2_g4_q000_q220_q422_q442_q600_q642/correlators/meson_qcdsf.001.b5p80kp122810kp122810-48x96.00492_0.000_000_000_ptsink.lime
/scratch/usr/hhpmbate/chroma_2pt/48x96/b5p80kp122810kp122810/vector/lp001lp0001_g2_g4_q000_q220_q422_q442_q600_q642/correlators/meson_qcdsf.001.b5p80kp122810kp122810-48x96.00492_0.000_000_000_smsnk30.lime
/scratch/usr/hhpmbate/chroma_2pt/48x96/b5p80kp122810kp122810/vector/lp001lp0001_g2_g4_q000_q220_q422_q442_q600_q642/correlators/meson_qcdsf.001.b5p80kp122810kp122810-48x96.00492_0.000_220_-2-20_ptsink.lime
/scratch/usr/hhpmbate/chroma_2pt/48x96/b5p80kp122810kp122810/vector/lp001lp0001_g2_g4_q000_q220_q422_q442_q600_q642/correlators/meson_qcdsf.001.b5p80kp122810kp122810-48x96.00492_0.000_220_-2-20_smsnk30.lime
/scratch/usr/hhpmbate/chroma_2pt/48x96/b5p80kp122810kp122810/vector/lp001lp0001_g2_g4_q000_q220_q422_q442_q600_q642/correlators/meson_qcdsf.001.b5p80kp122810kp122810-48x96.00492_0.000_422_-4-2-2_ptsink.lime
/scratch/usr/hhpmbate/chroma_2pt/48x96/b5p80kp122810kp122810/vector/lp001lp0001_g2_g4_q000_q220_q422_q442_q600_q642/correlators/meson_qcdsf.001.b5p80kp122810kp122810-48x96.00492_0.000_422_-4-2-2_smsnk30.lime
/scratch/usr/hhpmbate/chroma_2pt/48x96/b5p80kp122810kp122810/vector/lp001lp0001_g2_g4_q000_q220_q422_q442_q600_q642/correlators/meson_qcdsf.001.b5p80kp122810kp122810-48x96.00492_0.000_442_-4-4-2_ptsink.lime
/scratch/usr/hhpmbate/chroma_2pt/48x96/b5p80kp122810kp122810/vector/lp001lp0001_g2_g4_q000_q220_q422_q442_q600_q642/correlators/meson_qcdsf.001.b5p80kp122810kp122810-48x96.00492_0.000_442_-4-4-2_smsnk30.lime
/scratch/usr/hhpmbate/chroma_2pt/48x96/b5p80kp122810kp122810/vector/lp001lp0001_g2_g4_q000_q220_q422_q442_q600_q642/correlators/meson_qcdsf.001.b5p80kp122810kp122810-48x96.00492_0.000_600_-600_ptsink.lime
/scratch/usr/hhpmbate/chroma_2pt/48x96/b5p80kp122810kp122810/vector/lp001lp0001_g2_g4_q000_q220_q422_q442_q600_q642/correlators/meson_qcdsf.001.b5p80kp122810kp122810-48x96.00492_0.000_600_-600_smsnk30.lime
/scratch/usr/hhpmbate/chroma_2pt/48x96/b5p80kp122810kp122810/vector/lp001lp0001_g2_g4_q000_q220_q422_q442_q600_q642/correlators/meson_qcdsf.001.b5p80kp122810kp122810-48x96.00493_0.000_000_000_ptsink.lime
/scratch/usr/hhpmbate/chroma_2pt/48x96/b5p80kp122810kp122810/vector/lp001lp0001_g2_g4_q000_q220_q422_q442_q600_q642/correlators/meson_qcdsf.001.b5p80kp122810kp122810-48x96.00493_0.000_000_000_smsnk30.lime
/scratch/usr/hhpmbate/chroma_2pt/48x96/b5p80kp122810kp122810/vector/lp001lp0001_g2_g4_q000_q220_q422_q442_q600_q642/correlators/meson_qcdsf.001.b5p80kp122810kp122810-48x96.00493_0.000_220_-2-20_ptsink.lime
/scratch/usr/hhpmbate/chroma_2pt/48x96/b5p80kp122810kp122810/vector/lp001lp0001_g2_g4_q000_q220_q422_q442_q600_q642/correlators/meson_qcdsf.001.b5p80kp122810kp122810-48x96.00493_0.000_220_-2-20_smsnk30.lime
/scratch/usr/hhpmbate/chroma_2pt/48x96/b5p80kp122810kp122810/vector/lp001lp0001_g2_g4_q000_q220_q422_q442_q600_q642/correlators/meson_qcdsf.001.b5p80kp122810kp122810-48x96.00493_0.000_422_-4-2-2_ptsink.lime
/scratch/usr/hhpmbate/chroma_2pt/48x96/b5p80kp122810kp122810/vector/lp001lp0001_g2_g4_q000_q220_q422_q442_q600_q642/correlators/meson_qcdsf.001.b5p80kp122810kp122810-48x96.00493_0.000_422_-4-2-2_smsnk30.lime
/scratch/usr/hhpmbate/chroma_2pt/48x96/b5p80kp122810kp122810/vector/lp001lp0001_g2_g4_q000_q220_q422_q442_q600_q642/correlators/meson_qcdsf.001.b5p80kp122810kp122810-48x96.00493_0.000_442_-4-4-2_ptsink.lime
/scratch/usr/hhpmbate/chroma_2pt/48x96/b5p80kp122810kp122810/vector/lp001lp0001_g2_g4_q000_q220_q422_q442_q600_q642/correlators/meson_qcdsf.001.b5p80kp122810kp122810-48x96.00493_0.000_442_-4-4-2_smsnk30.lime
/scratch/usr/hhpmbate/chroma_2pt/48x96/b5p80kp122810kp122810/vector/lp001lp0001_g2_g4_q000_q220_q422_q442_q600_q642/correlators/meson_qcdsf.001.b5p80kp122810kp122810-48x96.00493_0.000_600_-600_ptsink.lime
/scratch/usr/hhpmbate/chroma_2pt/48x96/b5p80kp122810kp122810/vector/lp001lp0001_g2_g4_q000_q220_q422_q442_q600_q642/correlators/meson_qcdsf.001.b5p80kp122810kp122810-48x96.00493_0.000_600_-600_smsnk30.lime
/scratch/usr/hhpmbate/chroma_2pt/48x96/b5p80kp122810kp122810/vector/lp001lp0001_g2_g4_q000_q220_q422_q442_q600_q642/correlators/meson_qcdsf.001.b5p80kp122810kp122810-48x96.00494_0.000_000_000_ptsink.lime
/scratch/usr/hhpmbate/chroma_2pt/48x96/b5p80kp122810kp122810/vector/lp001lp0001_g2_g4_q000_q220_q422_q442_q600_q642/correlators/meson_qcdsf.001.b5p80kp122810kp122810-48x96.00494_0.000_000_000_smsnk30.lime
/scratch/usr/hhpmbate/chroma_2pt/48x96/b5p80kp122810kp122810/vector/lp001lp0001_g2_g4_q000_q220_q422_q442_q600_q642/correlators/meson_qcdsf.001.b5p80kp122810kp122810-48x96.00494_0.000_220_-2-20_ptsink.lime
/scratch/usr/hhpmbate/chroma_2pt/48x96/b5p80kp122810kp122810/vector/lp001lp0001_g2_g4_q000_q220_q422_q442_q600_q642/correlators/meson_qcdsf.001.b5p80kp122810kp122810-48x96.00494_0.000_220_-2-20_smsnk30.lime
/scratch/usr/hhpmbate/chroma_2pt/48x96/b5p80kp122810kp122810/vector/lp001lp0001_g2_g4_q000_q220_q422_q442_q600_q642/correlators/meson_qcdsf.001.b5p80kp122810kp122810-48x96.00494_0.000_422_-4-2-2_ptsink.lime
/scratch/usr/hhpmbate/chroma_2pt/48x96/b5p80kp122810kp122810/vector/lp001lp0001_g2_g4_q000_q220_q422_q442_q600_q642/correlators/meson_qcdsf.001.b5p80kp122810kp122810-48x96.00494_0.000_422_-4-2-2_smsnk30.lime
/scratch/usr/hhpmbate/chroma_2pt/48x96/b5p80kp122810kp122810/vector/lp001lp0001_g2_g4_q000_q220_q422_q442_q600_q642/correlators/meson_qcdsf.001.b5p80kp122810kp122810-48x96.00494_0.000_442_-4-4-2_ptsink.lime
/scratch/usr/hhpmbate/chroma_2pt/48x96/b5p80kp122810kp122810/vector/lp001lp0001_g2_g4_q000_q220_q422_q442_q600_q642/correlators/meson_qcdsf.001.b5p80kp122810kp122810-48x96.00494_0.000_442_-4-4-2_smsnk30.lime
/scratch/usr/hhpmbate/chroma_2pt/48x96/b5p80kp122810kp122810/vector/lp001lp0001_g2_g4_q000_q220_q422_q442_q600_q642/correlators/meson_qcdsf.001.b5p80kp122810kp122810-48x96.00494_0.000_600_-600_ptsink.lime
/scratch/usr/hhpmbate/chroma_2pt/48x96/b5p80kp122810kp122810/vector/lp001lp0001_g2_g4_q000_q220_q422_q442_q600_q642/correlators/meson_qcdsf.001.b5p80kp122810kp122810-48x96.00494_0.000_600_-600_smsnk30.lime
/scratch/usr/hhpmbate/chroma_2pt/48x96/b5p80kp122810kp122810/vector/lp001lp0001_g2_g4_q000_q220_q422_q442_q600_q642/correlators/meson_qcdsf.001.b5p80kp122810kp122810-48x96.00495_0.000_000_000_ptsink.lime
/scratch/usr/hhpmbate/chroma_2pt/48x96/b5p80kp122810kp122810/vector/lp001lp0001_g2_g4_q000_q220_q422_q442_q600_q642/correlators/meson_qcdsf.001.b5p80kp122810kp122810-48x96.00495_0.000_000_000_smsnk30.lime
/scratch/usr/hhpmbate/chroma_2pt/48x96/b5p80kp122810kp122810/vector/lp001lp0001_g2_g4_q000_q220_q422_q442_q600_q642/correlators/meson_qcdsf.001.b5p80kp122810kp122810-48x96.00495_0.000_220_-2-20_ptsink.lime
/scratch/usr/hhpmbate/chroma_2pt/48x96/b5p80kp122810kp122810/vector/lp001lp0001_g2_g4_q000_q220_q422_q442_q600_q642/correlators/meson_qcdsf.001.b5p80kp122810kp122810-48x96.00495_0.000_220_-2-20_smsnk30.lime
/scratch/usr/hhpmbate/chroma_2pt/48x96/b5p80kp122810kp122810/vector/lp001lp0001_g2_g4_q000_q220_q422_q442_q600_q642/correlators/meson_qcdsf.001.b5p80kp122810kp122810-48x96.00495_0.000_422_-4-2-2_ptsink.lime
/scratch/usr/hhpmbate/chroma_2pt/48x96/b5p80kp122810kp122810/vector/lp001lp0001_g2_g4_q000_q220_q422_q442_q600_q642/correlators/meson_qcdsf.001.b5p80kp122810kp122810-48x96.00495_0.000_422_-4-2-2_smsnk30.lime
/scratch/usr/hhpmbate/chroma_2pt/48x96/b5p80kp122810kp122810/vector/lp001lp0001_g2_g4_q000_q220_q422_q442_q600_q642/correlators/meson_qcdsf.001.b5p80kp122810kp122810-48x96.00495_0.000_442_-4-4-2_ptsink.lime
/scratch/usr/hhpmbate/chroma_2pt/48x96/b5p80kp122810kp122810/vector/lp001lp0001_g2_g4_q000_q220_q422_q442_q600_q642/correlators/meson_qcdsf.001.b5p80kp122810kp122810-48x96.00495_0.000_442_-4-4-2_smsnk30.lime
/scratch/usr/hhpmbate/chroma_2pt/48x96/b5p80kp122810kp122810/vector/lp001lp0001_g2_g4_q000_q220_q422_q442_q600_q642/correlators/meson_qcdsf.001.b5p80kp122810kp122810-48x96.00495_0.000_600_-600_ptsink.lime
/scratch/usr/hhpmbate/chroma_2pt/48x96/b5p80kp122810kp122810/vector/lp001lp0001_g2_g4_q000_q220_q422_q442_q600_q642/correlators/meson_qcdsf.001.b5p80kp122810kp122810-48x96.00495_0.000_600_-600_smsnk30.lime
/scratch/usr/hhpmbate/chroma_2pt/48x96/b5p80kp122810kp122810/vector/lp001lp0001_g2_g4_q000_q220_q422_q442_q600_q642/correlators/meson_qcdsf.001.b5p80kp122810kp122810-48x96.00496_0.000_000_000_ptsink.lime
/scratch/usr/hhpmbate/chroma_2pt/48x96/b5p80kp122810kp122810/vector/lp001lp0001_g2_g4_q000_q220_q422_q442_q600_q642/correlators/meson_qcdsf.001.b5p80kp122810kp122810-48x96.00496_0.000_000_000_smsnk30.lime
/scratch/usr/hhpmbate/chroma_2pt/48x96/b5p80kp122810kp122810/vector/lp001lp0001_g2_g4_q000_q220_q422_q442_q600_q642/correlators/meson_qcdsf.001.b5p80kp122810kp122810-48x96.00496_0.000_220_-2-20_ptsink.lime
/scratch/usr/hhpmbate/chroma_2pt/48x96/b5p80kp122810kp122810/vector/lp001lp0001_g2_g4_q000_q220_q422_q442_q600_q642/correlators/meson_qcdsf.001.b5p80kp122810kp122810-48x96.00496_0.000_220_-2-20_smsnk30.lime
/scratch/usr/hhpmbate/chroma_2pt/48x96/b5p80kp122810kp122810/vector/lp001lp0001_g2_g4_q000_q220_q422_q442_q600_q642/correlators/meson_qcdsf.001.b5p80kp122810kp122810-48x96.00496_0.000_422_-4-2-2_ptsink.lime
/scratch/usr/hhpmbate/chroma_2pt/48x96/b5p80kp122810kp122810/vector/lp001lp0001_g2_g4_q000_q220_q422_q442_q600_q642/correlators/meson_qcdsf.001.b5p80kp122810kp122810-48x96.00496_0.000_422_-4-2-2_smsnk30.lime
/scratch/usr/hhpmbate/chroma_2pt/48x96/b5p80kp122810kp122810/vector/lp001lp0001_g2_g4_q000_q220_q422_q442_q600_q642/correlators/meson_qcdsf.001.b5p80kp122810kp122810-48x96.00496_0.000_442_-4-4-2_ptsink.lime
/scratch/usr/hhpmbate/chroma_2pt/48x96/b5p80kp122810kp122810/vector/lp001lp0001_g2_g4_q000_q220_q422_q442_q600_q642/correlators/meson_qcdsf.001.b5p80kp122810kp122810-48x96.00496_0.000_442_-4-4-2_smsnk30.lime
/scratch/usr/hhpmbate/chroma_2pt/48x96/b5p80kp122810kp122810/vector/lp001lp0001_g2_g4_q000_q220_q422_q442_q600_q642/correlators/meson_qcdsf.001.b5p80kp122810kp122810-48x96.00496_0.000_600_-600_ptsink.lime
/scratch/usr/hhpmbate/chroma_2pt/48x96/b5p80kp122810kp122810/vector/lp001lp0001_g2_g4_q000_q220_q422_q442_q600_q642/correlators/meson_qcdsf.001.b5p80kp122810kp122810-48x96.00496_0.000_600_-600_smsnk30.lime
/scratch/usr/hhpmbate/chroma_2pt/48x96/b5p80kp122810kp122810/vector/lp001lp0001_g2_g4_q000_q220_q422_q442_q600_q642/correlators/meson_qcdsf.001.b5p80kp122810kp122810-48x96.00497_0.000_000_000_ptsink.lime
/scratch/usr/hhpmbate/chroma_2pt/48x96/b5p80kp122810kp122810/vector/lp001lp0001_g2_g4_q000_q220_q422_q442_q600_q642/correlators/meson_qcdsf.001.b5p80kp122810kp122810-48x96.00497_0.000_000_000_smsnk30.lime
/scratch/usr/hhpmbate/chroma_2pt/48x96/b5p80kp122810kp122810/vector/lp001lp0001_g2_g4_q000_q220_q422_q442_q600_q642/correlators/meson_qcdsf.001.b5p80kp122810kp122810-48x96.00497_0.000_220_-2-20_ptsink.lime
/scratch/usr/hhpmbate/chroma_2pt/48x96/b5p80kp122810kp122810/vector/lp001lp0001_g2_g4_q000_q220_q422_q442_q600_q642/correlators/meson_qcdsf.001.b5p80kp122810kp122810-48x96.00497_0.000_220_-2-20_smsnk30.lime
/scratch/usr/hhpmbate/chroma_2pt/48x96/b5p80kp122810kp122810/vector/lp001lp0001_g2_g4_q000_q220_q422_q442_q600_q642/correlators/meson_qcdsf.001.b5p80kp122810kp122810-48x96.00497_0.000_422_-4-2-2_ptsink.lime
/scratch/usr/hhpmbate/chroma_2pt/48x96/b5p80kp122810kp122810/vector/lp001lp0001_g2_g4_q000_q220_q422_q442_q600_q642/correlators/meson_qcdsf.001.b5p80kp122810kp122810-48x96.00497_0.000_422_-4-2-2_smsnk30.lime
/scratch/usr/hhpmbate/chroma_2pt/48x96/b5p80kp122810kp122810/vector/lp001lp0001_g2_g4_q000_q220_q422_q442_q600_q642/correlators/meson_qcdsf.001.b5p80kp122810kp122810-48x96.00497_0.000_442_-4-4-2_ptsink.lime
/scratch/usr/hhpmbate/chroma_2pt/48x96/b5p80kp122810kp122810/vector/lp001lp0001_g2_g4_q000_q220_q422_q442_q600_q642/correlators/meson_qcdsf.001.b5p80kp122810kp122810-48x96.00497_0.000_442_-4-4-2_smsnk30.lime
/scratch/usr/hhpmbate/chroma_2pt/48x96/b5p80kp122810kp122810/vector/lp001lp0001_g2_g4_q000_q220_q422_q442_q600_q642/correlators/meson_qcdsf.001.b5p80kp122810kp122810-48x96.00497_0.000_600_-600_ptsink.lime
/scratch/usr/hhpmbate/chroma_2pt/48x96/b5p80kp122810kp122810/vector/lp001lp0001_g2_g4_q000_q220_q422_q442_q600_q642/correlators/meson_qcdsf.001.b5p80kp122810kp122810-48x96.00497_0.000_600_-600_smsnk30.lime
